
============================================================
  portal.tsokatravel.com  —  Deployment
============================================================
  Server : root@169.239.182.80
  Remote : /var/www/tsoka-portal
  Domain : portal.tsokatravel.com

→ Testing SSH...
SSH OK

→ Step 1: Creating remote directories...
✓ Directories ready

→ Step 2: Syncing public_html (web root)...
sending incremental file list
./
.vscode/
css/
css/chatify/
custom/
custom/css/
custom/tour/
custom/tour/css/
dist/
dist/admin/
dist/admin/css/
dist/admin/fonts/
dist/admin/fonts/vendor/
dist/admin/fonts/vendor/ionicons/
dist/admin/fonts/vendor/ionicons/dist/
dist/admin/js/
dist/admin/module/
dist/admin/module/page/
dist/admin/module/page/css/
dist/admin/module/template/
dist/admin/module/template/admin/
dist/admin/module/template/admin/live/
dist/admin/module/template/live/
dist/frontend/
dist/frontend/css/
dist/frontend/images/
dist/frontend/module/
dist/frontend/module/boat/
dist/frontend/module/boat/css/
dist/frontend/module/booking/
dist/frontend/module/booking/css/
dist/frontend/module/car/
dist/frontend/module/car/css/
dist/frontend/module/event/
dist/frontend/module/event/css/
dist/frontend/module/flight/
dist/frontend/module/flight/css/
dist/frontend/module/hotel/
dist/frontend/module/hotel/css/
dist/frontend/module/location/
dist/frontend/module/location/css/
dist/frontend/module/media/
dist/frontend/module/media/css/
dist/frontend/module/news/
dist/frontend/module/news/css/
dist/frontend/module/social/
dist/frontend/module/social/css/
dist/frontend/module/space/
dist/frontend/module/space/css/
dist/frontend/module/support/
dist/frontend/module/support/css/
dist/frontend/module/template/
dist/frontend/module/template/preview/
dist/frontend/module/template/preview/css/
dist/frontend/module/template/preview/js/
dist/frontend/module/tour/
dist/frontend/module/tour/css/
dist/frontend/module/user/
dist/frontend/module/user/css/
dist/frontend/template/
dist/frontend/template/preview/
dist/frontend/template/preview/css/
dist/frontend/template/preview/js/
fonts/
fonts/vendor/
fonts/vendor/font-awesome/
fonts/vendor/ionicons/
fonts/vendor/ionicons/dist/
icon/
images/
images/icons/
images/icons/png/
images/icons/svg/
images/pro/
images/support/
installer/
installer/css/
installer/css/sass/
installer/css/scss/
installer/css/scss/font-awesome/
installer/fonts/
installer/img/
installer/img/favicon/
js/
js/chatify/
libs/
libs/ace/
libs/ace/src-min-noconflict/
libs/ace/src-min-noconflict/snippets/
libs/bootbox/
libs/bootstrap-datepicker/
libs/bootstrap-datepicker/css/
libs/bootstrap-datepicker/js/
libs/bootstrap-datepicker/locales/
libs/bootstrap/
libs/bootstrap/css/
libs/bootstrap/js/
libs/bootstrap4.0/
libs/bootstrap4.0/css/
libs/bootstrap4.0/js/
libs/carousel-2/
libs/chart_js/
libs/cookie-consent/
libs/custombox/
libs/daterange/
libs/filerobot-image-editor/
libs/flags/
libs/flags/css/
libs/flags/flags/
libs/flags/flags/1x1/
libs/flags/flags/4x3/
libs/font-awesome/
libs/font-awesome/css/
libs/font-awesome/fonts/
libs/fotorama/
libs/fullcalendar-4.2.0/
libs/fullcalendar-4.2.0/bootstrap/
libs/fullcalendar-4.2.0/core/
libs/fullcalendar-4.2.0/core/locales/
libs/fullcalendar-4.2.0/daygrid/
libs/fullcalendar-4.2.0/google-calendar/
libs/fullcalendar-4.2.0/interaction/
libs/fullcalendar-4.2.0/list/
libs/fullcalendar-4.2.0/luxon/
libs/fullcalendar-4.2.0/moment-timezone/
libs/fullcalendar-4.2.0/moment/
libs/fullcalendar-4.2.0/rrule/
libs/fullcalendar-4.2.0/timegrid/
libs/grapesjs/
libs/grapesjs/dist/
libs/grapesjs/dist/css/
libs/grapesjs/dist/fonts/
libs/icofont/
libs/icofont/fonts/
libs/ion_rangeslider/
libs/ion_rangeslider/css/
libs/ion_rangeslider/js/
libs/ionicons/
libs/ionicons/css/
libs/ionicons/fonts/
libs/lazy-load/
libs/leaflet1.4.0/
libs/leaflet1.4.0/images/
libs/select2/
libs/select2/css/
libs/select2/js/
libs/select2/js/i18n/
libs/spectrum/
libs/spectrum/i18n/
libs/sticky/
libs/tinymce/
libs/tinymce/js/
libs/tinymce/js/tinymce/
libs/tinymce/js/tinymce/langs/
libs/tinymce/js/tinymce/plugins/
libs/tinymce/js/tinymce/plugins/advlist/
libs/tinymce/js/tinymce/plugins/anchor/
libs/tinymce/js/tinymce/plugins/autolink/
libs/tinymce/js/tinymce/plugins/autoresize/
libs/tinymce/js/tinymce/plugins/autosave/
libs/tinymce/js/tinymce/plugins/bbcode/
libs/tinymce/js/tinymce/plugins/charmap/
libs/tinymce/js/tinymce/plugins/code/
libs/tinymce/js/tinymce/plugins/codesample/
libs/tinymce/js/tinymce/plugins/colorpicker/
libs/tinymce/js/tinymce/plugins/contextmenu/
libs/tinymce/js/tinymce/plugins/directionality/
libs/tinymce/js/tinymce/plugins/emoticons/
libs/tinymce/js/tinymce/plugins/emoticons/js/
libs/tinymce/js/tinymce/plugins/fullpage/
libs/tinymce/js/tinymce/plugins/fullscreen/
libs/tinymce/js/tinymce/plugins/help/
libs/tinymce/js/tinymce/plugins/hr/
libs/tinymce/js/tinymce/plugins/image/
libs/tinymce/js/tinymce/plugins/imagetools/
libs/tinymce/js/tinymce/plugins/importcss/
libs/tinymce/js/tinymce/plugins/insertdatetime/
libs/tinymce/js/tinymce/plugins/legacyoutput/
libs/tinymce/js/tinymce/plugins/link/
libs/tinymce/js/tinymce/plugins/lists/
libs/tinymce/js/tinymce/plugins/media/
libs/tinymce/js/tinymce/plugins/nonbreaking/
libs/tinymce/js/tinymce/plugins/noneditable/
libs/tinymce/js/tinymce/plugins/pagebreak/
libs/tinymce/js/tinymce/plugins/paste/
libs/tinymce/js/tinymce/plugins/preview/
libs/tinymce/js/tinymce/plugins/print/
libs/tinymce/js/tinymce/plugins/quickbars/
libs/tinymce/js/tinymce/plugins/save/
libs/tinymce/js/tinymce/plugins/searchreplace/
libs/tinymce/js/tinymce/plugins/spellchecker/
libs/tinymce/js/tinymce/plugins/tabfocus/
libs/tinymce/js/tinymce/plugins/table/
libs/tinymce/js/tinymce/plugins/template/
libs/tinymce/js/tinymce/plugins/textcolor/
libs/tinymce/js/tinymce/plugins/textpattern/
libs/tinymce/js/tinymce/plugins/toc/
libs/tinymce/js/tinymce/plugins/visualblocks/
libs/tinymce/js/tinymce/plugins/visualchars/
libs/tinymce/js/tinymce/plugins/wordcount/
libs/tinymce/js/tinymce/skins/
libs/tinymce/js/tinymce/skins/content/
libs/tinymce/js/tinymce/skins/content/default/
libs/tinymce/js/tinymce/skins/content/document/
libs/tinymce/js/tinymce/skins/content/writer/
libs/tinymce/js/tinymce/skins/ui/
libs/tinymce/js/tinymce/skins/ui/oxide-dark/
libs/tinymce/js/tinymce/skins/ui/oxide/
libs/tinymce/js/tinymce/skins/ui/oxide/fonts/
libs/tinymce/js/tinymce/themes/
libs/tinymce/js/tinymce/themes/mobile/
libs/tinymce/js/tinymce/themes/silver/
libs/tui.calendar/
libs/vertical-calendar/
libs/vertical-calendar/css/
libs/vertical-calendar/scss/
libs/vue/
module/
module/ai/
module/ai/admin/
module/boat/
module/boat/images/
module/boat/js/
module/boat/scss/
module/booking/
module/booking/css/
module/booking/gateways/
module/booking/js/
module/booking/scss/
module/car/
module/car/css/
module/car/css/images/
module/car/js/
module/car/scss/
module/core/
module/core/js/
module/dist/
module/dist/frontend/
module/dist/frontend/template/
module/dist/frontend/template/preview/
module/dist/frontend/template/preview/css/
module/dist/frontend/template/preview/js/
module/event/
module/event/css/
module/event/images/
module/event/js/
module/event/scss/
module/flight/
module/flight/js/
module/flight/scss/
module/form/
module/form/admin/
module/form/admin/js/
module/hotel/
module/hotel/css/
module/hotel/images/
module/hotel/js/
module/hotel/scss/
module/location/
module/location/css/
module/location/images/
module/location/scss/
module/media/
module/media/css/
module/media/js/
module/media/scss/
module/news/
module/news/css/
module/news/images/
module/news/scss/
module/page/
module/page/admin/
module/page/admin/css/
module/page/admin/js/
module/page/admin/scss/
module/page/js/
module/page/js/admin/
module/social/
module/social/css/
module/social/scss/
module/space/
module/space/css/
module/space/images/
module/space/js/
module/space/scss/
module/support/
module/support/scss/
module/template/
module/template/preview/
module/template/preview/dist/
module/template/preview/dist/css/
module/template/preview/dist/js/
module/template/preview/js/
module/template/preview/node_modules/
module/template/preview/scss/
module/tour/
module/tour/css/
module/tour/images/
module/tour/js/
module/tour/scss/
module/user/
module/user/css/
module/user/js/
module/user/scss/
module/vendor/
module/vendor/css/
module/vendor/img/
module/vendor/js/
module/vendor/scss/
module/visa/
module/visa/js/
orion/
orion/css/
orion/images/
orion/js/
orion/vendor/
orion/vendor/bootstrap/
orion/vendor/bootstrap/css/
orion/vendor/bootstrap/js/
orion/vendor/popper/
plugins/
plugins/PaymentTwoCheckout/
plugins/PaymentTwoCheckout/css/
plugins/PaymentTwoCheckout/js/
plugins/PaymentTwoCheckout/scss/
sass/
sass/blocks/
sass/common/
sass/fields/
sounds/
sounds/chatify/
storage/
themes/
themes/admin/
themes/admin/dist/
themes/admin/dist/css/
themes/admin/dist/js/
themes/admin/js/
themes/admin/js/ckeditor/
themes/admin/js/components/
themes/admin/libs/
themes/admin/libs/bootstrap-4.6.2-dist/
themes/admin/libs/bootstrap-4.6.2-dist/css/
themes/admin/libs/bootstrap-4.6.2-dist/js/
themes/admin/libs/font-awesome/
themes/admin/libs/font-awesome/css/
themes/admin/libs/font-awesome/fonts/
themes/admin/libs/vue-form-generator/
themes/admin/libs/vue-form-generator/src/
themes/admin/libs/vue-form-generator/src/fields/
themes/admin/libs/vue-form-generator/src/fields/core/
themes/admin/libs/vue-form-generator/src/fields/optional/
themes/admin/libs/vue-form-generator/src/utils/
themes/admin/module/
themes/admin/module/booking/
themes/admin/module/booking/js/
themes/admin/module/booking/scss/
themes/admin/module/core/
themes/admin/module/course/
themes/admin/module/course/admin/
themes/admin/module/media/
themes/admin/module/media/admin/
themes/admin/module/media/admin/css/
themes/admin/module/media/admin/js/
themes/admin/module/media/admin/scss/
themes/admin/module/template/
themes/admin/module/template/admin/
themes/admin/module/template/admin/components/
themes/admin/module/template/admin/fields/
themes/admin/module/template/admin/live/
themes/admin/module/template/admin/live/components/
themes/admin/module/template/admin/live/components/layers/
themes/admin/module/template/admin/scss/
themes/admin/module/template/admin/scss/fields/
themes/admin/module/visa/
themes/admin/module/visa/js/
themes/admin/node_modules/
themes/admin/scss/
themes/admin/scss/common/
themes/admin/scss/responsive/
themes/gotrip/
themes/gotrip/css/
themes/gotrip/dist/
themes/gotrip/dist/frontend/
themes/gotrip/dist/frontend/css/
themes/gotrip/dist/frontend/js/
themes/gotrip/dist/frontend/module/
themes/gotrip/dist/frontend/module/booking/
themes/gotrip/dist/frontend/module/booking/css/
themes/gotrip/dist/frontend/module/flight/
themes/gotrip/dist/frontend/module/flight/css/
themes/gotrip/dist/frontend/module/hotel/
themes/gotrip/dist/frontend/module/hotel/css/
themes/gotrip/dist/frontend/module/space/
themes/gotrip/dist/frontend/module/space/css/
themes/gotrip/fonts/
themes/gotrip/images/
themes/gotrip/images/user/
themes/gotrip/images/user/dashboard/
themes/gotrip/js/
themes/gotrip/libs/
themes/gotrip/libs/bs/
themes/gotrip/libs/bs/js/
themes/gotrip/libs/bs/scss/
themes/gotrip/libs/bs/scss/forms/
themes/gotrip/libs/bs/scss/helpers/
themes/gotrip/libs/bs/scss/mixins/
themes/gotrip/libs/bs/scss/utilities/
themes/gotrip/libs/bs/scss/vendor/
themes/gotrip/module/
themes/gotrip/module/boat/
themes/gotrip/module/boat/js/
themes/gotrip/module/car/
themes/gotrip/module/car/js/
themes/gotrip/module/event/
themes/gotrip/module/event/js/
themes/gotrip/module/flight/
themes/gotrip/module/flight/js/
themes/gotrip/module/flight/scss/
themes/gotrip/module/hotel/
themes/gotrip/module/hotel/js/
themes/gotrip/module/hotel/scss/
themes/gotrip/module/space/
themes/gotrip/module/space/js/
themes/gotrip/module/space/scss/
themes/gotrip/module/template/
themes/gotrip/module/tour/
themes/gotrip/module/tour/js/
themes/gotrip/node_modules/
themes/gotrip/sass/
themes/gotrip/sass/common/
uploads/
uploads/demo/
uploads/demo/boat/
uploads/demo/car/
uploads/demo/car/feature/
uploads/demo/car/terms/
uploads/demo/event/
uploads/demo/event/banner-detail/
uploads/demo/flight/
uploads/demo/flight/airline/
uploads/demo/general/
uploads/demo/hotel/
uploads/demo/hotel/gallery/
uploads/demo/location/
uploads/demo/location/banner-detail/
uploads/demo/location/trip-idea/
uploads/demo/news/
uploads/demo/space/
uploads/demo/space/featured-box/
uploads/demo/space/gallery/
uploads/demo/tour/
uploads/demo/tour/banner-detail/
uploads/demo/visa/
uploads/form-data/
uploads/form-data/2025/
uploads/form-data/2025/07/
uploads/form-data/2025/07/16/
uploads/form-data/2025/07/17/
uploads/gotrip/
uploads/gotrip/event/
uploads/gotrip/general/
uploads/gotrip/general/home-boat/
uploads/gotrip/general/home-event/
uploads/gotrip/general/home10/
uploads/gotrip/general/home5/
uploads/gotrip/general/home6/
uploads/gotrip/general/home7/
uploads/gotrip/hotel/
uploads/gotrip/location/
uploads/gotrip/news/
uploads/gotrip/space/
uploads/gotrip/tour/
uploads/gotrip/tour/itinerary/
uploads/ical/
uploads/private/
uploads/private/0000/
uploads/private/0000/6/
uploads/private/0000/6/2025/
uploads/private/0000/6/2025/08/
uploads/private/0000/6/2025/08/27/
uploads/private/0000/6/2025/09/
uploads/private/0000/6/2025/09/04/
uploads/templates/
✓ public_html synced

→ Step 3: Syncing bc-cms (Laravel app)...
sending incremental file list
./
.well-known/
.well-known/security.txt
            159 100%    0.00kB/s    0:00:00              159 100%    0.00kB/s    0:00:00 (xfr#1, ir-chk=1010/1061)
app/
app/Actions/
app/Actions/Fortify/
app/Console/
app/Console/Commands/
app/Events/
app/Exceptions/
app/Helpers/
app/Http/
app/Http/Controllers/
app/Http/Controllers/Auth/
app/Http/Middleware/
app/Http/Traits/
app/Jobs/
app/Listeners/
app/Livewire/
app/Models/
app/Notifications/
app/Overrides/
app/Pro/
app/Pro/Config/
app/Pro/Controllers/
app/Pro/Middlewares/
app/Pro/Routes/
app/Pro/Views/
app/Pro/Views/admin/
app/Providers/
app/Resources/
app/Rules/
app/Scope/
app/Services/
app/Traits/
bootstrap/
bootstrap/cache/
bootstrap/cache/packages.php
          2,460  58%  600.59kB/s    0:00:00            4,187 100% 1022.22kB/s    0:00:00 (xfr#2, ir-chk=1002/1191)
bootstrap/cache/services.php
            700   2%  170.90kB/s    0:00:00           26,559 100%    5.07MB/s    0:00:00 (xfr#3, ir-chk=1001/1191)
config/
custom/
custom/Helpers/
database/
database/factories/
database/migrations/
database/seeders/
database/seeders/Demo/
database/seeds/
lang/
lang/en/
modules/
modules/Agency/
modules/Agency/Admin/
modules/Agency/Blocks/
modules/Agency/Config/
modules/Agency/Controllers/
modules/Agency/Emails/
modules/Agency/Migrations/
modules/Agency/Models/
modules/Agency/Routes/
modules/Agency/Views/
modules/Agency/Views/admin/
modules/Agency/Views/admin/agency/
modules/Agency/Views/admin/agency/include/
modules/Agency/Views/admin/settings/
modules/Agency/Views/emails/
modules/Api/
modules/Api/Controllers/
modules/Api/Controllers/Vendor/
modules/Api/Resources/
modules/Api/Routes/
modules/Api/Views/
modules/Api/Views/admin/
modules/Api/Views/admin/settings/
modules/Boat/
modules/Boat/Admin/
modules/Boat/Blocks/
modules/Boat/Configs/
modules/Boat/Controllers/
modules/Boat/Migrations/
modules/Boat/Models/
modules/Boat/Routes/
modules/Boat/Views/
modules/Boat/Views/admin/
modules/Boat/Views/admin/attribute/
modules/Boat/Views/admin/boat/
modules/Boat/Views/admin/settings/
modules/Boat/Views/admin/terms/
modules/Boat/Views/emails/
modules/Booking/
modules/Booking/Admin/
modules/Booking/Controllers/
modules/Booking/Database/
modules/Booking/Database/Migrations/
modules/Booking/Emails/
modules/Booking/Events/
modules/Booking/Gateways/
modules/Booking/Helpers/
modules/Booking/Listeners/
modules/Booking/Models/
modules/Booking/Routes/
modules/Booking/Traits/
modules/Booking/Views/
modules/Booking/Views/admin/
modules/Booking/Views/admin/booking/
modules/Booking/Views/admin/booking/parts/
modules/Booking/Views/admin/settings/
modules/Booking/Views/frontend/
modules/Booking/Views/frontend/booking/
modules/Booking/Views/frontend/gateways/
modules/Booking/Views/frontend/global/
modules/Booking/Views/frontend/normal-checkout/
modules/Car/
modules/Car/Admin/
modules/Car/Blocks/
modules/Car/Controllers/
modules/Car/Migrations/
modules/Car/Models/
modules/Car/Routes/
modules/Car/Views/
modules/Car/Views/admin/
modules/Car/Views/admin/attribute/
modules/Car/Views/admin/car/
modules/Car/Views/admin/settings/
modules/Car/Views/admin/terms/
modules/Car/Views/emails/
modules/Contact/
modules/Contact/Admin/
modules/Contact/Blocks/
modules/Contact/Controllers/
modules/Contact/Emails/
modules/Contact/Models/
modules/Contact/Routes/
modules/Contact/Views/
modules/Contact/Views/admin/
modules/Contact/Views/emails/
modules/Contact/Views/frontend/
modules/Contact/Views/frontend/blocks/
modules/Contact/Views/frontend/blocks/contact/
modules/Core/
modules/Core/Abstracts/
modules/Core/Admin/
modules/Core/Controllers/
modules/Core/Events/
modules/Core/Facades/
modules/Core/Helpers/
modules/Core/Installer/
modules/Core/Listeners/
modules/Core/Models/
modules/Core/Routes/
modules/Core/Views/
modules/Core/Views/admin/
modules/Core/Views/admin/global/
modules/Core/Views/admin/menu/
modules/Core/Views/admin/module/
modules/Core/Views/admin/notification/
modules/Core/Views/admin/seo-meta/
modules/Core/Views/admin/settings/
modules/Core/Views/admin/settings/groups/
modules/Core/Views/admin/settings/groups/parts/
modules/Core/Views/admin/tools/
modules/Core/Views/admin/updater/
modules/Core/Views/frontend/
modules/Core/Views/frontend/notification/
modules/Core/Walkers/
modules/Coupon/
modules/Coupon/Admin/
modules/Coupon/Controllers/
modules/Coupon/Migrations/
modules/Coupon/Models/
modules/Coupon/Routes/
modules/Coupon/Views/
modules/Coupon/Views/admin/
modules/Coupon/Views/frontend/
modules/Coupon/Views/frontend/booking/
modules/Course/
modules/Course/Admin/
modules/Course/Blocks/
modules/Course/Controllers/
modules/Course/Listeners/
modules/Course/Migrations/
modules/Course/Models/
modules/Course/Routes/
modules/Course/Traits/
modules/Course/Views/
modules/Course/Views/admin/
modules/Course/Views/admin/attribute/
modules/Course/Views/admin/category/
modules/Course/Views/admin/course/
modules/Course/Views/admin/employer/
modules/Course/Views/admin/lectures/
modules/Course/Views/admin/level/
modules/Course/Views/admin/settings/
modules/Course/Views/admin/terms/
modules/Course/Views/emails/
modules/Dashboard/
modules/Dashboard/Admin/
modules/Dashboard/Config/
modules/Dashboard/Controllers/
modules/Dashboard/Routes/
modules/Dashboard/Views/
modules/Email/
modules/Email/Admin/
modules/Email/Emails/
modules/Email/Routes/
modules/Email/Views/
modules/Email/Views/admin/
modules/Email/Views/admin/settings/
modules/Email/Views/emails/
modules/Email/Views/parts/
modules/Event/
modules/Event/Admin/
modules/Event/Blocks/
modules/Event/Controllers/
modules/Event/Migrations/
modules/Event/Models/
modules/Event/Routes/
modules/Event/Traits/
modules/Event/Views/
modules/Event/Views/admin/
modules/Event/Views/admin/attribute/
modules/Event/Views/admin/event/
modules/Event/Views/admin/settings/
modules/Event/Views/admin/terms/
modules/Event/Views/emails/
modules/Flight/
modules/Flight/Admin/
modules/Flight/Blocks/
modules/Flight/Controllers/
modules/Flight/Factories/
modules/Flight/Imports/
modules/Flight/Migrations/
modules/Flight/Models/
modules/Flight/Resources/
modules/Flight/Routes/
modules/Flight/Views/
modules/Flight/Views/admin/
modules/Flight/Views/admin/airline/
modules/Flight/Views/admin/airport/
modules/Flight/Views/admin/attribute/
modules/Flight/Views/admin/flight/
modules/Flight/Views/admin/flight/seat/
modules/Flight/Views/admin/seatType/
modules/Flight/Views/admin/settings/
modules/Flight/Views/admin/terms/
modules/Flight/Views/emails/
modules/Form/
modules/Form/Admin/
modules/Form/Controllers/
modules/Form/Database/
modules/Form/Database/Migrations/
modules/Form/Fields/
modules/Form/Models/
modules/Form/Routes/
modules/Form/Traits/
modules/Form/Views/
modules/Form/Views/admin/
modules/Form/Views/admin/parts/
modules/Form/Views/frontend/
modules/Form/Views/frontend/field/
modules/Hotel/
modules/Hotel/Admin/
modules/Hotel/Blocks/
modules/Hotel/Controllers/
modules/Hotel/Migrations/
modules/Hotel/Models/
modules/Hotel/Routes/
modules/Hotel/Views/
modules/Hotel/Views/admin/
modules/Hotel/Views/admin/attribute/
modules/Hotel/Views/admin/hotel/
modules/Hotel/Views/admin/room/
modules/Hotel/Views/admin/room/attribute/
modules/Hotel/Views/admin/room/form-detail/
modules/Hotel/Views/admin/settings/
modules/Hotel/Views/admin/terms/
modules/Hotel/Views/emails/
modules/Language/
modules/Language/Admin/
modules/Language/Config/
modules/Language/Controllers/
modules/Language/Models/
modules/Language/Providers/
modules/Language/Routes/
modules/Language/Views/
modules/Language/Views/admin/
modules/Language/Views/admin/language/
modules/Language/Views/frontend/
modules/Language/Views/translations/
modules/Layout/
modules/Layout/Events/
modules/Layout/admin/
modules/Layout/admin/parts/
modules/Layout/auth/
modules/Layout/auth/passwords/
modules/Layout/global/
modules/Layout/livewire/
modules/Layout/parts/
modules/Location/
modules/Location/Admin/
modules/Location/Blocks/
modules/Location/Config/
modules/Location/Controllers/
modules/Location/Database/
modules/Location/Database/Migrations/
modules/Location/Helpers/
modules/Location/Models/
modules/Location/Routes/
modules/Location/Traits/
modules/Location/Views/
modules/Location/Views/admin/
modules/Location/Views/admin/category/
modules/Media/
modules/Media/Admin/
modules/Media/Controllers/
modules/Media/CustomGcs/
modules/Media/Database/
modules/Media/Database/Migrations/
modules/Media/Helpers/
modules/Media/Models/
modules/Media/Resources/
modules/Media/Routes/
modules/Media/Rules/
modules/Media/Traits/
modules/Media/Views/
modules/Media/Views/admin/
modules/Media/Views/admin/settings/
modules/News/
modules/News/Admin/
modules/News/Blocks/
modules/News/Config/
modules/News/Controllers/
modules/News/Models/
modules/News/Routes/
modules/News/Views/
modules/News/Views/admin/
modules/News/Views/admin/category/
modules/News/Views/admin/news/
modules/News/Views/admin/settings/
modules/News/Views/admin/tag/
modules/Order/
modules/Order/Admin/
modules/Order/Api/
modules/Order/Api/V1/
modules/Order/Config/
modules/Order/Controllers/
modules/Order/Emails/
modules/Order/Events/
modules/Order/Gateways/
modules/Order/Helpers/
modules/Order/Listeners/
modules/Order/Listeners/OrderItem/
modules/Order/Migrations/
modules/Order/Models/
modules/Order/Notifications/
modules/Order/Resources/
modules/Order/Resources/Admin/
modules/Order/Resources/Frontend/
modules/Order/Routes/
modules/Order/Rules/
modules/Order/Traits/
modules/Order/Views/
modules/Order/Views/admin/
modules/Order/Views/admin/order/
modules/Order/Views/admin/order/detail/
modules/Order/Views/admin/order/detail/components/
modules/Order/Views/admin/settings/
modules/Order/Views/emails/
modules/Order/Views/emails/order-item/
modules/Order/Views/emails/parts/
modules/Order/Views/frontend/
modules/Order/Views/frontend/order/
modules/Page/
modules/Page/Admin/
modules/Page/Config/
modules/Page/Controllers/
modules/Page/Models/
modules/Page/Providers/
modules/Page/Routes/
modules/Page/Views/
modules/Page/Views/admin/
modules/Page/Views/frontend/
modules/Popup/
modules/Popup/Admin/
modules/Popup/Migrations/
modules/Popup/Models/
modules/Popup/Routes/
modules/Popup/Views/
modules/Popup/Views/admin/
modules/Popup/Views/admin/popup/
modules/Popup/Views/frontend/
modules/Property/
modules/Property/Admin/
modules/Property/Blocks/
modules/Property/Config/
modules/Property/Controllers/
modules/Property/Migrations/
modules/Property/Models/
modules/Property/Routes/
modules/Property/Views/
modules/Property/Views/admin/
modules/Property/Views/admin/attribute/
modules/Property/Views/admin/category/
modules/Property/Views/admin/property/
modules/Property/Views/admin/settings/
modules/Property/Views/admin/terms/
modules/Property/Views/emails/
modules/Report/
modules/Report/Admin/
modules/Report/Routes/
modules/Report/Views/
modules/Report/Views/admin/
modules/Report/Views/admin/enquiry/
modules/Report/Views/admin/statistic/
modules/Review/
modules/Review/Admin/
modules/Review/Controllers/
modules/Review/Models/
modules/Review/Routes/
modules/Review/Views/
modules/Review/Views/admin/
modules/Review/Views/admin/settings/
modules/Review/Views/frontend/
modules/Sms/
modules/Sms/Admin/
modules/Sms/Core/
modules/Sms/Core/Config/
modules/Sms/Core/Contracts/
modules/Sms/Core/Drivers/
modules/Sms/Core/Exceptions/
modules/Sms/Core/Facade/
modules/Sms/Listeners/
modules/Sms/Routes/
modules/Sms/Views/
modules/Sms/Views/admin/
modules/Sms/Views/admin/settings/
modules/Sms/Views/parts/
modules/Social/
modules/Social/Admin/
modules/Social/Controllers/
modules/Social/Migrations/
modules/Social/Models/
modules/Social/Routes/
modules/Social/Views/
modules/Social/Views/frontend/
modules/Social/Views/frontend/posts/
modules/Space/
modules/Space/Admin/
modules/Space/Blocks/
modules/Space/Controllers/
modules/Space/Migrations/
modules/Space/Models/
modules/Space/Routes/
modules/Space/Views/
modules/Space/Views/admin/
modules/Space/Views/admin/attribute/
modules/Space/Views/admin/settings/
modules/Space/Views/admin/space/
modules/Space/Views/admin/terms/
modules/Space/Views/emails/
modules/Teacher/
modules/Teacher/Models/
modules/Teacher/Views/
modules/Teacher/Views/admin/
modules/Teacher/Views/admin/settings/
modules/Template/
modules/Template/Admin/
modules/Template/Blocks/
modules/Template/Models/
modules/Template/Pages/
modules/Template/Routes/
modules/Template/Views/
modules/Template/Views/admin/
modules/Template/Views/admin/live/
modules/Template/Views/admin/live/parts/
modules/Template/Views/frontend/
modules/Template/Views/frontend/blocks/
modules/Theme/
modules/Theme/Abstracts/
modules/Theme/Admin/
modules/Theme/Routes/
modules/Theme/Views/
modules/Theme/Views/admin/
modules/Tour/
modules/Tour/Admin/
modules/Tour/Blocks/
modules/Tour/Config/
modules/Tour/Controllers/
modules/Tour/Migrations/
modules/Tour/Models/
modules/Tour/Routes/
modules/Tour/Views/
modules/Tour/Views/admin/
modules/Tour/Views/admin/attribute/
modules/Tour/Views/admin/booking/
modules/Tour/Views/admin/category/
modules/Tour/Views/admin/settings/
modules/Tour/Views/admin/terms/
modules/Tour/Views/admin/tour/
modules/Tour/Views/emails/
modules/TourPay/
modules/TourPay/Admin/
modules/TourPay/Controllers/
modules/TourPay/Emails/
modules/TourPay/Migrations/
modules/TourPay/Models/
modules/TourPay/Routes/
modules/Tracking/
modules/Tracking/Admin/
modules/Tracking/Database/
modules/Tracking/Database/Migrations/
modules/Tracking/Facades/
modules/Tracking/Middleware/
modules/Tracking/Models/
modules/Tracking/Parsers/
modules/Tracking/Routes/
modules/Tracking/Views/
modules/Tracking/Views/admin/
modules/Tracking/Views/admin/settings/
modules/User/
modules/User/Admin/
modules/User/Chatify/
modules/User/Configs/
modules/User/Controllers/
modules/User/Controllers/Auth/
modules/User/Emails/
modules/User/Events/
modules/User/Exports/
modules/User/Fortify/
modules/User/Helpers/
modules/User/Listeners/
modules/User/Migrations/
modules/User/Models/
modules/User/Models/Wallet/
modules/User/Policies/
modules/User/Resources/
modules/User/Routes/
modules/User/Traits/
modules/User/Views/
deleting storage/app/public/
modules/User/Views/admin/
modules/User/Views/admin/permission/
modules/User/Views/admin/plan-report/
modules/User/Views/admin/plan-request/
modules/User/Views/admin/plan/
modules/User/Views/admin/role/
modules/User/Views/admin/settings/
modules/User/Views/admin/verification/
modules/User/Views/admin/wallet/
modules/User/Views/emails/
modules/User/Views/newsletter/
modules/User/Views/newsletter/subscriber/
modules/Vendor/
modules/Vendor/Admin/
modules/Vendor/Blocks/
modules/Vendor/Config/
modules/Vendor/Controllers/
modules/Vendor/Emails/
modules/Vendor/Events/
modules/Vendor/Listeners/
modules/Vendor/Migrations/
modules/Vendor/Models/
modules/Vendor/Routes/
modules/Vendor/Traits/
modules/Vendor/Views/
modules/Vendor/Views/admin/
modules/Vendor/Views/admin/api-keys/
modules/Vendor/Views/admin/payouts/
modules/Vendor/Views/admin/plan/
modules/Vendor/Views/admin/settings/
modules/Vendor/Views/admin/subscriptions/
modules/Vendor/Views/emails/
modules/Vendor/Views/frontend/
modules/Vendor/Views/frontend/api-keys/
modules/Vendor/Views/frontend/blocks/
modules/Vendor/Views/frontend/blocks/form-register/
modules/Vendor/Views/frontend/blocks/list-vendor/
modules/Vendor/Views/frontend/bookingReport/
modules/Vendor/Views/frontend/enquiry/
modules/Vendor/Views/frontend/payouts/
modules/Vendor/Views/frontend/subscription/
modules/Vendor/Views/frontend/team/
modules/Visa/
modules/Visa/Admin/
modules/Visa/Admin/Service/
modules/Visa/Admin/Type/
modules/Visa/Configs/
modules/Visa/Controllers/
modules/Visa/Database/
modules/Visa/Database/Migrations/
modules/Visa/Database/Seeders/
modules/Visa/Helpers/
modules/Visa/Models/
modules/Visa/Pages/
modules/Visa/Pages/Components/
modules/Visa/Pages/User/
modules/Visa/Routes/
modules/Visa/Views/
modules/Visa/Views/admin/
modules/Visa/Views/admin/settings/
modules/Visa/Views/admin/type/
modules/Visa/Views/admin/visa/
modules/Visa/Views/emails/
modules/Visa/Views/frontend/
modules/Visa/Views/frontend/booking/
modules/Visa/Views/frontend/bookingHistory/
modules/Visa/Views/frontend/bookingReport/
modules/Visa/Views/frontend/components/
modules/Visa/Views/frontend/components/applicant-form-view/
modules/Visa/Views/frontend/user/
packages/
packages/bc/
packages/bc/installer/
packages/bc/installer/src/
packages/bc/installer/src/Config/
packages/bc/installer/src/Controllers/
packages/bc/installer/src/Events/
packages/bc/installer/src/Helpers/
packages/bc/installer/src/Lang/
packages/bc/installer/src/Lang/ar/
packages/bc/installer/src/Lang/de/
packages/bc/installer/src/Lang/en/
packages/bc/installer/src/Lang/es/
packages/bc/installer/src/Lang/et/
packages/bc/installer/src/Lang/fa/
packages/bc/installer/src/Lang/fr/
packages/bc/installer/src/Lang/gr/
packages/bc/installer/src/Lang/id/
packages/bc/installer/src/Lang/it/
packages/bc/installer/src/Lang/nl/
packages/bc/installer/src/Lang/pl/
packages/bc/installer/src/Lang/pt-br/
packages/bc/installer/src/Lang/pt/
packages/bc/installer/src/Lang/ro/
packages/bc/installer/src/Lang/ru/
packages/bc/installer/src/Lang/th/
packages/bc/installer/src/Lang/tr/
packages/bc/installer/src/Lang/zh-CN/
packages/bc/installer/src/Lang/zh-TW/
packages/bc/installer/src/Middleware/
packages/bc/installer/src/Providers/
packages/bc/installer/src/Routes/
packages/bc/installer/src/Views/
packages/bc/installer/src/Views/layouts/
packages/bc/installer/src/Views/update/
packages/bc/installer/src/assets/
packages/bc/installer/src/assets/css/
packages/bc/installer/src/assets/css/sass/
packages/bc/installer/src/assets/css/scss/
packages/bc/installer/src/assets/css/scss/font-awesome/
packages/bc/installer/src/assets/fonts/
packages/bc/installer/src/assets/img/
packages/bc/installer/src/assets/img/favicon/
packages/bc/laravel-paystack/
packages/bc/laravel-paystack/resources/
packages/bc/laravel-paystack/resources/config/
packages/bc/laravel-paystack/src/
packages/bc/laravel-paystack/src/Exceptions/
packages/bc/laravel-paystack/src/Facades/
packages/bc/laravel-paystack/src/Support/
packages/bc/laravel-paystack/tests/
packages/bc/qrcode/
packages/bc/qrcode/src/
packages/bc/qrcode/src/DataTypes/
packages/bc/qrcode/src/Facades/
plugins/
plugins/PaymentTwoCheckout/
plugins/PaymentTwoCheckout/Controllers/
plugins/PaymentTwoCheckout/Gateway/
plugins/PaymentTwoCheckout/Routes/
plugins/PaymentTwoCheckout/Views/
plugins/PaymentTwoCheckout/Views/frontend/
pro/
pro/Ai/
pro/Ai/Configs/
pro/Ai/Controllers/
pro/Ai/Drivers/
pro/Ai/Exceptions/
pro/Ai/Routes/
pro/Ai/Views/
pro/Ai/Views/admin/
pro/Ai/Views/admin/settings/
pro/Ai/Views/frontend/
pro/Booking/
pro/Booking/Controllers/
pro/Booking/Routes/
pro/Booking/Views/
pro/Booking/Views/frontend/
pro/Booking/Views/frontend/user/
pro/Booking/Views/frontend/user/ticket/
pro/Concierge/
pro/Concierge/Configs/
pro/Concierge/Controllers/
pro/Concierge/Controllers/Api/
pro/Concierge/Migrations/
pro/Concierge/Models/
pro/Concierge/Routes/
pro/Concierge/Services/
pro/Concierge/Views/
pro/Concierge/Views/admin/
pro/Database/
pro/Database/Updaters/
pro/Integrations/
pro/Integrations/Configs/
pro/Integrations/Controllers/
pro/Integrations/Migrations/
pro/Integrations/Models/
pro/Integrations/Routes/
pro/Integrations/Services/
pro/Integrations/Services/Fiscal/
pro/Integrations/Services/Wetu/
pro/Integrations/Views/
pro/Integrations/Views/admin/
pro/Integrations/Views/admin/legals/
pro/Integrations/Views/admin/os/
pro/Integrations/Views/admin/partials/
pro/Integrations/Views/admin/wetu/
pro/Support/
pro/Support/Admin/
pro/Support/Admin/Ticket/
pro/Support/Admin/Topic/
pro/Support/Configs/
pro/Support/Controllers/
pro/Support/Controllers/Ticket/
pro/Support/Controllers/Topic/
pro/Support/Database/
pro/Support/Database/Migrations/
pro/Support/Emails/
pro/Support/Models/
pro/Support/Routes/
pro/Support/Views/
pro/Support/Views/admin/
pro/Support/Views/admin/settings/
pro/Support/Views/admin/ticket/
pro/Support/Views/admin/ticket/category/
pro/Support/Views/admin/topic/
pro/Support/Views/admin/topic/category/
pro/Support/Views/admin/topic/tag/
pro/Support/Views/email/
pro/Support/Views/frontend/
pro/Support/Views/frontend/layouts/
pro/Support/Views/frontend/layouts/ticket/
pro/Support/Views/frontend/layouts/topic/
pro/Support/Views/frontend/ticket/
pro/Support/Views/frontend/topic/
pro/Tanova/
pro/Tanova/Commands/
pro/Tanova/Configs/
pro/Tanova/Controllers/
pro/Tanova/Controllers/Api/
pro/Tanova/Jobs/
pro/Tanova/Migrations/
pro/Tanova/Models/
pro/Tanova/Routes/
pro/Tanova/Services/
pro/Tanova/Views/
pro/Tanova/Views/admin/
pro/Tanova/Views/emails/
pro/Tanova/Views/frontend/
pro/Tanova/Views/frontend/bookingReport/
public/
resources/
resources/GeoLite2-City_20210622/
resources/lang/
resources/lang/en/
resources/sass/
resources/views/
resources/views/admin/
resources/views/admin/layouts/
resources/views/auth/
resources/views/auth/passwords/
resources/views/errors/
resources/views/landing/
resources/views/landing/view/
resources/views/layouts/
resources/views/livewire/
resources/views/sitemap/
resources/views/vendor/
resources/views/vendor/Chatify/
resources/views/vendor/Chatify/layouts/
resources/views/vendor/Chatify/pages/
resources/views/vendor/installer/
resources/views/vendor/installer/layouts/
resources/views/vendor/installer/update/
resources/views/vendor/laravel-log-viewer/
resources/views/vendor/pagination/
routes/
routes/api.php
            898 100%    1.56kB/s    0:00:00              898 100%    1.56kB/s    0:00:00 (xfr#4, ir-chk=1005/3847)
scripts/
storage/
storage/installed
             66 100%    0.11kB/s    0:00:00               66 100%    0.11kB/s    0:00:00 (xfr#5, ir-chk=1007/3856)
storage/app/
storage/app/purifier/
storage/app/purifier/HTML/
storage/app/purifier/URI/
storage/framework/
storage/framework/cache/
storage/framework/testing/
tests/
tests/Feature/
tests/Feature/Bookings/
tests/Feature/Email/
tests/Feature/Monitoring/
tests/Feature/Tanova/
tests/Load/
tests/Security/
tests/Unit/
themes/
themes/Base/
themes/Base/Boat/
themes/Base/Boat/Views/
themes/Base/Boat/Views/frontend/
themes/Base/Boat/Views/frontend/blocks/
themes/Base/Boat/Views/frontend/blocks/list-boat/
themes/Base/Boat/Views/frontend/booking/
themes/Base/Boat/Views/frontend/bookingHistory/
themes/Base/Boat/Views/frontend/bookingReport/
themes/Base/Boat/Views/frontend/manageBoat/
themes/Base/Boat/Views/frontend/profile/
themes/Base/Booking/
themes/Base/Booking/Views/
themes/Base/Booking/Views/emails/
themes/Base/Booking/Views/emails/parts/
themes/Base/Booking/Views/frontend/
themes/Base/Booking/Views/frontend/booking/
themes/Base/Booking/Views/frontend/detail/
themes/Base/Booking/Views/frontend/gateways/
themes/Base/Booking/Views/frontend/global/
themes/Base/Booking/Views/frontend/normal-checkout/
themes/Base/Car/
themes/Base/Car/Views/
themes/Base/Car/Views/frontend/
themes/Base/Car/Views/frontend/booking/
themes/Base/Car/Views/frontend/bookingHistory/
themes/Base/Car/Views/frontend/bookingReport/
themes/Base/Car/Views/frontend/manageCar/
themes/Base/Car/Views/frontend/profile/
themes/Base/Contact/
themes/Base/Contact/Views/
themes/Base/Contact/Views/frontend/
themes/Base/Contact/Views/frontend/blocks/
themes/Base/Contact/Views/frontend/blocks/contact/
themes/Base/Core/
themes/Base/Core/Middleware/
themes/Base/Core/Updaters/
themes/Base/Core/Views/
themes/Base/Core/frontend/
themes/Base/Core/frontend/notification/
themes/Base/Coupon/
themes/Base/Coupon/Views/
themes/Base/Coupon/Views/frontend/
themes/Base/Coupon/Views/frontend/booking/
themes/Base/Coupon/Views/frontend/vendor/
themes/Base/Database/
themes/Base/Database/Migrations/
themes/Base/Database/Views/
themes/Base/Event/
themes/Base/Event/Views/
themes/Base/Event/Views/frontend/
themes/Base/Event/Views/frontend/booking/
themes/Base/Event/Views/frontend/bookingHistory/
themes/Base/Event/Views/frontend/bookingReport/
themes/Base/Event/Views/frontend/profile/
themes/Base/Flight/
themes/Base/Flight/Views/
themes/Base/Flight/Views/frontend/
themes/Base/Flight/Views/frontend/booking/
themes/Base/Flight/Views/frontend/bookingHistory/
themes/Base/Flight/Views/frontend/bookingReport/
themes/Base/Flight/Views/frontend/manageFlight/
themes/Base/Flight/Views/frontend/manageFlight/seat/
themes/Base/Flight/Views/frontend/profile/
themes/Base/Hotel/
themes/Base/Hotel/Views/
themes/Base/Hotel/Views/frontend/
themes/Base/Hotel/Views/frontend/blocks/
themes/Base/Hotel/Views/frontend/blocks/form-search-hotel/
themes/Base/Hotel/Views/frontend/blocks/list-hotel/
themes/Base/Hotel/Views/frontend/booking/
themes/Base/Hotel/Views/frontend/bookingHistory/
themes/Base/Hotel/Views/frontend/bookingReport/
themes/Base/Hotel/Views/frontend/profile/
themes/Base/Language/
themes/Base/Language/Views/
themes/Base/Language/frontend/
themes/Base/Layout/
themes/Base/Layout/Views/
themes/Base/Layout/global/
themes/Base/Layout/global/booking/
themes/Base/News/
themes/Base/News/Views/
themes/Base/News/Views/frontend/
themes/Base/News/Views/frontend/vendor/
themes/Base/Page/
themes/Base/Page/Views/
themes/Base/Page/Views/frontend/
themes/Base/Popup/
themes/Base/Popup/Views/
themes/Base/Popup/Views/frontend/
themes/Base/Space/
themes/Base/Space/Views/
themes/Base/Space/Views/frontend/
themes/Base/Space/Views/frontend/booking/
themes/Base/Space/Views/frontend/bookingHistory/
themes/Base/Space/Views/frontend/bookingReport/
themes/Base/Space/Views/frontend/manageSpace/
themes/Base/Space/Views/frontend/profile/
themes/Base/Template/
themes/Base/Template/Views/
themes/Base/Template/Views/frontend/
themes/Base/Template/Views/frontend/blocks/
themes/Base/Template/Views/frontend/blocks/call-to-action/
themes/Base/Template/Views/frontend/blocks/client-feedback/
themes/Base/Template/Views/frontend/blocks/form-search-all-service/
themes/Base/Template/Views/frontend/blocks/how-it-work/
themes/Base/Template/Views/frontend/blocks/list-featured-item/
themes/Base/Template/Views/frontend/blocks/offer-block/
themes/Base/Template/Views/frontend/blocks/testimonial/
themes/Base/Tour/
themes/Base/Tour/Views/
themes/Base/Tour/Views/frontend/
themes/Base/Tour/Views/frontend/booking/
themes/Base/Tour/Views/frontend/bookingHistory/
themes/Base/Tour/Views/frontend/bookingReport/
themes/Base/Tour/Views/frontend/manageTour/
themes/Base/Tour/Views/frontend/profile/
themes/Base/User/
themes/Base/User/Views/
themes/Base/User/Views/frontend/
themes/Base/User/Views/frontend/2fa/
themes/Base/User/Views/frontend/2fa/parts/
themes/Base/User/Views/frontend/chat/
themes/Base/User/Views/frontend/layouts/
themes/Base/User/Views/frontend/plan/
themes/Base/User/Views/frontend/profile/
themes/Base/User/Views/frontend/verification/
themes/Base/User/Views/frontend/verification/fields/
themes/Base/User/Views/frontend/wallet/
themes/Base/User/Views/frontend/wishList/
themes/Base/Vendor/
themes/Base/Vendor/Views/
themes/Base/Vendor/Views/frontend/
themes/Base/Vendor/Views/frontend/blocks/
themes/Base/Vendor/Views/frontend/blocks/form-register/
themes/Base/Vendor/Views/frontend/blocks/list-vendor/
themes/Base/Vendor/Views/frontend/bookingReport/
themes/Base/Vendor/Views/frontend/enquiry/
themes/Base/Vendor/Views/frontend/payouts/
themes/Base/Vendor/Views/frontend/team/
themes/Base/resources/
themes/Base/resources/Views/
themes/Base/resources/views/
themes/GoTrip/
themes/GoTrip/Boat/
themes/GoTrip/Boat/Blocks/
themes/GoTrip/Boat/Configs/
themes/GoTrip/Boat/Views/
themes/GoTrip/Boat/Views/frontend/
themes/GoTrip/Boat/Views/frontend/ajax/
themes/GoTrip/Boat/Views/frontend/blocks/
themes/GoTrip/Boat/Views/frontend/blocks/form-search-boat/
themes/GoTrip/Boat/Views/frontend/blocks/list-boat/
themes/GoTrip/Boat/Views/frontend/bookingHistory/
themes/GoTrip/Boat/Views/frontend/layouts/
themes/GoTrip/Boat/Views/frontend/layouts/details/
themes/GoTrip/Boat/Views/frontend/layouts/search-map/
themes/GoTrip/Boat/Views/frontend/layouts/search/
themes/GoTrip/Boat/Views/frontend/layouts/search/fields/
themes/GoTrip/Boat/Views/frontend/manageBoat/
themes/GoTrip/Boat/Views/frontend/profile/
themes/GoTrip/Boat/Views/frontend/user/
themes/GoTrip/Booking/
themes/GoTrip/Booking/Views/
themes/GoTrip/Booking/Views/frontend/
themes/GoTrip/Booking/Views/frontend/booking/
themes/GoTrip/Booking/Views/frontend/global/
themes/GoTrip/Car/
themes/GoTrip/Car/Blocks/
themes/GoTrip/Car/Configs/
themes/GoTrip/Car/Views/
themes/GoTrip/Car/Views/admin/
themes/GoTrip/Car/Views/frontend/
themes/GoTrip/Car/Views/frontend/ajax/
themes/GoTrip/Car/Views/frontend/blocks/
themes/GoTrip/Car/Views/frontend/blocks/form-search-car/
themes/GoTrip/Car/Views/frontend/blocks/list-car/
themes/GoTrip/Car/Views/frontend/bookingHistory/
themes/GoTrip/Car/Views/frontend/layouts/
themes/GoTrip/Car/Views/frontend/layouts/details/
themes/GoTrip/Car/Views/frontend/layouts/search-map/
themes/GoTrip/Car/Views/frontend/layouts/search-map/fields/
themes/GoTrip/Car/Views/frontend/layouts/search/
themes/GoTrip/Car/Views/frontend/manageCar/
themes/GoTrip/Car/Views/frontend/profile/
themes/GoTrip/Car/Views/frontend/user/
themes/GoTrip/Contact/
themes/GoTrip/Contact/Views/
themes/GoTrip/Contact/Views/frontend/
themes/GoTrip/Contact/Views/frontend/blocks/
themes/GoTrip/Contact/Views/frontend/blocks/contact/
themes/GoTrip/Core/
themes/GoTrip/Core/Views/
themes/GoTrip/Core/Views/admin/
themes/GoTrip/Core/Views/admin/settings/
themes/GoTrip/Core/Views/frontend/
themes/GoTrip/Core/Views/frontend/notification/
themes/GoTrip/Core/Walkers/
themes/GoTrip/Coupon/
themes/GoTrip/Coupon/Views/
themes/GoTrip/Coupon/Views/frontend/
themes/GoTrip/Coupon/Views/frontend/booking/
themes/GoTrip/Coupon/Views/frontend/vendor/
themes/GoTrip/Database/
themes/GoTrip/Database/Migrations/
themes/GoTrip/Database/Seeders/
themes/GoTrip/Database/Views/
themes/GoTrip/Event/
themes/GoTrip/Event/Blocks/
themes/GoTrip/Event/Configs/
themes/GoTrip/Event/Views/
themes/GoTrip/Event/Views/admin/
themes/GoTrip/Event/Views/admin/terms/
themes/GoTrip/Event/Views/bookingHistory/
themes/GoTrip/Event/Views/frontend/
themes/GoTrip/Event/Views/frontend/ajax/
themes/GoTrip/Event/Views/frontend/blocks/
themes/GoTrip/Event/Views/frontend/blocks/form-search-event/
themes/GoTrip/Event/Views/frontend/blocks/list-event/
themes/GoTrip/Event/Views/frontend/blocks/term-featured-box/
themes/GoTrip/Event/Views/frontend/booking/
themes/GoTrip/Event/Views/frontend/layouts/
themes/GoTrip/Event/Views/frontend/layouts/details/
themes/GoTrip/Event/Views/frontend/layouts/search-map/
themes/GoTrip/Event/Views/frontend/layouts/search-map/fields/
themes/GoTrip/Event/Views/frontend/layouts/search/
themes/GoTrip/Event/Views/frontend/profile/
themes/GoTrip/Event/Views/frontend/user/
themes/GoTrip/Event/Views/frontend/vendorEvent/
themes/GoTrip/Flight/
themes/GoTrip/Flight/Blocks/
themes/GoTrip/Flight/Views/
themes/GoTrip/Flight/Views/frontend/
themes/GoTrip/Flight/Views/frontend/ajax/
themes/GoTrip/Flight/Views/frontend/blocks/
themes/GoTrip/Flight/Views/frontend/blocks/form-search-flight/
themes/GoTrip/Flight/Views/frontend/bookingHistory/
themes/GoTrip/Flight/Views/frontend/layouts/
themes/GoTrip/Flight/Views/frontend/layouts/search/
themes/GoTrip/Flight/Views/frontend/manageFlight/
themes/GoTrip/Flight/Views/frontend/manageFlight/seat/
themes/GoTrip/Flight/Views/frontend/user/
themes/GoTrip/Form/
themes/GoTrip/Form/Views/
themes/GoTrip/Form/Views/frontend/
themes/GoTrip/Form/Views/frontend/field/
themes/GoTrip/Hotel/
themes/GoTrip/Hotel/Blocks/
themes/GoTrip/Hotel/Configs/
themes/GoTrip/Hotel/Views/
themes/GoTrip/Hotel/Views/admin/
themes/GoTrip/Hotel/Views/frontend/
themes/GoTrip/Hotel/Views/frontend/ajax/
themes/GoTrip/Hotel/Views/frontend/blocks/
themes/GoTrip/Hotel/Views/frontend/blocks/form-search-hotel/
themes/GoTrip/Hotel/Views/frontend/blocks/list-hotel/
themes/GoTrip/Hotel/Views/frontend/booking/
themes/GoTrip/Hotel/Views/frontend/bookingHistory/
themes/GoTrip/Hotel/Views/frontend/layouts/
themes/GoTrip/Hotel/Views/frontend/layouts/details/
themes/GoTrip/Hotel/Views/frontend/layouts/search-map/
themes/GoTrip/Hotel/Views/frontend/layouts/search/
themes/GoTrip/Hotel/Views/frontend/profile/
themes/GoTrip/Hotel/Views/frontend/user/
themes/GoTrip/Hotel/Views/frontend/vendorHotel/
themes/GoTrip/Hotel/Views/frontend/vendorHotel/room/
themes/GoTrip/Language/
themes/GoTrip/Language/Views/
themes/GoTrip/Language/Views/frontend/
themes/GoTrip/Layout/
themes/GoTrip/Layout/app.blade.php
            700  15%    0.87kB/s    0:00:04            4,506 100%    5.60kB/s    0:00:00 (xfr#6, ir-chk=1063/4651)
themes/GoTrip/Layout/Views/
themes/GoTrip/Layout/auth/
themes/GoTrip/Layout/common/
themes/GoTrip/Layout/common/detail/
themes/GoTrip/Layout/common/search/
themes/GoTrip/Layout/common/search/fields/
themes/GoTrip/Layout/global/
themes/GoTrip/Layout/global/livewire/
themes/GoTrip/Layout/global/search/
themes/GoTrip/Layout/global/search/filters-map/
themes/GoTrip/Layout/global/search/filters/
themes/GoTrip/Layout/map/
themes/GoTrip/Layout/map/detail/
themes/GoTrip/Layout/parts/
themes/GoTrip/Layout/parts/footer-style/
themes/GoTrip/Layout/parts/header-style/
themes/GoTrip/Layout/parts/user/
themes/GoTrip/Location/
themes/GoTrip/Location/Blocks/
themes/GoTrip/Location/Models/
themes/GoTrip/Location/Views/
themes/GoTrip/Location/Views/admin/
themes/GoTrip/Location/Views/frontend/
themes/GoTrip/Location/Views/frontend/blocks/
themes/GoTrip/Location/Views/frontend/blocks/list-locations/
themes/GoTrip/Location/Views/frontend/layouts/
themes/GoTrip/Location/Views/frontend/layouts/details/
themes/GoTrip/News/
themes/GoTrip/News/Blocks/
themes/GoTrip/News/Views/
themes/GoTrip/News/Views/frontend/
themes/GoTrip/News/Views/frontend/blocks/
themes/GoTrip/News/Views/frontend/blocks/list-news/
themes/GoTrip/News/Views/frontend/layouts/
themes/GoTrip/News/Views/frontend/layouts/details/
themes/GoTrip/News/Views/frontend/layouts/sidebars/
themes/GoTrip/News/Views/frontend/vendor/
themes/GoTrip/Page/
themes/GoTrip/Page/Views/
themes/GoTrip/Page/Views/admin/
themes/GoTrip/Popup/
themes/GoTrip/Popup/Views/
themes/GoTrip/Popup/Views/frontend/
themes/GoTrip/Space/
themes/GoTrip/Space/Blocks/
themes/GoTrip/Space/Configs/
themes/GoTrip/Space/Views/
themes/GoTrip/Space/Views/admin/
themes/GoTrip/Space/Views/frontend/
themes/GoTrip/Space/Views/frontend/ajax/
themes/GoTrip/Space/Views/frontend/blocks/
themes/GoTrip/Space/Views/frontend/blocks/form-search-space/
themes/GoTrip/Space/Views/frontend/blocks/list-space/
themes/GoTrip/Space/Views/frontend/blocks/term-featured-box/
themes/GoTrip/Space/Views/frontend/bookingHistory/
themes/GoTrip/Space/Views/frontend/layouts/
themes/GoTrip/Space/Views/frontend/layouts/details/
themes/GoTrip/Space/Views/frontend/layouts/search-map/
themes/GoTrip/Space/Views/frontend/layouts/search/
themes/GoTrip/Space/Views/frontend/manageSpace/
themes/GoTrip/Space/Views/frontend/profile/
themes/GoTrip/Space/Views/frontend/user/
themes/GoTrip/Template/
themes/GoTrip/Template/Blocks/
themes/GoTrip/Template/Views/
themes/GoTrip/Template/Views/frontend/
themes/GoTrip/Template/Views/frontend/blocks/
themes/GoTrip/Template/Views/frontend/blocks/about-text/
themes/GoTrip/Template/Views/frontend/blocks/download/
themes/GoTrip/Template/Views/frontend/blocks/form-search-all-service/
themes/GoTrip/Template/Views/frontend/blocks/list-all-service/
themes/GoTrip/Template/Views/frontend/blocks/login-register/
themes/GoTrip/Template/Views/frontend/blocks/offer-block/
themes/GoTrip/Template/Views/frontend/blocks/our-team/
themes/GoTrip/Template/Views/frontend/blocks/subscribe/
themes/GoTrip/Template/Views/frontend/blocks/terms/
themes/GoTrip/Template/Views/frontend/blocks/text-featured-box/
themes/GoTrip/Template/Views/frontend/blocks/text-image/
themes/GoTrip/Tour/
themes/GoTrip/Tour/Blocks/
themes/GoTrip/Tour/Configs/
themes/GoTrip/Tour/Views/
themes/GoTrip/Tour/Views/admin/
themes/GoTrip/Tour/Views/admin/category/
themes/GoTrip/Tour/Views/frontend/
themes/GoTrip/Tour/Views/frontend/ajax/
themes/GoTrip/Tour/Views/frontend/blocks/
themes/GoTrip/Tour/Views/frontend/blocks/call-to-action/
themes/GoTrip/Tour/Views/frontend/blocks/form-search-tour/
themes/GoTrip/Tour/Views/frontend/blocks/list-featured-item/
themes/GoTrip/Tour/Views/frontend/blocks/list-tour/
themes/GoTrip/Tour/Views/frontend/blocks/testimonial/
themes/GoTrip/Tour/Views/frontend/blocks/tour-deals/
themes/GoTrip/Tour/Views/frontend/blocks/tour-types/
themes/GoTrip/Tour/Views/frontend/bookingHistory/
themes/GoTrip/Tour/Views/frontend/layouts/
themes/GoTrip/Tour/Views/frontend/layouts/details/
themes/GoTrip/Tour/Views/frontend/layouts/search-map/
themes/GoTrip/Tour/Views/frontend/layouts/search/
themes/GoTrip/Tour/Views/frontend/manageTour/
themes/GoTrip/Tour/Views/frontend/profile/
themes/GoTrip/Tour/Views/frontend/user/
themes/GoTrip/TourPay/
themes/GoTrip/TourPay/Views/
themes/GoTrip/TourPay/Views/emails/
themes/GoTrip/TourPay/Views/frontend/
themes/GoTrip/TourPay/Views/pdf/
themes/GoTrip/TourPay/Views/public/
themes/GoTrip/User/
themes/GoTrip/User/Controllers/
themes/GoTrip/User/Views/
themes/GoTrip/User/Views/frontend/
themes/GoTrip/User/Views/frontend/2fa/
themes/GoTrip/User/Views/frontend/2fa/parts/
themes/GoTrip/User/Views/frontend/layouts/
themes/GoTrip/User/Views/frontend/plan/
themes/GoTrip/User/Views/frontend/profile/
themes/GoTrip/User/Views/frontend/wallet/
themes/GoTrip/User/Views/frontend/wishList/
themes/GoTrip/Vendor/
themes/GoTrip/Vendor/Views/
themes/GoTrip/Vendor/Views/admin/
themes/GoTrip/Vendor/Views/frontend/
themes/GoTrip/Vendor/Views/frontend/blocks/
themes/GoTrip/Vendor/Views/frontend/blocks/form-register/
themes/GoTrip/Vendor/Views/frontend/blocks/list-vendor/
themes/GoTrip/Vendor/Views/frontend/bookingReport/
themes/GoTrip/Vendor/Views/frontend/enquiry/
themes/GoTrip/Vendor/Views/frontend/payouts/
themes/GoTrip/Visa/
themes/GoTrip/Visa/Pages/
themes/GoTrip/Visa/Pages/Components/
themes/GoTrip/Visa/Views/
themes/GoTrip/Visa/Views/frontend/
themes/GoTrip/Visa/Views/frontend/components/
themes/GoTrip/Visa/Views/frontend/components/filter/
themes/GoTrip/Visa/Views/frontend/components/search-form/
themes/GoTrip/Visa/Views/frontend/layouts/
themes/GoTrip/Visa/Views/frontend/layouts/details/
themes/GoTrip/Visa/Views/frontend/layouts/search/
themes/GoTrip/Visa/Views/frontend/layouts/search/fields/
themes/GoTrip/Visa/Views/frontend/manageVisa/
themes/GoTrip/resources/
themes/GoTrip/resources/Views/
themes/GoTrip/resources/views/
themes/GoTrip/resources/views/auth/
themes/GoTrip/resources/views/auth/passwords/
themes/GoTrip/resources/views/errors/
themes/GoTrip/resources/views/vendor/
themes/GoTrip/resources/views/vendor/pagination/
themes/gotrip/
themes/gotrip/css/
vendor/
vendor/aws/
vendor/aws/aws-crt-php/
vendor/aws/aws-crt-php/src/
vendor/aws/aws-crt-php/src/AWS/
vendor/aws/aws-crt-php/src/AWS/CRT/
vendor/aws/aws-crt-php/src/AWS/CRT/Auth/
vendor/aws/aws-crt-php/src/AWS/CRT/HTTP/
vendor/aws/aws-crt-php/src/AWS/CRT/IO/
vendor/aws/aws-crt-php/src/AWS/CRT/Internal/
vendor/aws/aws-sdk-php/
vendor/aws/aws-sdk-php/src/
vendor/aws/aws-sdk-php/src/ACMPCA/
vendor/aws/aws-sdk-php/src/ACMPCA/Exception/
vendor/aws/aws-sdk-php/src/AIOps/
vendor/aws/aws-sdk-php/src/AIOps/Exception/
vendor/aws/aws-sdk-php/src/ARCRegionSwitch/
vendor/aws/aws-sdk-php/src/ARCRegionSwitch/Exception/
vendor/aws/aws-sdk-php/src/ARCZonalShift/
vendor/aws/aws-sdk-php/src/ARCZonalShift/Exception/
vendor/aws/aws-sdk-php/src/AccessAnalyzer/
vendor/aws/aws-sdk-php/src/AccessAnalyzer/Exception/
vendor/aws/aws-sdk-php/src/Account/
vendor/aws/aws-sdk-php/src/Account/Exception/
vendor/aws/aws-sdk-php/src/Acm/
vendor/aws/aws-sdk-php/src/Acm/Exception/
vendor/aws/aws-sdk-php/src/Amplify/
vendor/aws/aws-sdk-php/src/Amplify/Exception/
vendor/aws/aws-sdk-php/src/AmplifyBackend/
vendor/aws/aws-sdk-php/src/AmplifyBackend/Exception/
vendor/aws/aws-sdk-php/src/AmplifyUIBuilder/
vendor/aws/aws-sdk-php/src/AmplifyUIBuilder/Exception/
vendor/aws/aws-sdk-php/src/Api/
vendor/aws/aws-sdk-php/src/Api/ErrorParser/
vendor/aws/aws-sdk-php/src/Api/Parser/
vendor/aws/aws-sdk-php/src/Api/Parser/Exception/
vendor/aws/aws-sdk-php/src/Api/Serializer/
vendor/aws/aws-sdk-php/src/ApiGateway/
vendor/aws/aws-sdk-php/src/ApiGateway/Exception/
vendor/aws/aws-sdk-php/src/ApiGatewayManagementApi/
vendor/aws/aws-sdk-php/src/ApiGatewayManagementApi/Exception/
vendor/aws/aws-sdk-php/src/ApiGatewayV2/
vendor/aws/aws-sdk-php/src/ApiGatewayV2/Exception/
vendor/aws/aws-sdk-php/src/AppConfig/
vendor/aws/aws-sdk-php/src/AppConfig/Exception/
vendor/aws/aws-sdk-php/src/AppConfigData/
vendor/aws/aws-sdk-php/src/AppConfigData/Exception/
vendor/aws/aws-sdk-php/src/AppFabric/
vendor/aws/aws-sdk-php/src/AppFabric/Exception/
vendor/aws/aws-sdk-php/src/AppIntegrationsService/
vendor/aws/aws-sdk-php/src/AppIntegrationsService/Exception/
vendor/aws/aws-sdk-php/src/AppMesh/
vendor/aws/aws-sdk-php/src/AppMesh/Exception/
vendor/aws/aws-sdk-php/src/AppRegistry/
vendor/aws/aws-sdk-php/src/AppRegistry/Exception/
vendor/aws/aws-sdk-php/src/AppRunner/
vendor/aws/aws-sdk-php/src/AppRunner/Exception/
vendor/aws/aws-sdk-php/src/AppSync/
vendor/aws/aws-sdk-php/src/AppSync/Exception/
vendor/aws/aws-sdk-php/src/AppTest/
vendor/aws/aws-sdk-php/src/AppTest/Exception/
vendor/aws/aws-sdk-php/src/Appflow/
vendor/aws/aws-sdk-php/src/Appflow/Exception/
vendor/aws/aws-sdk-php/src/ApplicationAutoScaling/
vendor/aws/aws-sdk-php/src/ApplicationAutoScaling/Exception/
vendor/aws/aws-sdk-php/src/ApplicationCostProfiler/
vendor/aws/aws-sdk-php/src/ApplicationCostProfiler/Exception/
vendor/aws/aws-sdk-php/src/ApplicationDiscoveryService/
vendor/aws/aws-sdk-php/src/ApplicationDiscoveryService/Exception/
vendor/aws/aws-sdk-php/src/ApplicationInsights/
vendor/aws/aws-sdk-php/src/ApplicationInsights/Exception/
vendor/aws/aws-sdk-php/src/ApplicationSignals/
vendor/aws/aws-sdk-php/src/ApplicationSignals/Exception/
vendor/aws/aws-sdk-php/src/Appstream/
vendor/aws/aws-sdk-php/src/Appstream/Exception/
vendor/aws/aws-sdk-php/src/Arn/
vendor/aws/aws-sdk-php/src/Arn/Exception/
vendor/aws/aws-sdk-php/src/Arn/S3/
vendor/aws/aws-sdk-php/src/Artifact/
vendor/aws/aws-sdk-php/src/Artifact/Exception/
vendor/aws/aws-sdk-php/src/Athena/
vendor/aws/aws-sdk-php/src/Athena/Exception/
vendor/aws/aws-sdk-php/src/AuditManager/
vendor/aws/aws-sdk-php/src/AuditManager/Exception/
vendor/aws/aws-sdk-php/src/AugmentedAIRuntime/
vendor/aws/aws-sdk-php/src/AugmentedAIRuntime/Exception/
vendor/aws/aws-sdk-php/src/Auth/
vendor/aws/aws-sdk-php/src/Auth/Exception/
vendor/aws/aws-sdk-php/src/AutoScaling/
vendor/aws/aws-sdk-php/src/AutoScaling/Exception/
vendor/aws/aws-sdk-php/src/AutoScalingPlans/
vendor/aws/aws-sdk-php/src/AutoScalingPlans/Exception/
vendor/aws/aws-sdk-php/src/B2bi/
vendor/aws/aws-sdk-php/src/B2bi/Exception/
vendor/aws/aws-sdk-php/src/BCMDashboards/
vendor/aws/aws-sdk-php/src/BCMDashboards/Exception/
vendor/aws/aws-sdk-php/src/BCMDataExports/
vendor/aws/aws-sdk-php/src/BCMDataExports/Exception/
vendor/aws/aws-sdk-php/src/BCMPricingCalculator/
vendor/aws/aws-sdk-php/src/BCMPricingCalculator/Exception/
vendor/aws/aws-sdk-php/src/BCMRecommendedActions/
vendor/aws/aws-sdk-php/src/BCMRecommendedActions/Exception/
vendor/aws/aws-sdk-php/src/Backup/
vendor/aws/aws-sdk-php/src/Backup/Exception/
vendor/aws/aws-sdk-php/src/BackupGateway/
vendor/aws/aws-sdk-php/src/BackupGateway/Exception/
vendor/aws/aws-sdk-php/src/BackupSearch/
vendor/aws/aws-sdk-php/src/BackupSearch/Exception/
vendor/aws/aws-sdk-php/src/Batch/
vendor/aws/aws-sdk-php/src/Batch/Exception/
vendor/aws/aws-sdk-php/src/Bedrock/
vendor/aws/aws-sdk-php/src/Bedrock/Exception/
vendor/aws/aws-sdk-php/src/BedrockAgent/
vendor/aws/aws-sdk-php/src/BedrockAgent/Exception/
vendor/aws/aws-sdk-php/src/BedrockAgentCore/
vendor/aws/aws-sdk-php/src/BedrockAgentCore/Exception/
vendor/aws/aws-sdk-php/src/BedrockAgentCoreControl/
vendor/aws/aws-sdk-php/src/BedrockAgentCoreControl/Exception/
vendor/aws/aws-sdk-php/src/BedrockAgentRuntime/
vendor/aws/aws-sdk-php/src/BedrockAgentRuntime/Exception/
vendor/aws/aws-sdk-php/src/BedrockDataAutomation/
vendor/aws/aws-sdk-php/src/BedrockDataAutomation/Exception/
vendor/aws/aws-sdk-php/src/BedrockDataAutomationRuntime/
vendor/aws/aws-sdk-php/src/BedrockDataAutomationRuntime/Exception/
vendor/aws/aws-sdk-php/src/BedrockRuntime/
vendor/aws/aws-sdk-php/src/BedrockRuntime/Exception/
vendor/aws/aws-sdk-php/src/Billing/
vendor/aws/aws-sdk-php/src/Billing/Exception/
vendor/aws/aws-sdk-php/src/BillingConductor/
vendor/aws/aws-sdk-php/src/BillingConductor/Exception/
vendor/aws/aws-sdk-php/src/Braket/
vendor/aws/aws-sdk-php/src/Braket/Exception/
vendor/aws/aws-sdk-php/src/Budgets/
vendor/aws/aws-sdk-php/src/Budgets/Exception/
vendor/aws/aws-sdk-php/src/Chatbot/
vendor/aws/aws-sdk-php/src/Chatbot/Exception/
vendor/aws/aws-sdk-php/src/Chime/
vendor/aws/aws-sdk-php/src/Chime/Exception/
vendor/aws/aws-sdk-php/src/ChimeSDKIdentity/
vendor/aws/aws-sdk-php/src/ChimeSDKIdentity/Exception/
vendor/aws/aws-sdk-php/src/ChimeSDKMediaPipelines/
vendor/aws/aws-sdk-php/src/ChimeSDKMediaPipelines/Exception/
vendor/aws/aws-sdk-php/src/ChimeSDKMeetings/
vendor/aws/aws-sdk-php/src/ChimeSDKMeetings/Exception/
vendor/aws/aws-sdk-php/src/ChimeSDKMessaging/
vendor/aws/aws-sdk-php/src/ChimeSDKMessaging/Exception/
vendor/aws/aws-sdk-php/src/ChimeSDKVoice/
vendor/aws/aws-sdk-php/src/ChimeSDKVoice/Exception/
vendor/aws/aws-sdk-php/src/CleanRooms/
vendor/aws/aws-sdk-php/src/CleanRooms/Exception/
vendor/aws/aws-sdk-php/src/CleanRoomsML/
vendor/aws/aws-sdk-php/src/CleanRoomsML/Exception/
vendor/aws/aws-sdk-php/src/ClientSideMonitoring/
vendor/aws/aws-sdk-php/src/ClientSideMonitoring/Exception/
vendor/aws/aws-sdk-php/src/Cloud9/
vendor/aws/aws-sdk-php/src/Cloud9/Exception/
vendor/aws/aws-sdk-php/src/CloudControlApi/
vendor/aws/aws-sdk-php/src/CloudControlApi/Exception/
vendor/aws/aws-sdk-php/src/CloudDirectory/
vendor/aws/aws-sdk-php/src/CloudDirectory/Exception/
vendor/aws/aws-sdk-php/src/CloudFormation/
vendor/aws/aws-sdk-php/src/CloudFormation/Exception/
vendor/aws/aws-sdk-php/src/CloudFront/
vendor/aws/aws-sdk-php/src/CloudFront/Exception/
vendor/aws/aws-sdk-php/src/CloudFrontKeyValueStore/
vendor/aws/aws-sdk-php/src/CloudFrontKeyValueStore/Exception/
vendor/aws/aws-sdk-php/src/CloudHSMV2/
vendor/aws/aws-sdk-php/src/CloudHSMV2/Exception/
vendor/aws/aws-sdk-php/src/CloudHsm/
vendor/aws/aws-sdk-php/src/CloudHsm/Exception/
vendor/aws/aws-sdk-php/src/CloudSearch/
vendor/aws/aws-sdk-php/src/CloudSearch/Exception/
vendor/aws/aws-sdk-php/src/CloudSearchDomain/
vendor/aws/aws-sdk-php/src/CloudSearchDomain/Exception/
vendor/aws/aws-sdk-php/src/CloudTrail/
vendor/aws/aws-sdk-php/src/CloudTrail/Exception/
vendor/aws/aws-sdk-php/src/CloudTrailData/
vendor/aws/aws-sdk-php/src/CloudTrailData/Exception/
vendor/aws/aws-sdk-php/src/CloudWatch/
vendor/aws/aws-sdk-php/src/CloudWatch/Exception/
vendor/aws/aws-sdk-php/src/CloudWatchEvents/
vendor/aws/aws-sdk-php/src/CloudWatchEvents/Exception/
vendor/aws/aws-sdk-php/src/CloudWatchEvidently/
vendor/aws/aws-sdk-php/src/CloudWatchEvidently/Exception/
vendor/aws/aws-sdk-php/src/CloudWatchLogs/
vendor/aws/aws-sdk-php/src/CloudWatchLogs/Exception/
vendor/aws/aws-sdk-php/src/CloudWatchRUM/
vendor/aws/aws-sdk-php/src/CloudWatchRUM/Exception/
vendor/aws/aws-sdk-php/src/CodeArtifact/
vendor/aws/aws-sdk-php/src/CodeArtifact/Exception/
vendor/aws/aws-sdk-php/src/CodeBuild/
vendor/aws/aws-sdk-php/src/CodeBuild/Exception/
vendor/aws/aws-sdk-php/src/CodeCatalyst/
vendor/aws/aws-sdk-php/src/CodeCatalyst/Exception/
vendor/aws/aws-sdk-php/src/CodeCommit/
vendor/aws/aws-sdk-php/src/CodeCommit/Exception/
vendor/aws/aws-sdk-php/src/CodeConnections/
vendor/aws/aws-sdk-php/src/CodeConnections/Exception/
vendor/aws/aws-sdk-php/src/CodeDeploy/
vendor/aws/aws-sdk-php/src/CodeDeploy/Exception/
vendor/aws/aws-sdk-php/src/CodeGuruProfiler/
vendor/aws/aws-sdk-php/src/CodeGuruProfiler/Exception/
vendor/aws/aws-sdk-php/src/CodeGuruReviewer/
vendor/aws/aws-sdk-php/src/CodeGuruReviewer/Exception/
vendor/aws/aws-sdk-php/src/CodeGuruSecurity/
vendor/aws/aws-sdk-php/src/CodeGuruSecurity/Exception/
vendor/aws/aws-sdk-php/src/CodePipeline/
vendor/aws/aws-sdk-php/src/CodePipeline/Exception/
vendor/aws/aws-sdk-php/src/CodeStarNotifications/
vendor/aws/aws-sdk-php/src/CodeStarNotifications/Exception/
vendor/aws/aws-sdk-php/src/CodeStarconnections/
vendor/aws/aws-sdk-php/src/CodeStarconnections/Exception/
vendor/aws/aws-sdk-php/src/CognitoIdentity/
vendor/aws/aws-sdk-php/src/CognitoIdentity/Exception/
vendor/aws/aws-sdk-php/src/CognitoIdentityProvider/
vendor/aws/aws-sdk-php/src/CognitoIdentityProvider/Exception/
vendor/aws/aws-sdk-php/src/CognitoSync/
vendor/aws/aws-sdk-php/src/CognitoSync/Exception/
vendor/aws/aws-sdk-php/src/Comprehend/
vendor/aws/aws-sdk-php/src/Comprehend/Exception/
vendor/aws/aws-sdk-php/src/ComprehendMedical/
vendor/aws/aws-sdk-php/src/ComprehendMedical/Exception/
vendor/aws/aws-sdk-php/src/ComputeOptimizer/
vendor/aws/aws-sdk-php/src/ComputeOptimizer/Exception/
vendor/aws/aws-sdk-php/src/ConfigService/
vendor/aws/aws-sdk-php/src/ConfigService/Exception/
vendor/aws/aws-sdk-php/src/Configuration/
vendor/aws/aws-sdk-php/src/Connect/
vendor/aws/aws-sdk-php/src/Connect/Exception/
vendor/aws/aws-sdk-php/src/ConnectCampaignService/
vendor/aws/aws-sdk-php/src/ConnectCampaignService/Exception/
vendor/aws/aws-sdk-php/src/ConnectCampaignsV2/
vendor/aws/aws-sdk-php/src/ConnectCampaignsV2/Exception/
vendor/aws/aws-sdk-php/src/ConnectCases/
vendor/aws/aws-sdk-php/src/ConnectCases/Exception/
vendor/aws/aws-sdk-php/src/ConnectContactLens/
vendor/aws/aws-sdk-php/src/ConnectContactLens/Exception/
vendor/aws/aws-sdk-php/src/ConnectParticipant/
vendor/aws/aws-sdk-php/src/ConnectParticipant/Exception/
vendor/aws/aws-sdk-php/src/ConnectWisdomService/
vendor/aws/aws-sdk-php/src/ConnectWisdomService/Exception/
vendor/aws/aws-sdk-php/src/ControlCatalog/
vendor/aws/aws-sdk-php/src/ControlCatalog/Exception/
vendor/aws/aws-sdk-php/src/ControlTower/
vendor/aws/aws-sdk-php/src/ControlTower/Exception/
vendor/aws/aws-sdk-php/src/CostExplorer/
vendor/aws/aws-sdk-php/src/CostExplorer/Exception/
vendor/aws/aws-sdk-php/src/CostOptimizationHub/
vendor/aws/aws-sdk-php/src/CostOptimizationHub/Exception/
vendor/aws/aws-sdk-php/src/CostandUsageReportService/
vendor/aws/aws-sdk-php/src/CostandUsageReportService/Exception/
vendor/aws/aws-sdk-php/src/Credentials/
vendor/aws/aws-sdk-php/src/Crypto/
vendor/aws/aws-sdk-php/src/Crypto/Cipher/
vendor/aws/aws-sdk-php/src/CustomerProfiles/
vendor/aws/aws-sdk-php/src/CustomerProfiles/Exception/
vendor/aws/aws-sdk-php/src/DAX/
vendor/aws/aws-sdk-php/src/DAX/Exception/
vendor/aws/aws-sdk-php/src/DLM/
vendor/aws/aws-sdk-php/src/DLM/Exception/
vendor/aws/aws-sdk-php/src/DSQL/
vendor/aws/aws-sdk-php/src/DSQL/Exception/
vendor/aws/aws-sdk-php/src/DataExchange/
vendor/aws/aws-sdk-php/src/DataExchange/Exception/
vendor/aws/aws-sdk-php/src/DataPipeline/
vendor/aws/aws-sdk-php/src/DataPipeline/Exception/
vendor/aws/aws-sdk-php/src/DataSync/
vendor/aws/aws-sdk-php/src/DataSync/Exception/
vendor/aws/aws-sdk-php/src/DataZone/
vendor/aws/aws-sdk-php/src/DataZone/Exception/
vendor/aws/aws-sdk-php/src/DatabaseMigrationService/
vendor/aws/aws-sdk-php/src/DatabaseMigrationService/Exception/
vendor/aws/aws-sdk-php/src/Deadline/
vendor/aws/aws-sdk-php/src/Deadline/Exception/
vendor/aws/aws-sdk-php/src/DefaultsMode/
vendor/aws/aws-sdk-php/src/DefaultsMode/Exception/
vendor/aws/aws-sdk-php/src/Detective/
vendor/aws/aws-sdk-php/src/Detective/Exception/
vendor/aws/aws-sdk-php/src/DevOpsGuru/
vendor/aws/aws-sdk-php/src/DevOpsGuru/Exception/
vendor/aws/aws-sdk-php/src/DeviceFarm/
vendor/aws/aws-sdk-php/src/DeviceFarm/Exception/
vendor/aws/aws-sdk-php/src/DirectConnect/
vendor/aws/aws-sdk-php/src/DirectConnect/Exception/
vendor/aws/aws-sdk-php/src/DirectoryService/
vendor/aws/aws-sdk-php/src/DirectoryService/Exception/
vendor/aws/aws-sdk-php/src/DirectoryServiceData/
vendor/aws/aws-sdk-php/src/DirectoryServiceData/Exception/
vendor/aws/aws-sdk-php/src/DocDB/
vendor/aws/aws-sdk-php/src/DocDB/Exception/
vendor/aws/aws-sdk-php/src/DocDBElastic/
vendor/aws/aws-sdk-php/src/DocDBElastic/Exception/
vendor/aws/aws-sdk-php/src/DynamoDb/
vendor/aws/aws-sdk-php/src/DynamoDb/Exception/
vendor/aws/aws-sdk-php/src/DynamoDbStreams/
vendor/aws/aws-sdk-php/src/DynamoDbStreams/Exception/
vendor/aws/aws-sdk-php/src/EBS/
vendor/aws/aws-sdk-php/src/EBS/Exception/
vendor/aws/aws-sdk-php/src/EC2InstanceConnect/
vendor/aws/aws-sdk-php/src/EC2InstanceConnect/Exception/
vendor/aws/aws-sdk-php/src/ECRPublic/
vendor/aws/aws-sdk-php/src/ECRPublic/Exception/
vendor/aws/aws-sdk-php/src/EKS/
vendor/aws/aws-sdk-php/src/EKS/Exception/
vendor/aws/aws-sdk-php/src/EKSAuth/
vendor/aws/aws-sdk-php/src/EKSAuth/Exception/
vendor/aws/aws-sdk-php/src/EMRContainers/
vendor/aws/aws-sdk-php/src/EMRContainers/Exception/
vendor/aws/aws-sdk-php/src/EMRServerless/
vendor/aws/aws-sdk-php/src/EMRServerless/Exception/
vendor/aws/aws-sdk-php/src/Ec2/
vendor/aws/aws-sdk-php/src/Ec2/Exception/
vendor/aws/aws-sdk-php/src/Ecr/
vendor/aws/aws-sdk-php/src/Ecr/Exception/
vendor/aws/aws-sdk-php/src/Ecs/
vendor/aws/aws-sdk-php/src/Ecs/Exception/
vendor/aws/aws-sdk-php/src/Efs/
vendor/aws/aws-sdk-php/src/Efs/Exception/
vendor/aws/aws-sdk-php/src/ElastiCache/
vendor/aws/aws-sdk-php/src/ElastiCache/Exception/
vendor/aws/aws-sdk-php/src/ElasticBeanstalk/
vendor/aws/aws-sdk-php/src/ElasticBeanstalk/Exception/
vendor/aws/aws-sdk-php/src/ElasticLoadBalancing/
vendor/aws/aws-sdk-php/src/ElasticLoadBalancing/Exception/
vendor/aws/aws-sdk-php/src/ElasticLoadBalancingV2/
vendor/aws/aws-sdk-php/src/ElasticLoadBalancingV2/Exception/
vendor/aws/aws-sdk-php/src/ElasticTranscoder/
vendor/aws/aws-sdk-php/src/ElasticTranscoder/Exception/
vendor/aws/aws-sdk-php/src/ElasticsearchService/
vendor/aws/aws-sdk-php/src/ElasticsearchService/Exception/
vendor/aws/aws-sdk-php/src/Emr/
vendor/aws/aws-sdk-php/src/Emr/Exception/
vendor/aws/aws-sdk-php/src/Endpoint/
vendor/aws/aws-sdk-php/src/Endpoint/UseDualstackEndpoint/
vendor/aws/aws-sdk-php/src/Endpoint/UseDualstackEndpoint/Exception/
vendor/aws/aws-sdk-php/src/Endpoint/UseFipsEndpoint/
vendor/aws/aws-sdk-php/src/Endpoint/UseFipsEndpoint/Exception/
vendor/aws/aws-sdk-php/src/EndpointDiscovery/
vendor/aws/aws-sdk-php/src/EndpointDiscovery/Exception/
vendor/aws/aws-sdk-php/src/EndpointV2/
vendor/aws/aws-sdk-php/src/EndpointV2/Rule/
vendor/aws/aws-sdk-php/src/EndpointV2/Ruleset/
vendor/aws/aws-sdk-php/src/EntityResolution/
vendor/aws/aws-sdk-php/src/EntityResolution/Exception/
vendor/aws/aws-sdk-php/src/EventBridge/
vendor/aws/aws-sdk-php/src/EventBridge/Exception/
vendor/aws/aws-sdk-php/src/Evs/
vendor/aws/aws-sdk-php/src/Evs/Exception/
vendor/aws/aws-sdk-php/src/Exception/
vendor/aws/aws-sdk-php/src/FIS/
vendor/aws/aws-sdk-php/src/FIS/Exception/
vendor/aws/aws-sdk-php/src/FMS/
vendor/aws/aws-sdk-php/src/FMS/Exception/
vendor/aws/aws-sdk-php/src/FSx/
vendor/aws/aws-sdk-php/src/FSx/Exception/
vendor/aws/aws-sdk-php/src/FinSpaceData/
vendor/aws/aws-sdk-php/src/FinSpaceData/Exception/
vendor/aws/aws-sdk-php/src/Firehose/
vendor/aws/aws-sdk-php/src/Firehose/Exception/
vendor/aws/aws-sdk-php/src/ForecastQueryService/
vendor/aws/aws-sdk-php/src/ForecastQueryService/Exception/
vendor/aws/aws-sdk-php/src/ForecastService/
vendor/aws/aws-sdk-php/src/ForecastService/Exception/
vendor/aws/aws-sdk-php/src/FraudDetector/
vendor/aws/aws-sdk-php/src/FraudDetector/Exception/
vendor/aws/aws-sdk-php/src/FreeTier/
vendor/aws/aws-sdk-php/src/FreeTier/Exception/
vendor/aws/aws-sdk-php/src/GameLift/
vendor/aws/aws-sdk-php/src/GameLift/Exception/
vendor/aws/aws-sdk-php/src/GameLiftStreams/
vendor/aws/aws-sdk-php/src/GameLiftStreams/Exception/
vendor/aws/aws-sdk-php/src/GeoMaps/
vendor/aws/aws-sdk-php/src/GeoMaps/Exception/
vendor/aws/aws-sdk-php/src/GeoPlaces/
vendor/aws/aws-sdk-php/src/GeoPlaces/Exception/
vendor/aws/aws-sdk-php/src/GeoRoutes/
vendor/aws/aws-sdk-php/src/GeoRoutes/Exception/
vendor/aws/aws-sdk-php/src/Glacier/
vendor/aws/aws-sdk-php/src/Glacier/Exception/
vendor/aws/aws-sdk-php/src/GlobalAccelerator/
vendor/aws/aws-sdk-php/src/GlobalAccelerator/Exception/
vendor/aws/aws-sdk-php/src/Glue/
vendor/aws/aws-sdk-php/src/Glue/Exception/
vendor/aws/aws-sdk-php/src/GlueDataBrew/
vendor/aws/aws-sdk-php/src/GlueDataBrew/Exception/
vendor/aws/aws-sdk-php/src/Greengrass/
vendor/aws/aws-sdk-php/src/Greengrass/Exception/
vendor/aws/aws-sdk-php/src/GreengrassV2/
vendor/aws/aws-sdk-php/src/GreengrassV2/Exception/
vendor/aws/aws-sdk-php/src/GroundStation/
vendor/aws/aws-sdk-php/src/GroundStation/Exception/
vendor/aws/aws-sdk-php/src/GuardDuty/
vendor/aws/aws-sdk-php/src/GuardDuty/Exception/
vendor/aws/aws-sdk-php/src/Handler/
vendor/aws/aws-sdk-php/src/Handler/Guzzle/
vendor/aws/aws-sdk-php/src/Handler/GuzzleV6/
vendor/aws/aws-sdk-php/src/Health/
vendor/aws/aws-sdk-php/src/Health/Exception/
vendor/aws/aws-sdk-php/src/HealthLake/
vendor/aws/aws-sdk-php/src/HealthLake/Exception/
vendor/aws/aws-sdk-php/src/IVS/
vendor/aws/aws-sdk-php/src/IVS/Exception/
vendor/aws/aws-sdk-php/src/IVSRealTime/
vendor/aws/aws-sdk-php/src/IVSRealTime/Exception/
vendor/aws/aws-sdk-php/src/Iam/
vendor/aws/aws-sdk-php/src/Iam/Exception/
vendor/aws/aws-sdk-php/src/Identity/
vendor/aws/aws-sdk-php/src/Identity/S3/
vendor/aws/aws-sdk-php/src/IdentityStore/
vendor/aws/aws-sdk-php/src/IdentityStore/Exception/
vendor/aws/aws-sdk-php/src/ImportExport/
vendor/aws/aws-sdk-php/src/ImportExport/Exception/
vendor/aws/aws-sdk-php/src/Inspector/
vendor/aws/aws-sdk-php/src/Inspector/Exception/
vendor/aws/aws-sdk-php/src/Inspector2/
vendor/aws/aws-sdk-php/src/Inspector2/Exception/
vendor/aws/aws-sdk-php/src/InspectorScan/
vendor/aws/aws-sdk-php/src/InspectorScan/Exception/
vendor/aws/aws-sdk-php/src/InternetMonitor/
vendor/aws/aws-sdk-php/src/InternetMonitor/Exception/
vendor/aws/aws-sdk-php/src/Invoicing/
vendor/aws/aws-sdk-php/src/Invoicing/Exception/
vendor/aws/aws-sdk-php/src/IoTAnalytics/
vendor/aws/aws-sdk-php/src/IoTAnalytics/Exception/
vendor/aws/aws-sdk-php/src/IoTDeviceAdvisor/
vendor/aws/aws-sdk-php/src/IoTDeviceAdvisor/Exception/
vendor/aws/aws-sdk-php/src/IoTEvents/
vendor/aws/aws-sdk-php/src/IoTEvents/Exception/
vendor/aws/aws-sdk-php/src/IoTEventsData/
vendor/aws/aws-sdk-php/src/IoTEventsData/Exception/
vendor/aws/aws-sdk-php/src/IoTFleetHub/
vendor/aws/aws-sdk-php/src/IoTFleetHub/Exception/
vendor/aws/aws-sdk-php/src/IoTFleetWise/
vendor/aws/aws-sdk-php/src/IoTFleetWise/Exception/
vendor/aws/aws-sdk-php/src/IoTJobsDataPlane/
vendor/aws/aws-sdk-php/src/IoTJobsDataPlane/Exception/
vendor/aws/aws-sdk-php/src/IoTManagedIntegrations/
vendor/aws/aws-sdk-php/src/IoTManagedIntegrations/Exception/
vendor/aws/aws-sdk-php/src/IoTSecureTunneling/
vendor/aws/aws-sdk-php/src/IoTSecureTunneling/Exception/
vendor/aws/aws-sdk-php/src/IoTSiteWise/
vendor/aws/aws-sdk-php/src/IoTSiteWise/Exception/
vendor/aws/aws-sdk-php/src/IoTThingsGraph/
vendor/aws/aws-sdk-php/src/IoTThingsGraph/Exception/
vendor/aws/aws-sdk-php/src/IoTTwinMaker/
vendor/aws/aws-sdk-php/src/IoTTwinMaker/Exception/
vendor/aws/aws-sdk-php/src/IoTWireless/
vendor/aws/aws-sdk-php/src/IoTWireless/Exception/
vendor/aws/aws-sdk-php/src/Iot/
vendor/aws/aws-sdk-php/src/Iot/Exception/
vendor/aws/aws-sdk-php/src/IotDataPlane/
vendor/aws/aws-sdk-php/src/IotDataPlane/Exception/
vendor/aws/aws-sdk-php/src/Kafka/
vendor/aws/aws-sdk-php/src/Kafka/Exception/
vendor/aws/aws-sdk-php/src/KafkaConnect/
vendor/aws/aws-sdk-php/src/KafkaConnect/Exception/
vendor/aws/aws-sdk-php/src/KendraRanking/
vendor/aws/aws-sdk-php/src/KendraRanking/Exception/
vendor/aws/aws-sdk-php/src/Keyspaces/
vendor/aws/aws-sdk-php/src/Keyspaces/Exception/
vendor/aws/aws-sdk-php/src/KeyspacesStreams/
vendor/aws/aws-sdk-php/src/KeyspacesStreams/Exception/
vendor/aws/aws-sdk-php/src/Kinesis/
vendor/aws/aws-sdk-php/src/Kinesis/Exception/
vendor/aws/aws-sdk-php/src/KinesisAnalytics/
vendor/aws/aws-sdk-php/src/KinesisAnalytics/Exception/
vendor/aws/aws-sdk-php/src/KinesisAnalyticsV2/
vendor/aws/aws-sdk-php/src/KinesisAnalyticsV2/Exception/
vendor/aws/aws-sdk-php/src/KinesisVideo/
vendor/aws/aws-sdk-php/src/KinesisVideo/Exception/
vendor/aws/aws-sdk-php/src/KinesisVideoArchivedMedia/
vendor/aws/aws-sdk-php/src/KinesisVideoArchivedMedia/Exception/
vendor/aws/aws-sdk-php/src/KinesisVideoMedia/
vendor/aws/aws-sdk-php/src/KinesisVideoMedia/Exception/
vendor/aws/aws-sdk-php/src/KinesisVideoSignalingChannels/
vendor/aws/aws-sdk-php/src/KinesisVideoSignalingChannels/Exception/
vendor/aws/aws-sdk-php/src/KinesisVideoWebRTCStorage/
vendor/aws/aws-sdk-php/src/KinesisVideoWebRTCStorage/Exception/
vendor/aws/aws-sdk-php/src/Kms/
vendor/aws/aws-sdk-php/src/Kms/Exception/
vendor/aws/aws-sdk-php/src/LakeFormation/
vendor/aws/aws-sdk-php/src/LakeFormation/Exception/
vendor/aws/aws-sdk-php/src/Lambda/
vendor/aws/aws-sdk-php/src/Lambda/Exception/
vendor/aws/aws-sdk-php/src/LaunchWizard/
vendor/aws/aws-sdk-php/src/LaunchWizard/Exception/
vendor/aws/aws-sdk-php/src/LexModelBuildingService/
vendor/aws/aws-sdk-php/src/LexModelBuildingService/Exception/
vendor/aws/aws-sdk-php/src/LexModelsV2/
vendor/aws/aws-sdk-php/src/LexModelsV2/Exception/
vendor/aws/aws-sdk-php/src/LexRuntimeService/
vendor/aws/aws-sdk-php/src/LexRuntimeService/Exception/
vendor/aws/aws-sdk-php/src/LexRuntimeV2/
vendor/aws/aws-sdk-php/src/LexRuntimeV2/Exception/
vendor/aws/aws-sdk-php/src/LicenseManager/
vendor/aws/aws-sdk-php/src/LicenseManager/Exception/
vendor/aws/aws-sdk-php/src/LicenseManagerLinuxSubscriptions/
vendor/aws/aws-sdk-php/src/LicenseManagerLinuxSubscriptions/Exception/
vendor/aws/aws-sdk-php/src/LicenseManagerUserSubscriptions/
vendor/aws/aws-sdk-php/src/LicenseManagerUserSubscriptions/Exception/
vendor/aws/aws-sdk-php/src/Lightsail/
vendor/aws/aws-sdk-php/src/Lightsail/Exception/
vendor/aws/aws-sdk-php/src/LocationService/
vendor/aws/aws-sdk-php/src/LocationService/Exception/
vendor/aws/aws-sdk-php/src/LookoutEquipment/
vendor/aws/aws-sdk-php/src/LookoutEquipment/Exception/
vendor/aws/aws-sdk-php/src/LookoutMetrics/
vendor/aws/aws-sdk-php/src/LookoutMetrics/Exception/
vendor/aws/aws-sdk-php/src/LookoutforVision/
vendor/aws/aws-sdk-php/src/LookoutforVision/Exception/
vendor/aws/aws-sdk-php/src/MPA/
vendor/aws/aws-sdk-php/src/MPA/Exception/
vendor/aws/aws-sdk-php/src/MQ/
vendor/aws/aws-sdk-php/src/MQ/Exception/
vendor/aws/aws-sdk-php/src/MTurk/
vendor/aws/aws-sdk-php/src/MTurk/Exception/
vendor/aws/aws-sdk-php/src/MWAA/
vendor/aws/aws-sdk-php/src/MWAA/Exception/
vendor/aws/aws-sdk-php/src/MachineLearning/
vendor/aws/aws-sdk-php/src/MachineLearning/Exception/
vendor/aws/aws-sdk-php/src/Macie2/
vendor/aws/aws-sdk-php/src/Macie2/Exception/
vendor/aws/aws-sdk-php/src/MailManager/
vendor/aws/aws-sdk-php/src/MailManager/Exception/
vendor/aws/aws-sdk-php/src/MainframeModernization/
vendor/aws/aws-sdk-php/src/MainframeModernization/Exception/
vendor/aws/aws-sdk-php/src/ManagedBlockchain/
vendor/aws/aws-sdk-php/src/ManagedBlockchain/Exception/
vendor/aws/aws-sdk-php/src/ManagedBlockchainQuery/
vendor/aws/aws-sdk-php/src/ManagedBlockchainQuery/Exception/
vendor/aws/aws-sdk-php/src/ManagedGrafana/
vendor/aws/aws-sdk-php/src/ManagedGrafana/Exception/
vendor/aws/aws-sdk-php/src/MarketplaceAgreement/
vendor/aws/aws-sdk-php/src/MarketplaceAgreement/Exception/
vendor/aws/aws-sdk-php/src/MarketplaceCatalog/
vendor/aws/aws-sdk-php/src/MarketplaceCatalog/Exception/
vendor/aws/aws-sdk-php/src/MarketplaceCommerceAnalytics/
vendor/aws/aws-sdk-php/src/MarketplaceCommerceAnalytics/Exception/
vendor/aws/aws-sdk-php/src/MarketplaceDeployment/
vendor/aws/aws-sdk-php/src/MarketplaceDeployment/Exception/
vendor/aws/aws-sdk-php/src/MarketplaceEntitlementService/
vendor/aws/aws-sdk-php/src/MarketplaceEntitlementService/Exception/
vendor/aws/aws-sdk-php/src/MarketplaceMetering/
vendor/aws/aws-sdk-php/src/MarketplaceMetering/Exception/
vendor/aws/aws-sdk-php/src/MarketplaceReporting/
vendor/aws/aws-sdk-php/src/MarketplaceReporting/Exception/
vendor/aws/aws-sdk-php/src/MediaConnect/
vendor/aws/aws-sdk-php/src/MediaConnect/Exception/
vendor/aws/aws-sdk-php/src/MediaConvert/
vendor/aws/aws-sdk-php/src/MediaConvert/Exception/
vendor/aws/aws-sdk-php/src/MediaLive/
vendor/aws/aws-sdk-php/src/MediaLive/Exception/
vendor/aws/aws-sdk-php/src/MediaPackage/
vendor/aws/aws-sdk-php/src/MediaPackage/Exception/
vendor/aws/aws-sdk-php/src/MediaPackageV2/
vendor/aws/aws-sdk-php/src/MediaPackageV2/Exception/
vendor/aws/aws-sdk-php/src/MediaPackageVod/
vendor/aws/aws-sdk-php/src/MediaPackageVod/Exception/
vendor/aws/aws-sdk-php/src/MediaStore/
vendor/aws/aws-sdk-php/src/MediaStore/Exception/
vendor/aws/aws-sdk-php/src/MediaStoreData/
vendor/aws/aws-sdk-php/src/MediaStoreData/Exception/
vendor/aws/aws-sdk-php/src/MediaTailor/
vendor/aws/aws-sdk-php/src/MediaTailor/Exception/
vendor/aws/aws-sdk-php/src/MedicalImaging/
vendor/aws/aws-sdk-php/src/MedicalImaging/Exception/
vendor/aws/aws-sdk-php/src/MemoryDB/
vendor/aws/aws-sdk-php/src/MemoryDB/Exception/
vendor/aws/aws-sdk-php/src/MigrationHub/
vendor/aws/aws-sdk-php/src/MigrationHub/Exception/
vendor/aws/aws-sdk-php/src/MigrationHubConfig/
vendor/aws/aws-sdk-php/src/MigrationHubConfig/Exception/
vendor/aws/aws-sdk-php/src/MigrationHubOrchestrator/
vendor/aws/aws-sdk-php/src/MigrationHubOrchestrator/Exception/
vendor/aws/aws-sdk-php/src/MigrationHubRefactorSpaces/
vendor/aws/aws-sdk-php/src/MigrationHubRefactorSpaces/Exception/
vendor/aws/aws-sdk-php/src/MigrationHubStrategyRecommendations/
vendor/aws/aws-sdk-php/src/MigrationHubStrategyRecommendations/Exception/
vendor/aws/aws-sdk-php/src/Multipart/
vendor/aws/aws-sdk-php/src/Neptune/
vendor/aws/aws-sdk-php/src/Neptune/Exception/
vendor/aws/aws-sdk-php/src/NeptuneGraph/
vendor/aws/aws-sdk-php/src/NeptuneGraph/Exception/
vendor/aws/aws-sdk-php/src/Neptunedata/
vendor/aws/aws-sdk-php/src/Neptunedata/Exception/
vendor/aws/aws-sdk-php/src/NetworkFirewall/
vendor/aws/aws-sdk-php/src/NetworkFirewall/Exception/
vendor/aws/aws-sdk-php/src/NetworkFlowMonitor/
vendor/aws/aws-sdk-php/src/NetworkFlowMonitor/Exception/
vendor/aws/aws-sdk-php/src/NetworkManager/
vendor/aws/aws-sdk-php/src/NetworkManager/Exception/
vendor/aws/aws-sdk-php/src/NetworkMonitor/
vendor/aws/aws-sdk-php/src/NetworkMonitor/Exception/
vendor/aws/aws-sdk-php/src/Notifications/
vendor/aws/aws-sdk-php/src/Notifications/Exception/
vendor/aws/aws-sdk-php/src/NotificationsContacts/
vendor/aws/aws-sdk-php/src/NotificationsContacts/Exception/
vendor/aws/aws-sdk-php/src/OAM/
vendor/aws/aws-sdk-php/src/OAM/Exception/
vendor/aws/aws-sdk-php/src/OSIS/
vendor/aws/aws-sdk-php/src/OSIS/Exception/
vendor/aws/aws-sdk-php/src/ObservabilityAdmin/
vendor/aws/aws-sdk-php/src/ObservabilityAdmin/Exception/
vendor/aws/aws-sdk-php/src/Odb/
vendor/aws/aws-sdk-php/src/Odb/Exception/
vendor/aws/aws-sdk-php/src/Omics/
vendor/aws/aws-sdk-php/src/Omics/Exception/
vendor/aws/aws-sdk-php/src/OpenSearchServerless/
vendor/aws/aws-sdk-php/src/OpenSearchServerless/Exception/
vendor/aws/aws-sdk-php/src/OpenSearchService/
vendor/aws/aws-sdk-php/src/OpenSearchService/Exception/
vendor/aws/aws-sdk-php/src/OpsWorks/
vendor/aws/aws-sdk-php/src/OpsWorks/Exception/
vendor/aws/aws-sdk-php/src/OpsWorksCM/
vendor/aws/aws-sdk-php/src/OpsWorksCM/Exception/
vendor/aws/aws-sdk-php/src/Organizations/
vendor/aws/aws-sdk-php/src/Organizations/Exception/
vendor/aws/aws-sdk-php/src/Outposts/
vendor/aws/aws-sdk-php/src/Outposts/Exception/
vendor/aws/aws-sdk-php/src/PCS/
vendor/aws/aws-sdk-php/src/PCS/Exception/
vendor/aws/aws-sdk-php/src/PI/
vendor/aws/aws-sdk-php/src/PI/Exception/
vendor/aws/aws-sdk-php/src/Panorama/
vendor/aws/aws-sdk-php/src/Panorama/Exception/
vendor/aws/aws-sdk-php/src/PartnerCentralSelling/
vendor/aws/aws-sdk-php/src/PartnerCentralSelling/Exception/
vendor/aws/aws-sdk-php/src/PaymentCryptography/
vendor/aws/aws-sdk-php/src/PaymentCryptography/Exception/
vendor/aws/aws-sdk-php/src/PaymentCryptographyData/
vendor/aws/aws-sdk-php/src/PaymentCryptographyData/Exception/
vendor/aws/aws-sdk-php/src/PcaConnectorAd/
vendor/aws/aws-sdk-php/src/PcaConnectorAd/Exception/
vendor/aws/aws-sdk-php/src/PcaConnectorScep/
vendor/aws/aws-sdk-php/src/PcaConnectorScep/Exception/
vendor/aws/aws-sdk-php/src/Personalize/
vendor/aws/aws-sdk-php/src/Personalize/Exception/
vendor/aws/aws-sdk-php/src/PersonalizeEvents/
vendor/aws/aws-sdk-php/src/PersonalizeEvents/Exception/
vendor/aws/aws-sdk-php/src/PersonalizeRuntime/
vendor/aws/aws-sdk-php/src/PersonalizeRuntime/Exception/
vendor/aws/aws-sdk-php/src/Pinpoint/
vendor/aws/aws-sdk-php/src/Pinpoint/Exception/
vendor/aws/aws-sdk-php/src/PinpointEmail/
vendor/aws/aws-sdk-php/src/PinpointEmail/Exception/
vendor/aws/aws-sdk-php/src/PinpointSMSVoice/
vendor/aws/aws-sdk-php/src/PinpointSMSVoice/Exception/
vendor/aws/aws-sdk-php/src/PinpointSMSVoiceV2/
vendor/aws/aws-sdk-php/src/PinpointSMSVoiceV2/Exception/
vendor/aws/aws-sdk-php/src/Pipes/
vendor/aws/aws-sdk-php/src/Pipes/Exception/
vendor/aws/aws-sdk-php/src/Polly/
vendor/aws/aws-sdk-php/src/Polly/Exception/
vendor/aws/aws-sdk-php/src/Pricing/
vendor/aws/aws-sdk-php/src/Pricing/Exception/
vendor/aws/aws-sdk-php/src/PrometheusService/
vendor/aws/aws-sdk-php/src/PrometheusService/Exception/
vendor/aws/aws-sdk-php/src/Proton/
vendor/aws/aws-sdk-php/src/Proton/Exception/
vendor/aws/aws-sdk-php/src/QApps/
vendor/aws/aws-sdk-php/src/QApps/Exception/
vendor/aws/aws-sdk-php/src/QBusiness/
vendor/aws/aws-sdk-php/src/QBusiness/Exception/
vendor/aws/aws-sdk-php/src/QConnect/
vendor/aws/aws-sdk-php/src/QConnect/Exception/
vendor/aws/aws-sdk-php/src/QLDB/
vendor/aws/aws-sdk-php/src/QLDB/Exception/
vendor/aws/aws-sdk-php/src/QLDBSession/
vendor/aws/aws-sdk-php/src/QLDBSession/Exception/
vendor/aws/aws-sdk-php/src/QuickSight/
vendor/aws/aws-sdk-php/src/QuickSight/Exception/
vendor/aws/aws-sdk-php/src/RAM/
vendor/aws/aws-sdk-php/src/RAM/Exception/
vendor/aws/aws-sdk-php/src/RDSDataService/
vendor/aws/aws-sdk-php/src/RDSDataService/Exception/
vendor/aws/aws-sdk-php/src/Rds/
vendor/aws/aws-sdk-php/src/Rds/Exception/
vendor/aws/aws-sdk-php/src/RecycleBin/
vendor/aws/aws-sdk-php/src/RecycleBin/Exception/
vendor/aws/aws-sdk-php/src/Redshift/
vendor/aws/aws-sdk-php/src/Redshift/Exception/
vendor/aws/aws-sdk-php/src/RedshiftDataAPIService/
vendor/aws/aws-sdk-php/src/RedshiftDataAPIService/Exception/
vendor/aws/aws-sdk-php/src/RedshiftServerless/
vendor/aws/aws-sdk-php/src/RedshiftServerless/Exception/
vendor/aws/aws-sdk-php/src/Rekognition/
vendor/aws/aws-sdk-php/src/Rekognition/Exception/
vendor/aws/aws-sdk-php/src/Repostspace/
vendor/aws/aws-sdk-php/src/Repostspace/Exception/
vendor/aws/aws-sdk-php/src/ResilienceHub/
vendor/aws/aws-sdk-php/src/ResilienceHub/Exception/
vendor/aws/aws-sdk-php/src/ResourceExplorer2/
vendor/aws/aws-sdk-php/src/ResourceExplorer2/Exception/
vendor/aws/aws-sdk-php/src/ResourceGroups/
vendor/aws/aws-sdk-php/src/ResourceGroups/Exception/
vendor/aws/aws-sdk-php/src/ResourceGroupsTaggingAPI/
vendor/aws/aws-sdk-php/src/ResourceGroupsTaggingAPI/Exception/
vendor/aws/aws-sdk-php/src/Retry/
vendor/aws/aws-sdk-php/src/Retry/Exception/
vendor/aws/aws-sdk-php/src/RoboMaker/
vendor/aws/aws-sdk-php/src/RoboMaker/Exception/
vendor/aws/aws-sdk-php/src/RolesAnywhere/
vendor/aws/aws-sdk-php/src/RolesAnywhere/Exception/
vendor/aws/aws-sdk-php/src/Route53/
vendor/aws/aws-sdk-php/src/Route53/Exception/
vendor/aws/aws-sdk-php/src/Route53Domains/
vendor/aws/aws-sdk-php/src/Route53Domains/Exception/
vendor/aws/aws-sdk-php/src/Route53Profiles/
vendor/aws/aws-sdk-php/src/Route53Profiles/Exception/
vendor/aws/aws-sdk-php/src/Route53RecoveryCluster/
vendor/aws/aws-sdk-php/src/Route53RecoveryCluster/Exception/
vendor/aws/aws-sdk-php/src/Route53RecoveryControlConfig/
vendor/aws/aws-sdk-php/src/Route53RecoveryControlConfig/Exception/
vendor/aws/aws-sdk-php/src/Route53RecoveryReadiness/
vendor/aws/aws-sdk-php/src/Route53RecoveryReadiness/Exception/
vendor/aws/aws-sdk-php/src/Route53Resolver/
vendor/aws/aws-sdk-php/src/Route53Resolver/Exception/
vendor/aws/aws-sdk-php/src/S3/
vendor/aws/aws-sdk-php/src/S3/Crypto/
vendor/aws/aws-sdk-php/src/S3/Exception/
vendor/aws/aws-sdk-php/src/S3/Parser/
vendor/aws/aws-sdk-php/src/S3/RegionalEndpoint/
vendor/aws/aws-sdk-php/src/S3/RegionalEndpoint/Exception/
vendor/aws/aws-sdk-php/src/S3/UseArnRegion/
vendor/aws/aws-sdk-php/src/S3/UseArnRegion/Exception/
vendor/aws/aws-sdk-php/src/S3Control/
vendor/aws/aws-sdk-php/src/S3Control/Exception/
vendor/aws/aws-sdk-php/src/S3Outposts/
vendor/aws/aws-sdk-php/src/S3Outposts/Exception/
vendor/aws/aws-sdk-php/src/S3Tables/
vendor/aws/aws-sdk-php/src/S3Tables/Exception/
vendor/aws/aws-sdk-php/src/S3Vectors/
vendor/aws/aws-sdk-php/src/S3Vectors/Exception/
vendor/aws/aws-sdk-php/src/SSMContacts/
vendor/aws/aws-sdk-php/src/SSMContacts/Exception/
vendor/aws/aws-sdk-php/src/SSMGuiConnect/
vendor/aws/aws-sdk-php/src/SSMGuiConnect/Exception/
vendor/aws/aws-sdk-php/src/SSMIncidents/
vendor/aws/aws-sdk-php/src/SSMIncidents/Exception/
vendor/aws/aws-sdk-php/src/SSMQuickSetup/
vendor/aws/aws-sdk-php/src/SSMQuickSetup/Exception/
vendor/aws/aws-sdk-php/src/SSO/
vendor/aws/aws-sdk-php/src/SSO/Exception/
vendor/aws/aws-sdk-php/src/SSOAdmin/
vendor/aws/aws-sdk-php/src/SSOAdmin/Exception/
vendor/aws/aws-sdk-php/src/SSOOIDC/
vendor/aws/aws-sdk-php/src/SSOOIDC/Exception/
vendor/aws/aws-sdk-php/src/SageMaker/
vendor/aws/aws-sdk-php/src/SageMaker/Exception/
vendor/aws/aws-sdk-php/src/SageMakerFeatureStoreRuntime/
vendor/aws/aws-sdk-php/src/SageMakerFeatureStoreRuntime/Exception/
vendor/aws/aws-sdk-php/src/SageMakerGeospatial/
vendor/aws/aws-sdk-php/src/SageMakerGeospatial/Exception/
vendor/aws/aws-sdk-php/src/SageMakerMetrics/
vendor/aws/aws-sdk-php/src/SageMakerMetrics/Exception/
vendor/aws/aws-sdk-php/src/SageMakerRuntime/
vendor/aws/aws-sdk-php/src/SageMakerRuntime/Exception/
vendor/aws/aws-sdk-php/src/SagemakerEdgeManager/
vendor/aws/aws-sdk-php/src/SagemakerEdgeManager/Exception/
vendor/aws/aws-sdk-php/src/SavingsPlans/
vendor/aws/aws-sdk-php/src/SavingsPlans/Exception/
vendor/aws/aws-sdk-php/src/Scheduler/
vendor/aws/aws-sdk-php/src/Scheduler/Exception/
vendor/aws/aws-sdk-php/src/Schemas/
vendor/aws/aws-sdk-php/src/Schemas/Exception/
vendor/aws/aws-sdk-php/src/Script/
vendor/aws/aws-sdk-php/src/Script/Composer/
vendor/aws/aws-sdk-php/src/SecretsManager/
vendor/aws/aws-sdk-php/src/SecretsManager/Exception/
vendor/aws/aws-sdk-php/src/SecurityHub/
vendor/aws/aws-sdk-php/src/SecurityHub/Exception/
vendor/aws/aws-sdk-php/src/SecurityIR/
vendor/aws/aws-sdk-php/src/SecurityIR/Exception/
vendor/aws/aws-sdk-php/src/SecurityLake/
vendor/aws/aws-sdk-php/src/SecurityLake/Exception/
vendor/aws/aws-sdk-php/src/ServerlessApplicationRepository/
vendor/aws/aws-sdk-php/src/ServerlessApplicationRepository/Exception/
vendor/aws/aws-sdk-php/src/ServiceCatalog/
vendor/aws/aws-sdk-php/src/ServiceCatalog/Exception/
vendor/aws/aws-sdk-php/src/ServiceDiscovery/
vendor/aws/aws-sdk-php/src/ServiceDiscovery/Exception/
vendor/aws/aws-sdk-php/src/ServiceQuotas/
vendor/aws/aws-sdk-php/src/ServiceQuotas/Exception/
vendor/aws/aws-sdk-php/src/Ses/
vendor/aws/aws-sdk-php/src/Ses/Exception/
vendor/aws/aws-sdk-php/src/SesV2/
vendor/aws/aws-sdk-php/src/SesV2/Exception/
vendor/aws/aws-sdk-php/src/Sfn/
vendor/aws/aws-sdk-php/src/Sfn/Exception/
vendor/aws/aws-sdk-php/src/Shield/
vendor/aws/aws-sdk-php/src/Shield/Exception/
vendor/aws/aws-sdk-php/src/Signature/
vendor/aws/aws-sdk-php/src/SimSpaceWeaver/
vendor/aws/aws-sdk-php/src/SimSpaceWeaver/Exception/
vendor/aws/aws-sdk-php/src/Sms/
vendor/aws/aws-sdk-php/src/Sms/Exception/
vendor/aws/aws-sdk-php/src/SnowBall/
vendor/aws/aws-sdk-php/src/SnowBall/Exception/
vendor/aws/aws-sdk-php/src/SnowDeviceManagement/
vendor/aws/aws-sdk-php/src/SnowDeviceManagement/Exception/
vendor/aws/aws-sdk-php/src/Sns/
vendor/aws/aws-sdk-php/src/Sns/Exception/
vendor/aws/aws-sdk-php/src/SocialMessaging/
vendor/aws/aws-sdk-php/src/SocialMessaging/Exception/
vendor/aws/aws-sdk-php/src/Sqs/
vendor/aws/aws-sdk-php/src/Sqs/Exception/
vendor/aws/aws-sdk-php/src/Ssm/
vendor/aws/aws-sdk-php/src/Ssm/Exception/
vendor/aws/aws-sdk-php/src/SsmSap/
vendor/aws/aws-sdk-php/src/SsmSap/Exception/
vendor/aws/aws-sdk-php/src/StorageGateway/
vendor/aws/aws-sdk-php/src/StorageGateway/Exception/
vendor/aws/aws-sdk-php/src/Sts/
vendor/aws/aws-sdk-php/src/Sts/Exception/
vendor/aws/aws-sdk-php/src/Sts/RegionalEndpoints/
vendor/aws/aws-sdk-php/src/Sts/RegionalEndpoints/Exception/
vendor/aws/aws-sdk-php/src/SupplyChain/
vendor/aws/aws-sdk-php/src/SupplyChain/Exception/
vendor/aws/aws-sdk-php/src/Support/
vendor/aws/aws-sdk-php/src/Support/Exception/
vendor/aws/aws-sdk-php/src/SupportApp/
vendor/aws/aws-sdk-php/src/SupportApp/Exception/
vendor/aws/aws-sdk-php/src/Swf/
vendor/aws/aws-sdk-php/src/Swf/Exception/
vendor/aws/aws-sdk-php/src/Synthetics/
vendor/aws/aws-sdk-php/src/Synthetics/Exception/
vendor/aws/aws-sdk-php/src/TaxSettings/
vendor/aws/aws-sdk-php/src/TaxSettings/Exception/
vendor/aws/aws-sdk-php/src/Textract/
vendor/aws/aws-sdk-php/src/Textract/Exception/
vendor/aws/aws-sdk-php/src/TimestreamInfluxDB/
vendor/aws/aws-sdk-php/src/TimestreamInfluxDB/Exception/
vendor/aws/aws-sdk-php/src/TimestreamQuery/
vendor/aws/aws-sdk-php/src/TimestreamQuery/Exception/
vendor/aws/aws-sdk-php/src/TimestreamWrite/
vendor/aws/aws-sdk-php/src/TimestreamWrite/Exception/
vendor/aws/aws-sdk-php/src/Tnb/
vendor/aws/aws-sdk-php/src/Tnb/Exception/
vendor/aws/aws-sdk-php/src/Token/
vendor/aws/aws-sdk-php/src/TranscribeService/
vendor/aws/aws-sdk-php/src/TranscribeService/Exception/
vendor/aws/aws-sdk-php/src/Transfer/
vendor/aws/aws-sdk-php/src/Transfer/Exception/
vendor/aws/aws-sdk-php/src/Translate/
vendor/aws/aws-sdk-php/src/Translate/Exception/
vendor/aws/aws-sdk-php/src/TrustedAdvisor/
vendor/aws/aws-sdk-php/src/TrustedAdvisor/Exception/
vendor/aws/aws-sdk-php/src/VPCLattice/
vendor/aws/aws-sdk-php/src/VPCLattice/Exception/
vendor/aws/aws-sdk-php/src/VerifiedPermissions/
vendor/aws/aws-sdk-php/src/VerifiedPermissions/Exception/
vendor/aws/aws-sdk-php/src/VoiceID/
vendor/aws/aws-sdk-php/src/VoiceID/Exception/
vendor/aws/aws-sdk-php/src/WAFV2/
vendor/aws/aws-sdk-php/src/WAFV2/Exception/
vendor/aws/aws-sdk-php/src/Waf/
vendor/aws/aws-sdk-php/src/Waf/Exception/
vendor/aws/aws-sdk-php/src/WafRegional/
vendor/aws/aws-sdk-php/src/WafRegional/Exception/
vendor/aws/aws-sdk-php/src/WellArchitected/
vendor/aws/aws-sdk-php/src/WellArchitected/Exception/
vendor/aws/aws-sdk-php/src/WorkDocs/
vendor/aws/aws-sdk-php/src/WorkDocs/Exception/
vendor/aws/aws-sdk-php/src/WorkMail/
vendor/aws/aws-sdk-php/src/WorkMail/Exception/
vendor/aws/aws-sdk-php/src/WorkMailMessageFlow/
vendor/aws/aws-sdk-php/src/WorkMailMessageFlow/Exception/
vendor/aws/aws-sdk-php/src/WorkSpaces/
vendor/aws/aws-sdk-php/src/WorkSpaces/Exception/
vendor/aws/aws-sdk-php/src/WorkSpacesThinClient/
vendor/aws/aws-sdk-php/src/WorkSpacesThinClient/Exception/
vendor/aws/aws-sdk-php/src/WorkSpacesWeb/
vendor/aws/aws-sdk-php/src/WorkSpacesWeb/Exception/
vendor/aws/aws-sdk-php/src/WorkspacesInstances/
vendor/aws/aws-sdk-php/src/WorkspacesInstances/Exception/
vendor/aws/aws-sdk-php/src/XRay/
vendor/aws/aws-sdk-php/src/XRay/Exception/
vendor/aws/aws-sdk-php/src/data/
vendor/aws/aws-sdk-php/src/data/accessanalyzer/
vendor/aws/aws-sdk-php/src/data/accessanalyzer/2019-11-01/
vendor/aws/aws-sdk-php/src/data/account/
vendor/aws/aws-sdk-php/src/data/account/2021-02-01/
vendor/aws/aws-sdk-php/src/data/acm-pca/
vendor/aws/aws-sdk-php/src/data/acm-pca/2017-08-22/
vendor/aws/aws-sdk-php/src/data/acm/
vendor/aws/aws-sdk-php/src/data/acm/2015-12-08/
vendor/aws/aws-sdk-php/src/data/aiops/
vendor/aws/aws-sdk-php/src/data/aiops/2018-05-10/
vendor/aws/aws-sdk-php/src/data/amp/
vendor/aws/aws-sdk-php/src/data/amp/2020-08-01/
vendor/aws/aws-sdk-php/src/data/amplify/
vendor/aws/aws-sdk-php/src/data/amplify/2017-07-25/
vendor/aws/aws-sdk-php/src/data/amplifybackend/
vendor/aws/aws-sdk-php/src/data/amplifybackend/2020-08-11/
vendor/aws/aws-sdk-php/src/data/amplifyuibuilder/
vendor/aws/aws-sdk-php/src/data/amplifyuibuilder/2021-08-11/
vendor/aws/aws-sdk-php/src/data/apigateway/
vendor/aws/aws-sdk-php/src/data/apigateway/2015-07-09/
vendor/aws/aws-sdk-php/src/data/apigatewaymanagementapi/
vendor/aws/aws-sdk-php/src/data/apigatewaymanagementapi/2018-11-29/
vendor/aws/aws-sdk-php/src/data/apigatewayv2/
vendor/aws/aws-sdk-php/src/data/apigatewayv2/2018-11-29/
vendor/aws/aws-sdk-php/src/data/appconfig/
vendor/aws/aws-sdk-php/src/data/appconfig/2019-10-09/
vendor/aws/aws-sdk-php/src/data/appconfigdata/
vendor/aws/aws-sdk-php/src/data/appconfigdata/2021-11-11/
vendor/aws/aws-sdk-php/src/data/appfabric/
vendor/aws/aws-sdk-php/src/data/appfabric/2023-05-19/
vendor/aws/aws-sdk-php/src/data/appflow/
vendor/aws/aws-sdk-php/src/data/appflow/2020-08-23/
vendor/aws/aws-sdk-php/src/data/appintegrations/
vendor/aws/aws-sdk-php/src/data/appintegrations/2020-07-29/
vendor/aws/aws-sdk-php/src/data/application-autoscaling/
vendor/aws/aws-sdk-php/src/data/application-autoscaling/2016-02-06/
vendor/aws/aws-sdk-php/src/data/application-insights/
vendor/aws/aws-sdk-php/src/data/application-insights/2018-11-25/
vendor/aws/aws-sdk-php/src/data/application-signals/
vendor/aws/aws-sdk-php/src/data/application-signals/2024-04-15/
vendor/aws/aws-sdk-php/src/data/applicationcostprofiler/
vendor/aws/aws-sdk-php/src/data/applicationcostprofiler/2020-09-10/
vendor/aws/aws-sdk-php/src/data/appmesh/
vendor/aws/aws-sdk-php/src/data/appmesh/2018-10-01/
vendor/aws/aws-sdk-php/src/data/appmesh/2019-01-25/
vendor/aws/aws-sdk-php/src/data/apprunner/
vendor/aws/aws-sdk-php/src/data/apprunner/2020-05-15/
vendor/aws/aws-sdk-php/src/data/appstream/
vendor/aws/aws-sdk-php/src/data/appstream/2016-12-01/
vendor/aws/aws-sdk-php/src/data/appsync/
vendor/aws/aws-sdk-php/src/data/appsync/2017-07-25/
vendor/aws/aws-sdk-php/src/data/apptest/
vendor/aws/aws-sdk-php/src/data/apptest/2022-12-06/
vendor/aws/aws-sdk-php/src/data/arc-region-switch/
vendor/aws/aws-sdk-php/src/data/arc-region-switch/2022-07-26/
vendor/aws/aws-sdk-php/src/data/arc-zonal-shift/
vendor/aws/aws-sdk-php/src/data/arc-zonal-shift/2022-10-30/
vendor/aws/aws-sdk-php/src/data/artifact/
vendor/aws/aws-sdk-php/src/data/artifact/2018-05-10/
vendor/aws/aws-sdk-php/src/data/athena/
vendor/aws/aws-sdk-php/src/data/athena/2017-05-18/
vendor/aws/aws-sdk-php/src/data/auditmanager/
vendor/aws/aws-sdk-php/src/data/auditmanager/2017-07-25/
vendor/aws/aws-sdk-php/src/data/autoscaling-plans/
vendor/aws/aws-sdk-php/src/data/autoscaling-plans/2018-01-06/
vendor/aws/aws-sdk-php/src/data/autoscaling/
vendor/aws/aws-sdk-php/src/data/autoscaling/2011-01-01/
vendor/aws/aws-sdk-php/src/data/b2bi/
vendor/aws/aws-sdk-php/src/data/b2bi/2022-06-23/
vendor/aws/aws-sdk-php/src/data/backup-gateway/
vendor/aws/aws-sdk-php/src/data/backup-gateway/2021-01-01/
vendor/aws/aws-sdk-php/src/data/backup/
vendor/aws/aws-sdk-php/src/data/backup/2018-11-15/
vendor/aws/aws-sdk-php/src/data/backupsearch/
vendor/aws/aws-sdk-php/src/data/backupsearch/2018-05-10/
vendor/aws/aws-sdk-php/src/data/batch/
vendor/aws/aws-sdk-php/src/data/batch/2016-08-10/
vendor/aws/aws-sdk-php/src/data/bcm-dashboards/
vendor/aws/aws-sdk-php/src/data/bcm-dashboards/2025-08-18/
vendor/aws/aws-sdk-php/src/data/bcm-data-exports/
vendor/aws/aws-sdk-php/src/data/bcm-data-exports/2023-11-26/
vendor/aws/aws-sdk-php/src/data/bcm-pricing-calculator/
vendor/aws/aws-sdk-php/src/data/bcm-pricing-calculator/2024-06-19/
vendor/aws/aws-sdk-php/src/data/bcm-recommended-actions/
vendor/aws/aws-sdk-php/src/data/bcm-recommended-actions/2024-11-14/
vendor/aws/aws-sdk-php/src/data/bedrock-agent-runtime/
vendor/aws/aws-sdk-php/src/data/bedrock-agent-runtime/2023-07-26/
vendor/aws/aws-sdk-php/src/data/bedrock-agent/
vendor/aws/aws-sdk-php/src/data/bedrock-agent/2023-06-05/
vendor/aws/aws-sdk-php/src/data/bedrock-agentcore-control/
vendor/aws/aws-sdk-php/src/data/bedrock-agentcore-control/2023-06-05/
vendor/aws/aws-sdk-php/src/data/bedrock-agentcore/
vendor/aws/aws-sdk-php/src/data/bedrock-agentcore/2024-02-28/
vendor/aws/aws-sdk-php/src/data/bedrock-data-automation-runtime/
vendor/aws/aws-sdk-php/src/data/bedrock-data-automation-runtime/2024-06-13/
vendor/aws/aws-sdk-php/src/data/bedrock-data-automation/
vendor/aws/aws-sdk-php/src/data/bedrock-data-automation/2023-07-26/
vendor/aws/aws-sdk-php/src/data/bedrock-runtime/
vendor/aws/aws-sdk-php/src/data/bedrock-runtime/2023-09-30/
vendor/aws/aws-sdk-php/src/data/bedrock/
vendor/aws/aws-sdk-php/src/data/bedrock/2023-04-20/
vendor/aws/aws-sdk-php/src/data/billing/
vendor/aws/aws-sdk-php/src/data/billing/2023-09-07/
vendor/aws/aws-sdk-php/src/data/billingconductor/
vendor/aws/aws-sdk-php/src/data/billingconductor/2021-07-30/
vendor/aws/aws-sdk-php/src/data/braket/
vendor/aws/aws-sdk-php/src/data/braket/2019-09-01/
vendor/aws/aws-sdk-php/src/data/budgets/
vendor/aws/aws-sdk-php/src/data/budgets/2016-10-20/
vendor/aws/aws-sdk-php/src/data/ce/
vendor/aws/aws-sdk-php/src/data/ce/2017-10-25/
vendor/aws/aws-sdk-php/src/data/chatbot/
vendor/aws/aws-sdk-php/src/data/chatbot/2017-10-11/
vendor/aws/aws-sdk-php/src/data/chime-sdk-identity/
vendor/aws/aws-sdk-php/src/data/chime-sdk-identity/2021-04-20/
vendor/aws/aws-sdk-php/src/data/chime-sdk-media-pipelines/
vendor/aws/aws-sdk-php/src/data/chime-sdk-media-pipelines/2021-07-15/
vendor/aws/aws-sdk-php/src/data/chime-sdk-meetings/
vendor/aws/aws-sdk-php/src/data/chime-sdk-meetings/2021-07-15/
vendor/aws/aws-sdk-php/src/data/chime-sdk-messaging/
vendor/aws/aws-sdk-php/src/data/chime-sdk-messaging/2021-05-15/
vendor/aws/aws-sdk-php/src/data/chime-sdk-voice/
vendor/aws/aws-sdk-php/src/data/chime-sdk-voice/2022-08-03/
vendor/aws/aws-sdk-php/src/data/chime/
vendor/aws/aws-sdk-php/src/data/chime/2018-05-01/
vendor/aws/aws-sdk-php/src/data/cleanrooms/
vendor/aws/aws-sdk-php/src/data/cleanrooms/2022-02-17/
vendor/aws/aws-sdk-php/src/data/cleanroomsml/
vendor/aws/aws-sdk-php/src/data/cleanroomsml/2023-09-06/
vendor/aws/aws-sdk-php/src/data/cloud9/
vendor/aws/aws-sdk-php/src/data/cloud9/2017-09-23/
vendor/aws/aws-sdk-php/src/data/cloudcontrol/
vendor/aws/aws-sdk-php/src/data/cloudcontrol/2021-09-30/
vendor/aws/aws-sdk-php/src/data/clouddirectory/
vendor/aws/aws-sdk-php/src/data/clouddirectory/2016-05-10/
vendor/aws/aws-sdk-php/src/data/clouddirectory/2017-01-11/
vendor/aws/aws-sdk-php/src/data/cloudformation/
vendor/aws/aws-sdk-php/src/data/cloudformation/2010-05-15/
vendor/aws/aws-sdk-php/src/data/cloudfront-keyvaluestore/
vendor/aws/aws-sdk-php/src/data/cloudfront-keyvaluestore/2022-07-26/
vendor/aws/aws-sdk-php/src/data/cloudfront/
vendor/aws/aws-sdk-php/src/data/cloudfront/2015-07-27/
vendor/aws/aws-sdk-php/src/data/cloudfront/2016-01-28/
vendor/aws/aws-sdk-php/src/data/cloudfront/2016-08-01/
vendor/aws/aws-sdk-php/src/data/cloudfront/2016-08-20/
vendor/aws/aws-sdk-php/src/data/cloudfront/2016-09-07/
vendor/aws/aws-sdk-php/src/data/cloudfront/2016-09-29/
vendor/aws/aws-sdk-php/src/data/cloudfront/2016-11-25/
vendor/aws/aws-sdk-php/src/data/cloudfront/2017-03-25/
vendor/aws/aws-sdk-php/src/data/cloudfront/2017-10-30/
vendor/aws/aws-sdk-php/src/data/cloudfront/2018-06-18/
vendor/aws/aws-sdk-php/src/data/cloudfront/2018-11-05/
vendor/aws/aws-sdk-php/src/data/cloudfront/2019-03-26/
vendor/aws/aws-sdk-php/src/data/cloudfront/2020-05-31/
vendor/aws/aws-sdk-php/src/data/cloudhsm/
vendor/aws/aws-sdk-php/src/data/cloudhsm/2014-05-30/
vendor/aws/aws-sdk-php/src/data/cloudhsmv2/
vendor/aws/aws-sdk-php/src/data/cloudhsmv2/2017-04-28/
vendor/aws/aws-sdk-php/src/data/cloudsearch/
vendor/aws/aws-sdk-php/src/data/cloudsearch/2013-01-01/
vendor/aws/aws-sdk-php/src/data/cloudsearchdomain/
vendor/aws/aws-sdk-php/src/data/cloudsearchdomain/2013-01-01/
vendor/aws/aws-sdk-php/src/data/cloudtrail-data/
vendor/aws/aws-sdk-php/src/data/cloudtrail-data/2021-08-11/
vendor/aws/aws-sdk-php/src/data/cloudtrail/
vendor/aws/aws-sdk-php/src/data/cloudtrail/2013-11-01/
vendor/aws/aws-sdk-php/src/data/codeartifact/
vendor/aws/aws-sdk-php/src/data/codeartifact/2018-09-22/
vendor/aws/aws-sdk-php/src/data/codebuild/
vendor/aws/aws-sdk-php/src/data/codebuild/2016-10-06/
vendor/aws/aws-sdk-php/src/data/codecatalyst/
vendor/aws/aws-sdk-php/src/data/codecatalyst/2022-09-28/
vendor/aws/aws-sdk-php/src/data/codecommit/
vendor/aws/aws-sdk-php/src/data/codecommit/2015-04-13/
vendor/aws/aws-sdk-php/src/data/codeconnections/
vendor/aws/aws-sdk-php/src/data/codeconnections/2023-12-01/
vendor/aws/aws-sdk-php/src/data/codedeploy/
vendor/aws/aws-sdk-php/src/data/codedeploy/2014-10-06/
vendor/aws/aws-sdk-php/src/data/codeguru-reviewer/
vendor/aws/aws-sdk-php/src/data/codeguru-reviewer/2019-09-19/
vendor/aws/aws-sdk-php/src/data/codeguru-security/
vendor/aws/aws-sdk-php/src/data/codeguru-security/2018-05-10/
vendor/aws/aws-sdk-php/src/data/codeguruprofiler/
vendor/aws/aws-sdk-php/src/data/codeguruprofiler/2019-07-18/
vendor/aws/aws-sdk-php/src/data/codepipeline/
vendor/aws/aws-sdk-php/src/data/codepipeline/2015-07-09/
vendor/aws/aws-sdk-php/src/data/codestar-connections/
vendor/aws/aws-sdk-php/src/data/codestar-connections/2019-12-01/
vendor/aws/aws-sdk-php/src/data/codestar-notifications/
vendor/aws/aws-sdk-php/src/data/codestar-notifications/2019-10-15/
vendor/aws/aws-sdk-php/src/data/cognito-identity/
vendor/aws/aws-sdk-php/src/data/cognito-identity/2014-06-30/
vendor/aws/aws-sdk-php/src/data/cognito-idp/
vendor/aws/aws-sdk-php/src/data/cognito-idp/2016-04-18/
vendor/aws/aws-sdk-php/src/data/cognito-sync/
vendor/aws/aws-sdk-php/src/data/cognito-sync/2014-06-30/
vendor/aws/aws-sdk-php/src/data/comprehend/
vendor/aws/aws-sdk-php/src/data/comprehend/2017-11-27/
vendor/aws/aws-sdk-php/src/data/comprehendmedical/
vendor/aws/aws-sdk-php/src/data/comprehendmedical/2018-10-30/
vendor/aws/aws-sdk-php/src/data/compute-optimizer/
vendor/aws/aws-sdk-php/src/data/compute-optimizer/2019-11-01/
vendor/aws/aws-sdk-php/src/data/config/
vendor/aws/aws-sdk-php/src/data/config/2014-11-12/
vendor/aws/aws-sdk-php/src/data/connect-contact-lens/
vendor/aws/aws-sdk-php/src/data/connect-contact-lens/2020-08-21/
vendor/aws/aws-sdk-php/src/data/connect/
vendor/aws/aws-sdk-php/src/data/connect/2017-08-08/
vendor/aws/aws-sdk-php/src/data/connectcampaigns/
vendor/aws/aws-sdk-php/src/data/connectcampaigns/2021-01-30/
vendor/aws/aws-sdk-php/src/data/connectcampaignsv2/
vendor/aws/aws-sdk-php/src/data/connectcampaignsv2/2024-04-23/
vendor/aws/aws-sdk-php/src/data/connectcases/
vendor/aws/aws-sdk-php/src/data/connectcases/2022-10-03/
vendor/aws/aws-sdk-php/src/data/connectparticipant/
vendor/aws/aws-sdk-php/src/data/connectparticipant/2018-09-07/
vendor/aws/aws-sdk-php/src/data/controlcatalog/
vendor/aws/aws-sdk-php/src/data/controlcatalog/2018-05-10/
vendor/aws/aws-sdk-php/src/data/controltower/
vendor/aws/aws-sdk-php/src/data/controltower/2018-05-10/
vendor/aws/aws-sdk-php/src/data/cost-optimization-hub/
vendor/aws/aws-sdk-php/src/data/cost-optimization-hub/2022-07-26/
vendor/aws/aws-sdk-php/src/data/cur/
vendor/aws/aws-sdk-php/src/data/cur/2017-01-06/
vendor/aws/aws-sdk-php/src/data/customer-profiles/
vendor/aws/aws-sdk-php/src/data/customer-profiles/2020-08-15/
vendor/aws/aws-sdk-php/src/data/data.iot/
vendor/aws/aws-sdk-php/src/data/data.iot/2015-05-28/
vendor/aws/aws-sdk-php/src/data/databrew/
vendor/aws/aws-sdk-php/src/data/databrew/2017-07-25/
vendor/aws/aws-sdk-php/src/data/dataexchange/
vendor/aws/aws-sdk-php/src/data/dataexchange/2017-07-25/
vendor/aws/aws-sdk-php/src/data/datapipeline/
vendor/aws/aws-sdk-php/src/data/datapipeline/2012-10-29/
vendor/aws/aws-sdk-php/src/data/datasync/
vendor/aws/aws-sdk-php/src/data/datasync/2018-11-09/
vendor/aws/aws-sdk-php/src/data/datazone/
vendor/aws/aws-sdk-php/src/data/datazone/2018-05-10/
vendor/aws/aws-sdk-php/src/data/dax/
vendor/aws/aws-sdk-php/src/data/dax/2017-04-19/
vendor/aws/aws-sdk-php/src/data/deadline/
vendor/aws/aws-sdk-php/src/data/deadline/2023-10-12/
vendor/aws/aws-sdk-php/src/data/detective/
vendor/aws/aws-sdk-php/src/data/detective/2018-10-26/
vendor/aws/aws-sdk-php/src/data/devicefarm/
vendor/aws/aws-sdk-php/src/data/devicefarm/2015-06-23/
vendor/aws/aws-sdk-php/src/data/devops-guru/
vendor/aws/aws-sdk-php/src/data/devops-guru/2020-12-01/
vendor/aws/aws-sdk-php/src/data/directconnect/
vendor/aws/aws-sdk-php/src/data/directconnect/2012-10-25/
vendor/aws/aws-sdk-php/src/data/directory-service-data/
vendor/aws/aws-sdk-php/src/data/directory-service-data/2023-05-31/
vendor/aws/aws-sdk-php/src/data/discovery/
vendor/aws/aws-sdk-php/src/data/discovery/2015-11-01/
vendor/aws/aws-sdk-php/src/data/dlm/
vendor/aws/aws-sdk-php/src/data/dlm/2018-01-12/
vendor/aws/aws-sdk-php/src/data/dms/
vendor/aws/aws-sdk-php/src/data/dms/2016-01-01/
vendor/aws/aws-sdk-php/src/data/docdb-elastic/
vendor/aws/aws-sdk-php/src/data/docdb-elastic/2022-11-28/
vendor/aws/aws-sdk-php/src/data/docdb/
vendor/aws/aws-sdk-php/src/data/docdb/2014-10-31/
vendor/aws/aws-sdk-php/src/data/drs/
vendor/aws/aws-sdk-php/src/data/drs/2020-02-26/
vendor/aws/aws-sdk-php/src/data/ds/
vendor/aws/aws-sdk-php/src/data/ds/2015-04-16/
vendor/aws/aws-sdk-php/src/data/dsql/
vendor/aws/aws-sdk-php/src/data/dsql/2018-05-10/
vendor/aws/aws-sdk-php/src/data/dynamodb/
vendor/aws/aws-sdk-php/src/data/dynamodb/2011-12-05/
vendor/aws/aws-sdk-php/src/data/dynamodb/2012-08-10/
vendor/aws/aws-sdk-php/src/data/ebs/
vendor/aws/aws-sdk-php/src/data/ebs/2019-11-02/
vendor/aws/aws-sdk-php/src/data/ec2-instance-connect/
vendor/aws/aws-sdk-php/src/data/ec2-instance-connect/2018-04-02/
vendor/aws/aws-sdk-php/src/data/ec2/
vendor/aws/aws-sdk-php/src/data/ec2/2015-10-01/
vendor/aws/aws-sdk-php/src/data/ec2/2016-04-01/
vendor/aws/aws-sdk-php/src/data/ec2/2016-09-15/
vendor/aws/aws-sdk-php/src/data/ec2/2016-11-15/
vendor/aws/aws-sdk-php/src/data/ecr-public/
vendor/aws/aws-sdk-php/src/data/ecr-public/2020-10-30/
vendor/aws/aws-sdk-php/src/data/ecr/
vendor/aws/aws-sdk-php/src/data/ecr/2015-09-21/
vendor/aws/aws-sdk-php/src/data/ecs/
vendor/aws/aws-sdk-php/src/data/ecs/2014-11-13/
vendor/aws/aws-sdk-php/src/data/eks-auth/
vendor/aws/aws-sdk-php/src/data/eks-auth/2023-11-26/
vendor/aws/aws-sdk-php/src/data/eks/
vendor/aws/aws-sdk-php/src/data/eks/2017-11-01/
vendor/aws/aws-sdk-php/src/data/elasticache/
vendor/aws/aws-sdk-php/src/data/elasticache/2015-02-02/
vendor/aws/aws-sdk-php/src/data/elasticbeanstalk/
vendor/aws/aws-sdk-php/src/data/elasticbeanstalk/2010-12-01/
vendor/aws/aws-sdk-php/src/data/elasticfilesystem/
vendor/aws/aws-sdk-php/src/data/elasticfilesystem/2015-02-01/
vendor/aws/aws-sdk-php/src/data/elasticloadbalancing/
vendor/aws/aws-sdk-php/src/data/elasticloadbalancing/2012-06-01/
vendor/aws/aws-sdk-php/src/data/elasticloadbalancingv2/
vendor/aws/aws-sdk-php/src/data/elasticloadbalancingv2/2015-12-01/
vendor/aws/aws-sdk-php/src/data/elasticmapreduce/
vendor/aws/aws-sdk-php/src/data/elasticmapreduce/2009-03-31/
vendor/aws/aws-sdk-php/src/data/elastictranscoder/
vendor/aws/aws-sdk-php/src/data/elastictranscoder/2012-09-25/
vendor/aws/aws-sdk-php/src/data/email/
vendor/aws/aws-sdk-php/src/data/email/2010-12-01/
vendor/aws/aws-sdk-php/src/data/emr-containers/
vendor/aws/aws-sdk-php/src/data/emr-containers/2020-10-01/
vendor/aws/aws-sdk-php/src/data/emr-serverless/
vendor/aws/aws-sdk-php/src/data/emr-serverless/2021-07-13/
vendor/aws/aws-sdk-php/src/data/entitlement.marketplace/
vendor/aws/aws-sdk-php/src/data/entitlement.marketplace/2017-01-11/
vendor/aws/aws-sdk-php/src/data/entityresolution/
vendor/aws/aws-sdk-php/src/data/entityresolution/2018-05-10/
vendor/aws/aws-sdk-php/src/data/es/
vendor/aws/aws-sdk-php/src/data/es/2015-01-01/
vendor/aws/aws-sdk-php/src/data/eventbridge/
vendor/aws/aws-sdk-php/src/data/eventbridge/2015-10-07/
vendor/aws/aws-sdk-php/src/data/events/
vendor/aws/aws-sdk-php/src/data/events/2015-10-07/
vendor/aws/aws-sdk-php/src/data/evidently/
vendor/aws/aws-sdk-php/src/data/evidently/2021-02-01/
vendor/aws/aws-sdk-php/src/data/evs/
vendor/aws/aws-sdk-php/src/data/evs/2023-07-27/
vendor/aws/aws-sdk-php/src/data/finspace-data/
vendor/aws/aws-sdk-php/src/data/finspace-data/2020-07-13/
vendor/aws/aws-sdk-php/src/data/finspace/
vendor/aws/aws-sdk-php/src/data/finspace/2021-03-12/
vendor/aws/aws-sdk-php/src/data/firehose/
vendor/aws/aws-sdk-php/src/data/firehose/2015-08-04/
vendor/aws/aws-sdk-php/src/data/fis/
vendor/aws/aws-sdk-php/src/data/fis/2020-12-01/
vendor/aws/aws-sdk-php/src/data/fms/
vendor/aws/aws-sdk-php/src/data/fms/2018-01-01/
vendor/aws/aws-sdk-php/src/data/forecast/
vendor/aws/aws-sdk-php/src/data/forecast/2018-06-26/
vendor/aws/aws-sdk-php/src/data/forecastquery/
vendor/aws/aws-sdk-php/src/data/forecastquery/2018-06-26/
vendor/aws/aws-sdk-php/src/data/frauddetector/
vendor/aws/aws-sdk-php/src/data/frauddetector/2019-11-15/
vendor/aws/aws-sdk-php/src/data/freetier/
vendor/aws/aws-sdk-php/src/data/freetier/2023-09-07/
vendor/aws/aws-sdk-php/src/data/fsx/
vendor/aws/aws-sdk-php/src/data/fsx/2018-03-01/
vendor/aws/aws-sdk-php/src/data/gamelift/
vendor/aws/aws-sdk-php/src/data/gamelift/2015-10-01/
vendor/aws/aws-sdk-php/src/data/gameliftstreams/
vendor/aws/aws-sdk-php/src/data/gameliftstreams/2018-05-10/
vendor/aws/aws-sdk-php/src/data/geo-maps/
vendor/aws/aws-sdk-php/src/data/geo-maps/2020-11-19/
vendor/aws/aws-sdk-php/src/data/geo-places/
vendor/aws/aws-sdk-php/src/data/geo-places/2020-11-19/
vendor/aws/aws-sdk-php/src/data/geo-routes/
vendor/aws/aws-sdk-php/src/data/geo-routes/2020-11-19/
vendor/aws/aws-sdk-php/src/data/glacier/
vendor/aws/aws-sdk-php/src/data/glacier/2012-06-01/
vendor/aws/aws-sdk-php/src/data/globalaccelerator/
vendor/aws/aws-sdk-php/src/data/globalaccelerator/2018-08-08/
vendor/aws/aws-sdk-php/src/data/glue/
vendor/aws/aws-sdk-php/src/data/glue/2017-03-31/
vendor/aws/aws-sdk-php/src/data/grafana/
vendor/aws/aws-sdk-php/src/data/grafana/2020-08-18/
vendor/aws/aws-sdk-php/src/data/greengrass/
vendor/aws/aws-sdk-php/src/data/greengrass/2017-06-07/
vendor/aws/aws-sdk-php/src/data/greengrassv2/
vendor/aws/aws-sdk-php/src/data/greengrassv2/2020-11-30/
vendor/aws/aws-sdk-php/src/data/groundstation/
vendor/aws/aws-sdk-php/src/data/groundstation/2019-05-23/
vendor/aws/aws-sdk-php/src/data/guardduty/
vendor/aws/aws-sdk-php/src/data/guardduty/2017-11-28/
vendor/aws/aws-sdk-php/src/data/health/
vendor/aws/aws-sdk-php/src/data/health/2016-08-04/
vendor/aws/aws-sdk-php/src/data/healthlake/
vendor/aws/aws-sdk-php/src/data/healthlake/2017-07-01/
vendor/aws/aws-sdk-php/src/data/iam/
vendor/aws/aws-sdk-php/src/data/iam/2010-05-08/
vendor/aws/aws-sdk-php/src/data/identitystore/
vendor/aws/aws-sdk-php/src/data/identitystore/2020-06-15/
vendor/aws/aws-sdk-php/src/data/imagebuilder/
vendor/aws/aws-sdk-php/src/data/imagebuilder/2019-12-02/
vendor/aws/aws-sdk-php/src/data/importexport/
vendor/aws/aws-sdk-php/src/data/importexport/2010-06-01/
vendor/aws/aws-sdk-php/src/data/inspector-scan/
vendor/aws/aws-sdk-php/src/data/inspector-scan/2023-08-08/
vendor/aws/aws-sdk-php/src/data/inspector/
vendor/aws/aws-sdk-php/src/data/inspector/2016-02-16/
vendor/aws/aws-sdk-php/src/data/inspector2/
vendor/aws/aws-sdk-php/src/data/inspector2/2020-06-08/
vendor/aws/aws-sdk-php/src/data/internetmonitor/
vendor/aws/aws-sdk-php/src/data/internetmonitor/2021-06-03/
vendor/aws/aws-sdk-php/src/data/invoicing/
vendor/aws/aws-sdk-php/src/data/invoicing/2024-12-01/
vendor/aws/aws-sdk-php/src/data/iot-jobs-data/
vendor/aws/aws-sdk-php/src/data/iot-jobs-data/2017-09-29/
vendor/aws/aws-sdk-php/src/data/iot-managed-integrations/
vendor/aws/aws-sdk-php/src/data/iot-managed-integrations/2025-03-03/
vendor/aws/aws-sdk-php/src/data/iot/
vendor/aws/aws-sdk-php/src/data/iot/2015-05-28/
vendor/aws/aws-sdk-php/src/data/iotanalytics/
vendor/aws/aws-sdk-php/src/data/iotanalytics/2017-11-27/
vendor/aws/aws-sdk-php/src/data/iotdeviceadvisor/
vendor/aws/aws-sdk-php/src/data/iotdeviceadvisor/2020-09-18/
vendor/aws/aws-sdk-php/src/data/iotevents-data/
vendor/aws/aws-sdk-php/src/data/iotevents-data/2018-10-23/
vendor/aws/aws-sdk-php/src/data/iotevents/
vendor/aws/aws-sdk-php/src/data/iotevents/2018-07-27/
vendor/aws/aws-sdk-php/src/data/iotfleethub/
vendor/aws/aws-sdk-php/src/data/iotfleethub/2020-11-03/
vendor/aws/aws-sdk-php/src/data/iotfleetwise/
vendor/aws/aws-sdk-php/src/data/iotfleetwise/2021-06-17/
vendor/aws/aws-sdk-php/src/data/iotsecuretunneling/
vendor/aws/aws-sdk-php/src/data/iotsecuretunneling/2018-10-05/
vendor/aws/aws-sdk-php/src/data/iotsitewise/
vendor/aws/aws-sdk-php/src/data/iotsitewise/2019-12-02/
vendor/aws/aws-sdk-php/src/data/iotthingsgraph/
vendor/aws/aws-sdk-php/src/data/iotthingsgraph/2018-09-06/
vendor/aws/aws-sdk-php/src/data/iottwinmaker/
vendor/aws/aws-sdk-php/src/data/iottwinmaker/2021-11-29/
vendor/aws/aws-sdk-php/src/data/iotwireless/
vendor/aws/aws-sdk-php/src/data/iotwireless/2020-11-22/
vendor/aws/aws-sdk-php/src/data/ivs-realtime/
vendor/aws/aws-sdk-php/src/data/ivs-realtime/2020-07-14/
vendor/aws/aws-sdk-php/src/data/ivs/
vendor/aws/aws-sdk-php/src/data/ivs/2020-07-14/
vendor/aws/aws-sdk-php/src/data/ivschat/
vendor/aws/aws-sdk-php/src/data/ivschat/2020-07-14/
vendor/aws/aws-sdk-php/src/data/kafka/
vendor/aws/aws-sdk-php/src/data/kafka/2018-11-14/
vendor/aws/aws-sdk-php/src/data/kafkaconnect/
vendor/aws/aws-sdk-php/src/data/kafkaconnect/2021-09-14/
vendor/aws/aws-sdk-php/src/data/kendra-ranking/
vendor/aws/aws-sdk-php/src/data/kendra-ranking/2022-10-19/
vendor/aws/aws-sdk-php/src/data/kendra/
vendor/aws/aws-sdk-php/src/data/kendra/2019-02-03/
vendor/aws/aws-sdk-php/src/data/keyspaces/
vendor/aws/aws-sdk-php/src/data/keyspaces/2022-02-10/
vendor/aws/aws-sdk-php/src/data/keyspacesstreams/
vendor/aws/aws-sdk-php/src/data/keyspacesstreams/2024-09-09/
vendor/aws/aws-sdk-php/src/data/kinesis-video-archived-media/
vendor/aws/aws-sdk-php/src/data/kinesis-video-archived-media/2017-09-30/
vendor/aws/aws-sdk-php/src/data/kinesis-video-media/
vendor/aws/aws-sdk-php/src/data/kinesis-video-media/2017-09-30/
vendor/aws/aws-sdk-php/src/data/kinesis-video-signaling/
vendor/aws/aws-sdk-php/src/data/kinesis-video-signaling/2019-12-04/
vendor/aws/aws-sdk-php/src/data/kinesis-video-webrtc-storage/
vendor/aws/aws-sdk-php/src/data/kinesis-video-webrtc-storage/2018-05-10/
vendor/aws/aws-sdk-php/src/data/kinesis/
vendor/aws/aws-sdk-php/src/data/kinesis/2013-12-02/
vendor/aws/aws-sdk-php/src/data/kinesisanalytics/
vendor/aws/aws-sdk-php/src/data/kinesisanalytics/2015-08-14/
vendor/aws/aws-sdk-php/src/data/kinesisanalyticsv2/
vendor/aws/aws-sdk-php/src/data/kinesisanalyticsv2/2018-05-23/
vendor/aws/aws-sdk-php/src/data/kinesisvideo/
vendor/aws/aws-sdk-php/src/data/kinesisvideo/2017-09-30/
vendor/aws/aws-sdk-php/src/data/kms/
vendor/aws/aws-sdk-php/src/data/kms/2014-11-01/
vendor/aws/aws-sdk-php/src/data/lakeformation/
vendor/aws/aws-sdk-php/src/data/lakeformation/2017-03-31/
vendor/aws/aws-sdk-php/src/data/lambda/
vendor/aws/aws-sdk-php/src/data/lambda/2015-03-31/
vendor/aws/aws-sdk-php/src/data/launch-wizard/
vendor/aws/aws-sdk-php/src/data/launch-wizard/2018-05-10/
vendor/aws/aws-sdk-php/src/data/lex-models/
vendor/aws/aws-sdk-php/src/data/lex-models/2017-04-19/
vendor/aws/aws-sdk-php/src/data/license-manager-linux-subscriptions/
vendor/aws/aws-sdk-php/src/data/license-manager-linux-subscriptions/2018-05-10/
vendor/aws/aws-sdk-php/src/data/license-manager-user-subscriptions/
vendor/aws/aws-sdk-php/src/data/license-manager-user-subscriptions/2018-05-10/
vendor/aws/aws-sdk-php/src/data/license-manager/
vendor/aws/aws-sdk-php/src/data/license-manager/2018-08-01/
vendor/aws/aws-sdk-php/src/data/lightsail/
vendor/aws/aws-sdk-php/src/data/lightsail/2016-11-28/
vendor/aws/aws-sdk-php/src/data/location/
vendor/aws/aws-sdk-php/src/data/location/2020-11-19/
vendor/aws/aws-sdk-php/src/data/logs/
vendor/aws/aws-sdk-php/src/data/logs/2014-03-28/
vendor/aws/aws-sdk-php/src/data/lookoutequipment/
vendor/aws/aws-sdk-php/src/data/lookoutequipment/2020-12-15/
vendor/aws/aws-sdk-php/src/data/lookoutmetrics/
vendor/aws/aws-sdk-php/src/data/lookoutmetrics/2017-07-25/
vendor/aws/aws-sdk-php/src/data/lookoutvision/
vendor/aws/aws-sdk-php/src/data/lookoutvision/2020-11-20/
vendor/aws/aws-sdk-php/src/data/m2/
vendor/aws/aws-sdk-php/src/data/m2/2021-04-28/
vendor/aws/aws-sdk-php/src/data/machinelearning/
vendor/aws/aws-sdk-php/src/data/machinelearning/2014-12-12/
vendor/aws/aws-sdk-php/src/data/macie2/
vendor/aws/aws-sdk-php/src/data/macie2/2020-01-01/
vendor/aws/aws-sdk-php/src/data/mailmanager/
vendor/aws/aws-sdk-php/src/data/mailmanager/2023-10-17/
vendor/aws/aws-sdk-php/src/data/managedblockchain-query/
vendor/aws/aws-sdk-php/src/data/managedblockchain-query/2023-05-04/
vendor/aws/aws-sdk-php/src/data/managedblockchain/
vendor/aws/aws-sdk-php/src/data/managedblockchain/2018-09-24/
vendor/aws/aws-sdk-php/src/data/marketplace-agreement/
vendor/aws/aws-sdk-php/src/data/marketplace-agreement/2020-03-01/
vendor/aws/aws-sdk-php/src/data/marketplace-catalog/
vendor/aws/aws-sdk-php/src/data/marketplace-catalog/2018-09-17/
vendor/aws/aws-sdk-php/src/data/marketplace-deployment/
vendor/aws/aws-sdk-php/src/data/marketplace-deployment/2023-01-25/
vendor/aws/aws-sdk-php/src/data/marketplace-reporting/
vendor/aws/aws-sdk-php/src/data/marketplace-reporting/2018-05-10/
vendor/aws/aws-sdk-php/src/data/marketplacecommerceanalytics/
vendor/aws/aws-sdk-php/src/data/marketplacecommerceanalytics/2015-07-01/
vendor/aws/aws-sdk-php/src/data/mediaconnect/
vendor/aws/aws-sdk-php/src/data/mediaconnect/2018-11-14/
vendor/aws/aws-sdk-php/src/data/mediaconvert/
vendor/aws/aws-sdk-php/src/data/mediaconvert/2017-08-29/
vendor/aws/aws-sdk-php/src/data/medialive/
vendor/aws/aws-sdk-php/src/data/medialive/2017-10-14/
vendor/aws/aws-sdk-php/src/data/mediapackage-vod/
vendor/aws/aws-sdk-php/src/data/mediapackage-vod/2018-11-07/
vendor/aws/aws-sdk-php/src/data/mediapackage/
vendor/aws/aws-sdk-php/src/data/mediapackage/2017-10-12/
vendor/aws/aws-sdk-php/src/data/mediapackagev2/
vendor/aws/aws-sdk-php/src/data/mediapackagev2/2022-12-25/
vendor/aws/aws-sdk-php/src/data/mediastore-data/
vendor/aws/aws-sdk-php/src/data/mediastore-data/2017-09-01/
vendor/aws/aws-sdk-php/src/data/mediastore/
vendor/aws/aws-sdk-php/src/data/mediastore/2017-09-01/
vendor/aws/aws-sdk-php/src/data/mediatailor/
vendor/aws/aws-sdk-php/src/data/mediatailor/2018-04-23/
vendor/aws/aws-sdk-php/src/data/medical-imaging/
vendor/aws/aws-sdk-php/src/data/medical-imaging/2023-07-19/
vendor/aws/aws-sdk-php/src/data/memorydb/
vendor/aws/aws-sdk-php/src/data/memorydb/2021-01-01/
vendor/aws/aws-sdk-php/src/data/metering.marketplace/
vendor/aws/aws-sdk-php/src/data/metering.marketplace/2016-01-14/
vendor/aws/aws-sdk-php/src/data/mgh/
vendor/aws/aws-sdk-php/src/data/mgh/2017-05-31/
vendor/aws/aws-sdk-php/src/data/mgn/
vendor/aws/aws-sdk-php/src/data/mgn/2020-02-26/
vendor/aws/aws-sdk-php/src/data/migration-hub-refactor-spaces/
vendor/aws/aws-sdk-php/src/data/migration-hub-refactor-spaces/2021-10-26/
vendor/aws/aws-sdk-php/src/data/migrationhub-config/
vendor/aws/aws-sdk-php/src/data/migrationhub-config/2019-06-30/
vendor/aws/aws-sdk-php/src/data/migrationhuborchestrator/
vendor/aws/aws-sdk-php/src/data/migrationhuborchestrator/2021-08-28/
vendor/aws/aws-sdk-php/src/data/migrationhubstrategy/
vendor/aws/aws-sdk-php/src/data/migrationhubstrategy/2020-02-19/
vendor/aws/aws-sdk-php/src/data/models.lex.v2/
vendor/aws/aws-sdk-php/src/data/models.lex.v2/2020-08-07/
vendor/aws/aws-sdk-php/src/data/monitoring/
vendor/aws/aws-sdk-php/src/data/monitoring/2010-08-01/
vendor/aws/aws-sdk-php/src/data/mpa/
vendor/aws/aws-sdk-php/src/data/mpa/2022-07-26/
vendor/aws/aws-sdk-php/src/data/mq/
vendor/aws/aws-sdk-php/src/data/mq/2017-11-27/
vendor/aws/aws-sdk-php/src/data/mturk-requester/
vendor/aws/aws-sdk-php/src/data/mturk-requester/2017-01-17/
vendor/aws/aws-sdk-php/src/data/mwaa/
vendor/aws/aws-sdk-php/src/data/mwaa/2020-07-01/
vendor/aws/aws-sdk-php/src/data/neptune-graph/
vendor/aws/aws-sdk-php/src/data/neptune-graph/2023-11-29/
vendor/aws/aws-sdk-php/src/data/neptune/
vendor/aws/aws-sdk-php/src/data/neptune/2014-10-31/
vendor/aws/aws-sdk-php/src/data/neptunedata/
vendor/aws/aws-sdk-php/src/data/neptunedata/2023-08-01/
vendor/aws/aws-sdk-php/src/data/network-firewall/
vendor/aws/aws-sdk-php/src/data/network-firewall/2020-11-12/
vendor/aws/aws-sdk-php/src/data/networkflowmonitor/
vendor/aws/aws-sdk-php/src/data/networkflowmonitor/2023-04-19/
vendor/aws/aws-sdk-php/src/data/networkmanager/
vendor/aws/aws-sdk-php/src/data/networkmanager/2019-07-05/
vendor/aws/aws-sdk-php/src/data/networkmonitor/
vendor/aws/aws-sdk-php/src/data/networkmonitor/2023-08-01/
vendor/aws/aws-sdk-php/src/data/notifications/
vendor/aws/aws-sdk-php/src/data/notifications/2018-05-10/
vendor/aws/aws-sdk-php/src/data/notificationscontacts/
vendor/aws/aws-sdk-php/src/data/notificationscontacts/2018-05-10/
vendor/aws/aws-sdk-php/src/data/oam/
vendor/aws/aws-sdk-php/src/data/oam/2022-06-10/
vendor/aws/aws-sdk-php/src/data/observabilityadmin/
vendor/aws/aws-sdk-php/src/data/observabilityadmin/2018-05-10/
vendor/aws/aws-sdk-php/src/data/odb/
vendor/aws/aws-sdk-php/src/data/odb/2024-08-20/
vendor/aws/aws-sdk-php/src/data/omics/
vendor/aws/aws-sdk-php/src/data/omics/2022-11-28/
vendor/aws/aws-sdk-php/src/data/opensearch/
vendor/aws/aws-sdk-php/src/data/opensearch/2021-01-01/
vendor/aws/aws-sdk-php/src/data/opensearchserverless/
vendor/aws/aws-sdk-php/src/data/opensearchserverless/2021-11-01/
vendor/aws/aws-sdk-php/src/data/opsworks/
vendor/aws/aws-sdk-php/src/data/opsworks/2013-02-18/
vendor/aws/aws-sdk-php/src/data/opsworkscm/
vendor/aws/aws-sdk-php/src/data/opsworkscm/2016-11-01/
vendor/aws/aws-sdk-php/src/data/organizations/
vendor/aws/aws-sdk-php/src/data/organizations/2016-11-28/
vendor/aws/aws-sdk-php/src/data/osis/
vendor/aws/aws-sdk-php/src/data/osis/2022-01-01/
vendor/aws/aws-sdk-php/src/data/outposts/
vendor/aws/aws-sdk-php/src/data/outposts/2019-12-03/
vendor/aws/aws-sdk-php/src/data/panorama/
vendor/aws/aws-sdk-php/src/data/panorama/2019-07-24/
vendor/aws/aws-sdk-php/src/data/partnercentral-selling/
vendor/aws/aws-sdk-php/src/data/partnercentral-selling/2022-07-26/
vendor/aws/aws-sdk-php/src/data/payment-cryptography-data/
vendor/aws/aws-sdk-php/src/data/payment-cryptography-data/2022-02-03/
vendor/aws/aws-sdk-php/src/data/payment-cryptography/
vendor/aws/aws-sdk-php/src/data/payment-cryptography/2021-09-14/
vendor/aws/aws-sdk-php/src/data/pca-connector-ad/
vendor/aws/aws-sdk-php/src/data/pca-connector-ad/2018-05-10/
vendor/aws/aws-sdk-php/src/data/pca-connector-scep/
vendor/aws/aws-sdk-php/src/data/pca-connector-scep/2018-05-10/
vendor/aws/aws-sdk-php/src/data/pcs/
vendor/aws/aws-sdk-php/src/data/pcs/2023-02-10/
vendor/aws/aws-sdk-php/src/data/personalize-events/
vendor/aws/aws-sdk-php/src/data/personalize-events/2018-03-22/
vendor/aws/aws-sdk-php/src/data/personalize-runtime/
vendor/aws/aws-sdk-php/src/data/personalize-runtime/2018-05-22/
vendor/aws/aws-sdk-php/src/data/personalize/
vendor/aws/aws-sdk-php/src/data/personalize/2018-05-22/
vendor/aws/aws-sdk-php/src/data/pi/
vendor/aws/aws-sdk-php/src/data/pi/2018-02-27/
vendor/aws/aws-sdk-php/src/data/pinpoint-email/
vendor/aws/aws-sdk-php/src/data/pinpoint-email/2018-07-26/
vendor/aws/aws-sdk-php/src/data/pinpoint-sms-voice-v2/
vendor/aws/aws-sdk-php/src/data/pinpoint-sms-voice-v2/2022-03-31/
vendor/aws/aws-sdk-php/src/data/pinpoint/
vendor/aws/aws-sdk-php/src/data/pinpoint/2016-12-01/
vendor/aws/aws-sdk-php/src/data/pipes/
vendor/aws/aws-sdk-php/src/data/pipes/2015-10-07/
vendor/aws/aws-sdk-php/src/data/polly/
vendor/aws/aws-sdk-php/src/data/polly/2016-06-10/
vendor/aws/aws-sdk-php/src/data/pricing/
vendor/aws/aws-sdk-php/src/data/pricing/2017-10-15/
vendor/aws/aws-sdk-php/src/data/proton/
vendor/aws/aws-sdk-php/src/data/proton/2020-07-20/
vendor/aws/aws-sdk-php/src/data/qapps/
vendor/aws/aws-sdk-php/src/data/qapps/2023-11-27/
vendor/aws/aws-sdk-php/src/data/qbusiness/
vendor/aws/aws-sdk-php/src/data/qbusiness/2023-11-27/
vendor/aws/aws-sdk-php/src/data/qconnect/
vendor/aws/aws-sdk-php/src/data/qconnect/2020-10-19/
vendor/aws/aws-sdk-php/src/data/qldb-session/
vendor/aws/aws-sdk-php/src/data/qldb-session/2019-07-11/
vendor/aws/aws-sdk-php/src/data/qldb/
vendor/aws/aws-sdk-php/src/data/qldb/2019-01-02/
vendor/aws/aws-sdk-php/src/data/quicksight/
vendor/aws/aws-sdk-php/src/data/quicksight/2018-04-01/
vendor/aws/aws-sdk-php/src/data/ram/
vendor/aws/aws-sdk-php/src/data/ram/2018-01-04/
vendor/aws/aws-sdk-php/src/data/rbin/
vendor/aws/aws-sdk-php/src/data/rbin/2021-06-15/
vendor/aws/aws-sdk-php/src/data/rds-data/
vendor/aws/aws-sdk-php/src/data/rds-data/2018-08-01/
vendor/aws/aws-sdk-php/src/data/rds/
vendor/aws/aws-sdk-php/src/data/rds/2014-09-01/
vendor/aws/aws-sdk-php/src/data/rds/2014-10-31/
vendor/aws/aws-sdk-php/src/data/redshift-data/
vendor/aws/aws-sdk-php/src/data/redshift-data/2019-12-20/
vendor/aws/aws-sdk-php/src/data/redshift-serverless/
vendor/aws/aws-sdk-php/src/data/redshift-serverless/2021-04-21/
vendor/aws/aws-sdk-php/src/data/redshift/
vendor/aws/aws-sdk-php/src/data/redshift/2012-12-01/
vendor/aws/aws-sdk-php/src/data/rekognition/
vendor/aws/aws-sdk-php/src/data/rekognition/2016-06-27/
vendor/aws/aws-sdk-php/src/data/repostspace/
vendor/aws/aws-sdk-php/src/data/repostspace/2022-05-13/
vendor/aws/aws-sdk-php/src/data/resiliencehub/
vendor/aws/aws-sdk-php/src/data/resiliencehub/2020-04-30/
vendor/aws/aws-sdk-php/src/data/resource-explorer-2/
vendor/aws/aws-sdk-php/src/data/resource-explorer-2/2022-07-28/
vendor/aws/aws-sdk-php/src/data/resource-groups/
vendor/aws/aws-sdk-php/src/data/resource-groups/2017-11-27/
vendor/aws/aws-sdk-php/src/data/resourcegroupstaggingapi/
vendor/aws/aws-sdk-php/src/data/resourcegroupstaggingapi/2017-01-26/
vendor/aws/aws-sdk-php/src/data/robomaker/
vendor/aws/aws-sdk-php/src/data/robomaker/2018-06-29/
vendor/aws/aws-sdk-php/src/data/rolesanywhere/
vendor/aws/aws-sdk-php/src/data/rolesanywhere/2018-05-10/
vendor/aws/aws-sdk-php/src/data/route53-recovery-cluster/
vendor/aws/aws-sdk-php/src/data/route53-recovery-cluster/2019-12-02/
vendor/aws/aws-sdk-php/src/data/route53-recovery-control-config/
vendor/aws/aws-sdk-php/src/data/route53-recovery-control-config/2020-11-02/
vendor/aws/aws-sdk-php/src/data/route53-recovery-readiness/
vendor/aws/aws-sdk-php/src/data/route53-recovery-readiness/2019-12-02/
vendor/aws/aws-sdk-php/src/data/route53/
vendor/aws/aws-sdk-php/src/data/route53/2013-04-01/
vendor/aws/aws-sdk-php/src/data/route53domains/
vendor/aws/aws-sdk-php/src/data/route53domains/2014-05-15/
vendor/aws/aws-sdk-php/src/data/route53profiles/
vendor/aws/aws-sdk-php/src/data/route53profiles/2018-05-10/
vendor/aws/aws-sdk-php/src/data/route53resolver/
vendor/aws/aws-sdk-php/src/data/route53resolver/2018-04-01/
vendor/aws/aws-sdk-php/src/data/rum/
vendor/aws/aws-sdk-php/src/data/rum/2018-05-10/
vendor/aws/aws-sdk-php/src/data/runtime.lex.v2/
vendor/aws/aws-sdk-php/src/data/runtime.lex.v2/2020-08-07/
vendor/aws/aws-sdk-php/src/data/runtime.lex/
vendor/aws/aws-sdk-php/src/data/runtime.lex/2016-11-28/
vendor/aws/aws-sdk-php/src/data/runtime.sagemaker/
vendor/aws/aws-sdk-php/src/data/runtime.sagemaker/2017-05-13/
vendor/aws/aws-sdk-php/src/data/s3/
vendor/aws/aws-sdk-php/src/data/s3/2006-03-01/
vendor/aws/aws-sdk-php/src/data/s3control/
vendor/aws/aws-sdk-php/src/data/s3control/2018-08-20/
vendor/aws/aws-sdk-php/src/data/s3outposts/
vendor/aws/aws-sdk-php/src/data/s3outposts/2017-07-25/
vendor/aws/aws-sdk-php/src/data/s3tables/
vendor/aws/aws-sdk-php/src/data/s3tables/2018-05-10/
vendor/aws/aws-sdk-php/src/data/s3vectors/
vendor/aws/aws-sdk-php/src/data/s3vectors/2025-07-15/
vendor/aws/aws-sdk-php/src/data/sagemaker-a2i-runtime/
vendor/aws/aws-sdk-php/src/data/sagemaker-a2i-runtime/2019-11-07/
vendor/aws/aws-sdk-php/src/data/sagemaker-edge/
vendor/aws/aws-sdk-php/src/data/sagemaker-edge/2020-09-23/
vendor/aws/aws-sdk-php/src/data/sagemaker-featurestore-runtime/
vendor/aws/aws-sdk-php/src/data/sagemaker-featurestore-runtime/2020-07-01/
vendor/aws/aws-sdk-php/src/data/sagemaker-geospatial/
vendor/aws/aws-sdk-php/src/data/sagemaker-geospatial/2020-05-27/
vendor/aws/aws-sdk-php/src/data/sagemaker-metrics/
vendor/aws/aws-sdk-php/src/data/sagemaker-metrics/2022-09-30/
vendor/aws/aws-sdk-php/src/data/sagemaker/
vendor/aws/aws-sdk-php/src/data/sagemaker/2017-07-24/
vendor/aws/aws-sdk-php/src/data/savingsplans/
vendor/aws/aws-sdk-php/src/data/savingsplans/2019-06-28/
vendor/aws/aws-sdk-php/src/data/scheduler/
vendor/aws/aws-sdk-php/src/data/scheduler/2021-06-30/
vendor/aws/aws-sdk-php/src/data/schemas/
vendor/aws/aws-sdk-php/src/data/schemas/2019-12-02/
vendor/aws/aws-sdk-php/src/data/secretsmanager/
vendor/aws/aws-sdk-php/src/data/secretsmanager/2017-10-17/
vendor/aws/aws-sdk-php/src/data/security-ir/
vendor/aws/aws-sdk-php/src/data/security-ir/2018-05-10/
vendor/aws/aws-sdk-php/src/data/securityhub/
vendor/aws/aws-sdk-php/src/data/securityhub/2018-10-26/
vendor/aws/aws-sdk-php/src/data/securitylake/
vendor/aws/aws-sdk-php/src/data/securitylake/2018-05-10/
vendor/aws/aws-sdk-php/src/data/serverlessrepo/
vendor/aws/aws-sdk-php/src/data/serverlessrepo/2017-09-08/
vendor/aws/aws-sdk-php/src/data/service-quotas/
vendor/aws/aws-sdk-php/src/data/service-quotas/2019-06-24/
vendor/aws/aws-sdk-php/src/data/servicecatalog-appregistry/
vendor/aws/aws-sdk-php/src/data/servicecatalog-appregistry/2020-06-24/
vendor/aws/aws-sdk-php/src/data/servicecatalog/
vendor/aws/aws-sdk-php/src/data/servicecatalog/2015-12-10/
vendor/aws/aws-sdk-php/src/data/servicediscovery/
vendor/aws/aws-sdk-php/src/data/servicediscovery/2017-03-14/
vendor/aws/aws-sdk-php/src/data/sesv2/
vendor/aws/aws-sdk-php/src/data/sesv2/2019-09-27/
vendor/aws/aws-sdk-php/src/data/shield/
vendor/aws/aws-sdk-php/src/data/shield/2016-06-02/
vendor/aws/aws-sdk-php/src/data/signer/
vendor/aws/aws-sdk-php/src/data/signer/2017-08-25/
vendor/aws/aws-sdk-php/src/data/simspaceweaver/
vendor/aws/aws-sdk-php/src/data/simspaceweaver/2022-10-28/
vendor/aws/aws-sdk-php/src/data/sms-voice/
vendor/aws/aws-sdk-php/src/data/sms-voice/2018-09-05/
vendor/aws/aws-sdk-php/src/data/sms/
vendor/aws/aws-sdk-php/src/data/sms/2016-10-24/
vendor/aws/aws-sdk-php/src/data/snow-device-management/
vendor/aws/aws-sdk-php/src/data/snow-device-management/2021-08-04/
vendor/aws/aws-sdk-php/src/data/snowball/
vendor/aws/aws-sdk-php/src/data/snowball/2016-06-30/
vendor/aws/aws-sdk-php/src/data/sns/
vendor/aws/aws-sdk-php/src/data/sns/2010-03-31/
vendor/aws/aws-sdk-php/src/data/socialmessaging/
vendor/aws/aws-sdk-php/src/data/socialmessaging/2024-01-01/
vendor/aws/aws-sdk-php/src/data/sqs/
vendor/aws/aws-sdk-php/src/data/sqs/2012-11-05/
vendor/aws/aws-sdk-php/src/data/ssm-contacts/
vendor/aws/aws-sdk-php/src/data/ssm-contacts/2021-05-03/
vendor/aws/aws-sdk-php/src/data/ssm-guiconnect/
vendor/aws/aws-sdk-php/src/data/ssm-guiconnect/2021-05-01/
vendor/aws/aws-sdk-php/src/data/ssm-incidents/
vendor/aws/aws-sdk-php/src/data/ssm-incidents/2018-05-10/
vendor/aws/aws-sdk-php/src/data/ssm-quicksetup/
vendor/aws/aws-sdk-php/src/data/ssm-quicksetup/2018-05-10/
vendor/aws/aws-sdk-php/src/data/ssm-sap/
vendor/aws/aws-sdk-php/src/data/ssm-sap/2018-05-10/
vendor/aws/aws-sdk-php/src/data/ssm/
vendor/aws/aws-sdk-php/src/data/ssm/2014-11-06/
vendor/aws/aws-sdk-php/src/data/sso-admin/
vendor/aws/aws-sdk-php/src/data/sso-admin/2020-07-20/
vendor/aws/aws-sdk-php/src/data/sso-oidc/
vendor/aws/aws-sdk-php/src/data/sso-oidc/2019-06-10/
vendor/aws/aws-sdk-php/src/data/sso/
vendor/aws/aws-sdk-php/src/data/sso/2019-06-10/
vendor/aws/aws-sdk-php/src/data/states/
vendor/aws/aws-sdk-php/src/data/states/2016-11-23/
vendor/aws/aws-sdk-php/src/data/storagegateway/
vendor/aws/aws-sdk-php/src/data/storagegateway/2013-06-30/
vendor/aws/aws-sdk-php/src/data/streams.dynamodb/
vendor/aws/aws-sdk-php/src/data/streams.dynamodb/2012-08-10/
vendor/aws/aws-sdk-php/src/data/sts/
vendor/aws/aws-sdk-php/src/data/sts/2011-06-15/
vendor/aws/aws-sdk-php/src/data/supplychain/
vendor/aws/aws-sdk-php/src/data/supplychain/2024-01-01/
vendor/aws/aws-sdk-php/src/data/support-app/
vendor/aws/aws-sdk-php/src/data/support-app/2021-08-20/
vendor/aws/aws-sdk-php/src/data/support/
vendor/aws/aws-sdk-php/src/data/support/2013-04-15/
vendor/aws/aws-sdk-php/src/data/swf/
vendor/aws/aws-sdk-php/src/data/swf/2012-01-25/
vendor/aws/aws-sdk-php/src/data/synthetics/
vendor/aws/aws-sdk-php/src/data/synthetics/2017-10-11/
vendor/aws/aws-sdk-php/src/data/taxsettings/
vendor/aws/aws-sdk-php/src/data/taxsettings/2018-05-10/
vendor/aws/aws-sdk-php/src/data/textract/
vendor/aws/aws-sdk-php/src/data/textract/2018-06-27/
vendor/aws/aws-sdk-php/src/data/timestream-influxdb/
vendor/aws/aws-sdk-php/src/data/timestream-influxdb/2023-01-27/
vendor/aws/aws-sdk-php/src/data/timestream-query/
vendor/aws/aws-sdk-php/src/data/timestream-query/2018-11-01/
vendor/aws/aws-sdk-php/src/data/timestream-write/
vendor/aws/aws-sdk-php/src/data/timestream-write/2018-11-01/
vendor/aws/aws-sdk-php/src/data/tnb/
vendor/aws/aws-sdk-php/src/data/tnb/2008-10-21/
vendor/aws/aws-sdk-php/src/data/transcribe/
vendor/aws/aws-sdk-php/src/data/transcribe/2017-10-26/
vendor/aws/aws-sdk-php/src/data/transfer/
vendor/aws/aws-sdk-php/src/data/transfer/2018-11-05/
vendor/aws/aws-sdk-php/src/data/translate/
vendor/aws/aws-sdk-php/src/data/translate/2017-07-01/
vendor/aws/aws-sdk-php/src/data/trustedadvisor/
vendor/aws/aws-sdk-php/src/data/trustedadvisor/2022-09-15/
vendor/aws/aws-sdk-php/src/data/verifiedpermissions/
vendor/aws/aws-sdk-php/src/data/verifiedpermissions/2021-12-01/
vendor/aws/aws-sdk-php/src/data/voice-id/
vendor/aws/aws-sdk-php/src/data/voice-id/2021-09-27/
vendor/aws/aws-sdk-php/src/data/vpc-lattice/
vendor/aws/aws-sdk-php/src/data/vpc-lattice/2022-11-30/
vendor/aws/aws-sdk-php/src/data/waf-regional/
vendor/aws/aws-sdk-php/src/data/waf-regional/2016-11-28/
vendor/aws/aws-sdk-php/src/data/waf/
vendor/aws/aws-sdk-php/src/data/waf/2015-08-24/
vendor/aws/aws-sdk-php/src/data/wafv2/
vendor/aws/aws-sdk-php/src/data/wafv2/2019-07-29/
vendor/aws/aws-sdk-php/src/data/wellarchitected/
vendor/aws/aws-sdk-php/src/data/wellarchitected/2020-03-31/
vendor/aws/aws-sdk-php/src/data/wisdom/
vendor/aws/aws-sdk-php/src/data/wisdom/2020-10-19/
vendor/aws/aws-sdk-php/src/data/workdocs/
vendor/aws/aws-sdk-php/src/data/workdocs/2016-05-01/
vendor/aws/aws-sdk-php/src/data/workmail/
vendor/aws/aws-sdk-php/src/data/workmail/2017-10-01/
vendor/aws/aws-sdk-php/src/data/workmailmessageflow/
vendor/aws/aws-sdk-php/src/data/workmailmessageflow/2019-05-01/
vendor/aws/aws-sdk-php/src/data/workspaces-instances/
vendor/aws/aws-sdk-php/src/data/workspaces-instances/2022-07-26/
vendor/aws/aws-sdk-php/src/data/workspaces-thin-client/
vendor/aws/aws-sdk-php/src/data/workspaces-thin-client/2023-08-22/
vendor/aws/aws-sdk-php/src/data/workspaces-web/
vendor/aws/aws-sdk-php/src/data/workspaces-web/2020-07-08/
vendor/aws/aws-sdk-php/src/data/workspaces/
vendor/aws/aws-sdk-php/src/data/workspaces/2015-04-08/
vendor/aws/aws-sdk-php/src/data/xray/
vendor/aws/aws-sdk-php/src/data/xray/2016-04-12/
vendor/aws/aws-sdk-php/src/drs/
vendor/aws/aws-sdk-php/src/drs/Exception/
vendor/aws/aws-sdk-php/src/finspace/
vendor/aws/aws-sdk-php/src/finspace/Exception/
vendor/aws/aws-sdk-php/src/imagebuilder/
vendor/aws/aws-sdk-php/src/imagebuilder/Exception/
vendor/aws/aws-sdk-php/src/ivschat/
vendor/aws/aws-sdk-php/src/ivschat/Exception/
vendor/aws/aws-sdk-php/src/kendra/
vendor/aws/aws-sdk-php/src/kendra/Exception/
vendor/aws/aws-sdk-php/src/mgn/
vendor/aws/aws-sdk-php/src/mgn/Exception/
vendor/aws/aws-sdk-php/src/signer/
vendor/aws/aws-sdk-php/src/signer/Exception/
vendor/bacon/
vendor/bacon/bacon-qr-code/
vendor/bacon/bacon-qr-code/src/
vendor/bacon/bacon-qr-code/src/Common/
vendor/bacon/bacon-qr-code/src/Encoder/
vendor/bacon/bacon-qr-code/src/Exception/
vendor/bacon/bacon-qr-code/src/Renderer/
vendor/bacon/bacon-qr-code/src/Renderer/Color/
vendor/bacon/bacon-qr-code/src/Renderer/Eye/
vendor/bacon/bacon-qr-code/src/Renderer/Image/
vendor/bacon/bacon-qr-code/src/Renderer/Module/
vendor/bacon/bacon-qr-code/src/Renderer/Module/EdgeIterator/
vendor/bacon/bacon-qr-code/src/Renderer/Path/
vendor/bacon/bacon-qr-code/src/Renderer/RendererStyle/
vendor/barryvdh/
vendor/barryvdh/laravel-debugbar/
vendor/barryvdh/laravel-debugbar/CHANGELOG.md
          8,038 100%    0.00kB/s    0:00:00            8,038 100%    0.00kB/s    0:00:00 (xfr#7, ir-chk=1039/9801)
vendor/barryvdh/laravel-debugbar/LICENSE
          1,068 100%    1.02MB/s    0:00:00            1,068 100%    1.02MB/s    0:00:00 (xfr#8, ir-chk=1038/9801)
vendor/barryvdh/laravel-debugbar/SECURITY.md
            103 100%  100.59kB/s    0:00:00              103 100%  100.59kB/s    0:00:00 (xfr#9, ir-chk=1037/9801)
vendor/barryvdh/laravel-debugbar/composer.json
          1,636 100%    1.56MB/s    0:00:00            1,636 100%    1.56MB/s    0:00:00 (xfr#10, ir-chk=1036/9801)
vendor/barryvdh/laravel-debugbar/phpcs.xml
            404 100%  394.53kB/s    0:00:00              404 100%  394.53kB/s    0:00:00 (xfr#11, ir-chk=1035/9801)
vendor/barryvdh/laravel-debugbar/readme.md
          9,321 100%    8.89MB/s    0:00:00            9,321 100%    8.89MB/s    0:00:00 (xfr#12, ir-chk=1034/9801)
vendor/barryvdh/laravel-debugbar/config/
vendor/barryvdh/laravel-debugbar/config/debugbar.php
         18,069 100%   17.23MB/s    0:00:00           18,069 100%   17.23MB/s    0:00:00 (xfr#13, ir-chk=1030/9801)
vendor/barryvdh/laravel-debugbar/database/
vendor/barryvdh/laravel-debugbar/database/migrations/
vendor/barryvdh/laravel-debugbar/database/migrations/2014_12_01_120000_create_phpdebugbar_storage_table.php
          1,040 100% 1015.62kB/s    0:00:00            1,040 100% 1015.62kB/s    0:00:00 (xfr#14, ir-chk=1028/9801)
vendor/barryvdh/laravel-debugbar/src/
vendor/barryvdh/laravel-debugbar/src/DebugbarViewEngine.php
          1,833 100%    1.75MB/s    0:00:00            1,833 100%    1.75MB/s    0:00:00 (xfr#15, ir-chk=1027/9801)
vendor/barryvdh/laravel-debugbar/src/Facade.php
          1,058 100%    1.01MB/s    0:00:00            1,058 100%    1.01MB/s    0:00:00 (xfr#16, ir-chk=1026/9801)
vendor/barryvdh/laravel-debugbar/src/JavascriptRenderer.php
          3,915 100%    3.73MB/s    0:00:00            3,915 100%    3.73MB/s    0:00:00 (xfr#17, ir-chk=1025/9801)
vendor/barryvdh/laravel-debugbar/src/LaravelDebugbar.php
         32,768  67%   31.25MB/s    0:00:00           48,407 100%   23.08MB/s    0:00:00 (xfr#18, ir-chk=1024/9801)
vendor/barryvdh/laravel-debugbar/src/LumenServiceProvider.php
          1,840 100%  898.44kB/s    0:00:00            1,840 100%  898.44kB/s    0:00:00 (xfr#19, ir-chk=1023/9801)
vendor/barryvdh/laravel-debugbar/src/ServiceProvider.php
          2,803 100%    1.34MB/s    0:00:00            2,803 100%    1.34MB/s    0:00:00 (xfr#20, ir-chk=1022/9801)
vendor/barryvdh/laravel-debugbar/src/SymfonyHttpDriver.php
          1,803 100%  880.37kB/s    0:00:00            1,803 100%  880.37kB/s    0:00:00 (xfr#21, ir-chk=1021/9801)
vendor/barryvdh/laravel-debugbar/src/debugbar-routes.php
          1,414 100%  690.43kB/s    0:00:00            1,414 100%  690.43kB/s    0:00:00 (xfr#22, ir-chk=1020/9801)
vendor/barryvdh/laravel-debugbar/src/helpers.php
          1,745 100%  852.05kB/s    0:00:00            1,745 100%  852.05kB/s    0:00:00 (xfr#23, ir-chk=1019/9801)
vendor/barryvdh/laravel-debugbar/src/Console/
vendor/barryvdh/laravel-debugbar/src/Console/ClearCommand.php
            996 100%  486.33kB/s    0:00:00              996 100%  486.33kB/s    0:00:00 (xfr#24, ir-chk=1008/9801)
vendor/barryvdh/laravel-debugbar/src/Controllers/
vendor/barryvdh/laravel-debugbar/src/Controllers/AssetController.php
          1,426 100%  696.29kB/s    0:00:00            1,426 100%  696.29kB/s    0:00:00 (xfr#25, ir-chk=1007/9801)
vendor/barryvdh/laravel-debugbar/src/Controllers/BaseController.php
          1,156 100%  564.45kB/s    0:00:00            1,156 100%  564.45kB/s    0:00:00 (xfr#26, ir-chk=1006/9801)
vendor/barryvdh/laravel-debugbar/src/Controllers/CacheController.php
            533 100%  260.25kB/s    0:00:00              533 100%  260.25kB/s    0:00:00 (xfr#27, ir-chk=1005/9801)
vendor/barryvdh/laravel-debugbar/src/Controllers/OpenHandlerController.php
          2,585 100%  841.47kB/s    0:00:00            2,585 100%  841.47kB/s    0:00:00 (xfr#28, ir-chk=1004/9801)
vendor/barryvdh/laravel-debugbar/src/Controllers/QueriesController.php
          1,601 100%  521.16kB/s    0:00:00            1,601 100%  521.16kB/s    0:00:00 (xfr#29, ir-chk=1003/9801)
vendor/barryvdh/laravel-debugbar/src/Controllers/TelescopeController.php
            715 100%  232.75kB/s    0:00:00              715 100%  232.75kB/s    0:00:00 (xfr#30, ir-chk=1002/9801)
vendor/barryvdh/laravel-debugbar/src/DataCollector/
vendor/barryvdh/laravel-debugbar/src/DataCollector/CacheCollector.php
          4,179 100%    1.33MB/s    0:00:00            4,179 100%    1.33MB/s    0:00:00 (xfr#31, ir-chk=1043/9843)
vendor/barryvdh/laravel-debugbar/src/DataCollector/EventCollector.php
          4,190 100%    1.33MB/s    0:00:00            4,190 100%    1.33MB/s    0:00:00 (xfr#32, ir-chk=1042/9843)
vendor/barryvdh/laravel-debugbar/src/DataCollector/FilesCollector.php
          3,793 100%    1.21MB/s    0:00:00            3,793 100%    1.21MB/s    0:00:00 (xfr#33, ir-chk=1041/9843)
vendor/barryvdh/laravel-debugbar/src/DataCollector/GateCollector.php
          5,455 100%    1.30MB/s    0:00:00            5,455 100%    1.30MB/s    0:00:00 (xfr#34, ir-chk=1040/9843)
vendor/barryvdh/laravel-debugbar/src/DataCollector/JobsCollector.php
          1,516 100%  370.12kB/s    0:00:00            1,516 100%  370.12kB/s    0:00:00 (xfr#35, ir-chk=1039/9843)
vendor/barryvdh/laravel-debugbar/src/DataCollector/LaravelCollector.php
          1,679 100%  409.91kB/s    0:00:00            1,679 100%  409.91kB/s    0:00:00 (xfr#36, ir-chk=1038/9843)
vendor/barryvdh/laravel-debugbar/src/DataCollector/LivewireCollector.php
          3,022 100%  737.79kB/s    0:00:00            3,022 100%  737.79kB/s    0:00:00 (xfr#37, ir-chk=1037/9843)
vendor/barryvdh/laravel-debugbar/src/DataCollector/LogsCollector.php
          3,964 100%  967.77kB/s    0:00:00            3,964 100%  967.77kB/s    0:00:00 (xfr#38, ir-chk=1036/9843)
vendor/barryvdh/laravel-debugbar/src/DataCollector/ModelsCollector.php
          1,626 100%  396.97kB/s    0:00:00            1,626 100%  396.97kB/s    0:00:00 (xfr#39, ir-chk=1035/9843)
vendor/barryvdh/laravel-debugbar/src/DataCollector/MultiAuthCollector.php
          4,680 100%    1.12MB/s    0:00:00            4,680 100%    1.12MB/s    0:00:00 (xfr#40, ir-chk=1034/9843)
vendor/barryvdh/laravel-debugbar/src/DataCollector/PennantCollector.php
          1,230 100%  300.29kB/s    0:00:00            1,230 100%  300.29kB/s    0:00:00 (xfr#41, ir-chk=1033/9843)
vendor/barryvdh/laravel-debugbar/src/DataCollector/QueryCollector.php
         23,830 100%    4.55MB/s    0:00:00           23,830 100%    4.55MB/s    0:00:00 (xfr#42, ir-chk=1032/9843)
vendor/barryvdh/laravel-debugbar/src/DataCollector/RequestCollector.php
         11,601 100%    2.21MB/s    0:00:00           11,601 100%    2.21MB/s    0:00:00 (xfr#43, ir-chk=1031/9843)
vendor/barryvdh/laravel-debugbar/src/DataCollector/RouteCollector.php
          5,235 100% 1022.46kB/s    0:00:00            5,235 100% 1022.46kB/s    0:00:00 (xfr#44, ir-chk=1030/9843)
vendor/barryvdh/laravel-debugbar/src/DataCollector/SessionCollector.php
          1,720 100%  335.94kB/s    0:00:00            1,720 100%  335.94kB/s    0:00:00 (xfr#45, ir-chk=1029/9843)
vendor/barryvdh/laravel-debugbar/src/DataCollector/ViewCollector.php
          6,237 100%    1.19MB/s    0:00:00            6,237 100%    1.19MB/s    0:00:00 (xfr#46, ir-chk=1028/9843)
vendor/barryvdh/laravel-debugbar/src/DataFormatter/
vendor/barryvdh/laravel-debugbar/src/DataFormatter/QueryFormatter.php
          1,848 100%  360.94kB/s    0:00:00            1,848 100%  360.94kB/s    0:00:00 (xfr#47, ir-chk=1027/9843)
vendor/barryvdh/laravel-debugbar/src/DataFormatter/SimpleFormatter.php
          2,940 100%  574.22kB/s    0:00:00            2,940 100%  574.22kB/s    0:00:00 (xfr#48, ir-chk=1026/9843)
vendor/barryvdh/laravel-debugbar/src/Facades/
vendor/barryvdh/laravel-debugbar/src/Facades/Debugbar.php
          1,049 100%  170.74kB/s    0:00:00            1,049 100%  170.74kB/s    0:00:00 (xfr#49, ir-chk=1025/9843)
vendor/barryvdh/laravel-debugbar/src/Middleware/
vendor/barryvdh/laravel-debugbar/src/Middleware/DebugbarEnabled.php
            794 100%  129.23kB/s    0:00:00              794 100%  129.23kB/s    0:00:00 (xfr#50, ir-chk=1024/9843)
vendor/barryvdh/laravel-debugbar/src/Middleware/InjectDebugbar.php
          2,741 100%  446.13kB/s    0:00:00            2,741 100%  446.13kB/s    0:00:00 (xfr#51, ir-chk=1023/9843)
vendor/barryvdh/laravel-debugbar/src/Resources/
vendor/barryvdh/laravel-debugbar/src/Resources/laravel-debugbar.css
         27,252 100%    4.33MB/s    0:00:00           27,252 100%    4.33MB/s    0:00:00 (xfr#52, ir-chk=1022/9843)
vendor/barryvdh/laravel-debugbar/src/Resources/cache/
vendor/barryvdh/laravel-debugbar/src/Resources/cache/widget.js
          2,081 100%  338.70kB/s    0:00:00            2,081 100%  338.70kB/s    0:00:00 (xfr#53, ir-chk=1019/9843)
vendor/barryvdh/laravel-debugbar/src/Resources/queries/
vendor/barryvdh/laravel-debugbar/src/Resources/queries/widget.js
         18,053 100%    2.87MB/s    0:00:00           18,053 100%    2.87MB/s    0:00:00 (xfr#54, ir-chk=1018/9843)
vendor/barryvdh/laravel-debugbar/src/Storage/
vendor/barryvdh/laravel-debugbar/src/Storage/FilesystemStorage.php
          4,106 100%  572.82kB/s    0:00:00            4,106 100%  572.82kB/s    0:00:00 (xfr#55, ir-chk=1017/9843)
vendor/barryvdh/laravel-debugbar/src/Storage/SocketStorage.php
          2,238 100%  312.22kB/s    0:00:00            2,238 100%  312.22kB/s    0:00:00 (xfr#56, ir-chk=1016/9843)
vendor/barryvdh/laravel-debugbar/src/Support/
vendor/barryvdh/laravel-debugbar/src/Support/Explain.php
          4,697 100%  655.27kB/s    0:00:00            4,697 100%  655.27kB/s    0:00:00 (xfr#57, ir-chk=1015/9843)
vendor/barryvdh/laravel-debugbar/src/Support/RequestIdGenerator.php
            272 100%   37.95kB/s    0:00:00              272 100%   37.95kB/s    0:00:00 (xfr#58, ir-chk=1014/9843)
vendor/barryvdh/laravel-debugbar/src/Support/Clockwork/
vendor/barryvdh/laravel-debugbar/src/Support/Clockwork/ClockworkCollector.php
          3,185 100%  444.34kB/s    0:00:00            3,185 100%  444.34kB/s    0:00:00 (xfr#59, ir-chk=1012/9843)
vendor/barryvdh/laravel-debugbar/src/Support/Clockwork/Converter.php
          6,262 100%  873.60kB/s    0:00:00            6,262 100%  873.60kB/s    0:00:00 (xfr#60, ir-chk=1011/9843)
vendor/barryvdh/laravel-debugbar/src/Twig/
vendor/barryvdh/laravel-debugbar/src/Twig/Extension/
vendor/barryvdh/laravel-debugbar/src/Twig/Extension/Debug.php
            814 100%  113.56kB/s    0:00:00              814 100%  113.56kB/s    0:00:00 (xfr#61, ir-chk=1009/9843)
vendor/barryvdh/laravel-debugbar/src/Twig/Extension/Dump.php
            188 100%   26.23kB/s    0:00:00              188 100%   26.23kB/s    0:00:00 (xfr#62, ir-chk=1008/9843)
vendor/barryvdh/laravel-debugbar/src/Twig/Extension/Stopwatch.php
          1,660 100%  231.58kB/s    0:00:00            1,660 100%  231.58kB/s    0:00:00 (xfr#63, ir-chk=1007/9843)
vendor/bc/
vendor/bin/
vendor/bin/phpunit
          3,692 100%  450.68kB/s    0:00:00            3,692 100%  450.68kB/s    0:00:00 (xfr#64, ir-chk=1014/9864)
vendor/bin/phpunit.bat
            134 100%   16.36kB/s    0:00:00              134 100%   16.36kB/s    0:00:00 (xfr#65, ir-chk=1013/9864)
vendor/bin/pint
          3,333 100%  406.86kB/s    0:00:00            3,333 100%  406.86kB/s    0:00:00 (xfr#66, ir-chk=1012/9864)
vendor/bin/pint.bat
            131 100%   15.99kB/s    0:00:00              131 100%   15.99kB/s    0:00:00 (xfr#67, ir-chk=1011/9864)
vendor/bin/sail
            939 100%  114.62kB/s    0:00:00              939 100%  114.62kB/s    0:00:00 (xfr#68, ir-chk=1008/9864)
vendor/bin/sail.bat
            152 100%   18.55kB/s    0:00:00              152 100%   18.55kB/s    0:00:00 (xfr#69, ir-chk=1007/9864)
vendor/bin/yaml-lint
          3,369 100%  411.25kB/s    0:00:00            3,369 100%  411.25kB/s    0:00:00 (xfr#70, ir-chk=1002/9864)
vendor/bin/yaml-lint.bat
            136 100%   16.60kB/s    0:00:00              136 100%   16.60kB/s    0:00:00 (xfr#71, ir-chk=1001/9864)
vendor/brick/
vendor/brick/math/
vendor/brick/math/src/
vendor/brick/math/src/Exception/
vendor/brick/math/src/Internal/
vendor/brick/math/src/Internal/Calculator/
vendor/carbonphp/
vendor/carbonphp/carbon-doctrine-types/
vendor/carbonphp/carbon-doctrine-types/src/
vendor/carbonphp/carbon-doctrine-types/src/Carbon/
vendor/carbonphp/carbon-doctrine-types/src/Carbon/Doctrine/
vendor/clue/
vendor/clue/stream-filter/
vendor/clue/stream-filter/.github/
vendor/clue/stream-filter/src/
vendor/composer/
vendor/composer/autoload_classmap.php
          1,168   0%  114.06kB/s    0:00:14        1,675,189 100%   79.88MB/s    0:00:00 (xfr#72, ir-chk=1014/9930)
vendor/composer/autoload_files.php
          2,100  15%  102.54kB/s    0:00:00           13,710 100%  669.43kB/s    0:00:00 (xfr#73, ir-chk=1013/9930)
vendor/composer/autoload_psr4.php
          2,210  14%  107.91kB/s    0:00:00           15,207 100%  742.53kB/s    0:00:00 (xfr#74, ir-chk=1011/9930)
vendor/composer/autoload_static.php
          3,672   0%  170.76kB/s    0:00:10        1,847,218 100%   56.83MB/s    0:00:00 (xfr#75, ir-chk=1009/9930)
vendor/composer/installed.json
            700   0%   21.36kB/s    0:00:26          564,760 100%   15.39MB/s    0:00:00 (xfr#76, ir-chk=1008/9930)
vendor/composer/installed.php
          1,399   1%   37.95kB/s    0:00:02           86,748 100%    2.24MB/s    0:00:00 (xfr#77, ir-chk=1007/9930)
vendor/composer/ca-bundle/
vendor/composer/ca-bundle/res/
vendor/composer/ca-bundle/src/
vendor/composer/pcre/
vendor/composer/pcre/src/
vendor/composer/pcre/src/PHPStan/
vendor/composer/semver/
vendor/composer/semver/src/
vendor/composer/semver/src/Constraint/
vendor/dasprid/
vendor/dasprid/enum/
vendor/dasprid/enum/src/
vendor/dasprid/enum/src/Exception/
vendor/dflydev/
vendor/dflydev/dot-access-data/
vendor/dflydev/dot-access-data/src/
vendor/dflydev/dot-access-data/src/Exception/
vendor/doctrine/
vendor/doctrine/inflector/
vendor/doctrine/inflector/docs/
vendor/doctrine/inflector/docs/en/
vendor/doctrine/inflector/src/
vendor/doctrine/inflector/src/Rules/
vendor/doctrine/inflector/src/Rules/English/
vendor/doctrine/inflector/src/Rules/Esperanto/
vendor/doctrine/inflector/src/Rules/French/
vendor/doctrine/inflector/src/Rules/Italian/
vendor/doctrine/inflector/src/Rules/NorwegianBokmal/
vendor/doctrine/inflector/src/Rules/Portuguese/
vendor/doctrine/inflector/src/Rules/Spanish/
vendor/doctrine/inflector/src/Rules/Turkish/
vendor/doctrine/lexer/
vendor/doctrine/lexer/src/
vendor/dompdf/
vendor/dompdf/dompdf/
vendor/dompdf/dompdf/lib/
vendor/dompdf/dompdf/lib/fonts/
vendor/dompdf/dompdf/lib/res/
vendor/dompdf/dompdf/src/
vendor/dompdf/dompdf/src/Adapter/
vendor/dompdf/dompdf/src/Css/
vendor/dompdf/dompdf/src/Css/Content/
vendor/dompdf/dompdf/src/Exception/
vendor/dompdf/dompdf/src/Frame/
vendor/dompdf/dompdf/src/FrameDecorator/
vendor/dompdf/dompdf/src/FrameReflower/
vendor/dompdf/dompdf/src/Image/
vendor/dompdf/dompdf/src/Positioner/
vendor/dompdf/dompdf/src/Renderer/
vendor/dompdf/php-font-lib/
vendor/dompdf/php-font-lib/maps/
vendor/dompdf/php-font-lib/src/
vendor/dompdf/php-font-lib/src/FontLib/
vendor/dompdf/php-font-lib/src/FontLib/EOT/
vendor/dompdf/php-font-lib/src/FontLib/Exception/
vendor/dompdf/php-font-lib/src/FontLib/Glyph/
vendor/dompdf/php-font-lib/src/FontLib/OpenType/
vendor/dompdf/php-font-lib/src/FontLib/Table/
vendor/dompdf/php-font-lib/src/FontLib/Table/Type/
vendor/dompdf/php-font-lib/src/FontLib/TrueType/
vendor/dompdf/php-font-lib/src/FontLib/WOFF/
vendor/dompdf/php-svg-lib/
vendor/dompdf/php-svg-lib/src/
vendor/dompdf/php-svg-lib/src/Svg/
vendor/dompdf/php-svg-lib/src/Svg/Gradient/
vendor/dompdf/php-svg-lib/src/Svg/Surface/
vendor/dompdf/php-svg-lib/src/Svg/Tag/
vendor/dragonmantank/
vendor/dragonmantank/cron-expression/
vendor/dragonmantank/cron-expression/src/
vendor/dragonmantank/cron-expression/src/Cron/
vendor/egulias/
vendor/egulias/email-validator/
vendor/egulias/email-validator/src/
vendor/egulias/email-validator/src/Parser/
vendor/egulias/email-validator/src/Parser/CommentStrategy/
vendor/egulias/email-validator/src/Result/
vendor/egulias/email-validator/src/Result/Reason/
vendor/egulias/email-validator/src/Validation/
vendor/egulias/email-validator/src/Validation/Exception/
vendor/egulias/email-validator/src/Validation/Extra/
vendor/egulias/email-validator/src/Warning/
vendor/eluceo/
vendor/eluceo/ical/
vendor/eluceo/ical/src/
vendor/eluceo/ical/src/Component/
vendor/eluceo/ical/src/Property/
vendor/eluceo/ical/src/Property/Event/
vendor/eluceo/ical/src/Util/
vendor/ezyang/
vendor/ezyang/htmlpurifier/
vendor/ezyang/htmlpurifier/library/
vendor/ezyang/htmlpurifier/library/HTMLPurifier/
vendor/ezyang/htmlpurifier/library/HTMLPurifier/AttrDef/
vendor/ezyang/htmlpurifier/library/HTMLPurifier/AttrDef/CSS/
vendor/ezyang/htmlpurifier/library/HTMLPurifier/AttrDef/HTML/
vendor/ezyang/htmlpurifier/library/HTMLPurifier/AttrDef/URI/
vendor/ezyang/htmlpurifier/library/HTMLPurifier/AttrDef/URI/Email/
vendor/ezyang/htmlpurifier/library/HTMLPurifier/AttrTransform/
vendor/ezyang/htmlpurifier/library/HTMLPurifier/ChildDef/
vendor/ezyang/htmlpurifier/library/HTMLPurifier/ConfigSchema/
vendor/ezyang/htmlpurifier/library/HTMLPurifier/ConfigSchema/Builder/
vendor/ezyang/htmlpurifier/library/HTMLPurifier/ConfigSchema/Interchange/
vendor/ezyang/htmlpurifier/library/HTMLPurifier/ConfigSchema/schema/
vendor/ezyang/htmlpurifier/library/HTMLPurifier/DefinitionCache/
vendor/ezyang/htmlpurifier/library/HTMLPurifier/DefinitionCache/Decorator/
vendor/ezyang/htmlpurifier/library/HTMLPurifier/DefinitionCache/Serializer/
vendor/ezyang/htmlpurifier/library/HTMLPurifier/EntityLookup/
vendor/ezyang/htmlpurifier/library/HTMLPurifier/Filter/
vendor/ezyang/htmlpurifier/library/HTMLPurifier/HTMLModule/
vendor/ezyang/htmlpurifier/library/HTMLPurifier/HTMLModule/Tidy/
vendor/ezyang/htmlpurifier/library/HTMLPurifier/Injector/
vendor/ezyang/htmlpurifier/library/HTMLPurifier/Language/
vendor/ezyang/htmlpurifier/library/HTMLPurifier/Language/messages/
vendor/ezyang/htmlpurifier/library/HTMLPurifier/Lexer/
vendor/ezyang/htmlpurifier/library/HTMLPurifier/Node/
vendor/ezyang/htmlpurifier/library/HTMLPurifier/Printer/
vendor/ezyang/htmlpurifier/library/HTMLPurifier/Strategy/
vendor/ezyang/htmlpurifier/library/HTMLPurifier/TagTransform/
vendor/ezyang/htmlpurifier/library/HTMLPurifier/Token/
vendor/ezyang/htmlpurifier/library/HTMLPurifier/URIFilter/
vendor/ezyang/htmlpurifier/library/HTMLPurifier/URIScheme/
vendor/ezyang/htmlpurifier/library/HTMLPurifier/VarParser/
vendor/fakerphp/
vendor/fakerphp/faker/
vendor/fakerphp/faker/CHANGELOG.md
          8,839 100%   65.89kB/s    0:00:00            8,839 100%   65.89kB/s    0:00:00 (xfr#78, ir-chk=1014/10917)
vendor/fakerphp/faker/LICENSE
          1,186 100%    8.84kB/s    0:00:00            1,186 100%    8.84kB/s    0:00:00 (xfr#79, ir-chk=1013/10917)
vendor/fakerphp/faker/README.md
          3,779 100%   27.96kB/s    0:00:00            3,779 100%   27.96kB/s    0:00:00 (xfr#80, ir-chk=1012/10917)
vendor/fakerphp/faker/composer.json
          1,649 100%   12.20kB/s    0:00:00            1,649 100%   12.20kB/s    0:00:00 (xfr#81, ir-chk=1011/10917)
vendor/fakerphp/faker/rector-migrate.php
          3,753 100%   27.77kB/s    0:00:00            3,753 100%   27.77kB/s    0:00:00 (xfr#82, ir-chk=1010/10917)
vendor/fakerphp/faker/src/
vendor/fakerphp/faker/src/autoload.php
            883 100%    6.48kB/s    0:00:00              883 100%    6.48kB/s    0:00:00 (xfr#83, ir-chk=1008/10917)
vendor/fakerphp/faker/src/Faker/
vendor/fakerphp/faker/src/Faker/ChanceGenerator.php
          1,426 100%    9.88kB/s    0:00:00            1,426 100%    9.88kB/s    0:00:00 (xfr#84, ir-chk=1501/11412)
vendor/fakerphp/faker/src/Faker/DefaultGenerator.php
          1,024 100%    7.09kB/s    0:00:00            1,024 100%    7.09kB/s    0:00:00 (xfr#85, ir-chk=1500/11412)
vendor/fakerphp/faker/src/Faker/Documentor.php
          2,410 100%   16.57kB/s    0:00:00            2,410 100%   16.57kB/s    0:00:00 (xfr#86, ir-chk=1499/11412)
vendor/fakerphp/faker/src/Faker/Factory.php
          2,043 100%   14.05kB/s    0:00:00            2,043 100%   14.05kB/s    0:00:00 (xfr#87, ir-chk=1498/11412)
vendor/fakerphp/faker/src/Faker/Generator.php
         23,044 100%  157.37kB/s    0:00:00           23,044 100%  157.37kB/s    0:00:00 (xfr#88, ir-chk=1497/11412)
vendor/fakerphp/faker/src/Faker/UniqueGenerator.php
          2,336 100%   15.95kB/s    0:00:00            2,336 100%   15.95kB/s    0:00:00 (xfr#89, ir-chk=1496/11412)
vendor/fakerphp/faker/src/Faker/ValidGenerator.php
          2,130 100%   14.55kB/s    0:00:00            2,130 100%   14.55kB/s    0:00:00 (xfr#90, ir-chk=1495/11412)
vendor/fakerphp/faker/src/Faker/Calculator/
vendor/fakerphp/faker/src/Faker/Calculator/Ean.php
          1,130 100%    7.72kB/s    0:00:00            1,130 100%    7.72kB/s    0:00:00 (xfr#91, ir-chk=1487/11412)
vendor/fakerphp/faker/src/Faker/Calculator/Iban.php
          1,614 100%   11.02kB/s    0:00:00            1,614 100%   11.02kB/s    0:00:00 (xfr#92, ir-chk=1486/11412)
vendor/fakerphp/faker/src/Faker/Calculator/Inn.php
          1,257 100%    8.52kB/s    0:00:00            1,257 100%    8.52kB/s    0:00:00 (xfr#93, ir-chk=1485/11412)
vendor/fakerphp/faker/src/Faker/Calculator/Isbn.php
          1,548 100%   10.50kB/s    0:00:00            1,548 100%   10.50kB/s    0:00:00 (xfr#94, ir-chk=1484/11412)
vendor/fakerphp/faker/src/Faker/Calculator/Luhn.php
          1,638 100%   11.11kB/s    0:00:00            1,638 100%   11.11kB/s    0:00:00 (xfr#95, ir-chk=1483/11412)
vendor/fakerphp/faker/src/Faker/Calculator/TCNo.php
          1,152 100%    7.81kB/s    0:00:00            1,152 100%    7.81kB/s    0:00:00 (xfr#96, ir-chk=1482/11412)
vendor/fakerphp/faker/src/Faker/Container/
vendor/fakerphp/faker/src/Faker/Container/Container.php
          3,750 100%   17.44kB/s    0:00:00            3,750 100%   17.44kB/s    0:00:00 (xfr#97, ir-chk=1481/11412)
vendor/fakerphp/faker/src/Faker/Container/ContainerBuilder.php
          1,873 100%    8.71kB/s    0:00:00            1,873 100%    8.67kB/s    0:00:00 (xfr#98, ir-chk=1480/11412)
vendor/fakerphp/faker/src/Faker/Container/ContainerException.php
            300 100%    1.39kB/s    0:00:00              300 100%    1.39kB/s    0:00:00 (xfr#99, ir-chk=1479/11412)
vendor/fakerphp/faker/src/Faker/Container/ContainerInterface.php
            164 100%    0.76kB/s    0:00:00              164 100%    0.76kB/s    0:00:00 (xfr#100, ir-chk=1478/11412)
vendor/fakerphp/faker/src/Faker/Container/NotInContainerException.php
            303 100%    1.40kB/s    0:00:00              303 100%    1.40kB/s    0:00:00 (xfr#101, ir-chk=1477/11412)
vendor/fakerphp/faker/src/Faker/Core/
vendor/fakerphp/faker/src/Faker/Core/Barcode.php
          1,268 100%    5.87kB/s    0:00:00            1,268 100%    5.87kB/s    0:00:00 (xfr#102, ir-chk=1476/11412)
vendor/fakerphp/faker/src/Faker/Core/Blood.php
            818 100%    3.79kB/s    0:00:00              818 100%    3.79kB/s    0:00:00 (xfr#103, ir-chk=1475/11412)
vendor/fakerphp/faker/src/Faker/Core/Color.php
          5,355 100%   24.67kB/s    0:00:00            5,355 100%   24.67kB/s    0:00:00 (xfr#104, ir-chk=1474/11412)
vendor/fakerphp/faker/src/Faker/Core/Coordinates.php
          2,129 100%    9.81kB/s    0:00:00            2,129 100%    9.81kB/s    0:00:00 (xfr#105, ir-chk=1473/11412)
vendor/fakerphp/faker/src/Faker/Core/DateTime.php
          6,305 100%   29.04kB/s    0:00:00            6,305 100%   29.04kB/s    0:00:00 (xfr#106, ir-chk=1472/11412)
vendor/fakerphp/faker/src/Faker/Core/File.php
         23,709 100%  108.70kB/s    0:00:00           23,709 100%  108.70kB/s    0:00:00 (xfr#107, ir-chk=1471/11412)
vendor/fakerphp/faker/src/Faker/Core/Number.php
          1,958 100%    8.98kB/s    0:00:00            1,958 100%    8.94kB/s    0:00:00 (xfr#108, ir-chk=1470/11412)
vendor/fakerphp/faker/src/Faker/Core/Uuid.php
          2,060 100%    9.40kB/s    0:00:00            2,060 100%    9.40kB/s    0:00:00 (xfr#109, ir-chk=1469/11412)
vendor/fakerphp/faker/src/Faker/Core/Version.php
          2,112 100%    9.64kB/s    0:00:00            2,112 100%    9.64kB/s    0:00:00 (xfr#110, ir-chk=1468/11412)
vendor/fakerphp/faker/src/Faker/Extension/
vendor/fakerphp/faker/src/Faker/Extension/AddressExtension.php
            762 100%    3.48kB/s    0:00:00              762 100%    3.48kB/s    0:00:00 (xfr#111, ir-chk=1467/11412)
vendor/fakerphp/faker/src/Faker/Extension/BarcodeExtension.php
            844 100%    3.85kB/s    0:00:00              844 100%    3.85kB/s    0:00:00 (xfr#112, ir-chk=1466/11412)
vendor/fakerphp/faker/src/Faker/Extension/BloodExtension.php
            527 100%    2.40kB/s    0:00:00              527 100%    2.40kB/s    0:00:00 (xfr#113, ir-chk=1465/11412)
vendor/fakerphp/faker/src/Faker/Extension/ColorExtension.php
          1,133 100%    5.17kB/s    0:00:00            1,133 100%    5.15kB/s    0:00:00 (xfr#114, ir-chk=1464/11412)
vendor/fakerphp/faker/src/Faker/Extension/CompanyExtension.php
            386 100%    1.75kB/s    0:00:00              386 100%    1.75kB/s    0:00:00 (xfr#115, ir-chk=1463/11412)
vendor/fakerphp/faker/src/Faker/Extension/CountryExtension.php
            258 100%    1.17kB/s    0:00:00              258 100%    1.17kB/s    0:00:00 (xfr#116, ir-chk=1462/11412)
vendor/fakerphp/faker/src/Faker/Extension/DateTimeExtension.php
          9,266 100%   42.09kB/s    0:00:00            9,266 100%   42.09kB/s    0:00:00 (xfr#117, ir-chk=1461/11412)
vendor/fakerphp/faker/src/Faker/Extension/Extension.php
            250 100%    1.14kB/s    0:00:00              250 100%    1.14kB/s    0:00:00 (xfr#118, ir-chk=1460/11412)
vendor/fakerphp/faker/src/Faker/Extension/ExtensionNotFound.php
            210 100%    0.95kB/s    0:00:00              210 100%    0.95kB/s    0:00:00 (xfr#119, ir-chk=1459/11412)
vendor/fakerphp/faker/src/Faker/Extension/FileExtension.php
            547 100%    2.48kB/s    0:00:00              547 100%    2.48kB/s    0:00:00 (xfr#120, ir-chk=1458/11412)
vendor/fakerphp/faker/src/Faker/Extension/GeneratorAwareExtension.php
            489 100%    2.22kB/s    0:00:00              489 100%    2.22kB/s    0:00:00 (xfr#121, ir-chk=1457/11412)
vendor/fakerphp/faker/src/Faker/Extension/GeneratorAwareExtensionTrait.php
            478 100%    2.17kB/s    0:00:00              478 100%    2.17kB/s    0:00:00 (xfr#122, ir-chk=1456/11412)
vendor/fakerphp/faker/src/Faker/Extension/Helper.php
          3,220 100%   14.63kB/s    0:00:00            3,220 100%   14.63kB/s    0:00:00 (xfr#123, ir-chk=1455/11412)
vendor/fakerphp/faker/src/Faker/Extension/NumberExtension.php
          1,391 100%    6.29kB/s    0:00:00            1,391 100%    6.29kB/s    0:00:00 (xfr#124, ir-chk=1454/11412)
vendor/fakerphp/faker/src/Faker/Extension/PersonExtension.php
          1,122 100%    5.07kB/s    0:00:00            1,122 100%    5.07kB/s    0:00:00 (xfr#125, ir-chk=1453/11412)
vendor/fakerphp/faker/src/Faker/Extension/PhoneNumberExtension.php
            365 100%    1.65kB/s    0:00:00              365 100%    1.65kB/s    0:00:00 (xfr#126, ir-chk=1452/11412)
vendor/fakerphp/faker/src/Faker/Extension/UuidExtension.php
            340 100%    1.54kB/s    0:00:00              340 100%    1.54kB/s    0:00:00 (xfr#127, ir-chk=1451/11412)
vendor/fakerphp/faker/src/Faker/Extension/VersionExtension.php
            627 100%    2.83kB/s    0:00:00              627 100%    2.83kB/s    0:00:00 (xfr#128, ir-chk=1450/11412)
vendor/fakerphp/faker/src/Faker/Guesser/
vendor/fakerphp/faker/src/Faker/Guesser/Name.php
          5,365 100%   24.26kB/s    0:00:00            5,365 100%   24.26kB/s    0:00:00 (xfr#129, ir-chk=1449/11412)
vendor/fakerphp/faker/src/Faker/ORM/
vendor/fakerphp/faker/src/Faker/ORM/CakePHP/
vendor/fakerphp/faker/src/Faker/ORM/CakePHP/ColumnTypeGuesser.php
          2,221 100%   10.04kB/s    0:00:00            2,221 100%   10.04kB/s    0:00:00 (xfr#130, ir-chk=1442/11412)
vendor/fakerphp/faker/src/Faker/ORM/CakePHP/EntityPopulator.php
          4,598 100%   20.79kB/s    0:00:00            4,598 100%   20.69kB/s    0:00:00 (xfr#131, ir-chk=1441/11412)
vendor/fakerphp/faker/src/Faker/ORM/CakePHP/Populator.php
          2,518 100%   11.33kB/s    0:00:00            2,518 100%   11.33kB/s    0:00:00 (xfr#132, ir-chk=1440/11412)
vendor/fakerphp/faker/src/Faker/ORM/Doctrine/
vendor/fakerphp/faker/src/Faker/ORM/Doctrine/ColumnTypeGuesser.php
          2,688 100%   12.10kB/s    0:00:00            2,688 100%   12.10kB/s    0:00:00 (xfr#133, ir-chk=1439/11412)
vendor/fakerphp/faker/src/Faker/ORM/Doctrine/EntityPopulator.php
          7,373 100%   33.18kB/s    0:00:00            7,373 100%   33.18kB/s    0:00:00 (xfr#134, ir-chk=1438/11412)
vendor/fakerphp/faker/src/Faker/ORM/Doctrine/Populator.php
          3,576 100%   16.09kB/s    0:00:00            3,576 100%   16.09kB/s    0:00:00 (xfr#135, ir-chk=1437/11412)
vendor/fakerphp/faker/src/Faker/ORM/Doctrine/backward-compatibility.php
            406 100%    1.82kB/s    0:00:00              406 100%    1.82kB/s    0:00:00 (xfr#136, ir-chk=1436/11412)
vendor/fakerphp/faker/src/Faker/ORM/Mandango/
vendor/fakerphp/faker/src/Faker/ORM/Mandango/ColumnTypeGuesser.php
          1,367 100%    6.12kB/s    0:00:00            1,367 100%    6.12kB/s    0:00:00 (xfr#137, ir-chk=1435/11412)
vendor/fakerphp/faker/src/Faker/ORM/Mandango/EntityPopulator.php
          3,297 100%   14.77kB/s    0:00:00            3,297 100%   14.77kB/s    0:00:00 (xfr#138, ir-chk=1434/11412)
vendor/fakerphp/faker/src/Faker/ORM/Mandango/Populator.php
          1,911 100%    8.56kB/s    0:00:00            1,911 100%    8.56kB/s    0:00:00 (xfr#139, ir-chk=1433/11412)
vendor/fakerphp/faker/src/Faker/ORM/Propel/
vendor/fakerphp/faker/src/Faker/ORM/Propel/ColumnTypeGuesser.php
          3,533 100%   15.83kB/s    0:00:00            3,533 100%   15.83kB/s    0:00:00 (xfr#140, ir-chk=1432/11412)
vendor/fakerphp/faker/src/Faker/ORM/Propel/EntityPopulator.php
          5,713 100%   25.59kB/s    0:00:00            5,713 100%   25.59kB/s    0:00:00 (xfr#141, ir-chk=1431/11412)
vendor/fakerphp/faker/src/Faker/ORM/Propel/Populator.php
          2,769 100%   12.35kB/s    0:00:00            2,769 100%   12.35kB/s    0:00:00 (xfr#142, ir-chk=1430/11412)
vendor/fakerphp/faker/src/Faker/ORM/Propel2/
vendor/fakerphp/faker/src/Faker/ORM/Propel2/ColumnTypeGuesser.php
          3,514 100%   15.67kB/s    0:00:00            3,514 100%   15.67kB/s    0:00:00 (xfr#143, ir-chk=1429/11412)
vendor/fakerphp/faker/src/Faker/ORM/Propel2/EntityPopulator.php
          5,822 100%   25.96kB/s    0:00:00            5,822 100%   25.96kB/s    0:00:00 (xfr#144, ir-chk=1428/11412)
vendor/fakerphp/faker/src/Faker/ORM/Propel2/Populator.php
          2,883 100%   12.86kB/s    0:00:00            2,883 100%   12.86kB/s    0:00:00 (xfr#145, ir-chk=1427/11412)
vendor/fakerphp/faker/src/Faker/ORM/Spot/
vendor/fakerphp/faker/src/Faker/ORM/Spot/ColumnTypeGuesser.php
          2,280 100%   10.17kB/s    0:00:00            2,280 100%   10.17kB/s    0:00:00 (xfr#146, ir-chk=1426/11412)
vendor/fakerphp/faker/src/Faker/ORM/Spot/EntityPopulator.php
          5,081 100%   22.66kB/s    0:00:00            5,081 100%   22.66kB/s    0:00:00 (xfr#147, ir-chk=1425/11412)
vendor/fakerphp/faker/src/Faker/ORM/Spot/Populator.php
          2,586 100%   11.53kB/s    0:00:00            2,586 100%   11.53kB/s    0:00:00 (xfr#148, ir-chk=1424/11412)
vendor/fakerphp/faker/src/Faker/Provider/
vendor/fakerphp/faker/src/Faker/Provider/Address.php
          3,572 100%   15.93kB/s    0:00:00            3,572 100%   15.86kB/s    0:00:00 (xfr#149, ir-chk=1423/11412)
vendor/fakerphp/faker/src/Faker/Provider/Barcode.php
          2,242 100%    9.95kB/s    0:00:00            2,242 100%    9.95kB/s    0:00:00 (xfr#150, ir-chk=1422/11412)
vendor/fakerphp/faker/src/Faker/Provider/Base.php
         22,732 100%  100.91kB/s    0:00:00           22,732 100%  100.91kB/s    0:00:00 (xfr#151, ir-chk=1421/11412)
vendor/fakerphp/faker/src/Faker/Provider/Biased.php
          1,836 100%    8.15kB/s    0:00:00            1,836 100%    8.15kB/s    0:00:00 (xfr#152, ir-chk=1420/11412)
vendor/fakerphp/faker/src/Faker/Provider/Color.php
          4,749 100%   20.99kB/s    0:00:00            4,749 100%   20.99kB/s    0:00:00 (xfr#153, ir-chk=1419/11412)
vendor/fakerphp/faker/src/Faker/Provider/Company.php
            901 100%    3.98kB/s    0:00:00              901 100%    3.98kB/s    0:00:00 (xfr#154, ir-chk=1418/11412)
vendor/fakerphp/faker/src/Faker/Provider/DateTime.php
         12,386 100%   54.73kB/s    0:00:00           12,386 100%   54.73kB/s    0:00:00 (xfr#155, ir-chk=1417/11412)
vendor/fakerphp/faker/src/Faker/Provider/File.php
         25,707 100%  113.59kB/s    0:00:00           25,707 100%  113.59kB/s    0:00:00 (xfr#156, ir-chk=1416/11412)
vendor/fakerphp/faker/src/Faker/Provider/HtmlLorem.php
         10,223 100%   44.97kB/s    0:00:00           10,223 100%   44.97kB/s    0:00:00 (xfr#157, ir-chk=1415/11412)
vendor/fakerphp/faker/src/Faker/Provider/Image.php
          6,140 100%   27.01kB/s    0:00:00            6,140 100%   27.01kB/s    0:00:00 (xfr#158, ir-chk=1414/11412)
vendor/fakerphp/faker/src/Faker/Provider/Internet.php
         17,580 100%   76.99kB/s    0:00:00           17,580 100%   76.99kB/s    0:00:00 (xfr#159, ir-chk=1413/11412)
vendor/fakerphp/faker/src/Faker/Provider/Lorem.php
          7,884 100%   34.53kB/s    0:00:00            7,884 100%   34.53kB/s    0:00:00 (xfr#160, ir-chk=1412/11412)
vendor/fakerphp/faker/src/Faker/Provider/Medical.php
            648 100%    2.84kB/s    0:00:00              648 100%    2.84kB/s    0:00:00 (xfr#161, ir-chk=1411/11412)
vendor/fakerphp/faker/src/Faker/Provider/Miscellaneous.php
         13,526 100%   58.97kB/s    0:00:00           13,526 100%   58.97kB/s    0:00:00 (xfr#162, ir-chk=1410/11412)
vendor/fakerphp/faker/src/Faker/Provider/Payment.php
         10,667 100%   46.50kB/s    0:00:00           10,667 100%   46.50kB/s    0:00:00 (xfr#163, ir-chk=1409/11412)
vendor/fakerphp/faker/src/Faker/Provider/Person.php
          3,311 100%   14.43kB/s    0:00:00            3,311 100%   14.43kB/s    0:00:00 (xfr#164, ir-chk=1408/11412)
vendor/fakerphp/faker/src/Faker/Provider/PhoneNumber.php
          6,602 100%   28.78kB/s    0:00:00            6,602 100%   28.78kB/s    0:00:00 (xfr#165, ir-chk=1407/11412)
vendor/fakerphp/faker/src/Faker/Provider/Text.php
          6,808 100%   29.55kB/s    0:00:00            6,808 100%   29.55kB/s    0:00:00 (xfr#166, ir-chk=1406/11412)
vendor/fakerphp/faker/src/Faker/Provider/UserAgent.php
          8,662 100%   37.60kB/s    0:00:00            8,662 100%   37.60kB/s    0:00:00 (xfr#167, ir-chk=1405/11412)
vendor/fakerphp/faker/src/Faker/Provider/Uuid.php
          1,819 100%    7.89kB/s    0:00:00            1,819 100%    7.89kB/s    0:00:00 (xfr#168, ir-chk=1404/11412)
vendor/fakerphp/faker/src/Faker/Provider/ar_EG/
vendor/fakerphp/faker/src/Faker/Provider/ar_EG/Address.php
         10,179 100%   44.18kB/s    0:00:00           10,179 100%   44.18kB/s    0:00:00 (xfr#169, ir-chk=1328/11412)
vendor/fakerphp/faker/src/Faker/Provider/ar_EG/Color.php
          1,719 100%    7.43kB/s    0:00:00            1,719 100%    7.43kB/s    0:00:00 (xfr#170, ir-chk=1327/11412)
vendor/fakerphp/faker/src/Faker/Provider/ar_EG/Company.php
          2,331 100%   10.07kB/s    0:00:00            2,331 100%   10.07kB/s    0:00:00 (xfr#171, ir-chk=1326/11412)
vendor/fakerphp/faker/src/Faker/Provider/ar_EG/Internet.php
          1,939 100%    8.38kB/s    0:00:00            1,939 100%    8.38kB/s    0:00:00 (xfr#172, ir-chk=1325/11412)
vendor/fakerphp/faker/src/Faker/Provider/ar_EG/Payment.php
            324 100%    1.40kB/s    0:00:00              324 100%    1.40kB/s    0:00:00 (xfr#173, ir-chk=1324/11412)
vendor/fakerphp/faker/src/Faker/Provider/ar_EG/Person.php
         11,027 100%   47.44kB/s    0:00:00           11,027 100%   47.44kB/s    0:00:00 (xfr#174, ir-chk=1323/11412)
vendor/fakerphp/faker/src/Faker/Provider/ar_EG/Text.php
         19,599 100%   84.32kB/s    0:00:00           19,599 100%   84.32kB/s    0:00:00 (xfr#175, ir-chk=1322/11412)
vendor/fakerphp/faker/src/Faker/Provider/ar_JO/
vendor/fakerphp/faker/src/Faker/Provider/ar_JO/Address.php
          9,925 100%   42.51kB/s    0:00:00            9,925 100%   42.51kB/s    0:00:00 (xfr#176, ir-chk=1321/11412)
vendor/fakerphp/faker/src/Faker/Provider/ar_JO/Company.php
          1,742 100%    7.46kB/s    0:00:00            1,742 100%    7.46kB/s    0:00:00 (xfr#177, ir-chk=1320/11412)
vendor/fakerphp/faker/src/Faker/Provider/ar_JO/Internet.php
          1,611 100%    6.90kB/s    0:00:00            1,611 100%    6.90kB/s    0:00:00 (xfr#178, ir-chk=1319/11412)
vendor/fakerphp/faker/src/Faker/Provider/ar_JO/Person.php
         19,364 100%   82.58kB/s    0:00:00           19,364 100%   82.58kB/s    0:00:00 (xfr#179, ir-chk=1318/11412)
vendor/fakerphp/faker/src/Faker/Provider/ar_JO/Text.php
         32,768  18%  139.74kB/s    0:00:01          176,210 100%  732.26kB/s    0:00:00 (xfr#180, ir-chk=1317/11412)
vendor/fakerphp/faker/src/Faker/Provider/ar_SA/
vendor/fakerphp/faker/src/Faker/Provider/ar_SA/Address.php
         11,114 100%   45.99kB/s    0:00:00           11,114 100%   45.99kB/s    0:00:00 (xfr#181, ir-chk=1316/11412)
vendor/fakerphp/faker/src/Faker/Provider/ar_SA/Color.php
         11,813 100%   48.88kB/s    0:00:00           11,813 100%   48.88kB/s    0:00:00 (xfr#182, ir-chk=1315/11412)
vendor/fakerphp/faker/src/Faker/Provider/ar_SA/Company.php
          2,003 100%    8.29kB/s    0:00:00            2,003 100%    8.29kB/s    0:00:00 (xfr#183, ir-chk=1314/11412)
vendor/fakerphp/faker/src/Faker/Provider/ar_SA/Internet.php
          1,611 100%    6.67kB/s    0:00:00            1,611 100%    6.67kB/s    0:00:00 (xfr#184, ir-chk=1313/11412)
vendor/fakerphp/faker/src/Faker/Provider/ar_SA/Payment.php
            682 100%    2.81kB/s    0:00:00              682 100%    2.81kB/s    0:00:00 (xfr#185, ir-chk=1312/11412)
vendor/fakerphp/faker/src/Faker/Provider/ar_SA/Person.php
         15,329 100%   63.16kB/s    0:00:00           15,329 100%   63.16kB/s    0:00:00 (xfr#186, ir-chk=1311/11412)
vendor/fakerphp/faker/src/Faker/Provider/ar_SA/Text.php
         32,768  18%  135.02kB/s    0:00:01          176,210 100%  723.03kB/s    0:00:00 (xfr#187, ir-chk=1310/11412)
vendor/fakerphp/faker/src/Faker/Provider/at_AT/
vendor/fakerphp/faker/src/Faker/Provider/at_AT/Payment.php
            233 100%    0.96kB/s    0:00:00              233 100%    0.96kB/s    0:00:00 (xfr#188, ir-chk=1309/11412)
vendor/fakerphp/faker/src/Faker/Provider/bg_BG/
vendor/fakerphp/faker/src/Faker/Provider/bg_BG/Internet.php
            308 100%    1.26kB/s    0:00:00              308 100%    1.26kB/s    0:00:00 (xfr#189, ir-chk=1308/11412)
vendor/fakerphp/faker/src/Faker/Provider/bg_BG/Payment.php
          1,398 100%    5.74kB/s    0:00:00            1,398 100%    5.74kB/s    0:00:00 (xfr#190, ir-chk=1307/11412)
vendor/fakerphp/faker/src/Faker/Provider/bg_BG/Person.php
         32,768  99%  133.89kB/s    0:00:00           32,855 100%  133.69kB/s    0:00:00 (xfr#191, ir-chk=1306/11412)
vendor/fakerphp/faker/src/Faker/Provider/bg_BG/PhoneNumber.php
            421 100%    1.71kB/s    0:00:00              421 100%    1.71kB/s    0:00:00 (xfr#192, ir-chk=1305/11412)
vendor/fakerphp/faker/src/Faker/Provider/bn_BD/
vendor/fakerphp/faker/src/Faker/Provider/bn_BD/Address.php
         12,931 100%   52.62kB/s    0:00:00           12,931 100%   52.62kB/s    0:00:00 (xfr#193, ir-chk=1304/11412)
vendor/fakerphp/faker/src/Faker/Provider/bn_BD/Company.php
            597 100%    2.43kB/s    0:00:00              597 100%    2.43kB/s    0:00:00 (xfr#194, ir-chk=1303/11412)
vendor/fakerphp/faker/src/Faker/Provider/bn_BD/Person.php
          1,457 100%    5.90kB/s    0:00:00            1,457 100%    5.90kB/s    0:00:00 (xfr#195, ir-chk=1302/11412)
vendor/fakerphp/faker/src/Faker/Provider/bn_BD/PhoneNumber.php
            263 100%    1.07kB/s    0:00:00              263 100%    1.07kB/s    0:00:00 (xfr#196, ir-chk=1301/11412)
vendor/fakerphp/faker/src/Faker/Provider/bn_BD/Utils.php
            300 100%    1.22kB/s    0:00:00              300 100%    1.22kB/s    0:00:00 (xfr#197, ir-chk=1300/11412)
vendor/fakerphp/faker/src/Faker/Provider/cs_CZ/
vendor/fakerphp/faker/src/Faker/Provider/cs_CZ/Address.php
          9,246 100%   37.31kB/s    0:00:00            9,246 100%   37.31kB/s    0:00:00 (xfr#198, ir-chk=1299/11412)
vendor/fakerphp/faker/src/Faker/Provider/cs_CZ/Company.php
          3,588 100%   14.48kB/s    0:00:00            3,588 100%   14.48kB/s    0:00:00 (xfr#199, ir-chk=1298/11412)
vendor/fakerphp/faker/src/Faker/Provider/cs_CZ/DateTime.php
          1,737 100%    7.01kB/s    0:00:00            1,737 100%    7.01kB/s    0:00:00 (xfr#200, ir-chk=1297/11412)
vendor/fakerphp/faker/src/Faker/Provider/cs_CZ/Internet.php
            317 100%    1.28kB/s    0:00:00              317 100%    1.28kB/s    0:00:00 (xfr#201, ir-chk=1296/11412)
vendor/fakerphp/faker/src/Faker/Provider/cs_CZ/Payment.php
            682 100%    2.75kB/s    0:00:00              682 100%    2.75kB/s    0:00:00 (xfr#202, ir-chk=1295/11412)
vendor/fakerphp/faker/src/Faker/Provider/cs_CZ/Person.php
         32,768  96%  132.23kB/s    0:00:00           33,825 100%  135.38kB/s    0:00:00 (xfr#203, ir-chk=1294/11412)
vendor/fakerphp/faker/src/Faker/Provider/cs_CZ/PhoneNumber.php
            262 100%    1.05kB/s    0:00:00              262 100%    1.05kB/s    0:00:00 (xfr#204, ir-chk=1293/11412)
vendor/fakerphp/faker/src/Faker/Provider/cs_CZ/Text.php
         32,768   6%  130.61kB/s    0:00:03          518,867 100%    1.82MB/s    0:00:00 (xfr#205, ir-chk=1292/11412)
vendor/fakerphp/faker/src/Faker/Provider/da_DK/
vendor/fakerphp/faker/src/Faker/Provider/da_DK/Address.php
         16,187 100%   57.69kB/s    0:00:00           16,187 100%   57.69kB/s    0:00:00 (xfr#206, ir-chk=1291/11412)
vendor/fakerphp/faker/src/Faker/Provider/da_DK/Company.php
          1,867 100%    6.65kB/s    0:00:00            1,867 100%    6.65kB/s    0:00:00 (xfr#207, ir-chk=1290/11412)
vendor/fakerphp/faker/src/Faker/Provider/da_DK/Internet.php
            610 100%    2.17kB/s    0:00:00              610 100%    2.17kB/s    0:00:00 (xfr#208, ir-chk=1289/11412)
vendor/fakerphp/faker/src/Faker/Provider/da_DK/Payment.php
            682 100%    2.43kB/s    0:00:00              682 100%    2.43kB/s    0:00:00 (xfr#209, ir-chk=1288/11412)
vendor/fakerphp/faker/src/Faker/Provider/da_DK/Person.php
         16,297 100%   57.66kB/s    0:00:00           16,297 100%   57.66kB/s    0:00:00 (xfr#210, ir-chk=1287/11412)
vendor/fakerphp/faker/src/Faker/Provider/da_DK/PhoneNumber.php
            340 100%    1.20kB/s    0:00:00              340 100%    1.20kB/s    0:00:00 (xfr#211, ir-chk=1286/11412)
vendor/fakerphp/faker/src/Faker/Provider/de_AT/
vendor/fakerphp/faker/src/Faker/Provider/de_AT/Address.php
         11,069 100%   39.17kB/s    0:00:00           11,069 100%   39.17kB/s    0:00:00 (xfr#212, ir-chk=1285/11412)
vendor/fakerphp/faker/src/Faker/Provider/de_AT/Company.php
            313 100%    1.10kB/s    0:00:00              313 100%    1.10kB/s    0:00:00 (xfr#213, ir-chk=1284/11412)
vendor/fakerphp/faker/src/Faker/Provider/de_AT/Internet.php
            262 100%    0.92kB/s    0:00:00              262 100%    0.92kB/s    0:00:00 (xfr#214, ir-chk=1283/11412)
vendor/fakerphp/faker/src/Faker/Provider/de_AT/Payment.php
          1,310 100%    4.62kB/s    0:00:00            1,310 100%    4.62kB/s    0:00:00 (xfr#215, ir-chk=1282/11412)
vendor/fakerphp/faker/src/Faker/Provider/de_AT/Person.php
         11,400 100%   40.05kB/s    0:00:00           11,400 100%   40.05kB/s    0:00:00 (xfr#216, ir-chk=1281/11412)
vendor/fakerphp/faker/src/Faker/Provider/de_AT/PhoneNumber.php
            455 100%    1.60kB/s    0:00:00              455 100%    1.60kB/s    0:00:00 (xfr#217, ir-chk=1280/11412)
vendor/fakerphp/faker/src/Faker/Provider/de_AT/Text.php
             90 100%    0.32kB/s    0:00:00               90 100%    0.32kB/s    0:00:00 (xfr#218, ir-chk=1279/11412)
vendor/fakerphp/faker/src/Faker/Provider/de_CH/
vendor/fakerphp/faker/src/Faker/Provider/de_CH/Address.php
         10,532 100%   37.00kB/s    0:00:00           10,532 100%   37.00kB/s    0:00:00 (xfr#219, ir-chk=1278/11412)
vendor/fakerphp/faker/src/Faker/Provider/de_CH/Company.php
            331 100%    1.16kB/s    0:00:00              331 100%    1.16kB/s    0:00:00 (xfr#220, ir-chk=1277/11412)
vendor/fakerphp/faker/src/Faker/Provider/de_CH/Internet.php
            381 100%    1.33kB/s    0:00:00              381 100%    1.33kB/s    0:00:00 (xfr#221, ir-chk=1276/11412)
vendor/fakerphp/faker/src/Faker/Provider/de_CH/Payment.php
            682 100%    2.39kB/s    0:00:00              682 100%    2.39kB/s    0:00:00 (xfr#222, ir-chk=1275/11412)
vendor/fakerphp/faker/src/Faker/Provider/de_CH/Person.php
          7,934 100%   27.77kB/s    0:00:00            7,934 100%   27.77kB/s    0:00:00 (xfr#223, ir-chk=1274/11412)
vendor/fakerphp/faker/src/Faker/Provider/de_CH/PhoneNumber.php
            968 100%    3.39kB/s    0:00:00              968 100%    3.39kB/s    0:00:00 (xfr#224, ir-chk=1273/11412)
vendor/fakerphp/faker/src/Faker/Provider/de_CH/Text.php
         32,768  24%  114.29kB/s    0:00:00          131,592 100%  447.76kB/s    0:00:00 (xfr#225, ir-chk=1272/11412)
vendor/fakerphp/faker/src/Faker/Provider/de_DE/
vendor/fakerphp/faker/src/Faker/Provider/de_DE/Address.php
         15,915 100%   51.98kB/s    0:00:00           15,915 100%   51.98kB/s    0:00:00 (xfr#226, ir-chk=1271/11412)
vendor/fakerphp/faker/src/Faker/Provider/de_DE/Company.php
          1,349 100%    4.41kB/s    0:00:00            1,349 100%    4.41kB/s    0:00:00 (xfr#227, ir-chk=1270/11412)
vendor/fakerphp/faker/src/Faker/Provider/de_DE/Internet.php
            669 100%    2.18kB/s    0:00:00              669 100%    2.18kB/s    0:00:00 (xfr#228, ir-chk=1269/11412)
vendor/fakerphp/faker/src/Faker/Provider/de_DE/Payment.php
          3,037 100%    9.89kB/s    0:00:00            3,037 100%    9.89kB/s    0:00:00 (xfr#229, ir-chk=1268/11412)
vendor/fakerphp/faker/src/Faker/Provider/de_DE/Person.php
         18,155 100%   58.90kB/s    0:00:00           18,155 100%   58.90kB/s    0:00:00 (xfr#230, ir-chk=1267/11412)
vendor/fakerphp/faker/src/Faker/Provider/de_DE/PhoneNumber.php
          4,818 100%   15.63kB/s    0:00:00            4,818 100%   15.63kB/s    0:00:00 (xfr#231, ir-chk=1266/11412)
vendor/fakerphp/faker/src/Faker/Provider/de_DE/Text.php
         32,768  24%  106.31kB/s    0:00:00          131,592 100%  425.52kB/s    0:00:00 (xfr#232, ir-chk=1265/11412)
vendor/fakerphp/faker/src/Faker/Provider/el_CY/
vendor/fakerphp/faker/src/Faker/Provider/el_CY/Address.php
          4,101 100%   13.26kB/s    0:00:00            4,101 100%   13.26kB/s    0:00:00 (xfr#233, ir-chk=1264/11412)
vendor/fakerphp/faker/src/Faker/Provider/el_CY/Company.php
            361 100%    1.16kB/s    0:00:00              361 100%    1.16kB/s    0:00:00 (xfr#234, ir-chk=1263/11412)
vendor/fakerphp/faker/src/Faker/Provider/el_CY/Internet.php
            348 100%    1.12kB/s    0:00:00              348 100%    1.12kB/s    0:00:00 (xfr#235, ir-chk=1262/11412)
vendor/fakerphp/faker/src/Faker/Provider/el_CY/Payment.php
          1,508 100%    4.86kB/s    0:00:00            1,508 100%    4.86kB/s    0:00:00 (xfr#236, ir-chk=1261/11412)
vendor/fakerphp/faker/src/Faker/Provider/el_CY/Person.php
         12,033 100%   38.65kB/s    0:00:00           12,033 100%   38.65kB/s    0:00:00 (xfr#237, ir-chk=1260/11412)
vendor/fakerphp/faker/src/Faker/Provider/el_CY/PhoneNumber.php
            620 100%    1.99kB/s    0:00:00              620 100%    1.99kB/s    0:00:00 (xfr#238, ir-chk=1259/11412)
vendor/fakerphp/faker/src/Faker/Provider/el_GR/
vendor/fakerphp/faker/src/Faker/Provider/el_GR/Address.php
         18,404 100%   59.12kB/s    0:00:00           18,404 100%   59.12kB/s    0:00:00 (xfr#239, ir-chk=1258/11412)
vendor/fakerphp/faker/src/Faker/Provider/el_GR/Company.php
          2,231 100%    7.14kB/s    0:00:00            2,231 100%    7.14kB/s    0:00:00 (xfr#240, ir-chk=1257/11412)
vendor/fakerphp/faker/src/Faker/Provider/el_GR/Payment.php
            682 100%    2.18kB/s    0:00:00              682 100%    2.18kB/s    0:00:00 (xfr#241, ir-chk=1256/11412)
vendor/fakerphp/faker/src/Faker/Provider/el_GR/Person.php
         32,768  94%  104.92kB/s    0:00:00           34,547 100%  110.25kB/s    0:00:00 (xfr#242, ir-chk=1255/11412)
vendor/fakerphp/faker/src/Faker/Provider/el_GR/PhoneNumber.php
         10,606 100%   33.85kB/s    0:00:00           10,606 100%   33.85kB/s    0:00:00 (xfr#243, ir-chk=1254/11412)
vendor/fakerphp/faker/src/Faker/Provider/el_GR/Text.php
         32,768   6%  104.58kB/s    0:00:04          545,657 100%    1.61MB/s    0:00:00 (xfr#244, ir-chk=1253/11412)
vendor/fakerphp/faker/src/Faker/Provider/en_AU/
vendor/fakerphp/faker/src/Faker/Provider/en_AU/Address.php
          4,687 100%   14.13kB/s    0:00:00            4,687 100%   14.13kB/s    0:00:00 (xfr#245, ir-chk=1252/11412)
vendor/fakerphp/faker/src/Faker/Provider/en_AU/Internet.php
            322 100%    0.97kB/s    0:00:00              322 100%    0.97kB/s    0:00:00 (xfr#246, ir-chk=1251/11412)
vendor/fakerphp/faker/src/Faker/Provider/en_AU/PhoneNumber.php
          1,413 100%    4.26kB/s    0:00:00            1,413 100%    4.26kB/s    0:00:00 (xfr#247, ir-chk=1250/11412)
vendor/fakerphp/faker/src/Faker/Provider/en_CA/
vendor/fakerphp/faker/src/Faker/Provider/en_CA/Address.php
          1,854 100%    5.59kB/s    0:00:00            1,854 100%    5.59kB/s    0:00:00 (xfr#248, ir-chk=1249/11412)
vendor/fakerphp/faker/src/Faker/Provider/en_CA/PhoneNumber.php
            386 100%    1.16kB/s    0:00:00              386 100%    1.16kB/s    0:00:00 (xfr#249, ir-chk=1248/11412)
vendor/fakerphp/faker/src/Faker/Provider/en_GB/
vendor/fakerphp/faker/src/Faker/Provider/en_GB/Address.php
         15,327 100%   46.05kB/s    0:00:00           15,327 100%   46.05kB/s    0:00:00 (xfr#250, ir-chk=1247/11412)
vendor/fakerphp/faker/src/Faker/Provider/en_GB/Company.php
          3,546 100%   10.62kB/s    0:00:00            3,546 100%   10.62kB/s    0:00:00 (xfr#251, ir-chk=1246/11412)
vendor/fakerphp/faker/src/Faker/Provider/en_GB/Internet.php
            332 100%    0.99kB/s    0:00:00              332 100%    0.99kB/s    0:00:00 (xfr#252, ir-chk=1245/11412)
vendor/fakerphp/faker/src/Faker/Provider/en_GB/Payment.php
            682 100%    2.04kB/s    0:00:00              682 100%    2.04kB/s    0:00:00 (xfr#253, ir-chk=1244/11412)
vendor/fakerphp/faker/src/Faker/Provider/en_GB/Person.php
          5,722 100%   17.14kB/s    0:00:00            5,722 100%   17.14kB/s    0:00:00 (xfr#254, ir-chk=1243/11412)
vendor/fakerphp/faker/src/Faker/Provider/en_GB/PhoneNumber.php
          1,027 100%    3.08kB/s    0:00:00            1,027 100%    3.08kB/s    0:00:00 (xfr#255, ir-chk=1242/11412)
vendor/fakerphp/faker/src/Faker/Provider/en_HK/
vendor/fakerphp/faker/src/Faker/Provider/en_HK/Address.php
          9,859 100%   29.44kB/s    0:00:00            9,859 100%   29.44kB/s    0:00:00 (xfr#256, ir-chk=1241/11412)
vendor/fakerphp/faker/src/Faker/Provider/en_HK/Internet.php
            394 100%    1.18kB/s    0:00:00              394 100%    1.18kB/s    0:00:00 (xfr#257, ir-chk=1240/11412)
vendor/fakerphp/faker/src/Faker/Provider/en_HK/PhoneNumber.php
          1,037 100%    3.10kB/s    0:00:00            1,037 100%    3.10kB/s    0:00:00 (xfr#258, ir-chk=1239/11412)
vendor/fakerphp/faker/src/Faker/Provider/en_IN/
vendor/fakerphp/faker/src/Faker/Provider/en_IN/Address.php
          8,229 100%   24.50kB/s    0:00:00            8,229 100%   24.50kB/s    0:00:00 (xfr#259, ir-chk=1238/11412)
vendor/fakerphp/faker/src/Faker/Provider/en_IN/Internet.php
            330 100%    0.98kB/s    0:00:00              330 100%    0.98kB/s    0:00:00 (xfr#260, ir-chk=1237/11412)
vendor/fakerphp/faker/src/Faker/Provider/en_IN/Person.php
         11,961 100%   35.61kB/s    0:00:00           11,961 100%   35.61kB/s    0:00:00 (xfr#261, ir-chk=1236/11412)
vendor/fakerphp/faker/src/Faker/Provider/en_IN/PhoneNumber.php
            759 100%    2.25kB/s    0:00:00              759 100%    2.25kB/s    0:00:00 (xfr#262, ir-chk=1235/11412)
vendor/fakerphp/faker/src/Faker/Provider/en_NG/
vendor/fakerphp/faker/src/Faker/Provider/en_NG/Address.php
          5,483 100%   16.28kB/s    0:00:00            5,483 100%   16.28kB/s    0:00:00 (xfr#263, ir-chk=1234/11412)
vendor/fakerphp/faker/src/Faker/Provider/en_NG/Internet.php
            202 100%    0.60kB/s    0:00:00              202 100%    0.60kB/s    0:00:00 (xfr#264, ir-chk=1233/11412)
vendor/fakerphp/faker/src/Faker/Provider/en_NG/Person.php
          4,230 100%   12.56kB/s    0:00:00            4,230 100%   12.56kB/s    0:00:00 (xfr#265, ir-chk=1232/11412)
vendor/fakerphp/faker/src/Faker/Provider/en_NG/PhoneNumber.php
          3,249 100%    9.64kB/s    0:00:00            3,249 100%    9.64kB/s    0:00:00 (xfr#266, ir-chk=1231/11412)
vendor/fakerphp/faker/src/Faker/Provider/en_NZ/
vendor/fakerphp/faker/src/Faker/Provider/en_NZ/Address.php
          2,231 100%    6.60kB/s    0:00:00            2,231 100%    6.60kB/s    0:00:00 (xfr#267, ir-chk=1230/11412)
vendor/fakerphp/faker/src/Faker/Provider/en_NZ/Internet.php
            447 100%    1.32kB/s    0:00:00              447 100%    1.32kB/s    0:00:00 (xfr#268, ir-chk=1229/11412)
vendor/fakerphp/faker/src/Faker/Provider/en_NZ/PhoneNumber.php
          2,164 100%    6.40kB/s    0:00:00            2,164 100%    6.40kB/s    0:00:00 (xfr#269, ir-chk=1228/11412)
vendor/fakerphp/faker/src/Faker/Provider/en_PH/
vendor/fakerphp/faker/src/Faker/Provider/en_PH/Address.php
         27,385 100%   80.80kB/s    0:00:00           27,385 100%   80.80kB/s    0:00:00 (xfr#270, ir-chk=1227/11412)
vendor/fakerphp/faker/src/Faker/Provider/en_PH/PhoneNumber.php
          3,082 100%    9.09kB/s    0:00:00            3,082 100%    9.09kB/s    0:00:00 (xfr#271, ir-chk=1226/11412)
vendor/fakerphp/faker/src/Faker/Provider/en_SG/
vendor/fakerphp/faker/src/Faker/Provider/en_SG/Address.php
          3,779 100%   11.15kB/s    0:00:00            3,779 100%   11.15kB/s    0:00:00 (xfr#272, ir-chk=1225/11412)
vendor/fakerphp/faker/src/Faker/Provider/en_SG/Person.php
          2,291 100%    6.74kB/s    0:00:00            2,291 100%    6.74kB/s    0:00:00 (xfr#273, ir-chk=1224/11412)
vendor/fakerphp/faker/src/Faker/Provider/en_SG/PhoneNumber.php
          2,780 100%    8.18kB/s    0:00:00            2,780 100%    8.18kB/s    0:00:00 (xfr#274, ir-chk=1223/11412)
vendor/fakerphp/faker/src/Faker/Provider/en_UG/
vendor/fakerphp/faker/src/Faker/Provider/en_UG/Address.php
          3,902 100%   11.48kB/s    0:00:00            3,902 100%   11.48kB/s    0:00:00 (xfr#275, ir-chk=1222/11412)
vendor/fakerphp/faker/src/Faker/Provider/en_UG/Internet.php
            338 100%    0.99kB/s    0:00:00              338 100%    0.99kB/s    0:00:00 (xfr#276, ir-chk=1221/11412)
vendor/fakerphp/faker/src/Faker/Provider/en_UG/Person.php
         11,038 100%   32.37kB/s    0:00:00           11,038 100%   32.37kB/s    0:00:00 (xfr#277, ir-chk=1220/11412)
vendor/fakerphp/faker/src/Faker/Provider/en_UG/PhoneNumber.php
            337 100%    0.99kB/s    0:00:00              337 100%    0.99kB/s    0:00:00 (xfr#278, ir-chk=1219/11412)
vendor/fakerphp/faker/src/Faker/Provider/en_US/
vendor/fakerphp/faker/src/Faker/Provider/en_US/Address.php
          8,943 100%   26.23kB/s    0:00:00            8,943 100%   26.23kB/s    0:00:00 (xfr#279, ir-chk=1218/11412)
vendor/fakerphp/faker/src/Faker/Provider/en_US/Company.php
         32,768  86%   96.10kB/s    0:00:00           37,949 100%  110.63kB/s    0:00:00 (xfr#280, ir-chk=1217/11412)
vendor/fakerphp/faker/src/Faker/Provider/en_US/Payment.php
          1,156 100%    3.37kB/s    0:00:00            1,156 100%    3.37kB/s    0:00:00 (xfr#281, ir-chk=1216/11412)
vendor/fakerphp/faker/src/Faker/Provider/en_US/Person.php
         32,768  88%   95.52kB/s    0:00:00           37,229 100%  107.88kB/s    0:00:00 (xfr#282, ir-chk=1215/11412)
vendor/fakerphp/faker/src/Faker/Provider/en_US/PhoneNumber.php
          4,459 100%   12.92kB/s    0:00:00            4,459 100%   12.92kB/s    0:00:00 (xfr#283, ir-chk=1214/11412)
vendor/fakerphp/faker/src/Faker/Provider/en_US/Text.php
         32,768  19%   94.96kB/s    0:00:01          165,362 100%  465.38kB/s    0:00:00 (xfr#284, ir-chk=1213/11412)
vendor/fakerphp/faker/src/Faker/Provider/en_ZA/
vendor/fakerphp/faker/src/Faker/Provider/en_ZA/Address.php
          4,380 100%   12.33kB/s    0:00:00            4,380 100%   12.33kB/s    0:00:00 (xfr#285, ir-chk=1212/11412)
vendor/fakerphp/faker/src/Faker/Provider/en_ZA/Company.php
            685 100%    1.93kB/s    0:00:00              685 100%    1.93kB/s    0:00:00 (xfr#286, ir-chk=1211/11412)
vendor/fakerphp/faker/src/Faker/Provider/en_ZA/Internet.php
            882 100%    2.48kB/s    0:00:00              882 100%    2.48kB/s    0:00:00 (xfr#287, ir-chk=1210/11412)
vendor/fakerphp/faker/src/Faker/Provider/en_ZA/Person.php
         14,571 100%   40.89kB/s    0:00:00           14,571 100%   40.89kB/s    0:00:00 (xfr#288, ir-chk=1209/11412)
vendor/fakerphp/faker/src/Faker/Provider/en_ZA/PhoneNumber.php
          2,867 100%    8.05kB/s    0:00:00            2,867 100%    8.05kB/s    0:00:00 (xfr#289, ir-chk=1208/11412)
vendor/fakerphp/faker/src/Faker/Provider/es_AR/
vendor/fakerphp/faker/src/Faker/Provider/es_AR/Address.php
          2,554 100%    7.15kB/s    0:00:00            2,554 100%    7.15kB/s    0:00:00 (xfr#290, ir-chk=1207/11412)
vendor/fakerphp/faker/src/Faker/Provider/es_AR/Company.php
          7,931 100%   22.19kB/s    0:00:00            7,931 100%   22.19kB/s    0:00:00 (xfr#291, ir-chk=1206/11412)
vendor/fakerphp/faker/src/Faker/Provider/es_AR/Person.php
         10,901 100%   30.42kB/s    0:00:00           10,901 100%   30.42kB/s    0:00:00 (xfr#292, ir-chk=1205/11412)
vendor/fakerphp/faker/src/Faker/Provider/es_AR/PhoneNumber.php
            995 100%    2.78kB/s    0:00:00              995 100%    2.78kB/s    0:00:00 (xfr#293, ir-chk=1204/11412)
vendor/fakerphp/faker/src/Faker/Provider/es_ES/
vendor/fakerphp/faker/src/Faker/Provider/es_ES/Address.php
          6,159 100%   17.18kB/s    0:00:00            6,159 100%   17.18kB/s    0:00:00 (xfr#294, ir-chk=1203/11412)
vendor/fakerphp/faker/src/Faker/Provider/es_ES/Color.php
            412 100%    1.15kB/s    0:00:00              412 100%    1.15kB/s    0:00:00 (xfr#295, ir-chk=1202/11412)
vendor/fakerphp/faker/src/Faker/Provider/es_ES/Company.php
          8,531 100%   23.74kB/s    0:00:00            8,531 100%   23.74kB/s    0:00:00 (xfr#296, ir-chk=1201/11412)
vendor/fakerphp/faker/src/Faker/Provider/es_ES/Internet.php
            368 100%    1.02kB/s    0:00:00              368 100%    1.02kB/s    0:00:00 (xfr#297, ir-chk=1200/11412)
vendor/fakerphp/faker/src/Faker/Provider/es_ES/Payment.php
          1,263 100%    3.51kB/s    0:00:00            1,263 100%    3.51kB/s    0:00:00 (xfr#298, ir-chk=1199/11412)
vendor/fakerphp/faker/src/Faker/Provider/es_ES/Person.php
         13,548 100%   37.59kB/s    0:00:00           13,548 100%   37.59kB/s    0:00:00 (xfr#299, ir-chk=1198/11412)
vendor/fakerphp/faker/src/Faker/Provider/es_ES/PhoneNumber.php
          1,041 100%    2.89kB/s    0:00:00            1,041 100%    2.89kB/s    0:00:00 (xfr#300, ir-chk=1197/11412)
vendor/fakerphp/faker/src/Faker/Provider/es_ES/Text.php
         32,768  10%   90.91kB/s    0:00:02          302,499 100%  800.57kB/s    0:00:00 (xfr#301, ir-chk=1196/11412)
vendor/fakerphp/faker/src/Faker/Provider/es_PE/
vendor/fakerphp/faker/src/Faker/Provider/es_PE/Address.php
          2,095 100%    5.54kB/s    0:00:00            2,095 100%    5.54kB/s    0:00:00 (xfr#302, ir-chk=1195/11412)
vendor/fakerphp/faker/src/Faker/Provider/es_PE/Company.php
          8,565 100%   22.67kB/s    0:00:00            8,565 100%   22.67kB/s    0:00:00 (xfr#303, ir-chk=1194/11412)
vendor/fakerphp/faker/src/Faker/Provider/es_PE/Person.php
         10,784 100%   28.54kB/s    0:00:00           10,784 100%   28.54kB/s    0:00:00 (xfr#304, ir-chk=1193/11412)
vendor/fakerphp/faker/src/Faker/Provider/es_PE/PhoneNumber.php
            321 100%    0.85kB/s    0:00:00              321 100%    0.85kB/s    0:00:00 (xfr#305, ir-chk=1192/11412)
vendor/fakerphp/faker/src/Faker/Provider/es_VE/
vendor/fakerphp/faker/src/Faker/Provider/es_VE/Address.php
          2,519 100%    6.65kB/s    0:00:00            2,519 100%    6.65kB/s    0:00:00 (xfr#306, ir-chk=1191/11412)
vendor/fakerphp/faker/src/Faker/Provider/es_VE/Company.php
          1,329 100%    3.51kB/s    0:00:00            1,329 100%    3.51kB/s    0:00:00 (xfr#307, ir-chk=1190/11412)
vendor/fakerphp/faker/src/Faker/Provider/es_VE/Internet.php
            372 100%    0.98kB/s    0:00:00              372 100%    0.98kB/s    0:00:00 (xfr#308, ir-chk=1189/11412)
vendor/fakerphp/faker/src/Faker/Provider/es_VE/Person.php
         13,676 100%   36.10kB/s    0:00:00           13,676 100%   36.10kB/s    0:00:00 (xfr#309, ir-chk=1188/11412)
vendor/fakerphp/faker/src/Faker/Provider/es_VE/PhoneNumber.php
            643 100%    1.70kB/s    0:00:00              643 100%    1.70kB/s    0:00:00 (xfr#310, ir-chk=1187/11412)
vendor/fakerphp/faker/src/Faker/Provider/et_EE/
vendor/fakerphp/faker/src/Faker/Provider/et_EE/Person.php
          7,050 100%   18.56kB/s    0:00:00            7,050 100%   18.56kB/s    0:00:00 (xfr#311, ir-chk=1186/11412)
vendor/fakerphp/faker/src/Faker/Provider/fa_IR/
vendor/fakerphp/faker/src/Faker/Provider/fa_IR/Address.php
          3,029 100%    7.97kB/s    0:00:00            3,029 100%    7.97kB/s    0:00:00 (xfr#312, ir-chk=1185/11412)
vendor/fakerphp/faker/src/Faker/Provider/fa_IR/Company.php
          1,689 100%    4.45kB/s    0:00:00            1,689 100%    4.45kB/s    0:00:00 (xfr#313, ir-chk=1184/11412)
vendor/fakerphp/faker/src/Faker/Provider/fa_IR/Internet.php
          4,047 100%   10.65kB/s    0:00:00            4,047 100%   10.65kB/s    0:00:00 (xfr#314, ir-chk=1183/11412)
vendor/fakerphp/faker/src/Faker/Provider/fa_IR/Person.php
         32,768  88%   86.25kB/s    0:00:00           37,115 100%   97.43kB/s    0:00:00 (xfr#315, ir-chk=1182/11412)
vendor/fakerphp/faker/src/Faker/Provider/fa_IR/PhoneNumber.php
          2,339 100%    6.14kB/s    0:00:00            2,339 100%    6.14kB/s    0:00:00 (xfr#316, ir-chk=1181/11412)
vendor/fakerphp/faker/src/Faker/Provider/fa_IR/Text.php
         32,768  23%   85.79kB/s    0:00:01          141,457 100%  367.40kB/s    0:00:00 (xfr#317, ir-chk=1180/11412)
vendor/fakerphp/faker/src/Faker/Provider/fi_FI/
vendor/fakerphp/faker/src/Faker/Provider/fi_FI/Address.php
          4,903 100%   12.73kB/s    0:00:00            4,903 100%   12.73kB/s    0:00:00 (xfr#318, ir-chk=1179/11412)
vendor/fakerphp/faker/src/Faker/Provider/fi_FI/Company.php
          4,307 100%   11.16kB/s    0:00:00            4,307 100%   11.16kB/s    0:00:00 (xfr#319, ir-chk=1178/11412)
vendor/fakerphp/faker/src/Faker/Provider/fi_FI/Internet.php
            309 100%    0.80kB/s    0:00:00              309 100%    0.80kB/s    0:00:00 (xfr#320, ir-chk=1177/11412)
vendor/fakerphp/faker/src/Faker/Provider/fi_FI/Payment.php
            682 100%    1.77kB/s    0:00:00              682 100%    1.77kB/s    0:00:00 (xfr#321, ir-chk=1176/11412)
vendor/fakerphp/faker/src/Faker/Provider/fi_FI/Person.php
         16,720 100%   43.31kB/s    0:00:00           16,720 100%   43.31kB/s    0:00:00 (xfr#322, ir-chk=1175/11412)
vendor/fakerphp/faker/src/Faker/Provider/fi_FI/PhoneNumber.php
          2,342 100%    6.07kB/s    0:00:00            2,342 100%    6.07kB/s    0:00:00 (xfr#323, ir-chk=1174/11412)
vendor/fakerphp/faker/src/Faker/Provider/fr_BE/
vendor/fakerphp/faker/src/Faker/Provider/fr_BE/Address.php
          3,103 100%    8.02kB/s    0:00:00            3,103 100%    8.02kB/s    0:00:00 (xfr#324, ir-chk=1173/11412)
vendor/fakerphp/faker/src/Faker/Provider/fr_BE/Color.php
             92 100%    0.24kB/s    0:00:00               92 100%    0.24kB/s    0:00:00 (xfr#325, ir-chk=1172/11412)
vendor/fakerphp/faker/src/Faker/Provider/fr_BE/Company.php
            361 100%    0.93kB/s    0:00:00              361 100%    0.93kB/s    0:00:00 (xfr#326, ir-chk=1171/11412)
vendor/fakerphp/faker/src/Faker/Provider/fr_BE/Internet.php
            247 100%    0.64kB/s    0:00:00              247 100%    0.64kB/s    0:00:00 (xfr#327, ir-chk=1170/11412)
vendor/fakerphp/faker/src/Faker/Provider/fr_BE/Payment.php
          1,311 100%    3.39kB/s    0:00:00            1,311 100%    3.39kB/s    0:00:00 (xfr#328, ir-chk=1169/11412)
vendor/fakerphp/faker/src/Faker/Provider/fr_BE/Person.php
          4,871 100%   12.58kB/s    0:00:00            4,871 100%   12.58kB/s    0:00:00 (xfr#329, ir-chk=1168/11412)
vendor/fakerphp/faker/src/Faker/Provider/fr_BE/PhoneNumber.php
            406 100%    1.05kB/s    0:00:00              406 100%    1.05kB/s    0:00:00 (xfr#330, ir-chk=1167/11412)
vendor/fakerphp/faker/src/Faker/Provider/fr_CA/
vendor/fakerphp/faker/src/Faker/Provider/fr_CA/Address.php
          4,823 100%   12.46kB/s    0:00:00            4,823 100%   12.46kB/s    0:00:00 (xfr#331, ir-chk=1166/11412)
vendor/fakerphp/faker/src/Faker/Provider/fr_CA/Color.php
             92 100%    0.24kB/s    0:00:00               92 100%    0.24kB/s    0:00:00 (xfr#332, ir-chk=1165/11412)
vendor/fakerphp/faker/src/Faker/Provider/fr_CA/Company.php
             96 100%    0.25kB/s    0:00:00               96 100%    0.25kB/s    0:00:00 (xfr#333, ir-chk=1164/11412)
vendor/fakerphp/faker/src/Faker/Provider/fr_CA/Person.php
          5,249 100%   13.53kB/s    0:00:00            5,249 100%   13.53kB/s    0:00:00 (xfr#334, ir-chk=1163/11412)
vendor/fakerphp/faker/src/Faker/Provider/fr_CA/Text.php
         32,768  26%   84.43kB/s    0:00:01          122,826 100%  314.00kB/s    0:00:00 (xfr#335, ir-chk=1162/11412)
vendor/fakerphp/faker/src/Faker/Provider/fr_CH/
vendor/fakerphp/faker/src/Faker/Provider/fr_CH/Address.php
          4,926 100%   12.59kB/s    0:00:00            4,926 100%   12.59kB/s    0:00:00 (xfr#336, ir-chk=1161/11412)
vendor/fakerphp/faker/src/Faker/Provider/fr_CH/Color.php
             92 100%    0.24kB/s    0:00:00               92 100%    0.24kB/s    0:00:00 (xfr#337, ir-chk=1160/11412)
vendor/fakerphp/faker/src/Faker/Provider/fr_CH/Company.php
            352 100%    0.90kB/s    0:00:00              352 100%    0.90kB/s    0:00:00 (xfr#338, ir-chk=1159/11412)
vendor/fakerphp/faker/src/Faker/Provider/fr_CH/Internet.php
            318 100%    0.81kB/s    0:00:00              318 100%    0.81kB/s    0:00:00 (xfr#339, ir-chk=1158/11412)
vendor/fakerphp/faker/src/Faker/Provider/fr_CH/Payment.php
            682 100%    1.74kB/s    0:00:00              682 100%    1.74kB/s    0:00:00 (xfr#340, ir-chk=1157/11412)
vendor/fakerphp/faker/src/Faker/Provider/fr_CH/Person.php
          8,097 100%   20.70kB/s    0:00:00            8,097 100%   20.70kB/s    0:00:00 (xfr#341, ir-chk=1156/11412)
vendor/fakerphp/faker/src/Faker/Provider/fr_CH/PhoneNumber.php
            897 100%    2.29kB/s    0:00:00              897 100%    2.29kB/s    0:00:00 (xfr#342, ir-chk=1155/11412)
vendor/fakerphp/faker/src/Faker/Provider/fr_CH/Text.php
             90 100%    0.23kB/s    0:00:00               90 100%    0.23kB/s    0:00:00 (xfr#343, ir-chk=1154/11412)
vendor/fakerphp/faker/src/Faker/Provider/fr_FR/
vendor/fakerphp/faker/src/Faker/Provider/fr_FR/Address.php
          9,537 100%   24.32kB/s    0:00:00            9,537 100%   24.32kB/s    0:00:00 (xfr#344, ir-chk=1153/11412)
vendor/fakerphp/faker/src/Faker/Provider/fr_FR/Color.php
          3,233 100%    8.24kB/s    0:00:00            3,233 100%    8.24kB/s    0:00:00 (xfr#345, ir-chk=1152/11412)
vendor/fakerphp/faker/src/Faker/Provider/fr_FR/Company.php
         13,297 100%   33.90kB/s    0:00:00           13,297 100%   33.90kB/s    0:00:00 (xfr#346, ir-chk=1151/11412)
vendor/fakerphp/faker/src/Faker/Provider/fr_FR/Internet.php
            388 100%    0.99kB/s    0:00:00              388 100%    0.99kB/s    0:00:00 (xfr#347, ir-chk=1150/11412)
vendor/fakerphp/faker/src/Faker/Provider/fr_FR/Payment.php
          1,498 100%    3.82kB/s    0:00:00            1,498 100%    3.82kB/s    0:00:00 (xfr#348, ir-chk=1149/11412)
vendor/fakerphp/faker/src/Faker/Provider/fr_FR/Person.php
         10,149 100%   25.81kB/s    0:00:00           10,149 100%   25.81kB/s    0:00:00 (xfr#349, ir-chk=1148/11412)
vendor/fakerphp/faker/src/Faker/Provider/fr_FR/PhoneNumber.php
          4,780 100%   12.16kB/s    0:00:00            4,780 100%   12.16kB/s    0:00:00 (xfr#350, ir-chk=1147/11412)
vendor/fakerphp/faker/src/Faker/Provider/fr_FR/Text.php
         32,768   4%   83.33kB/s    0:00:08          721,254 100%    1.72MB/s    0:00:00 (xfr#351, ir-chk=1146/11412)
vendor/fakerphp/faker/src/Faker/Provider/he_IL/
vendor/fakerphp/faker/src/Faker/Provider/he_IL/Address.php
         25,325 100%   61.83kB/s    0:00:00           25,325 100%   61.83kB/s    0:00:00 (xfr#352, ir-chk=1145/11412)
vendor/fakerphp/faker/src/Faker/Provider/he_IL/Company.php
            376 100%    0.92kB/s    0:00:00              376 100%    0.92kB/s    0:00:00 (xfr#353, ir-chk=1144/11412)
vendor/fakerphp/faker/src/Faker/Provider/he_IL/Payment.php
            682 100%    1.67kB/s    0:00:00              682 100%    1.67kB/s    0:00:00 (xfr#354, ir-chk=1143/11412)
vendor/fakerphp/faker/src/Faker/Provider/he_IL/Person.php
         28,458 100%   69.48kB/s    0:00:00           28,458 100%   69.48kB/s    0:00:00 (xfr#355, ir-chk=1142/11412)
vendor/fakerphp/faker/src/Faker/Provider/he_IL/PhoneNumber.php
            258 100%    0.63kB/s    0:00:00              258 100%    0.63kB/s    0:00:00 (xfr#356, ir-chk=1141/11412)
vendor/fakerphp/faker/src/Faker/Provider/hr_HR/
vendor/fakerphp/faker/src/Faker/Provider/hr_HR/Address.php
          8,808 100%   21.45kB/s    0:00:00            8,808 100%   21.45kB/s    0:00:00 (xfr#357, ir-chk=1140/11412)
vendor/fakerphp/faker/src/Faker/Provider/hr_HR/Company.php
            706 100%    1.72kB/s    0:00:00              706 100%    1.72kB/s    0:00:00 (xfr#358, ir-chk=1139/11412)
vendor/fakerphp/faker/src/Faker/Provider/hr_HR/Payment.php
            682 100%    1.66kB/s    0:00:00              682 100%    1.66kB/s    0:00:00 (xfr#359, ir-chk=1138/11412)
vendor/fakerphp/faker/src/Faker/Provider/hr_HR/Person.php
          2,902 100%    7.07kB/s    0:00:00            2,902 100%    7.07kB/s    0:00:00 (xfr#360, ir-chk=1137/11412)
vendor/fakerphp/faker/src/Faker/Provider/hr_HR/PhoneNumber.php
            279 100%    0.68kB/s    0:00:00              279 100%    0.68kB/s    0:00:00 (xfr#361, ir-chk=1136/11412)
vendor/fakerphp/faker/src/Faker/Provider/hu_HU/
vendor/fakerphp/faker/src/Faker/Provider/hu_HU/Address.php
          8,466 100%   20.62kB/s    0:00:00            8,466 100%   20.62kB/s    0:00:00 (xfr#362, ir-chk=1135/11412)
vendor/fakerphp/faker/src/Faker/Provider/hu_HU/Company.php
            288 100%    0.70kB/s    0:00:00              288 100%    0.70kB/s    0:00:00 (xfr#363, ir-chk=1134/11412)
vendor/fakerphp/faker/src/Faker/Provider/hu_HU/Payment.php
            682 100%    1.66kB/s    0:00:00              682 100%    1.66kB/s    0:00:00 (xfr#364, ir-chk=1133/11412)
vendor/fakerphp/faker/src/Faker/Provider/hu_HU/Person.php
          6,465 100%   15.71kB/s    0:00:00            6,465 100%   15.71kB/s    0:00:00 (xfr#365, ir-chk=1132/11412)
vendor/fakerphp/faker/src/Faker/Provider/hu_HU/PhoneNumber.php
            267 100%    0.65kB/s    0:00:00              267 100%    0.65kB/s    0:00:00 (xfr#366, ir-chk=1131/11412)
vendor/fakerphp/faker/src/Faker/Provider/hu_HU/Text.php
         32,768   9%   79.60kB/s    0:00:03          348,618 100%  832.39kB/s    0:00:00 (xfr#367, ir-chk=1130/11412)
vendor/fakerphp/faker/src/Faker/Provider/hy_AM/
vendor/fakerphp/faker/src/Faker/Provider/hy_AM/Address.php
          6,728 100%   16.06kB/s    0:00:00            6,728 100%   16.06kB/s    0:00:00 (xfr#368, ir-chk=1129/11412)
vendor/fakerphp/faker/src/Faker/Provider/hy_AM/Color.php
            378 100%    0.90kB/s    0:00:00              378 100%    0.90kB/s    0:00:00 (xfr#369, ir-chk=1128/11412)
vendor/fakerphp/faker/src/Faker/Provider/hy_AM/Company.php
          1,260 100%    3.01kB/s    0:00:00            1,260 100%    3.01kB/s    0:00:00 (xfr#370, ir-chk=1127/11412)
vendor/fakerphp/faker/src/Faker/Provider/hy_AM/Internet.php
            310 100%    0.74kB/s    0:00:00              310 100%    0.74kB/s    0:00:00 (xfr#371, ir-chk=1126/11412)
vendor/fakerphp/faker/src/Faker/Provider/hy_AM/Person.php
         15,500 100%   36.92kB/s    0:00:00           15,500 100%   36.92kB/s    0:00:00 (xfr#372, ir-chk=1125/11412)
vendor/fakerphp/faker/src/Faker/Provider/hy_AM/PhoneNumber.php
            844 100%    2.01kB/s    0:00:00              844 100%    2.01kB/s    0:00:00 (xfr#373, ir-chk=1124/11412)
vendor/fakerphp/faker/src/Faker/Provider/id_ID/
vendor/fakerphp/faker/src/Faker/Provider/id_ID/Address.php
         13,928 100%   33.17kB/s    0:00:00           13,928 100%   33.17kB/s    0:00:00 (xfr#374, ir-chk=1123/11412)
vendor/fakerphp/faker/src/Faker/Provider/id_ID/Color.php
          2,836 100%    6.75kB/s    0:00:00            2,836 100%    6.75kB/s    0:00:00 (xfr#375, ir-chk=1122/11412)
vendor/fakerphp/faker/src/Faker/Provider/id_ID/Company.php
          2,785 100%    6.62kB/s    0:00:00            2,785 100%    6.62kB/s    0:00:00 (xfr#376, ir-chk=1121/11412)
vendor/fakerphp/faker/src/Faker/Provider/id_ID/Internet.php
            612 100%    1.45kB/s    0:00:00              612 100%    1.45kB/s    0:00:00 (xfr#377, ir-chk=1120/11412)
vendor/fakerphp/faker/src/Faker/Provider/id_ID/Person.php
         19,316 100%   45.90kB/s    0:00:00           19,316 100%   45.90kB/s    0:00:00 (xfr#378, ir-chk=1119/11412)
vendor/fakerphp/faker/src/Faker/Provider/id_ID/PhoneNumber.php
          1,385 100%    3.29kB/s    0:00:00            1,385 100%    3.29kB/s    0:00:00 (xfr#379, ir-chk=1118/11412)
vendor/fakerphp/faker/src/Faker/Provider/is_IS/
vendor/fakerphp/faker/src/Faker/Provider/is_IS/Address.php
          8,540 100%   20.29kB/s    0:00:00            8,540 100%   20.29kB/s    0:00:00 (xfr#380, ir-chk=1117/11412)
vendor/fakerphp/faker/src/Faker/Provider/is_IS/Company.php
          1,472 100%    3.50kB/s    0:00:00            1,472 100%    3.50kB/s    0:00:00 (xfr#381, ir-chk=1116/11412)
vendor/fakerphp/faker/src/Faker/Provider/is_IS/Internet.php
            431 100%    1.02kB/s    0:00:00              431 100%    1.02kB/s    0:00:00 (xfr#382, ir-chk=1115/11412)
vendor/fakerphp/faker/src/Faker/Provider/is_IS/Payment.php
            682 100%    1.62kB/s    0:00:00              682 100%    1.62kB/s    0:00:00 (xfr#383, ir-chk=1114/11412)
vendor/fakerphp/faker/src/Faker/Provider/is_IS/Person.php
         32,768  68%   77.67kB/s    0:00:00           47,677 100%  112.74kB/s    0:00:00 (xfr#384, ir-chk=1113/11412)
vendor/fakerphp/faker/src/Faker/Provider/is_IS/PhoneNumber.php
            316 100%    0.75kB/s    0:00:00              316 100%    0.75kB/s    0:00:00 (xfr#385, ir-chk=1112/11412)
vendor/fakerphp/faker/src/Faker/Provider/it_CH/
vendor/fakerphp/faker/src/Faker/Provider/it_CH/Address.php
          4,693 100%   11.10kB/s    0:00:00            4,693 100%   11.10kB/s    0:00:00 (xfr#386, ir-chk=1111/11412)
vendor/fakerphp/faker/src/Faker/Provider/it_CH/Company.php
            331 100%    0.78kB/s    0:00:00              331 100%    0.78kB/s    0:00:00 (xfr#387, ir-chk=1110/11412)
vendor/fakerphp/faker/src/Faker/Provider/it_CH/Internet.php
            318 100%    0.75kB/s    0:00:00              318 100%    0.75kB/s    0:00:00 (xfr#388, ir-chk=1109/11412)
vendor/fakerphp/faker/src/Faker/Provider/it_CH/Payment.php
            682 100%    1.61kB/s    0:00:00              682 100%    1.61kB/s    0:00:00 (xfr#389, ir-chk=1108/11412)
vendor/fakerphp/faker/src/Faker/Provider/it_CH/Person.php
          7,689 100%   18.18kB/s    0:00:00            7,689 100%   18.18kB/s    0:00:00 (xfr#390, ir-chk=1107/11412)
vendor/fakerphp/faker/src/Faker/Provider/it_CH/PhoneNumber.php
            897 100%    2.12kB/s    0:00:00              897 100%    2.12kB/s    0:00:00 (xfr#391, ir-chk=1106/11412)
vendor/fakerphp/faker/src/Faker/Provider/it_CH/Text.php
             90 100%    0.21kB/s    0:00:00               90 100%    0.21kB/s    0:00:00 (xfr#392, ir-chk=1105/11412)
vendor/fakerphp/faker/src/Faker/Provider/it_IT/
vendor/fakerphp/faker/src/Faker/Provider/it_IT/Address.php
          7,539 100%   17.83kB/s    0:00:00            7,539 100%   17.83kB/s    0:00:00 (xfr#393, ir-chk=1104/11412)
vendor/fakerphp/faker/src/Faker/Provider/it_IT/Company.php
          6,385 100%   15.06kB/s    0:00:00            6,385 100%   15.06kB/s    0:00:00 (xfr#394, ir-chk=1103/11412)
vendor/fakerphp/faker/src/Faker/Provider/it_IT/Internet.php
            295 100%    0.70kB/s    0:00:00              295 100%    0.70kB/s    0:00:00 (xfr#395, ir-chk=1102/11412)
vendor/fakerphp/faker/src/Faker/Provider/it_IT/Payment.php
            682 100%    1.61kB/s    0:00:00              682 100%    1.61kB/s    0:00:00 (xfr#396, ir-chk=1101/11412)
vendor/fakerphp/faker/src/Faker/Provider/it_IT/Person.php
          8,311 100%   19.60kB/s    0:00:00            8,311 100%   19.60kB/s    0:00:00 (xfr#397, ir-chk=1100/11412)
vendor/fakerphp/faker/src/Faker/Provider/it_IT/PhoneNumber.php
            573 100%    1.35kB/s    0:00:00              573 100%    1.35kB/s    0:00:00 (xfr#398, ir-chk=1099/11412)
vendor/fakerphp/faker/src/Faker/Provider/it_IT/Text.php
         32,768  34%   77.29kB/s    0:00:00           94,098 100%  220.90kB/s    0:00:00 (xfr#399, ir-chk=1098/11412)
vendor/fakerphp/faker/src/Faker/Provider/ja_JP/
vendor/fakerphp/faker/src/Faker/Provider/ja_JP/Address.php
          8,489 100%   19.93kB/s    0:00:00            8,489 100%   19.93kB/s    0:00:00 (xfr#400, ir-chk=1097/11412)
vendor/fakerphp/faker/src/Faker/Provider/ja_JP/Company.php
            364 100%    0.85kB/s    0:00:00              364 100%    0.85kB/s    0:00:00 (xfr#401, ir-chk=1096/11412)
vendor/fakerphp/faker/src/Faker/Provider/ja_JP/Internet.php
          2,937 100%    6.89kB/s    0:00:00            2,937 100%    6.89kB/s    0:00:00 (xfr#402, ir-chk=1095/11412)
vendor/fakerphp/faker/src/Faker/Provider/ja_JP/Person.php
          5,766 100%   13.54kB/s    0:00:00            5,766 100%   13.54kB/s    0:00:00 (xfr#403, ir-chk=1094/11412)
vendor/fakerphp/faker/src/Faker/Provider/ja_JP/PhoneNumber.php
            430 100%    1.01kB/s    0:00:00              430 100%    1.01kB/s    0:00:00 (xfr#404, ir-chk=1093/11412)
vendor/fakerphp/faker/src/Faker/Provider/ja_JP/Text.php
         32,768  22%   76.92kB/s    0:00:01          148,911 100%  347.90kB/s    0:00:00 (xfr#405, ir-chk=1092/11412)
vendor/fakerphp/faker/src/Faker/Provider/ka_GE/
vendor/fakerphp/faker/src/Faker/Provider/ka_GE/Address.php
         14,993 100%   34.94kB/s    0:00:00           14,993 100%   34.94kB/s    0:00:00 (xfr#406, ir-chk=1091/11412)
vendor/fakerphp/faker/src/Faker/Provider/ka_GE/Color.php
          1,094 100%    2.55kB/s    0:00:00            1,094 100%    2.55kB/s    0:00:00 (xfr#407, ir-chk=1090/11412)
vendor/fakerphp/faker/src/Faker/Provider/ka_GE/Company.php
          2,198 100%    5.12kB/s    0:00:00            2,198 100%    5.12kB/s    0:00:00 (xfr#408, ir-chk=1089/11412)
vendor/fakerphp/faker/src/Faker/Provider/ka_GE/DateTime.php
          1,428 100%    3.33kB/s    0:00:00            1,428 100%    3.33kB/s    0:00:00 (xfr#409, ir-chk=1088/11412)
vendor/fakerphp/faker/src/Faker/Provider/ka_GE/Internet.php
            425 100%    0.99kB/s    0:00:00              425 100%    0.99kB/s    0:00:00 (xfr#410, ir-chk=1087/11412)
vendor/fakerphp/faker/src/Faker/Provider/ka_GE/Payment.php
          2,280 100%    5.31kB/s    0:00:00            2,280 100%    5.31kB/s    0:00:00 (xfr#411, ir-chk=1086/11412)
vendor/fakerphp/faker/src/Faker/Provider/ka_GE/Person.php
         10,096 100%   23.53kB/s    0:00:00           10,096 100%   23.53kB/s    0:00:00 (xfr#412, ir-chk=1085/11412)
vendor/fakerphp/faker/src/Faker/Provider/ka_GE/PhoneNumber.php
            266 100%    0.62kB/s    0:00:00              266 100%    0.62kB/s    0:00:00 (xfr#413, ir-chk=1084/11412)
vendor/fakerphp/faker/src/Faker/Provider/ka_GE/Text.php
         32,768   8%   76.37kB/s    0:00:04          390,836 100%  900.18kB/s    0:00:00 (xfr#414, ir-chk=1083/11412)
vendor/fakerphp/faker/src/Faker/Provider/kk_KZ/
vendor/fakerphp/faker/src/Faker/Provider/kk_KZ/Address.php
          2,607 100%    6.00kB/s    0:00:00            2,607 100%    6.00kB/s    0:00:00 (xfr#415, ir-chk=1082/11412)
vendor/fakerphp/faker/src/Faker/Provider/kk_KZ/Color.php
            394 100%    0.91kB/s    0:00:00              394 100%    0.91kB/s    0:00:00 (xfr#416, ir-chk=1081/11412)
vendor/fakerphp/faker/src/Faker/Provider/kk_KZ/Company.php
          2,510 100%    5.78kB/s    0:00:00            2,510 100%    5.78kB/s    0:00:00 (xfr#417, ir-chk=1080/11412)
vendor/fakerphp/faker/src/Faker/Provider/kk_KZ/Internet.php
            251 100%    0.58kB/s    0:00:00              251 100%    0.58kB/s    0:00:00 (xfr#418, ir-chk=1079/11412)
vendor/fakerphp/faker/src/Faker/Provider/kk_KZ/Payment.php
            959 100%    2.21kB/s    0:00:00              959 100%    2.21kB/s    0:00:00 (xfr#419, ir-chk=1078/11412)
vendor/fakerphp/faker/src/Faker/Provider/kk_KZ/Person.php
          7,174 100%   16.52kB/s    0:00:00            7,174 100%   16.52kB/s    0:00:00 (xfr#420, ir-chk=1077/11412)
vendor/fakerphp/faker/src/Faker/Provider/kk_KZ/PhoneNumber.php
            335 100%    0.77kB/s    0:00:00              335 100%    0.77kB/s    0:00:00 (xfr#421, ir-chk=1076/11412)
vendor/fakerphp/faker/src/Faker/Provider/kk_KZ/Text.php
         32,768  78%   75.47kB/s    0:00:00           41,722 100%   95.87kB/s    0:00:00 (xfr#422, ir-chk=1075/11412)
vendor/fakerphp/faker/src/Faker/Provider/ko_KR/
vendor/fakerphp/faker/src/Faker/Provider/ko_KR/Address.php
          6,899 100%   15.85kB/s    0:00:00            6,899 100%   15.85kB/s    0:00:00 (xfr#423, ir-chk=1074/11412)
vendor/fakerphp/faker/src/Faker/Provider/ko_KR/Company.php
            956 100%    2.19kB/s    0:00:00              956 100%    2.19kB/s    0:00:00 (xfr#424, ir-chk=1073/11412)
vendor/fakerphp/faker/src/Faker/Provider/ko_KR/Internet.php
          4,834 100%   11.08kB/s    0:00:00            4,834 100%   11.08kB/s    0:00:00 (xfr#425, ir-chk=1072/11412)
vendor/fakerphp/faker/src/Faker/Provider/ko_KR/Person.php
          4,421 100%   10.13kB/s    0:00:00            4,421 100%   10.13kB/s    0:00:00 (xfr#426, ir-chk=1071/11412)
vendor/fakerphp/faker/src/Faker/Provider/ko_KR/PhoneNumber.php
          1,043 100%    2.39kB/s    0:00:00            1,043 100%    2.39kB/s    0:00:00 (xfr#427, ir-chk=1070/11412)
vendor/fakerphp/faker/src/Faker/Provider/ko_KR/Text.php
         32,768  10%   75.12kB/s    0:00:03          306,593 100%  693.07kB/s    0:00:00 (xfr#428, ir-chk=1069/11412)
vendor/fakerphp/faker/src/Faker/Provider/lt_LT/
vendor/fakerphp/faker/src/Faker/Provider/lt_LT/Address.php
          9,394 100%   21.24kB/s    0:00:00            9,394 100%   21.24kB/s    0:00:00 (xfr#429, ir-chk=1068/11412)
vendor/fakerphp/faker/src/Faker/Provider/lt_LT/Company.php
            435 100%    0.98kB/s    0:00:00              435 100%    0.98kB/s    0:00:00 (xfr#430, ir-chk=1067/11412)
vendor/fakerphp/faker/src/Faker/Provider/lt_LT/Internet.php
            533 100%    1.20kB/s    0:00:00              533 100%    1.20kB/s    0:00:00 (xfr#431, ir-chk=1066/11412)
vendor/fakerphp/faker/src/Faker/Provider/lt_LT/Payment.php
            682 100%    1.54kB/s    0:00:00              682 100%    1.54kB/s    0:00:00 (xfr#432, ir-chk=1065/11412)
vendor/fakerphp/faker/src/Faker/Provider/lt_LT/Person.php
         28,276 100%   63.63kB/s    0:00:00           28,276 100%   63.63kB/s    0:00:00 (xfr#433, ir-chk=1064/11412)
vendor/fakerphp/faker/src/Faker/Provider/lt_LT/PhoneNumber.php
            342 100%    0.77kB/s    0:00:00              342 100%    0.77kB/s    0:00:00 (xfr#434, ir-chk=1063/11412)
vendor/fakerphp/faker/src/Faker/Provider/lv_LV/
vendor/fakerphp/faker/src/Faker/Provider/lv_LV/Address.php
          5,399 100%   12.12kB/s    0:00:00            5,399 100%   12.12kB/s    0:00:00 (xfr#435, ir-chk=1062/11412)
vendor/fakerphp/faker/src/Faker/Provider/lv_LV/Color.php
            546 100%    1.23kB/s    0:00:00              546 100%    1.23kB/s    0:00:00 (xfr#436, ir-chk=1061/11412)
vendor/fakerphp/faker/src/Faker/Provider/lv_LV/Internet.php
            293 100%    0.66kB/s    0:00:00              293 100%    0.66kB/s    0:00:00 (xfr#437, ir-chk=1060/11412)
vendor/fakerphp/faker/src/Faker/Provider/lv_LV/Payment.php
            682 100%    1.53kB/s    0:00:00              682 100%    1.53kB/s    0:00:00 (xfr#438, ir-chk=1059/11412)
vendor/fakerphp/faker/src/Faker/Provider/lv_LV/Person.php
         32,768  53%   73.56kB/s    0:00:00           61,353 100%  137.42kB/s    0:00:00 (xfr#439, ir-chk=1058/11412)
vendor/fakerphp/faker/src/Faker/Provider/lv_LV/PhoneNumber.php
            295 100%    0.66kB/s    0:00:00              295 100%    0.66kB/s    0:00:00 (xfr#440, ir-chk=1057/11412)
vendor/fakerphp/faker/src/Faker/Provider/me_ME/
vendor/fakerphp/faker/src/Faker/Provider/me_ME/Address.php
         11,840 100%   26.52kB/s    0:00:00           11,840 100%   26.52kB/s    0:00:00 (xfr#441, ir-chk=1056/11412)
vendor/fakerphp/faker/src/Faker/Provider/me_ME/Company.php
          2,826 100%    6.32kB/s    0:00:00            2,826 100%    6.32kB/s    0:00:00 (xfr#442, ir-chk=1055/11412)
vendor/fakerphp/faker/src/Faker/Provider/me_ME/Payment.php
            680 100%    1.52kB/s    0:00:00              680 100%    1.52kB/s    0:00:00 (xfr#443, ir-chk=1054/11412)
vendor/fakerphp/faker/src/Faker/Provider/me_ME/Person.php
         32,768  83%   73.23kB/s    0:00:00           39,063 100%   87.29kB/s    0:00:00 (xfr#444, ir-chk=1053/11412)
vendor/fakerphp/faker/src/Faker/Provider/me_ME/PhoneNumber.php
            278 100%    0.62kB/s    0:00:00              278 100%    0.62kB/s    0:00:00 (xfr#445, ir-chk=1052/11412)
vendor/fakerphp/faker/src/Faker/Provider/mn_MN/
vendor/fakerphp/faker/src/Faker/Provider/mn_MN/Person.php
          7,556 100%   16.85kB/s    0:00:00            7,556 100%   16.85kB/s    0:00:00 (xfr#446, ir-chk=1051/11412)
vendor/fakerphp/faker/src/Faker/Provider/mn_MN/PhoneNumber.php
            217 100%    0.48kB/s    0:00:00              217 100%    0.48kB/s    0:00:00 (xfr#447, ir-chk=1050/11412)
vendor/fakerphp/faker/src/Faker/Provider/ms_MY/
vendor/fakerphp/faker/src/Faker/Provider/ms_MY/Address.php
         26,765 100%   59.68kB/s    0:00:00           26,765 100%   59.68kB/s    0:00:00 (xfr#448, ir-chk=1049/11412)
vendor/fakerphp/faker/src/Faker/Provider/ms_MY/Company.php
         14,220 100%   31.70kB/s    0:00:00           14,220 100%   31.70kB/s    0:00:00 (xfr#449, ir-chk=1048/11412)
vendor/fakerphp/faker/src/Faker/Provider/ms_MY/Miscellaneous.php
          4,677 100%   10.40kB/s    0:00:00            4,677 100%   10.40kB/s    0:00:00 (xfr#450, ir-chk=1047/11412)
vendor/fakerphp/faker/src/Faker/Provider/ms_MY/Payment.php
          7,412 100%   16.49kB/s    0:00:00            7,412 100%   16.49kB/s    0:00:00 (xfr#451, ir-chk=1046/11412)
vendor/fakerphp/faker/src/Faker/Provider/ms_MY/Person.php
         32,768  48%   72.89kB/s    0:00:00           67,813 100%  150.51kB/s    0:00:00 (xfr#452, ir-chk=1045/11412)
vendor/fakerphp/faker/src/Faker/Provider/ms_MY/PhoneNumber.php
          5,924 100%   13.15kB/s    0:00:00            5,924 100%   13.15kB/s    0:00:00 (xfr#453, ir-chk=1044/11412)
vendor/fakerphp/faker/src/Faker/Provider/nb_NO/
vendor/fakerphp/faker/src/Faker/Provider/nb_NO/Address.php
         12,564 100%   27.89kB/s    0:00:00           12,564 100%   27.89kB/s    0:00:00 (xfr#454, ir-chk=1043/11412)
vendor/fakerphp/faker/src/Faker/Provider/nb_NO/Company.php
         28,855 100%   63.90kB/s    0:00:00           28,855 100%   63.90kB/s    0:00:00 (xfr#455, ir-chk=1042/11412)
vendor/fakerphp/faker/src/Faker/Provider/nb_NO/Payment.php
            682 100%    1.51kB/s    0:00:00              682 100%    1.51kB/s    0:00:00 (xfr#456, ir-chk=1041/11412)
vendor/fakerphp/faker/src/Faker/Provider/nb_NO/Person.php
         30,742 100%   67.92kB/s    0:00:00           30,742 100%   67.92kB/s    0:00:00 (xfr#457, ir-chk=1040/11412)
vendor/fakerphp/faker/src/Faker/Provider/nb_NO/PhoneNumber.php
            847 100%    1.87kB/s    0:00:00              847 100%    1.87kB/s    0:00:00 (xfr#458, ir-chk=1039/11412)
vendor/fakerphp/faker/src/Faker/Provider/ne_NP/
vendor/fakerphp/faker/src/Faker/Provider/ne_NP/Address.php
         14,809 100%   32.72kB/s    0:00:00           14,809 100%   32.72kB/s    0:00:00 (xfr#459, ir-chk=1038/11412)
vendor/fakerphp/faker/src/Faker/Provider/ne_NP/Internet.php
          1,048 100%    2.32kB/s    0:00:00            1,048 100%    2.32kB/s    0:00:00 (xfr#460, ir-chk=1037/11412)
vendor/fakerphp/faker/src/Faker/Provider/ne_NP/Payment.php
          7,357 100%   16.25kB/s    0:00:00            7,357 100%   16.25kB/s    0:00:00 (xfr#461, ir-chk=1036/11412)
vendor/fakerphp/faker/src/Faker/Provider/ne_NP/Person.php
          8,439 100%   18.65kB/s    0:00:00            8,439 100%   18.65kB/s    0:00:00 (xfr#462, ir-chk=1035/11412)
vendor/fakerphp/faker/src/Faker/Provider/ne_NP/PhoneNumber.php
            359 100%    0.79kB/s    0:00:00              359 100%    0.79kB/s    0:00:00 (xfr#463, ir-chk=1034/11412)
vendor/fakerphp/faker/src/Faker/Provider/nl_BE/
vendor/fakerphp/faker/src/Faker/Provider/nl_BE/Address.php
          8,200 100%   18.08kB/s    0:00:00            8,200 100%   18.08kB/s    0:00:00 (xfr#464, ir-chk=1033/11412)
vendor/fakerphp/faker/src/Faker/Provider/nl_BE/Company.php
            338 100%    0.75kB/s    0:00:00              338 100%    0.75kB/s    0:00:00 (xfr#465, ir-chk=1032/11412)
vendor/fakerphp/faker/src/Faker/Provider/nl_BE/Internet.php
            273 100%    0.60kB/s    0:00:00              273 100%    0.60kB/s    0:00:00 (xfr#466, ir-chk=1031/11412)
vendor/fakerphp/faker/src/Faker/Provider/nl_BE/Payment.php
          1,529 100%    3.37kB/s    0:00:00            1,529 100%    3.37kB/s    0:00:00 (xfr#467, ir-chk=1030/11412)
vendor/fakerphp/faker/src/Faker/Provider/nl_BE/Person.php
          6,168 100%   13.60kB/s    0:00:00            6,168 100%   13.60kB/s    0:00:00 (xfr#468, ir-chk=1029/11412)
vendor/fakerphp/faker/src/Faker/Provider/nl_BE/PhoneNumber.php
            406 100%    0.89kB/s    0:00:00              406 100%    0.89kB/s    0:00:00 (xfr#469, ir-chk=1028/11412)
vendor/fakerphp/faker/src/Faker/Provider/nl_BE/Text.php
         32,768   3%   72.23kB/s    0:00:13        1,009,980 100%    2.08MB/s    0:00:00 (xfr#470, ir-chk=1027/11412)
vendor/fakerphp/faker/src/Faker/Provider/nl_NL/
vendor/fakerphp/faker/src/Faker/Provider/nl_NL/Address.php
         32,768  77%   68.97kB/s    0:00:00           42,044 100%   88.30kB/s    0:00:00 (xfr#471, ir-chk=1026/11412)
vendor/fakerphp/faker/src/Faker/Provider/nl_NL/Color.php
          1,976 100%    4.15kB/s    0:00:00            1,976 100%    4.15kB/s    0:00:00 (xfr#472, ir-chk=1025/11412)
vendor/fakerphp/faker/src/Faker/Provider/nl_NL/Company.php
         23,421 100%   49.08kB/s    0:00:00           23,421 100%   49.08kB/s    0:00:00 (xfr#473, ir-chk=1024/11412)
vendor/fakerphp/faker/src/Faker/Provider/nl_NL/Internet.php
            267 100%    0.56kB/s    0:00:00              267 100%    0.56kB/s    0:00:00 (xfr#474, ir-chk=1023/11412)
vendor/fakerphp/faker/src/Faker/Provider/nl_NL/Payment.php
            682 100%    1.43kB/s    0:00:00              682 100%    1.43kB/s    0:00:00 (xfr#475, ir-chk=1022/11412)
vendor/fakerphp/faker/src/Faker/Provider/nl_NL/Person.php
         27,255 100%   57.12kB/s    0:00:00           27,255 100%   57.12kB/s    0:00:00 (xfr#476, ir-chk=1021/11412)
vendor/fakerphp/faker/src/Faker/Provider/nl_NL/PhoneNumber.php
            873 100%    1.83kB/s    0:00:00              873 100%    1.83kB/s    0:00:00 (xfr#477, ir-chk=1020/11412)
vendor/fakerphp/faker/src/Faker/Provider/nl_NL/Text.php
         32,768  16%   68.67kB/s    0:00:02          204,010 100%  387.60kB/s    0:00:00 (xfr#478, ir-chk=1019/11412)
vendor/fakerphp/faker/src/Faker/Provider/pl_PL/
vendor/fakerphp/faker/src/Faker/Provider/pl_PL/Address.php
         16,144 100%   30.61kB/s    0:00:00           16,144 100%   30.61kB/s    0:00:00 (xfr#479, ir-chk=1018/11412)
vendor/fakerphp/faker/src/Faker/Provider/pl_PL/Color.php
          2,737 100%    5.18kB/s    0:00:00            2,737 100%    5.18kB/s    0:00:00 (xfr#480, ir-chk=1017/11412)
vendor/fakerphp/faker/src/Faker/Provider/pl_PL/Company.php
          2,418 100%    4.58kB/s    0:00:00            2,418 100%    4.58kB/s    0:00:00 (xfr#481, ir-chk=1016/11412)
vendor/fakerphp/faker/src/Faker/Provider/pl_PL/Internet.php
            351 100%    0.66kB/s    0:00:00              351 100%    0.66kB/s    0:00:00 (xfr#482, ir-chk=1015/11412)
vendor/fakerphp/faker/src/Faker/Provider/pl_PL/LicensePlate.php
         19,316 100%   36.49kB/s    0:00:00           19,316 100%   36.49kB/s    0:00:00 (xfr#483, ir-chk=1014/11412)
vendor/fakerphp/faker/src/Faker/Provider/pl_PL/Payment.php
          6,203 100%   11.72kB/s    0:00:00            6,203 100%   11.72kB/s    0:00:00 (xfr#484, ir-chk=1013/11412)
vendor/fakerphp/faker/src/Faker/Provider/pl_PL/Person.php
         10,817 100%   20.43kB/s    0:00:00           10,817 100%   20.43kB/s    0:00:00 (xfr#485, ir-chk=1012/11412)
vendor/fakerphp/faker/src/Faker/Provider/pl_PL/PhoneNumber.php
            374 100%    0.71kB/s    0:00:00              374 100%    0.71kB/s    0:00:00 (xfr#486, ir-chk=1011/11412)
vendor/fakerphp/faker/src/Faker/Provider/pl_PL/Text.php
         32,768  16%   61.78kB/s    0:00:02          198,174 100%  298.20kB/s    0:00:00 (xfr#487, ir-chk=1010/11412)
vendor/fakerphp/faker/src/Faker/Provider/pt_BR/
vendor/fakerphp/faker/src/Faker/Provider/pt_BR/Address.php
          6,349 100%    9.54kB/s    0:00:00            6,349 100%    9.54kB/s    0:00:00 (xfr#488, ir-chk=1009/11412)
vendor/fakerphp/faker/src/Faker/Provider/pt_BR/Company.php
            954 100%    1.43kB/s    0:00:00              954 100%    1.43kB/s    0:00:00 (xfr#489, ir-chk=1008/11412)
vendor/fakerphp/faker/src/Faker/Provider/pt_BR/Internet.php
            322 100%    0.48kB/s    0:00:00              322 100%    0.48kB/s    0:00:00 (xfr#490, ir-chk=1007/11412)
vendor/fakerphp/faker/src/Faker/Provider/pt_BR/Payment.php
          4,461 100%    6.69kB/s    0:00:00            4,461 100%    6.69kB/s    0:00:00 (xfr#491, ir-chk=1006/11412)
vendor/fakerphp/faker/src/Faker/Provider/pt_BR/Person.php
         10,520 100%   15.76kB/s    0:00:00           10,520 100%   15.76kB/s    0:00:00 (xfr#492, ir-chk=1005/11412)
vendor/fakerphp/faker/src/Faker/Provider/pt_BR/PhoneNumber.php
          4,751 100%    7.11kB/s    0:00:00            4,751 100%    7.11kB/s    0:00:00 (xfr#493, ir-chk=1004/11412)
vendor/fakerphp/faker/src/Faker/Provider/pt_BR/Text.php
         32,768  20%   49.00kB/s    0:00:02          158,245 100%  232.04kB/s    0:00:00 (xfr#494, ir-chk=1003/11412)
vendor/fakerphp/faker/src/Faker/Provider/pt_BR/check_digit.php
            962 100%    1.41kB/s    0:00:00              962 100%    1.41kB/s    0:00:00 (xfr#495, ir-chk=1002/11412)
vendor/fakerphp/faker/src/Faker/Provider/pt_PT/
vendor/fakerphp/faker/src/Faker/Provider/pt_PT/Address.php
          7,037 100%   10.30kB/s    0:00:00            7,037 100%   10.30kB/s    0:00:00 (xfr#496, ir-chk=1009/11420)
vendor/fakerphp/faker/src/Faker/Provider/pt_PT/Company.php
            437 100%    0.64kB/s    0:00:00              437 100%    0.64kB/s    0:00:00 (xfr#497, ir-chk=1008/11420)
vendor/fakerphp/faker/src/Faker/Provider/pt_PT/Internet.php
            284 100%    0.42kB/s    0:00:00              284 100%    0.42kB/s    0:00:00 (xfr#498, ir-chk=1007/11420)
vendor/fakerphp/faker/src/Faker/Provider/pt_PT/Payment.php
            682 100%    1.00kB/s    0:00:00              682 100%    1.00kB/s    0:00:00 (xfr#499, ir-chk=1006/11420)
vendor/fakerphp/faker/src/Faker/Provider/pt_PT/Person.php
          6,681 100%    9.77kB/s    0:00:00            6,681 100%    9.77kB/s    0:00:00 (xfr#500, ir-chk=1005/11420)
vendor/fakerphp/faker/src/Faker/Provider/pt_PT/PhoneNumber.php
          1,118 100%    1.63kB/s    0:00:00            1,118 100%    1.63kB/s    0:00:00 (xfr#501, ir-chk=1004/11420)
vendor/fakerphp/faker/src/Faker/Provider/ro_MD/
vendor/fakerphp/faker/src/Faker/Provider/ro_MD/Address.php
          6,972 100%   10.16kB/s    0:00:00            6,972 100%   10.16kB/s    0:00:00 (xfr#502, ir-chk=1012/11429)
vendor/fakerphp/faker/src/Faker/Provider/ro_MD/Payment.php
            682 100%    0.99kB/s    0:00:00              682 100%    0.99kB/s    0:00:00 (xfr#503, ir-chk=1011/11429)
vendor/fakerphp/faker/src/Faker/Provider/ro_MD/Person.php
         11,697 100%   17.02kB/s    0:00:00           11,697 100%   17.02kB/s    0:00:00 (xfr#504, ir-chk=1010/11429)
vendor/fakerphp/faker/src/Faker/Provider/ro_MD/PhoneNumber.php
            792 100%    1.15kB/s    0:00:00              792 100%    1.15kB/s    0:00:00 (xfr#505, ir-chk=1009/11429)
vendor/fakerphp/faker/src/Faker/Provider/ro_MD/Text.php
         32,768  25%   47.62kB/s    0:00:02          130,730 100%  181.09kB/s    0:00:00 (xfr#506, ir-chk=1008/11429)
vendor/fakerphp/faker/src/Faker/Provider/ro_RO/
vendor/fakerphp/faker/src/Faker/Provider/ro_RO/Address.php
         11,370 100%   15.73kB/s    0:00:00           11,370 100%   15.73kB/s    0:00:00 (xfr#507, ir-chk=1007/11429)
vendor/fakerphp/faker/src/Faker/Provider/ro_RO/Payment.php
            682 100%    0.94kB/s    0:00:00              682 100%    0.94kB/s    0:00:00 (xfr#508, ir-chk=1006/11429)
vendor/fakerphp/faker/src/Faker/Provider/ro_RO/Person.php
         17,251 100%   23.86kB/s    0:00:00           17,251 100%   23.86kB/s    0:00:00 (xfr#509, ir-chk=1005/11429)
vendor/fakerphp/faker/src/Faker/Provider/ro_RO/PhoneNumber.php
          1,744 100%    2.41kB/s    0:00:00            1,744 100%    2.41kB/s    0:00:00 (xfr#510, ir-chk=1004/11429)
vendor/fakerphp/faker/src/Faker/Provider/ro_RO/Text.php
         20,669 100%   28.51kB/s    0:00:00           20,669 100%   28.51kB/s    0:00:00 (xfr#511, ir-chk=1003/11429)
vendor/fakerphp/faker/src/Faker/Provider/ru_RU/
vendor/fakerphp/faker/src/Faker/Provider/ru_RU/Address.php
         11,050 100%   15.18kB/s    0:00:00           11,050 100%   15.18kB/s    0:00:00 (xfr#512, ir-chk=1028/11455)
vendor/fakerphp/faker/src/Faker/Provider/ru_RU/Color.php
          1,949 100%    2.68kB/s    0:00:00            1,949 100%    2.68kB/s    0:00:00 (xfr#513, ir-chk=1027/11455)
vendor/fakerphp/faker/src/Faker/Provider/ru_RU/Company.php
         14,684 100%   20.14kB/s    0:00:00           14,684 100%   20.14kB/s    0:00:00 (xfr#514, ir-chk=1026/11455)
vendor/fakerphp/faker/src/Faker/Provider/ru_RU/Internet.php
            335 100%    0.46kB/s    0:00:00              335 100%    0.46kB/s    0:00:00 (xfr#515, ir-chk=1025/11455)
vendor/fakerphp/faker/src/Faker/Provider/ru_RU/Payment.php
         32,056 100%   43.97kB/s    0:00:00           32,056 100%   43.97kB/s    0:00:00 (xfr#516, ir-chk=1024/11455)
vendor/fakerphp/faker/src/Faker/Provider/ru_RU/Person.php
         12,706 100%   17.40kB/s    0:00:00           12,706 100%   17.40kB/s    0:00:00 (xfr#517, ir-chk=1023/11455)
vendor/fakerphp/faker/src/Faker/Provider/ru_RU/PhoneNumber.php
            274 100%    0.38kB/s    0:00:00              274 100%    0.38kB/s    0:00:00 (xfr#518, ir-chk=1022/11455)
vendor/fakerphp/faker/src/Faker/Provider/ru_RU/Text.php
         32,768   8%   44.88kB/s    0:00:07          389,348 100%  488.09kB/s    0:00:00 (xfr#519, ir-chk=1021/11455)
vendor/fakerphp/faker/src/Faker/Provider/sk_SK/
vendor/fakerphp/faker/src/Faker/Provider/sk_SK/Address.php
         32,768  66%   41.08kB/s    0:00:00           49,086 100%   61.46kB/s    0:00:00 (xfr#520, ir-chk=1020/11455)
vendor/fakerphp/faker/src/Faker/Provider/sk_SK/Company.php
          6,974 100%    8.73kB/s    0:00:00            6,974 100%    8.73kB/s    0:00:00 (xfr#521, ir-chk=1019/11455)
vendor/fakerphp/faker/src/Faker/Provider/sk_SK/Internet.php
            322 100%    0.40kB/s    0:00:00              322 100%    0.40kB/s    0:00:00 (xfr#522, ir-chk=1018/11455)
vendor/fakerphp/faker/src/Faker/Provider/sk_SK/Payment.php
            682 100%    0.85kB/s    0:00:00              682 100%    0.85kB/s    0:00:00 (xfr#523, ir-chk=1017/11455)
vendor/fakerphp/faker/src/Faker/Provider/sk_SK/Person.php
         11,720 100%   14.65kB/s    0:00:00           11,720 100%   14.65kB/s    0:00:00 (xfr#524, ir-chk=1016/11455)
vendor/fakerphp/faker/src/Faker/Provider/sk_SK/PhoneNumber.php
            291 100%    0.36kB/s    0:00:00              291 100%    0.36kB/s    0:00:00 (xfr#525, ir-chk=1015/11455)
vendor/fakerphp/faker/src/Faker/Provider/sl_SI/
vendor/fakerphp/faker/src/Faker/Provider/sl_SI/Address.php
          8,090 100%   10.12kB/s    0:00:00            8,090 100%   10.12kB/s    0:00:00 (xfr#526, ir-chk=1014/11455)
vendor/fakerphp/faker/src/Faker/Provider/sl_SI/Company.php
            384 100%    0.48kB/s    0:00:00              384 100%    0.48kB/s    0:00:00 (xfr#527, ir-chk=1013/11455)
vendor/fakerphp/faker/src/Faker/Provider/sl_SI/Internet.php
            314 100%    0.39kB/s    0:00:00              314 100%    0.39kB/s    0:00:00 (xfr#528, ir-chk=1012/11455)
vendor/fakerphp/faker/src/Faker/Provider/sl_SI/Payment.php
            682 100%    0.85kB/s    0:00:00              682 100%    0.85kB/s    0:00:00 (xfr#529, ir-chk=1011/11455)
vendor/fakerphp/faker/src/Faker/Provider/sl_SI/Person.php
          9,183 100%   11.48kB/s    0:00:00            9,183 100%   11.48kB/s    0:00:00 (xfr#530, ir-chk=1010/11455)
vendor/fakerphp/faker/src/Faker/Provider/sl_SI/PhoneNumber.php
            365 100%    0.46kB/s    0:00:00              365 100%    0.46kB/s    0:00:00 (xfr#531, ir-chk=1009/11455)
vendor/fakerphp/faker/src/Faker/Provider/sr_Cyrl_RS/
vendor/fakerphp/faker/src/Faker/Provider/sr_Cyrl_RS/Address.php
          7,881 100%    9.84kB/s    0:00:00            7,881 100%    9.84kB/s    0:00:00 (xfr#532, ir-chk=1008/11455)
vendor/fakerphp/faker/src/Faker/Provider/sr_Cyrl_RS/Payment.php
            687 100%    0.86kB/s    0:00:00              687 100%    0.86kB/s    0:00:00 (xfr#533, ir-chk=1007/11455)
vendor/fakerphp/faker/src/Faker/Provider/sr_Cyrl_RS/Person.php
         32,768  41%   40.92kB/s    0:00:01           79,669 100%   90.26kB/s    0:00:00 (xfr#534, ir-chk=1006/11455)
vendor/fakerphp/faker/src/Faker/Provider/sr_Latn_RS/
vendor/fakerphp/faker/src/Faker/Provider/sr_Latn_RS/Address.php
          5,244 100%    5.94kB/s    0:00:00            5,244 100%    5.94kB/s    0:00:00 (xfr#535, ir-chk=1005/11455)
vendor/fakerphp/faker/src/Faker/Provider/sr_Latn_RS/Payment.php
            687 100%    0.78kB/s    0:00:00              687 100%    0.78kB/s    0:00:00 (xfr#536, ir-chk=1004/11455)
vendor/fakerphp/faker/src/Faker/Provider/sr_Latn_RS/Person.php
         32,768  65%   37.12kB/s    0:00:00           50,224 100%   56.83kB/s    0:00:00 (xfr#537, ir-chk=1003/11455)
vendor/fakerphp/faker/src/Faker/Provider/sr_RS/
vendor/fakerphp/faker/src/Faker/Provider/sr_RS/Address.php
          7,876 100%    8.91kB/s    0:00:00            7,876 100%    8.91kB/s    0:00:00 (xfr#538, ir-chk=1002/11455)
vendor/fakerphp/faker/src/Faker/Provider/sr_RS/Payment.php
            682 100%    0.77kB/s    0:00:00              682 100%    0.77kB/s    0:00:00 (xfr#539, ir-chk=1001/11455)
vendor/fakerphp/faker/src/Faker/Provider/sr_RS/Person.php
         32,768  56%   37.08kB/s    0:00:00           57,728 100%   65.25kB/s    0:00:00 (xfr#540, ir-chk=1000/11455)
vendor/fakerphp/faker/src/Faker/Provider/sv_SE/
vendor/fakerphp/faker/src/Faker/Provider/sv_SE/Address.php
         30,930 100%   34.92kB/s    0:00:00           30,930 100%   34.92kB/s    0:00:00 (xfr#541, ir-chk=1005/11461)
vendor/fakerphp/faker/src/Faker/Provider/sv_SE/Company.php
          1,065 100%    1.20kB/s    0:00:00            1,065 100%    1.20kB/s    0:00:00 (xfr#542, ir-chk=1004/11461)
vendor/fakerphp/faker/src/Faker/Provider/sv_SE/Municipality.php
          6,169 100%    6.96kB/s    0:00:00            6,169 100%    6.96kB/s    0:00:00 (xfr#543, ir-chk=1003/11461)
vendor/fakerphp/faker/src/Faker/Provider/sv_SE/Payment.php
            682 100%    0.77kB/s    0:00:00              682 100%    0.77kB/s    0:00:00 (xfr#544, ir-chk=1002/11461)
vendor/fakerphp/faker/src/Faker/Provider/sv_SE/Person.php
         14,833 100%   16.75kB/s    0:00:00           14,833 100%   16.75kB/s    0:00:00 (xfr#545, ir-chk=1001/11461)
vendor/fakerphp/faker/src/Faker/Provider/sv_SE/PhoneNumber.php
          1,506 100%    1.70kB/s    0:00:00            1,506 100%    1.70kB/s    0:00:00 (xfr#546, ir-chk=1000/11461)
vendor/fakerphp/faker/src/Faker/Provider/th_TH/
vendor/fakerphp/faker/src/Faker/Provider/th_TH/Address.php
         25,705 100%   28.99kB/s    0:00:00           25,705 100%   28.99kB/s    0:00:00 (xfr#547, ir-chk=1012/11474)
vendor/fakerphp/faker/src/Faker/Provider/th_TH/Color.php
            786 100%    0.89kB/s    0:00:00              786 100%    0.89kB/s    0:00:00 (xfr#548, ir-chk=1011/11474)
vendor/fakerphp/faker/src/Faker/Provider/th_TH/Company.php
          1,764 100%    1.99kB/s    0:00:00            1,764 100%    1.99kB/s    0:00:00 (xfr#549, ir-chk=1010/11474)
vendor/fakerphp/faker/src/Faker/Provider/th_TH/Internet.php
            199 100%    0.22kB/s    0:00:00              199 100%    0.22kB/s    0:00:00 (xfr#550, ir-chk=1009/11474)
vendor/fakerphp/faker/src/Faker/Provider/th_TH/Payment.php
          2,269 100%    2.56kB/s    0:00:00            2,269 100%    2.56kB/s    0:00:00 (xfr#551, ir-chk=1008/11474)
vendor/fakerphp/faker/src/Faker/Provider/th_TH/Person.php
         18,384 100%   20.71kB/s    0:00:00           18,384 100%   20.71kB/s    0:00:00 (xfr#552, ir-chk=1007/11474)
vendor/fakerphp/faker/src/Faker/Provider/th_TH/PhoneNumber.php
          1,102 100%    1.24kB/s    0:00:00            1,102 100%    1.24kB/s    0:00:00 (xfr#553, ir-chk=1006/11474)
vendor/fakerphp/faker/src/Faker/Provider/tr_TR/
vendor/fakerphp/faker/src/Faker/Provider/tr_TR/Address.php
          3,722 100%    4.19kB/s    0:00:00            3,722 100%    4.19kB/s    0:00:00 (xfr#554, ir-chk=1007/11476)
vendor/fakerphp/faker/src/Faker/Provider/tr_TR/Color.php
          3,788 100%    4.26kB/s    0:00:00            3,788 100%    4.26kB/s    0:00:00 (xfr#555, ir-chk=1006/11476)
vendor/fakerphp/faker/src/Faker/Provider/tr_TR/Company.php
          6,905 100%    7.76kB/s    0:00:00            6,905 100%    7.76kB/s    0:00:00 (xfr#556, ir-chk=1005/11476)
vendor/fakerphp/faker/src/Faker/Provider/tr_TR/DateTime.php
          1,259 100%    1.41kB/s    0:00:00            1,259 100%    1.41kB/s    0:00:00 (xfr#557, ir-chk=1004/11476)
vendor/fakerphp/faker/src/Faker/Provider/tr_TR/Internet.php
            372 100%    0.42kB/s    0:00:00              372 100%    0.42kB/s    0:00:00 (xfr#558, ir-chk=1003/11476)
vendor/fakerphp/faker/src/Faker/Provider/tr_TR/Payment.php
            682 100%    0.77kB/s    0:00:00              682 100%    0.77kB/s    0:00:00 (xfr#559, ir-chk=1002/11476)
vendor/fakerphp/faker/src/Faker/Provider/tr_TR/Person.php
          6,529 100%    7.34kB/s    0:00:00            6,529 100%    7.34kB/s    0:00:00 (xfr#560, ir-chk=1001/11476)
vendor/fakerphp/faker/src/Faker/Provider/tr_TR/PhoneNumber.php
          4,682 100%    5.26kB/s    0:00:00            4,682 100%    5.26kB/s    0:00:00 (xfr#561, ir-chk=1000/11476)
vendor/fakerphp/faker/src/Faker/Provider/uk_UA/
vendor/fakerphp/faker/src/Faker/Provider/uk_UA/Address.php
         10,320 100%   11.58kB/s    0:00:00           10,320 100%   11.58kB/s    0:00:00 (xfr#562, ir-chk=1010/11487)
vendor/fakerphp/faker/src/Faker/Provider/uk_UA/Color.php
          1,892 100%    2.12kB/s    0:00:00            1,892 100%    2.12kB/s    0:00:00 (xfr#563, ir-chk=1009/11487)
vendor/fakerphp/faker/src/Faker/Provider/uk_UA/Company.php
          6,417 100%    7.20kB/s    0:00:00            6,417 100%    7.20kB/s    0:00:00 (xfr#564, ir-chk=1008/11487)
vendor/fakerphp/faker/src/Faker/Provider/uk_UA/Internet.php
            278 100%    0.31kB/s    0:00:00              278 100%    0.31kB/s    0:00:00 (xfr#565, ir-chk=1007/11487)
vendor/fakerphp/faker/src/Faker/Provider/uk_UA/Payment.php
          2,812 100%    3.16kB/s    0:00:00            2,812 100%    3.16kB/s    0:00:00 (xfr#566, ir-chk=1006/11487)
vendor/fakerphp/faker/src/Faker/Provider/uk_UA/Person.php
          5,195 100%    5.83kB/s    0:00:00            5,195 100%    5.83kB/s    0:00:00 (xfr#567, ir-chk=1005/11487)
vendor/fakerphp/faker/src/Faker/Provider/uk_UA/PhoneNumber.php
          1,863 100%    2.09kB/s    0:00:00            1,863 100%    2.09kB/s    0:00:00 (xfr#568, ir-chk=1004/11487)
vendor/fakerphp/faker/src/Faker/Provider/uk_UA/Text.php
         32,768   8%   36.78kB/s    0:00:09          262,144  70%  247.58kB/s    0:00:00          372,305 100%  349.26kB/s    0:00:01 (xfr#569, ir-chk=1003/11487)
vendor/fakerphp/faker/src/Faker/Provider/vi_VN/
vendor/fakerphp/faker/src/Faker/Provider/vi_VN/Address.php
          8,757 100%    1.04MB/s    0:00:00            8,757 100%    1.04MB/s    0:00:00 (xfr#570, ir-chk=1016/11501)
vendor/fakerphp/faker/src/Faker/Provider/vi_VN/Color.php
          1,261 100%  153.93kB/s    0:00:00            1,261 100%  153.93kB/s    0:00:00 (xfr#571, ir-chk=1015/11501)
vendor/fakerphp/faker/src/Faker/Provider/vi_VN/Internet.php
            333 100%   40.65kB/s    0:00:00              333 100%   40.65kB/s    0:00:00 (xfr#572, ir-chk=1014/11501)
vendor/fakerphp/faker/src/Faker/Provider/vi_VN/Person.php
         11,151 100%    1.18MB/s    0:00:00           11,151 100%    1.18MB/s    0:00:00 (xfr#573, ir-chk=1013/11501)
vendor/fakerphp/faker/src/Faker/Provider/vi_VN/PhoneNumber.php
          1,683 100%  182.62kB/s    0:00:00            1,683 100%  182.62kB/s    0:00:00 (xfr#574, ir-chk=1012/11501)
vendor/fakerphp/faker/src/Faker/Provider/zh_CN/
vendor/fakerphp/faker/src/Faker/Provider/zh_CN/Address.php
          7,190 100%  780.16kB/s    0:00:00            7,190 100%  780.16kB/s    0:00:00 (xfr#575, ir-chk=1011/11501)
vendor/fakerphp/faker/src/Faker/Provider/zh_CN/Color.php
          3,958 100%  386.52kB/s    0:00:00            3,958 100%  386.52kB/s    0:00:00 (xfr#576, ir-chk=1010/11501)
vendor/fakerphp/faker/src/Faker/Provider/zh_CN/Company.php
          9,595 100%  851.83kB/s    0:00:00            9,595 100%  851.83kB/s    0:00:00 (xfr#577, ir-chk=1009/11501)
vendor/fakerphp/faker/src/Faker/Provider/zh_CN/DateTime.php
          1,285 100%  114.08kB/s    0:00:00            1,285 100%  114.08kB/s    0:00:00 (xfr#578, ir-chk=1008/11501)
vendor/fakerphp/faker/src/Faker/Provider/zh_CN/Internet.php
            677 100%   60.10kB/s    0:00:00              677 100%   60.10kB/s    0:00:00 (xfr#579, ir-chk=1007/11501)
vendor/fakerphp/faker/src/Faker/Provider/zh_CN/Payment.php
            966 100%   85.76kB/s    0:00:00              966 100%   85.76kB/s    0:00:00 (xfr#580, ir-chk=1006/11501)
vendor/fakerphp/faker/src/Faker/Provider/zh_CN/Person.php
          5,139 100%  418.21kB/s    0:00:00            5,139 100%  418.21kB/s    0:00:00 (xfr#581, ir-chk=1005/11501)
vendor/fakerphp/faker/src/Faker/Provider/zh_CN/PhoneNumber.php
            793 100%   64.53kB/s    0:00:00              793 100%   64.53kB/s    0:00:00 (xfr#582, ir-chk=1004/11501)
vendor/fakerphp/faker/src/Faker/Provider/zh_TW/
vendor/fakerphp/faker/src/Faker/Provider/zh_TW/Address.php
         19,750 100%    1.35MB/s    0:00:00           19,750 100%    1.35MB/s    0:00:00 (xfr#583, ir-chk=1051/11549)
vendor/fakerphp/faker/src/Faker/Provider/zh_TW/Color.php
          3,957 100%  276.02kB/s    0:00:00            3,957 100%  276.02kB/s    0:00:00 (xfr#584, ir-chk=1050/11549)
vendor/fakerphp/faker/src/Faker/Provider/zh_TW/Company.php
          9,974 100%  649.35kB/s    0:00:00            9,974 100%  649.35kB/s    0:00:00 (xfr#585, ir-chk=1049/11549)
vendor/fakerphp/faker/src/Faker/Provider/zh_TW/DateTime.php
          1,285 100%   83.66kB/s    0:00:00            1,285 100%   83.66kB/s    0:00:00 (xfr#586, ir-chk=1048/11549)
vendor/fakerphp/faker/src/Faker/Provider/zh_TW/Internet.php
            640 100%   41.67kB/s    0:00:00              640 100%   41.67kB/s    0:00:00 (xfr#587, ir-chk=1047/11549)
vendor/fakerphp/faker/src/Faker/Provider/zh_TW/Payment.php
            489 100%   31.84kB/s    0:00:00              489 100%   29.85kB/s    0:00:00 (xfr#588, ir-chk=1046/11549)
vendor/fakerphp/faker/src/Faker/Provider/zh_TW/Person.php
          8,250 100%  503.54kB/s    0:00:00            8,250 100%  503.54kB/s    0:00:00 (xfr#589, ir-chk=1045/11549)
vendor/fakerphp/faker/src/Faker/Provider/zh_TW/PhoneNumber.php
            381 100%   23.25kB/s    0:00:00              381 100%   21.89kB/s    0:00:00 (xfr#590, ir-chk=1044/11549)
vendor/fakerphp/faker/src/Faker/Provider/zh_TW/Text.php
         32,768  17%    1.84MB/s    0:00:00          191,645 100%    1.76MB/s    0:00:00 (xfr#591, ir-chk=1043/11549)
vendor/filp/
vendor/filp/whoops/
vendor/filp/whoops/.mailmap
             70 100%    0.66kB/s    0:00:00               70 100%    0.66kB/s    0:00:00 (xfr#592, ir-chk=1041/11549)
vendor/filp/whoops/CHANGELOG.md
          3,066 100%   28.52kB/s    0:00:00            3,066 100%   28.52kB/s    0:00:00 (xfr#593, ir-chk=1040/11549)
vendor/filp/whoops/LICENSE.md
          1,042 100%    9.69kB/s    0:00:00            1,042 100%    9.69kB/s    0:00:00 (xfr#594, ir-chk=1039/11549)
vendor/filp/whoops/SECURITY.md
            304 100%    2.83kB/s    0:00:00              304 100%    2.83kB/s    0:00:00 (xfr#595, ir-chk=1038/11549)
vendor/filp/whoops/composer.json
          1,264 100%   11.65kB/s    0:00:00            1,264 100%   11.65kB/s    0:00:00 (xfr#596, ir-chk=1037/11549)
vendor/filp/whoops/src/
vendor/filp/whoops/src/Whoops/
vendor/filp/whoops/src/Whoops/Run.php
         16,511 100%  150.69kB/s    0:00:00           16,511 100%  150.69kB/s    0:00:00 (xfr#597, ir-chk=1034/11549)
vendor/filp/whoops/src/Whoops/RunInterface.php
          4,034 100%   36.82kB/s    0:00:00            4,034 100%   36.82kB/s    0:00:00 (xfr#598, ir-chk=1033/11549)
vendor/filp/whoops/src/Whoops/Exception/
vendor/filp/whoops/src/Whoops/Exception/ErrorException.php
            355 100%    3.24kB/s    0:00:00              355 100%    3.24kB/s    0:00:00 (xfr#599, ir-chk=1027/11549)
vendor/filp/whoops/src/Whoops/Exception/Formatter.php
          2,458 100%   22.43kB/s    0:00:00            2,458 100%   22.23kB/s    0:00:00 (xfr#600, ir-chk=1026/11549)
vendor/filp/whoops/src/Whoops/Exception/Frame.php
          8,177 100%   73.94kB/s    0:00:00            8,177 100%   73.94kB/s    0:00:00 (xfr#601, ir-chk=1025/11549)
vendor/filp/whoops/src/Whoops/Exception/FrameCollection.php
          5,161 100%   46.67kB/s    0:00:00            5,161 100%   46.67kB/s    0:00:00 (xfr#602, ir-chk=1024/11549)
vendor/filp/whoops/src/Whoops/Exception/Inspector.php
          9,693 100%   86.84kB/s    0:00:00            9,693 100%   86.84kB/s    0:00:00 (xfr#603, ir-chk=1023/11549)
vendor/filp/whoops/src/Whoops/Handler/
vendor/filp/whoops/src/Whoops/Handler/CallbackHandler.php
          1,352 100%   12.11kB/s    0:00:00            1,352 100%   12.11kB/s    0:00:00 (xfr#604, ir-chk=1022/11549)
vendor/filp/whoops/src/Whoops/Handler/Handler.php
          1,914 100%   17.15kB/s    0:00:00            1,914 100%   17.15kB/s    0:00:00 (xfr#605, ir-chk=1021/11549)
vendor/filp/whoops/src/Whoops/Handler/HandlerInterface.php
            746 100%    6.62kB/s    0:00:00              746 100%    6.62kB/s    0:00:00 (xfr#606, ir-chk=1020/11549)
vendor/filp/whoops/src/Whoops/Handler/JsonResponseHandler.php
          2,109 100%   18.72kB/s    0:00:00            2,109 100%   18.72kB/s    0:00:00 (xfr#607, ir-chk=1019/11549)
vendor/filp/whoops/src/Whoops/Handler/PlainTextHandler.php
          8,995 100%   79.86kB/s    0:00:00            8,995 100%   79.86kB/s    0:00:00 (xfr#608, ir-chk=1018/11549)
vendor/filp/whoops/src/Whoops/Handler/PrettyPageHandler.php
         25,852 100%  227.44kB/s    0:00:00           25,852 100%  227.44kB/s    0:00:00 (xfr#609, ir-chk=1017/11549)
vendor/filp/whoops/src/Whoops/Handler/XmlResponseHandler.php
          2,723 100%   23.74kB/s    0:00:00            2,723 100%   23.74kB/s    0:00:00 (xfr#610, ir-chk=1016/11549)
vendor/filp/whoops/src/Whoops/Inspector/
vendor/filp/whoops/src/Whoops/Inspector/InspectorFactory.php
            416 100%    3.63kB/s    0:00:00              416 100%    3.63kB/s    0:00:00 (xfr#611, ir-chk=1015/11549)
vendor/filp/whoops/src/Whoops/Inspector/InspectorFactoryInterface.php
            299 100%    2.61kB/s    0:00:00              299 100%    2.61kB/s    0:00:00 (xfr#612, ir-chk=1014/11549)
vendor/filp/whoops/src/Whoops/Inspector/InspectorInterface.php
          1,566 100%   13.65kB/s    0:00:00            1,566 100%   13.65kB/s    0:00:00 (xfr#613, ir-chk=1013/11549)
vendor/filp/whoops/src/Whoops/Resources/
vendor/filp/whoops/src/Whoops/Resources/css/
vendor/filp/whoops/src/Whoops/Resources/css/prism.css
          3,210 100%   27.99kB/s    0:00:00            3,210 100%   27.99kB/s    0:00:00 (xfr#614, ir-chk=1009/11549)
vendor/filp/whoops/src/Whoops/Resources/css/whoops.base.css
         10,328 100%   89.26kB/s    0:00:00           10,328 100%   89.26kB/s    0:00:00 (xfr#615, ir-chk=1008/11549)
vendor/filp/whoops/src/Whoops/Resources/js/
vendor/filp/whoops/src/Whoops/Resources/js/clipboard.min.js
          9,160 100%   78.47kB/s    0:00:00            9,160 100%   78.47kB/s    0:00:00 (xfr#616, ir-chk=1007/11549)
vendor/filp/whoops/src/Whoops/Resources/js/prism.js
         24,165 100%  205.21kB/s    0:00:00           24,165 100%  205.21kB/s    0:00:00 (xfr#617, ir-chk=1006/11549)
vendor/filp/whoops/src/Whoops/Resources/js/whoops.base.js
          6,663 100%   56.58kB/s    0:00:00            6,663 100%   56.58kB/s    0:00:00 (xfr#618, ir-chk=1005/11549)
vendor/filp/whoops/src/Whoops/Resources/js/zepto.min.js
         26,386 100%  220.24kB/s    0:00:00           26,386 100%  220.24kB/s    0:00:00 (xfr#619, ir-chk=1004/11549)
vendor/filp/whoops/src/Whoops/Resources/views/
vendor/filp/whoops/src/Whoops/Resources/views/env_details.html.php
          1,561 100%   13.03kB/s    0:00:00            1,561 100%   12.92kB/s    0:00:00 (xfr#620, ir-chk=1025/11571)
vendor/filp/whoops/src/Whoops/Resources/views/frame_code.html.php
          2,927 100%   24.22kB/s    0:00:00            2,927 100%   24.22kB/s    0:00:00 (xfr#621, ir-chk=1024/11571)
vendor/filp/whoops/src/Whoops/Resources/views/frame_list.html.php
          1,040 100%    8.61kB/s    0:00:00            1,040 100%    8.61kB/s    0:00:00 (xfr#622, ir-chk=1023/11571)
vendor/filp/whoops/src/Whoops/Resources/views/frames_container.html.php
            162 100%    1.34kB/s    0:00:00              162 100%    1.34kB/s    0:00:00 (xfr#623, ir-chk=1022/11571)
vendor/filp/whoops/src/Whoops/Resources/views/frames_description.html.php
            660 100%    5.46kB/s    0:00:00              660 100%    5.46kB/s    0:00:00 (xfr#624, ir-chk=1021/11571)
vendor/filp/whoops/src/Whoops/Resources/views/header.html.php
          9,417 100%   77.28kB/s    0:00:00            9,417 100%   77.28kB/s    0:00:00 (xfr#625, ir-chk=1020/11571)
vendor/filp/whoops/src/Whoops/Resources/views/header_outer.html.php
             52 100%    0.43kB/s    0:00:00               52 100%    0.43kB/s    0:00:00 (xfr#626, ir-chk=1019/11571)
vendor/filp/whoops/src/Whoops/Resources/views/layout.html.php
            877 100%    7.20kB/s    0:00:00              877 100%    7.20kB/s    0:00:00 (xfr#627, ir-chk=1018/11571)
vendor/filp/whoops/src/Whoops/Resources/views/panel_details.html.php
             70 100%    0.57kB/s    0:00:00               70 100%    0.57kB/s    0:00:00 (xfr#628, ir-chk=1017/11571)
vendor/filp/whoops/src/Whoops/Resources/views/panel_details_outer.html.php
             87 100%    0.71kB/s    0:00:00               87 100%    0.71kB/s    0:00:00 (xfr#629, ir-chk=1016/11571)
vendor/filp/whoops/src/Whoops/Resources/views/panel_left.html.php
            104 100%    0.85kB/s    0:00:00              104 100%    0.85kB/s    0:00:00 (xfr#630, ir-chk=1015/11571)
vendor/filp/whoops/src/Whoops/Resources/views/panel_left_outer.html.php
            121 100%    0.98kB/s    0:00:00              121 100%    0.98kB/s    0:00:00 (xfr#631, ir-chk=1014/11571)
vendor/filp/whoops/src/Whoops/Util/
vendor/filp/whoops/src/Whoops/Util/HtmlDumperOutput.php
            718 100%    5.84kB/s    0:00:00              718 100%    5.84kB/s    0:00:00 (xfr#632, ir-chk=1013/11571)
vendor/filp/whoops/src/Whoops/Util/Misc.php
          1,987 100%   16.17kB/s    0:00:00            1,987 100%   16.17kB/s    0:00:00 (xfr#633, ir-chk=1012/11571)
vendor/filp/whoops/src/Whoops/Util/SystemFacade.php
          2,703 100%   22.00kB/s    0:00:00            2,703 100%   22.00kB/s    0:00:00 (xfr#634, ir-chk=1011/11571)
vendor/filp/whoops/src/Whoops/Util/TemplateHelper.php
          9,476 100%   76.48kB/s    0:00:00            9,476 100%   76.48kB/s    0:00:00 (xfr#635, ir-chk=1010/11571)
vendor/firebase/
vendor/firebase/php-jwt/
vendor/firebase/php-jwt/src/
vendor/flutterwavedev/
vendor/flutterwavedev/flutterwave-v3/
vendor/flutterwavedev/flutterwave-v3/.docker/
vendor/flutterwavedev/flutterwave-v3/.docker/nginx/
vendor/flutterwavedev/flutterwave-v3/.docker/php/
vendor/flutterwavedev/flutterwave-v3/.docker/php/conf.d/
vendor/flutterwavedev/flutterwave-v3/.github/
vendor/flutterwavedev/flutterwave-v3/.github/ISSUE_TEMPLATE/
vendor/flutterwavedev/flutterwave-v3/.github/workflows/
vendor/flutterwavedev/flutterwave-v3/assets/
vendor/flutterwavedev/flutterwave-v3/assets/images/
vendor/flutterwavedev/flutterwave-v3/assets/js/
vendor/flutterwavedev/flutterwave-v3/examples/
vendor/flutterwavedev/flutterwave-v3/examples/assets/
vendor/flutterwavedev/flutterwave-v3/examples/assets/css/
vendor/flutterwavedev/flutterwave-v3/examples/assets/js/
vendor/flutterwavedev/flutterwave-v3/examples/endpoint/
vendor/flutterwavedev/flutterwave-v3/examples/view/
vendor/flutterwavedev/flutterwave-v3/examples/view/form/
vendor/flutterwavedev/flutterwave-v3/src/
vendor/flutterwavedev/flutterwave-v3/src/Config/
vendor/flutterwavedev/flutterwave-v3/src/Contract/
vendor/flutterwavedev/flutterwave-v3/src/Controller/
vendor/flutterwavedev/flutterwave-v3/src/Entities/
vendor/flutterwavedev/flutterwave-v3/src/EventHandlers/
vendor/flutterwavedev/flutterwave-v3/src/Exception/
vendor/flutterwavedev/flutterwave-v3/src/Factories/
vendor/flutterwavedev/flutterwave-v3/src/Helper/
vendor/flutterwavedev/flutterwave-v3/src/HttpAdapter/
vendor/flutterwavedev/flutterwave-v3/src/Library/
vendor/flutterwavedev/flutterwave-v3/src/Service/
vendor/flutterwavedev/flutterwave-v3/src/Traits/
vendor/flutterwavedev/flutterwave-v3/src/Traits/ApiOperations/
vendor/flutterwavedev/flutterwave-v3/src/Traits/Group/
vendor/flutterwavedev/flutterwave-v3/src/Traits/PayloadOperations/
vendor/flutterwavedev/flutterwave-v3/src/Traits/Setup/
vendor/flutterwavedev/flutterwave-v3/src/Util/
vendor/flutterwavedev/flutterwave-v3/tests/
vendor/flutterwavedev/flutterwave-v3/tests/Resources/
vendor/flutterwavedev/flutterwave-v3/tests/Resources/Account/
vendor/flutterwavedev/flutterwave-v3/tests/Resources/Ach/
vendor/flutterwavedev/flutterwave-v3/tests/Resources/ApplePay/
vendor/flutterwavedev/flutterwave-v3/tests/Resources/Card/
vendor/flutterwavedev/flutterwave-v3/tests/Resources/Enaira/
vendor/flutterwavedev/flutterwave-v3/tests/Resources/GooglePay/
vendor/flutterwavedev/flutterwave-v3/tests/Resources/Momo/
vendor/flutterwavedev/flutterwave-v3/tests/Resources/Mpesa/
vendor/flutterwavedev/flutterwave-v3/tests/Resources/Setup/
vendor/flutterwavedev/flutterwave-v3/tests/Resources/Ussd/
vendor/flutterwavedev/flutterwave-v3/tests/Resources/VirtualAccount/
vendor/flutterwavedev/flutterwave-v3/tests/Resources/VirtualCard/
vendor/flutterwavedev/flutterwave-v3/tests/Resources/Webhook/
vendor/flutterwavedev/flutterwave-v3/tests/Unit/
vendor/flutterwavedev/flutterwave-v3/tests/Unit/Checkout/
vendor/flutterwavedev/flutterwave-v3/tests/Unit/Service/
vendor/fruitcake/
vendor/fruitcake/php-cors/
vendor/fruitcake/php-cors/src/
vendor/fruitcake/php-cors/src/Exceptions/
vendor/geoip2/
vendor/geoip2/geoip2/
vendor/geoip2/geoip2/examples/
vendor/geoip2/geoip2/src/
vendor/geoip2/geoip2/src/Database/
vendor/geoip2/geoip2/src/Exception/
vendor/geoip2/geoip2/src/Model/
vendor/geoip2/geoip2/src/Record/
vendor/geoip2/geoip2/src/WebService/
vendor/giggsey/
vendor/giggsey/libphonenumber-for-php-lite/
vendor/giggsey/libphonenumber-for-php-lite/src/
vendor/giggsey/libphonenumber-for-php-lite/src/data/
vendor/google/
vendor/google/auth/
vendor/google/auth/src/
vendor/google/auth/src/Cache/
vendor/google/auth/src/CredentialSource/
vendor/google/auth/src/Credentials/
vendor/google/auth/src/ExecutableHandler/
vendor/google/auth/src/HttpHandler/
vendor/google/auth/src/Logging/
vendor/google/auth/src/Middleware/
vendor/google/cloud-core/
vendor/google/cloud-core/bin/
vendor/google/cloud-core/src/
vendor/google/cloud-core/src/Batch/
vendor/google/cloud-core/src/Compute/
vendor/google/cloud-core/src/Compute/Metadata/
vendor/google/cloud-core/src/Compute/Metadata/Readers/
vendor/google/cloud-core/src/Exception/
vendor/google/cloud-core/src/Iam/
vendor/google/cloud-core/src/Iterator/
vendor/google/cloud-core/src/Lock/
vendor/google/cloud-core/src/Logger/
vendor/google/cloud-core/src/LongRunning/
vendor/google/cloud-core/src/Report/
vendor/google/cloud-core/src/Testing/
vendor/google/cloud-core/src/Testing/Lock/
vendor/google/cloud-core/src/Testing/Reflection/
vendor/google/cloud-core/src/Testing/Snippet/
vendor/google/cloud-core/src/Testing/Snippet/Coverage/
vendor/google/cloud-core/src/Testing/Snippet/Parser/
vendor/google/cloud-core/src/Testing/System/
vendor/google/cloud-core/src/Upload/
vendor/google/cloud-storage/
vendor/google/cloud-storage/src/
vendor/google/cloud-storage/src/Connection/
vendor/google/cloud-storage/src/Connection/ServiceDefinition/
vendor/google/common-protos/
vendor/google/common-protos/metadata/
vendor/google/common-protos/metadata/Api/
vendor/google/common-protos/metadata/Cloud/
vendor/google/common-protos/metadata/Cloud/Location/
vendor/google/common-protos/metadata/Google/
vendor/google/common-protos/metadata/Google/Iam/
vendor/google/common-protos/metadata/Google/Iam/V1/
vendor/google/common-protos/metadata/Google/Iam/V1/Logging/
vendor/google/common-protos/metadata/Google/Logging/
vendor/google/common-protos/metadata/Google/Logging/Type/
vendor/google/common-protos/metadata/Iam/
vendor/google/common-protos/metadata/Iam/V1/
vendor/google/common-protos/metadata/Iam/V1/Logging/
vendor/google/common-protos/metadata/Logging/
vendor/google/common-protos/metadata/Logging/Type/
vendor/google/common-protos/metadata/Rpc/
vendor/google/common-protos/metadata/Rpc/Context/
vendor/google/common-protos/metadata/Type/
vendor/google/common-protos/src/
vendor/google/common-protos/src/Api/
vendor/google/common-protos/src/Api/BackendRule/
vendor/google/common-protos/src/Api/Billing/
vendor/google/common-protos/src/Api/Distribution/
vendor/google/common-protos/src/Api/Distribution/BucketOptions/
vendor/google/common-protos/src/Api/FieldInfo/
vendor/google/common-protos/src/Api/LabelDescriptor/
vendor/google/common-protos/src/Api/Logging/
vendor/google/common-protos/src/Api/MethodSettings/
vendor/google/common-protos/src/Api/MetricDescriptor/
vendor/google/common-protos/src/Api/MetricDescriptor/MetricDescriptorMetadata/
vendor/google/common-protos/src/Api/Monitoring/
vendor/google/common-protos/src/Api/Property/
vendor/google/common-protos/src/Api/PythonSettings/
vendor/google/common-protos/src/Api/ResourceDescriptor/
vendor/google/common-protos/src/Cloud/
vendor/google/common-protos/src/Cloud/Iam/
vendor/google/common-protos/src/Cloud/Iam/V1/
vendor/google/common-protos/src/Cloud/Iam/V1/AuditConfigDelta/
vendor/google/common-protos/src/Cloud/Iam/V1/AuditLogConfig/
vendor/google/common-protos/src/Cloud/Iam/V1/BindingDelta/
vendor/google/common-protos/src/Cloud/Location/
vendor/google/common-protos/src/Cloud/Logging/
vendor/google/common-protos/src/Cloud/Logging/Type/
vendor/google/common-protos/src/Iam/
vendor/google/common-protos/src/Iam/V1/
vendor/google/common-protos/src/Iam/V1/Logging/
vendor/google/common-protos/src/Rpc/
vendor/google/common-protos/src/Rpc/BadRequest/
vendor/google/common-protos/src/Rpc/Context/
vendor/google/common-protos/src/Rpc/Context/AttributeContext/
vendor/google/common-protos/src/Rpc/Help/
vendor/google/common-protos/src/Rpc/PreconditionFailure/
vendor/google/common-protos/src/Rpc/QuotaFailure/
vendor/google/common-protos/src/Type/
vendor/google/common-protos/src/Type/PhoneNumber/
vendor/google/gax/
vendor/google/gax/metadata/
vendor/google/gax/metadata/ApiCore/
vendor/google/gax/metadata/ApiCore/Testing/
vendor/google/gax/metadata/Google/
vendor/google/gax/metadata/Google/ApiCore/
vendor/google/gax/metadata/Google/ApiCore/Tests/
vendor/google/gax/metadata/Google/ApiCore/Tests/Unit/
vendor/google/gax/src/
vendor/google/gax/src/Middleware/
vendor/google/gax/src/Options/
vendor/google/gax/src/Options/TransportOptions/
vendor/google/gax/src/ResourceTemplate/
vendor/google/gax/src/Testing/
vendor/google/gax/src/Transport/
vendor/google/gax/src/Transport/Grpc/
vendor/google/gax/src/Transport/Rest/
vendor/google/grpc-gcp/
vendor/google/grpc-gcp/.github/
vendor/google/grpc-gcp/.github/workflows/
vendor/google/grpc-gcp/cloudprober/
vendor/google/grpc-gcp/cloudprober/bins/
vendor/google/grpc-gcp/cloudprober/bins/opt/
vendor/google/grpc-gcp/cloudprober/grpc_gpc_prober/
vendor/google/grpc-gcp/doc/
vendor/google/grpc-gcp/src/
vendor/google/grpc-gcp/src/generated/
vendor/google/grpc-gcp/src/generated/GPBMetadata/
vendor/google/grpc-gcp/src/generated/Grpc/
vendor/google/grpc-gcp/src/generated/Grpc/Gcp/
vendor/google/grpc-gcp/third_party/
vendor/google/grpc-gcp/third_party/googleapis/
vendor/google/longrunning/
vendor/google/longrunning/metadata/
vendor/google/longrunning/metadata/Longrunning/
vendor/google/longrunning/src/
vendor/google/longrunning/src/ApiCore/
vendor/google/longrunning/src/ApiCore/LongRunning/
vendor/google/longrunning/src/ApiCore/LongRunning/Gapic/
vendor/google/longrunning/src/LongRunning/
vendor/google/longrunning/src/LongRunning/Client/
vendor/google/longrunning/src/LongRunning/Gapic/
vendor/google/longrunning/src/LongRunning/resources/
vendor/google/protobuf/
vendor/google/protobuf/src/
vendor/google/protobuf/src/GPBMetadata/
vendor/google/protobuf/src/GPBMetadata/Google/
vendor/google/protobuf/src/GPBMetadata/Google/Protobuf/
vendor/google/protobuf/src/GPBMetadata/Google/Protobuf/Internal/
vendor/google/protobuf/src/Google/
vendor/google/protobuf/src/Google/Protobuf/
vendor/google/protobuf/src/Google/Protobuf/Field/
vendor/google/protobuf/src/Google/Protobuf/Internal/
vendor/google/protobuf/src/Google/Protobuf/Internal/DescriptorProto/
vendor/google/protobuf/src/Google/Protobuf/Internal/EnumDescriptorProto/
vendor/google/protobuf/src/Google/Protobuf/Internal/ExtensionRangeOptions/
vendor/google/protobuf/src/Google/Protobuf/Internal/FeatureSet/
vendor/google/protobuf/src/Google/Protobuf/Internal/FeatureSet/VisibilityFeature/
vendor/google/protobuf/src/Google/Protobuf/Internal/FeatureSetDefaults/
vendor/google/protobuf/src/Google/Protobuf/Internal/FieldDescriptorProto/
vendor/google/protobuf/src/Google/Protobuf/Internal/FieldOptions/
vendor/google/protobuf/src/Google/Protobuf/Internal/FileOptions/
vendor/google/protobuf/src/Google/Protobuf/Internal/GeneratedCodeInfo/
vendor/google/protobuf/src/Google/Protobuf/Internal/GeneratedCodeInfo/Annotation/
vendor/google/protobuf/src/Google/Protobuf/Internal/MethodOptions/
vendor/google/protobuf/src/Google/Protobuf/Internal/SourceCodeInfo/
vendor/google/protobuf/src/Google/Protobuf/Internal/UninterpretedOption/
vendor/graham-campbell/
vendor/graham-campbell/result-type/
vendor/graham-campbell/result-type/src/
vendor/grpc/
vendor/grpc/grpc/
vendor/grpc/grpc/etc/
vendor/grpc/grpc/src/
vendor/grpc/grpc/src/lib/
vendor/grpc/grpc/src/lib/Internal/
vendor/guzzlehttp/
vendor/guzzlehttp/guzzle/
vendor/guzzlehttp/guzzle/src/
vendor/guzzlehttp/guzzle/src/Cookie/
vendor/guzzlehttp/guzzle/src/Exception/
vendor/guzzlehttp/guzzle/src/Handler/
vendor/guzzlehttp/promises/
vendor/guzzlehttp/promises/src/
vendor/guzzlehttp/psr7/
vendor/guzzlehttp/psr7/src/
vendor/guzzlehttp/psr7/src/Exception/
vendor/guzzlehttp/uri-template/
vendor/guzzlehttp/uri-template/src/
vendor/hamcrest/
vendor/hamcrest/hamcrest-php/
vendor/hamcrest/hamcrest-php/.gitattributes
            133 100%    0.00kB/s    0:00:00              133 100%    0.00kB/s    0:00:00 (xfr#636, ir-chk=1011/13518)
vendor/hamcrest/hamcrest-php/.gitignore
             49 100%   47.85kB/s    0:00:00               49 100%   47.85kB/s    0:00:00 (xfr#637, ir-chk=1010/13518)
vendor/hamcrest/hamcrest-php/CHANGES.txt
          5,605 100%    5.35MB/s    0:00:00            5,605 100%    5.35MB/s    0:00:00 (xfr#638, ir-chk=1009/13518)
vendor/hamcrest/hamcrest-php/CONTRIBUTING.md
          1,747 100%    1.67MB/s    0:00:00            1,747 100%    1.67MB/s    0:00:00 (xfr#639, ir-chk=1008/13518)
vendor/hamcrest/hamcrest-php/LICENSE.txt
          1,482 100%    1.41MB/s    0:00:00            1,482 100%    1.41MB/s    0:00:00 (xfr#640, ir-chk=1007/13518)
vendor/hamcrest/hamcrest-php/README.md
         10,960 100%    5.23MB/s    0:00:00           10,960 100%    5.23MB/s    0:00:00 (xfr#641, ir-chk=1006/13518)
vendor/hamcrest/hamcrest-php/composer.json
            697 100%  340.33kB/s    0:00:00              697 100%  340.33kB/s    0:00:00 (xfr#642, ir-chk=1005/13518)
vendor/hamcrest/hamcrest-php/generator/
vendor/hamcrest/hamcrest-php/generator/FactoryCall.php
            611 100%  298.34kB/s    0:00:00              611 100%  298.34kB/s    0:00:00 (xfr#643, ir-chk=1015/13531)
vendor/hamcrest/hamcrest-php/generator/FactoryClass.php
          1,386 100%  676.76kB/s    0:00:00            1,386 100%  676.76kB/s    0:00:00 (xfr#644, ir-chk=1014/13531)
vendor/hamcrest/hamcrest-php/generator/FactoryFile.php
          3,024 100%  984.38kB/s    0:00:00            3,024 100%  984.38kB/s    0:00:00 (xfr#645, ir-chk=1013/13531)
vendor/hamcrest/hamcrest-php/generator/FactoryGenerator.php
          2,996 100%  975.26kB/s    0:00:00            2,996 100%  975.26kB/s    0:00:00 (xfr#646, ir-chk=1012/13531)
vendor/hamcrest/hamcrest-php/generator/FactoryMethod.php
          5,644 100%    1.79MB/s    0:00:00            5,644 100%    1.79MB/s    0:00:00 (xfr#647, ir-chk=1011/13531)
vendor/hamcrest/hamcrest-php/generator/FactoryParameter.php
          3,539 100%  864.01kB/s    0:00:00            3,539 100%  864.01kB/s    0:00:00 (xfr#648, ir-chk=1010/13531)
vendor/hamcrest/hamcrest-php/generator/GlobalFunctionFile.php
            930 100%  227.05kB/s    0:00:00              930 100%  227.05kB/s    0:00:00 (xfr#649, ir-chk=1009/13531)
vendor/hamcrest/hamcrest-php/generator/StaticMethodFile.php
            773 100%  188.72kB/s    0:00:00              773 100%  188.72kB/s    0:00:00 (xfr#650, ir-chk=1008/13531)
vendor/hamcrest/hamcrest-php/generator/run.php
          1,083 100%  264.40kB/s    0:00:00            1,083 100%  264.40kB/s    0:00:00 (xfr#651, ir-chk=1007/13531)
vendor/hamcrest/hamcrest-php/generator/parts/
vendor/hamcrest/hamcrest-php/generator/parts/file_header.txt
            120 100%   23.44kB/s    0:00:00              120 100%   23.44kB/s    0:00:00 (xfr#652, ir-chk=1020/13546)
vendor/hamcrest/hamcrest-php/generator/parts/functions_footer.txt
              0 100%    0.00kB/s    0:00:00 (xfr#653, ir-chk=1019/13546)
vendor/hamcrest/hamcrest-php/generator/parts/functions_header.txt
            654 100%  127.73kB/s    0:00:00              654 100%  127.73kB/s    0:00:00 (xfr#654, ir-chk=1018/13546)
vendor/hamcrest/hamcrest-php/generator/parts/functions_imports.txt
              0 100%    0.00kB/s    0:00:00 (xfr#655, ir-chk=1017/13546)
vendor/hamcrest/hamcrest-php/generator/parts/matchers_footer.txt
              2 100%    0.39kB/s    0:00:00                2 100%    0.39kB/s    0:00:00 (xfr#656, ir-chk=1016/13546)
vendor/hamcrest/hamcrest-php/generator/parts/matchers_header.txt
             86 100%   16.80kB/s    0:00:00               86 100%   16.80kB/s    0:00:00 (xfr#657, ir-chk=1015/13546)
vendor/hamcrest/hamcrest-php/generator/parts/matchers_imports.txt
             20 100%    3.91kB/s    0:00:00               20 100%    3.91kB/s    0:00:00 (xfr#658, ir-chk=1014/13546)
vendor/hamcrest/hamcrest-php/hamcrest/
vendor/hamcrest/hamcrest-php/hamcrest/Hamcrest.php
         21,609 100%    3.43MB/s    0:00:00           21,609 100%    3.43MB/s    0:00:00 (xfr#659, ir-chk=1013/13546)
vendor/hamcrest/hamcrest-php/hamcrest/Hamcrest/
vendor/hamcrest/hamcrest-php/hamcrest/Hamcrest/AssertionError.php
            119 100%   19.37kB/s    0:00:00              119 100%   19.37kB/s    0:00:00 (xfr#660, ir-chk=1035/13570)
vendor/hamcrest/hamcrest-php/hamcrest/Hamcrest/BaseDescription.php
          3,179 100%  443.50kB/s    0:00:00            3,179 100%  443.50kB/s    0:00:00 (xfr#661, ir-chk=1034/13570)
vendor/hamcrest/hamcrest-php/hamcrest/Hamcrest/BaseMatcher.php
            565 100%   78.82kB/s    0:00:00              565 100%   78.82kB/s    0:00:00 (xfr#662, ir-chk=1033/13570)
vendor/hamcrest/hamcrest-php/hamcrest/Hamcrest/Description.php
          1,689 100%  235.63kB/s    0:00:00            1,689 100%  235.63kB/s    0:00:00 (xfr#663, ir-chk=1032/13570)
vendor/hamcrest/hamcrest-php/hamcrest/Hamcrest/DiagnosingMatcher.php
            603 100%   84.12kB/s    0:00:00              603 100%   84.12kB/s    0:00:00 (xfr#664, ir-chk=1031/13570)
vendor/hamcrest/hamcrest-php/hamcrest/Hamcrest/FeatureMatcher.php
          1,993 100%  278.04kB/s    0:00:00            1,993 100%  243.29kB/s    0:00:00 (xfr#665, ir-chk=1030/13570)
vendor/hamcrest/hamcrest-php/hamcrest/Hamcrest/Matcher.php
          1,627 100%  198.61kB/s    0:00:00            1,627 100%  198.61kB/s    0:00:00 (xfr#666, ir-chk=1029/13570)
vendor/hamcrest/hamcrest-php/hamcrest/Hamcrest/MatcherAssert.php
          3,387 100%  413.45kB/s    0:00:00            3,387 100%  413.45kB/s    0:00:00 (xfr#667, ir-chk=1028/13570)
vendor/hamcrest/hamcrest-php/hamcrest/Hamcrest/Matchers.php
         18,961 100%    2.26MB/s    0:00:00           18,961 100%    2.26MB/s    0:00:00 (xfr#668, ir-chk=1027/13570)
vendor/hamcrest/hamcrest-php/hamcrest/Hamcrest/NullDescription.php
            699 100%   85.33kB/s    0:00:00              699 100%   85.33kB/s    0:00:00 (xfr#669, ir-chk=1026/13570)
vendor/hamcrest/hamcrest-php/hamcrest/Hamcrest/SelfDescribing.php
            535 100%   58.05kB/s    0:00:00              535 100%   58.05kB/s    0:00:00 (xfr#670, ir-chk=1025/13570)
vendor/hamcrest/hamcrest-php/hamcrest/Hamcrest/StringDescription.php
          1,123 100%  121.85kB/s    0:00:00            1,123 100%  121.85kB/s    0:00:00 (xfr#671, ir-chk=1024/13570)
vendor/hamcrest/hamcrest-php/hamcrest/Hamcrest/TypeSafeDiagnosingMatcher.php
            841 100%   91.25kB/s    0:00:00              841 100%   91.25kB/s    0:00:00 (xfr#672, ir-chk=1023/13570)
vendor/hamcrest/hamcrest-php/hamcrest/Hamcrest/TypeSafeMatcher.php
          2,918 100%  316.62kB/s    0:00:00            2,918 100%  316.62kB/s    0:00:00 (xfr#673, ir-chk=1022/13570)
vendor/hamcrest/hamcrest-php/hamcrest/Hamcrest/Util.php
          2,065 100%  224.07kB/s    0:00:00            2,065 100%  201.66kB/s    0:00:00 (xfr#674, ir-chk=1021/13570)
vendor/hamcrest/hamcrest-php/hamcrest/Hamcrest/Arrays/
vendor/hamcrest/hamcrest-php/hamcrest/Hamcrest/Arrays/IsArray.php
          3,288 100%  321.09kB/s    0:00:00            3,288 100%  321.09kB/s    0:00:00 (xfr#675, ir-chk=1012/13570)
vendor/hamcrest/hamcrest-php/hamcrest/Hamcrest/Arrays/IsArrayContaining.php
          1,497 100%  146.19kB/s    0:00:00            1,497 100%  146.19kB/s    0:00:00 (xfr#676, ir-chk=1011/13570)
vendor/hamcrest/hamcrest-php/hamcrest/Hamcrest/Arrays/IsArrayContainingInAnyOrder.php
          1,498 100%  146.29kB/s    0:00:00            1,498 100%  146.29kB/s    0:00:00 (xfr#677, ir-chk=1010/13570)
vendor/hamcrest/hamcrest-php/hamcrest/Hamcrest/Arrays/IsArrayContainingInOrder.php
          1,392 100%  135.94kB/s    0:00:00            1,392 100%  135.94kB/s    0:00:00 (xfr#678, ir-chk=1009/13570)
vendor/hamcrest/hamcrest-php/hamcrest/Hamcrest/Arrays/IsArrayContainingKey.php
          1,964 100%  191.80kB/s    0:00:00            1,964 100%  174.36kB/s    0:00:00 (xfr#679, ir-chk=1008/13570)
vendor/hamcrest/hamcrest-php/hamcrest/Hamcrest/Arrays/IsArrayContainingKeyValuePair.php
          2,259 100%  200.55kB/s    0:00:00            2,259 100%  200.55kB/s    0:00:00 (xfr#680, ir-chk=1007/13570)
vendor/hamcrest/hamcrest-php/hamcrest/Hamcrest/Arrays/IsArrayWithSize.php
          1,485 100%  131.84kB/s    0:00:00            1,485 100%  131.84kB/s    0:00:00 (xfr#681, ir-chk=1006/13570)
vendor/hamcrest/hamcrest-php/hamcrest/Hamcrest/Arrays/MatchingOnce.php
          1,622 100%  144.00kB/s    0:00:00            1,622 100%  144.00kB/s    0:00:00 (xfr#682, ir-chk=1005/13570)
vendor/hamcrest/hamcrest-php/hamcrest/Hamcrest/Arrays/SeriesMatchingOnce.php
          1,836 100%  163.00kB/s    0:00:00            1,836 100%  163.00kB/s    0:00:00 (xfr#683, ir-chk=1004/13570)
vendor/hamcrest/hamcrest-php/hamcrest/Hamcrest/Collection/
vendor/hamcrest/hamcrest-php/hamcrest/Hamcrest/Collection/IsEmptyTraversable.php
          1,381 100%  122.60kB/s    0:00:00            1,381 100%  122.60kB/s    0:00:00 (xfr#684, ir-chk=1003/13570)
vendor/hamcrest/hamcrest-php/hamcrest/Hamcrest/Collection/IsTraversableWithSize.php
            923 100%   75.11kB/s    0:00:00              923 100%   75.11kB/s    0:00:00 (xfr#685, ir-chk=1002/13570)
vendor/hamcrest/hamcrest-php/hamcrest/Hamcrest/Core/
vendor/hamcrest/hamcrest-php/hamcrest/Hamcrest/Core/AllOf.php
          1,452 100%  118.16kB/s    0:00:00            1,452 100%  118.16kB/s    0:00:00 (xfr#686, ir-chk=1031/13600)
vendor/hamcrest/hamcrest-php/hamcrest/Hamcrest/Core/AnyOf.php
          1,262 100%   94.80kB/s    0:00:00            1,262 100%   94.80kB/s    0:00:00 (xfr#687, ir-chk=1030/13600)
vendor/hamcrest/hamcrest-php/hamcrest/Hamcrest/Core/CombinableMatcher.php
          1,781 100%  133.79kB/s    0:00:00            1,781 100%  133.79kB/s    0:00:00 (xfr#688, ir-chk=1029/13600)
vendor/hamcrest/hamcrest-php/hamcrest/Hamcrest/Core/DescribedAs.php
          1,849 100%  138.90kB/s    0:00:00            1,849 100%  138.90kB/s    0:00:00 (xfr#689, ir-chk=1028/13600)
vendor/hamcrest/hamcrest-php/hamcrest/Hamcrest/Core/Every.php
          1,338 100%  100.51kB/s    0:00:00            1,338 100%  100.51kB/s    0:00:00 (xfr#690, ir-chk=1027/13600)
vendor/hamcrest/hamcrest-php/hamcrest/Hamcrest/Core/HasToString.php
          1,273 100%   95.63kB/s    0:00:00            1,273 100%   95.63kB/s    0:00:00 (xfr#691, ir-chk=1026/13600)
vendor/hamcrest/hamcrest-php/hamcrest/Hamcrest/Core/Is.php
          1,355 100%   94.52kB/s    0:00:00            1,355 100%   94.52kB/s    0:00:00 (xfr#692, ir-chk=1025/13600)
vendor/hamcrest/hamcrest-php/hamcrest/Hamcrest/Core/IsAnything.php
            875 100%   61.04kB/s    0:00:00              875 100%   61.04kB/s    0:00:00 (xfr#693, ir-chk=1024/13600)
vendor/hamcrest/hamcrest-php/hamcrest/Hamcrest/Core/IsCollectionContaining.php
          2,156 100%  150.39kB/s    0:00:00            2,156 100%  150.39kB/s    0:00:00 (xfr#694, ir-chk=1023/13600)
vendor/hamcrest/hamcrest-php/hamcrest/Hamcrest/Core/IsEqual.php
            835 100%   58.24kB/s    0:00:00              835 100%   58.24kB/s    0:00:00 (xfr#695, ir-chk=1022/13600)
vendor/hamcrest/hamcrest-php/hamcrest/Hamcrest/Core/IsIdentical.php
            708 100%   49.39kB/s    0:00:00              708 100%   49.39kB/s    0:00:00 (xfr#696, ir-chk=1021/13600)
vendor/hamcrest/hamcrest-php/hamcrest/Hamcrest/Core/IsInstanceOf.php
          1,704 100%  118.86kB/s    0:00:00            1,704 100%  118.86kB/s    0:00:00 (xfr#697, ir-chk=1020/13600)
vendor/hamcrest/hamcrest-php/hamcrest/Hamcrest/Core/IsNot.php
            826 100%   53.78kB/s    0:00:00              826 100%   53.78kB/s    0:00:00 (xfr#698, ir-chk=1019/13600)
vendor/hamcrest/hamcrest-php/hamcrest/Hamcrest/Core/IsNull.php
            976 100%   63.54kB/s    0:00:00              976 100%   63.54kB/s    0:00:00 (xfr#699, ir-chk=1018/13600)
vendor/hamcrest/hamcrest-php/hamcrest/Hamcrest/Core/IsSame.php
          1,094 100%   71.22kB/s    0:00:00            1,094 100%   71.22kB/s    0:00:00 (xfr#700, ir-chk=1017/13600)
vendor/hamcrest/hamcrest-php/hamcrest/Hamcrest/Core/IsTypeOf.php
          1,681 100%  109.44kB/s    0:00:00            1,681 100%  109.44kB/s    0:00:00 (xfr#701, ir-chk=1016/13600)
vendor/hamcrest/hamcrest-php/hamcrest/Hamcrest/Core/Set.php
          2,408 100%  156.77kB/s    0:00:00            2,408 100%  156.77kB/s    0:00:00 (xfr#702, ir-chk=1015/13600)
vendor/hamcrest/hamcrest-php/hamcrest/Hamcrest/Core/ShortcutCombination.php
            920 100%   59.90kB/s    0:00:00              920 100%   56.15kB/s    0:00:00 (xfr#703, ir-chk=1014/13600)
vendor/hamcrest/hamcrest-php/hamcrest/Hamcrest/Internal/
vendor/hamcrest/hamcrest-php/hamcrest/Hamcrest/Internal/SelfDescribingValue.php
            482 100%    3.68kB/s    0:00:00              482 100%    3.68kB/s    0:00:00 (xfr#704, ir-chk=1013/13600)
vendor/hamcrest/hamcrest-php/hamcrest/Hamcrest/Number/
vendor/hamcrest/hamcrest-php/hamcrest/Hamcrest/Number/IsCloseTo.php
          1,691 100%   12.90kB/s    0:00:00            1,691 100%   12.90kB/s    0:00:00 (xfr#705, ir-chk=1012/13600)
vendor/hamcrest/hamcrest-php/hamcrest/Hamcrest/Number/OrderingComparison.php
          2,917 100%   22.25kB/s    0:00:00            2,917 100%   22.25kB/s    0:00:00 (xfr#706, ir-chk=1011/13600)
vendor/hamcrest/hamcrest-php/hamcrest/Hamcrest/Text/
vendor/hamcrest/hamcrest-php/hamcrest/Hamcrest/Text/IsEmptyString.php
          1,820 100%   13.78kB/s    0:00:00            1,820 100%   13.78kB/s    0:00:00 (xfr#707, ir-chk=1010/13600)
vendor/hamcrest/hamcrest-php/hamcrest/Hamcrest/Text/IsEqualIgnoringCase.php
          1,208 100%    9.14kB/s    0:00:00            1,208 100%    9.14kB/s    0:00:00 (xfr#708, ir-chk=1009/13600)
vendor/hamcrest/hamcrest-php/hamcrest/Hamcrest/Text/IsEqualIgnoringWhiteSpace.php
          1,593 100%   12.06kB/s    0:00:00            1,593 100%   12.06kB/s    0:00:00 (xfr#709, ir-chk=1008/13600)
vendor/hamcrest/hamcrest-php/hamcrest/Hamcrest/Text/MatchesPattern.php
            747 100%    5.65kB/s    0:00:00              747 100%    5.65kB/s    0:00:00 (xfr#710, ir-chk=1007/13600)
vendor/hamcrest/hamcrest-php/hamcrest/Hamcrest/Text/StringContains.php
            850 100%    6.43kB/s    0:00:00              850 100%    6.43kB/s    0:00:00 (xfr#711, ir-chk=1006/13600)
vendor/hamcrest/hamcrest-php/hamcrest/Hamcrest/Text/StringContainsIgnoringCase.php
            810 100%    6.13kB/s    0:00:00              810 100%    6.13kB/s    0:00:00 (xfr#712, ir-chk=1005/13600)
vendor/hamcrest/hamcrest-php/hamcrest/Hamcrest/Text/StringContainsInOrder.php
          1,565 100%   11.85kB/s    0:00:00            1,565 100%   11.85kB/s    0:00:00 (xfr#713, ir-chk=1004/13600)
vendor/hamcrest/hamcrest-php/hamcrest/Hamcrest/Text/StringEndsWith.php
            755 100%    5.72kB/s    0:00:00              755 100%    5.72kB/s    0:00:00 (xfr#714, ir-chk=1003/13600)
vendor/hamcrest/hamcrest-php/hamcrest/Hamcrest/Text/StringStartsWith.php
            758 100%    5.74kB/s    0:00:00              758 100%    5.74kB/s    0:00:00 (xfr#715, ir-chk=1002/13600)
vendor/hamcrest/hamcrest-php/hamcrest/Hamcrest/Text/SubstringMatcher.php
          1,095 100%    8.29kB/s    0:00:00            1,095 100%    8.29kB/s    0:00:00 (xfr#716, ir-chk=1001/13600)
vendor/hamcrest/hamcrest-php/hamcrest/Hamcrest/Type/
vendor/hamcrest/hamcrest-php/hamcrest/Hamcrest/Type/IsArray.php
            473 100%    3.55kB/s    0:00:00              473 100%    3.55kB/s    0:00:00 (xfr#717, ir-chk=1010/13610)
vendor/hamcrest/hamcrest-php/hamcrest/Hamcrest/Type/IsBoolean.php
            493 100%    3.70kB/s    0:00:00              493 100%    3.70kB/s    0:00:00 (xfr#718, ir-chk=1009/13610)
vendor/hamcrest/hamcrest-php/hamcrest/Hamcrest/Type/IsCallable.php
            568 100%    4.27kB/s    0:00:00              568 100%    4.27kB/s    0:00:00 (xfr#719, ir-chk=1008/13610)
vendor/hamcrest/hamcrest-php/hamcrest/Hamcrest/Type/IsDouble.php
            555 100%    4.17kB/s    0:00:00              555 100%    4.17kB/s    0:00:00 (xfr#720, ir-chk=1007/13610)
vendor/hamcrest/hamcrest-php/hamcrest/Hamcrest/Type/IsInteger.php
            494 100%    3.71kB/s    0:00:00              494 100%    3.71kB/s    0:00:00 (xfr#721, ir-chk=1006/13610)
vendor/hamcrest/hamcrest-php/hamcrest/Hamcrest/Type/IsNumeric.php
          1,033 100%    7.76kB/s    0:00:00            1,033 100%    7.76kB/s    0:00:00 (xfr#722, ir-chk=1005/13610)
vendor/hamcrest/hamcrest-php/hamcrest/Hamcrest/Type/IsObject.php
            488 100%    3.67kB/s    0:00:00              488 100%    3.67kB/s    0:00:00 (xfr#723, ir-chk=1004/13610)
vendor/hamcrest/hamcrest-php/hamcrest/Hamcrest/Type/IsResource.php
            489 100%    3.67kB/s    0:00:00              489 100%    3.67kB/s    0:00:00 (xfr#724, ir-chk=1003/13610)
vendor/hamcrest/hamcrest-php/hamcrest/Hamcrest/Type/IsScalar.php
            576 100%    4.33kB/s    0:00:00              576 100%    4.29kB/s    0:00:00 (xfr#725, ir-chk=1002/13610)
vendor/hamcrest/hamcrest-php/hamcrest/Hamcrest/Type/IsString.php
            477 100%    3.56kB/s    0:00:00              477 100%    3.56kB/s    0:00:00 (xfr#726, ir-chk=1001/13610)
vendor/hamcrest/hamcrest-php/hamcrest/Hamcrest/Xml/
vendor/hamcrest/hamcrest-php/hamcrest/Hamcrest/Xml/HasXPath.php
          6,120 100%   45.62kB/s    0:00:00            6,120 100%   45.62kB/s    0:00:00 (xfr#727, ir-chk=1000/13610)
vendor/hnhdigital-os/
vendor/johngrogg/
vendor/johngrogg/ics-parser/
vendor/johngrogg/ics-parser/.github/
vendor/johngrogg/ics-parser/.github/ISSUE_TEMPLATE/
vendor/johngrogg/ics-parser/.github/PULL_REQUEST_TEMPLATE/
vendor/johngrogg/ics-parser/examples/
vendor/johngrogg/ics-parser/src/
vendor/johngrogg/ics-parser/src/ICal/
vendor/johngrogg/ics-parser/tests/
vendor/johngrogg/ics-parser/tests/ical/
vendor/kalnoy/
vendor/kalnoy/nestedset/
vendor/kalnoy/nestedset/.github/
vendor/kalnoy/nestedset/.github/workflows/
vendor/kalnoy/nestedset/src/
vendor/kalnoy/nestedset/tests/
vendor/kalnoy/nestedset/tests/data/
vendor/kalnoy/nestedset/tests/models/
vendor/laravel/
vendor/laravel/fortify/
vendor/laravel/fortify/config/
vendor/laravel/fortify/database/
vendor/laravel/fortify/database/migrations/
vendor/laravel/fortify/routes/
vendor/laravel/fortify/src/
vendor/laravel/fortify/src/Actions/
vendor/laravel/fortify/src/Console/
vendor/laravel/fortify/src/Contracts/
vendor/laravel/fortify/src/Events/
vendor/laravel/fortify/src/Http/
vendor/laravel/fortify/src/Http/Controllers/
vendor/laravel/fortify/src/Http/Requests/
vendor/laravel/fortify/src/Http/Responses/
vendor/laravel/fortify/src/Rules/
vendor/laravel/fortify/stubs/
vendor/laravel/fortify/workbench/
vendor/laravel/fortify/workbench/app/
vendor/laravel/fortify/workbench/app/Models/
vendor/laravel/fortify/workbench/database/
vendor/laravel/fortify/workbench/database/factories/
vendor/laravel/framework/
vendor/laravel/framework/config-stubs/
vendor/laravel/framework/config/
vendor/laravel/framework/src/
vendor/laravel/framework/src/Illuminate/
vendor/laravel/framework/src/Illuminate/Auth/
vendor/laravel/framework/src/Illuminate/Auth/Access/
vendor/laravel/framework/src/Illuminate/Auth/Access/Events/
vendor/laravel/framework/src/Illuminate/Auth/Console/
vendor/laravel/framework/src/Illuminate/Auth/Console/stubs/
vendor/laravel/framework/src/Illuminate/Auth/Console/stubs/make/
vendor/laravel/framework/src/Illuminate/Auth/Console/stubs/make/views/
vendor/laravel/framework/src/Illuminate/Auth/Console/stubs/make/views/layouts/
vendor/laravel/framework/src/Illuminate/Auth/Events/
vendor/laravel/framework/src/Illuminate/Auth/Listeners/
vendor/laravel/framework/src/Illuminate/Auth/Middleware/
vendor/laravel/framework/src/Illuminate/Auth/Notifications/
vendor/laravel/framework/src/Illuminate/Auth/Passwords/
vendor/laravel/framework/src/Illuminate/Broadcasting/
vendor/laravel/framework/src/Illuminate/Broadcasting/Broadcasters/
vendor/laravel/framework/src/Illuminate/Bus/
vendor/laravel/framework/src/Illuminate/Bus/Events/
vendor/laravel/framework/src/Illuminate/Cache/
vendor/laravel/framework/src/Illuminate/Cache/Console/
vendor/laravel/framework/src/Illuminate/Cache/Console/stubs/
vendor/laravel/framework/src/Illuminate/Cache/Events/
vendor/laravel/framework/src/Illuminate/Cache/RateLimiting/
vendor/laravel/framework/src/Illuminate/Collections/
vendor/laravel/framework/src/Illuminate/Collections/Traits/
vendor/laravel/framework/src/Illuminate/Concurrency/
vendor/laravel/framework/src/Illuminate/Concurrency/Console/
vendor/laravel/framework/src/Illuminate/Conditionable/
vendor/laravel/framework/src/Illuminate/Conditionable/Traits/
vendor/laravel/framework/src/Illuminate/Config/
vendor/laravel/framework/src/Illuminate/Console/
vendor/laravel/framework/src/Illuminate/Console/Concerns/
vendor/laravel/framework/src/Illuminate/Console/Contracts/
vendor/laravel/framework/src/Illuminate/Console/Events/
vendor/laravel/framework/src/Illuminate/Console/Scheduling/
vendor/laravel/framework/src/Illuminate/Console/View/
vendor/laravel/framework/src/Illuminate/Console/View/Components/
vendor/laravel/framework/src/Illuminate/Console/View/Components/Mutators/
vendor/laravel/framework/src/Illuminate/Console/resources/
vendor/laravel/framework/src/Illuminate/Console/resources/views/
vendor/laravel/framework/src/Illuminate/Console/resources/views/components/
vendor/laravel/framework/src/Illuminate/Container/
vendor/laravel/framework/src/Illuminate/Container/Attributes/
vendor/laravel/framework/src/Illuminate/Contracts/
vendor/laravel/framework/src/Illuminate/Contracts/Auth/
vendor/laravel/framework/src/Illuminate/Contracts/Auth/Access/
vendor/laravel/framework/src/Illuminate/Contracts/Auth/Middleware/
vendor/laravel/framework/src/Illuminate/Contracts/Broadcasting/
vendor/laravel/framework/src/Illuminate/Contracts/Bus/
vendor/laravel/framework/src/Illuminate/Contracts/Cache/
vendor/laravel/framework/src/Illuminate/Contracts/Concurrency/
vendor/laravel/framework/src/Illuminate/Contracts/Config/
vendor/laravel/framework/src/Illuminate/Contracts/Console/
vendor/laravel/framework/src/Illuminate/Contracts/Container/
vendor/laravel/framework/src/Illuminate/Contracts/Cookie/
vendor/laravel/framework/src/Illuminate/Contracts/Database/
vendor/laravel/framework/src/Illuminate/Contracts/Database/Eloquent/
vendor/laravel/framework/src/Illuminate/Contracts/Database/Events/
vendor/laravel/framework/src/Illuminate/Contracts/Database/Query/
vendor/laravel/framework/src/Illuminate/Contracts/Debug/
vendor/laravel/framework/src/Illuminate/Contracts/Encryption/
vendor/laravel/framework/src/Illuminate/Contracts/Events/
vendor/laravel/framework/src/Illuminate/Contracts/Filesystem/
vendor/laravel/framework/src/Illuminate/Contracts/Foundation/
vendor/laravel/framework/src/Illuminate/Contracts/Hashing/
vendor/laravel/framework/src/Illuminate/Contracts/Http/
vendor/laravel/framework/src/Illuminate/Contracts/Log/
vendor/laravel/framework/src/Illuminate/Contracts/Mail/
vendor/laravel/framework/src/Illuminate/Contracts/Notifications/
vendor/laravel/framework/src/Illuminate/Contracts/Pagination/
vendor/laravel/framework/src/Illuminate/Contracts/Pipeline/
vendor/laravel/framework/src/Illuminate/Contracts/Process/
vendor/laravel/framework/src/Illuminate/Contracts/Queue/
vendor/laravel/framework/src/Illuminate/Contracts/Redis/
vendor/laravel/framework/src/Illuminate/Contracts/Routing/
vendor/laravel/framework/src/Illuminate/Contracts/Session/
vendor/laravel/framework/src/Illuminate/Contracts/Session/Middleware/
vendor/laravel/framework/src/Illuminate/Contracts/Support/
vendor/laravel/framework/src/Illuminate/Contracts/Translation/
vendor/laravel/framework/src/Illuminate/Contracts/Validation/
vendor/laravel/framework/src/Illuminate/Contracts/View/
vendor/laravel/framework/src/Illuminate/Cookie/
vendor/laravel/framework/src/Illuminate/Cookie/Middleware/
vendor/laravel/framework/src/Illuminate/Database/
vendor/laravel/framework/src/Illuminate/Database/Capsule/
vendor/laravel/framework/src/Illuminate/Database/Concerns/
vendor/laravel/framework/src/Illuminate/Database/Connectors/
vendor/laravel/framework/src/Illuminate/Database/Console/
vendor/laravel/framework/src/Illuminate/Database/Console/Factories/
vendor/laravel/framework/src/Illuminate/Database/Console/Factories/stubs/
vendor/laravel/framework/src/Illuminate/Database/Console/Migrations/
vendor/laravel/framework/src/Illuminate/Database/Console/Seeds/
vendor/laravel/framework/src/Illuminate/Database/Console/Seeds/stubs/
vendor/laravel/framework/src/Illuminate/Database/Eloquent/
vendor/laravel/framework/src/Illuminate/Database/Eloquent/Attributes/
vendor/laravel/framework/src/Illuminate/Database/Eloquent/Casts/
vendor/laravel/framework/src/Illuminate/Database/Eloquent/Concerns/
vendor/laravel/framework/src/Illuminate/Database/Eloquent/Factories/
vendor/laravel/framework/src/Illuminate/Database/Eloquent/Relations/
vendor/laravel/framework/src/Illuminate/Database/Eloquent/Relations/Concerns/
vendor/laravel/framework/src/Illuminate/Database/Events/
vendor/laravel/framework/src/Illuminate/Database/Migrations/
vendor/laravel/framework/src/Illuminate/Database/Migrations/stubs/
vendor/laravel/framework/src/Illuminate/Database/Query/
vendor/laravel/framework/src/Illuminate/Database/Query/Grammars/
vendor/laravel/framework/src/Illuminate/Database/Query/Processors/
vendor/laravel/framework/src/Illuminate/Database/Schema/
vendor/laravel/framework/src/Illuminate/Database/Schema/Grammars/
vendor/laravel/framework/src/Illuminate/Encryption/
vendor/laravel/framework/src/Illuminate/Events/
vendor/laravel/framework/src/Illuminate/Filesystem/
vendor/laravel/framework/src/Illuminate/Foundation/
vendor/laravel/framework/src/Illuminate/Foundation/Auth/
vendor/laravel/framework/src/Illuminate/Foundation/Auth/Access/
vendor/laravel/framework/src/Illuminate/Foundation/Bootstrap/
vendor/laravel/framework/src/Illuminate/Foundation/Bus/
vendor/laravel/framework/src/Illuminate/Foundation/Concerns/
vendor/laravel/framework/src/Illuminate/Foundation/Configuration/
vendor/laravel/framework/src/Illuminate/Foundation/Console/
vendor/laravel/framework/src/Illuminate/Foundation/Console/stubs/
vendor/laravel/framework/src/Illuminate/Foundation/Events/
vendor/laravel/framework/src/Illuminate/Foundation/Exceptions/
vendor/laravel/framework/src/Illuminate/Foundation/Exceptions/Renderer/
vendor/laravel/framework/src/Illuminate/Foundation/Exceptions/Renderer/Mappers/
vendor/laravel/framework/src/Illuminate/Foundation/Exceptions/Whoops/
vendor/laravel/framework/src/Illuminate/Foundation/Exceptions/views/
vendor/laravel/framework/src/Illuminate/Foundation/Http/
vendor/laravel/framework/src/Illuminate/Foundation/Http/Events/
vendor/laravel/framework/src/Illuminate/Foundation/Http/Middleware/
vendor/laravel/framework/src/Illuminate/Foundation/Http/Middleware/Concerns/
vendor/laravel/framework/src/Illuminate/Foundation/Providers/
vendor/laravel/framework/src/Illuminate/Foundation/Queue/
vendor/laravel/framework/src/Illuminate/Foundation/Routing/
vendor/laravel/framework/src/Illuminate/Foundation/Support/
vendor/laravel/framework/src/Illuminate/Foundation/Support/Providers/
vendor/laravel/framework/src/Illuminate/Foundation/Testing/
vendor/laravel/framework/src/Illuminate/Foundation/Testing/Concerns/
vendor/laravel/framework/src/Illuminate/Foundation/Testing/Traits/
vendor/laravel/framework/src/Illuminate/Foundation/Validation/
vendor/laravel/framework/src/Illuminate/Foundation/resources/
vendor/laravel/framework/src/Illuminate/Foundation/resources/exceptions/
vendor/laravel/framework/src/Illuminate/Foundation/resources/exceptions/renderer/
vendor/laravel/framework/src/Illuminate/Foundation/resources/exceptions/renderer/components/
vendor/laravel/framework/src/Illuminate/Foundation/resources/exceptions/renderer/components/icons/
vendor/laravel/framework/src/Illuminate/Foundation/resources/exceptions/renderer/dist/
vendor/laravel/framework/src/Illuminate/Foundation/stubs/
vendor/laravel/framework/src/Illuminate/Hashing/
vendor/laravel/framework/src/Illuminate/Http/
vendor/laravel/framework/src/Illuminate/Http/Client/
vendor/laravel/framework/src/Illuminate/Http/Client/Concerns/
vendor/laravel/framework/src/Illuminate/Http/Client/Events/
vendor/laravel/framework/src/Illuminate/Http/Concerns/
vendor/laravel/framework/src/Illuminate/Http/Exceptions/
vendor/laravel/framework/src/Illuminate/Http/Middleware/
vendor/laravel/framework/src/Illuminate/Http/Resources/
vendor/laravel/framework/src/Illuminate/Http/Resources/Json/
vendor/laravel/framework/src/Illuminate/Http/Testing/
vendor/laravel/framework/src/Illuminate/Log/
vendor/laravel/framework/src/Illuminate/Log/Context/
vendor/laravel/framework/src/Illuminate/Log/Context/Events/
vendor/laravel/framework/src/Illuminate/Log/Events/
vendor/laravel/framework/src/Illuminate/Macroable/
vendor/laravel/framework/src/Illuminate/Macroable/Traits/
vendor/laravel/framework/src/Illuminate/Mail/
vendor/laravel/framework/src/Illuminate/Mail/Events/
vendor/laravel/framework/src/Illuminate/Mail/Mailables/
vendor/laravel/framework/src/Illuminate/Mail/Transport/
vendor/laravel/framework/src/Illuminate/Mail/resources/
vendor/laravel/framework/src/Illuminate/Mail/resources/views/
vendor/laravel/framework/src/Illuminate/Mail/resources/views/html/
vendor/laravel/framework/src/Illuminate/Mail/resources/views/html/themes/
vendor/laravel/framework/src/Illuminate/Mail/resources/views/text/
vendor/laravel/framework/src/Illuminate/Notifications/
vendor/laravel/framework/src/Illuminate/Notifications/Channels/
vendor/laravel/framework/src/Illuminate/Notifications/Console/
vendor/laravel/framework/src/Illuminate/Notifications/Console/stubs/
vendor/laravel/framework/src/Illuminate/Notifications/Events/
vendor/laravel/framework/src/Illuminate/Notifications/Messages/
vendor/laravel/framework/src/Illuminate/Notifications/resources/
vendor/laravel/framework/src/Illuminate/Notifications/resources/views/
vendor/laravel/framework/src/Illuminate/Pagination/
vendor/laravel/framework/src/Illuminate/Pagination/resources/
vendor/laravel/framework/src/Illuminate/Pagination/resources/views/
vendor/laravel/framework/src/Illuminate/Pipeline/
vendor/laravel/framework/src/Illuminate/Process/
vendor/laravel/framework/src/Illuminate/Process/Exceptions/
vendor/laravel/framework/src/Illuminate/Queue/
vendor/laravel/framework/src/Illuminate/Queue/Attributes/
vendor/laravel/framework/src/Illuminate/Queue/Capsule/
vendor/laravel/framework/src/Illuminate/Queue/Connectors/
vendor/laravel/framework/src/Illuminate/Queue/Console/
vendor/laravel/framework/src/Illuminate/Queue/Console/stubs/
vendor/laravel/framework/src/Illuminate/Queue/Events/
vendor/laravel/framework/src/Illuminate/Queue/Failed/
vendor/laravel/framework/src/Illuminate/Queue/Jobs/
vendor/laravel/framework/src/Illuminate/Queue/Middleware/
vendor/laravel/framework/src/Illuminate/Redis/
vendor/laravel/framework/src/Illuminate/Redis/Connections/
vendor/laravel/framework/src/Illuminate/Redis/Connectors/
vendor/laravel/framework/src/Illuminate/Redis/Events/
vendor/laravel/framework/src/Illuminate/Redis/Limiters/
vendor/laravel/framework/src/Illuminate/Routing/
vendor/laravel/framework/src/Illuminate/Routing/Console/
vendor/laravel/framework/src/Illuminate/Routing/Console/stubs/
vendor/laravel/framework/src/Illuminate/Routing/Contracts/
vendor/laravel/framework/src/Illuminate/Routing/Controllers/
vendor/laravel/framework/src/Illuminate/Routing/Events/
vendor/laravel/framework/src/Illuminate/Routing/Exceptions/
vendor/laravel/framework/src/Illuminate/Routing/Matching/
vendor/laravel/framework/src/Illuminate/Routing/Middleware/
vendor/laravel/framework/src/Illuminate/Session/
vendor/laravel/framework/src/Illuminate/Session/Console/
vendor/laravel/framework/src/Illuminate/Session/Console/stubs/
vendor/laravel/framework/src/Illuminate/Session/Middleware/
vendor/laravel/framework/src/Illuminate/Support/
vendor/laravel/framework/src/Illuminate/Support/Defer/
vendor/laravel/framework/src/Illuminate/Support/Exceptions/
vendor/laravel/framework/src/Illuminate/Support/Facades/
vendor/laravel/framework/src/Illuminate/Support/Testing/
vendor/laravel/framework/src/Illuminate/Support/Testing/Fakes/
vendor/laravel/framework/src/Illuminate/Support/Traits/
vendor/laravel/framework/src/Illuminate/Testing/
vendor/laravel/framework/src/Illuminate/Testing/Concerns/
vendor/laravel/framework/src/Illuminate/Testing/Constraints/
vendor/laravel/framework/src/Illuminate/Testing/Exceptions/
vendor/laravel/framework/src/Illuminate/Testing/Fluent/
vendor/laravel/framework/src/Illuminate/Testing/Fluent/Concerns/
vendor/laravel/framework/src/Illuminate/Translation/
vendor/laravel/framework/src/Illuminate/Translation/lang/
vendor/laravel/framework/src/Illuminate/Translation/lang/en/
vendor/laravel/framework/src/Illuminate/Validation/
vendor/laravel/framework/src/Illuminate/Validation/Concerns/
vendor/laravel/framework/src/Illuminate/Validation/Rules/
vendor/laravel/framework/src/Illuminate/View/
vendor/laravel/framework/src/Illuminate/View/Compilers/
vendor/laravel/framework/src/Illuminate/View/Compilers/Concerns/
vendor/laravel/framework/src/Illuminate/View/Concerns/
vendor/laravel/framework/src/Illuminate/View/Engines/
vendor/laravel/framework/src/Illuminate/View/Middleware/
vendor/laravel/pint/
vendor/laravel/pint/LICENSE.md
          1,075 100%    2.89kB/s    0:00:00            1,075 100%    2.89kB/s    0:00:00 (xfr#728, ir-chk=1003/15715)
vendor/laravel/pint/composer.json
          1,737 100%    4.67kB/s    0:00:00            1,737 100%    4.67kB/s    0:00:00 (xfr#729, ir-chk=1002/15715)
vendor/laravel/pint/builds/
vendor/laravel/pint/builds/pint
         32,768   0%   87.91kB/s    0:02:49        3,407,872  22%    3.00MB/s    0:00:03        4,980,736  33%    2.26MB/s    0:00:04        6,029,312  40%    1.85MB/s    0:00:04        7,208,960  48%    1.67MB/s    0:00:04        8,388,608  56%    1.15MB/s    0:00:05        9,830,400  65%    1.10MB/s    0:00:04       11,403,264  76%    1.21MB/s    0:00:02       12,845,056  85%    1.27MB/s    0:00:01       14,155,776  94%    1.29MB/s    0:00:00       14,945,567 100%    1.39MB/s    0:00:10 (xfr#730, ir-chk=1005/15721)
vendor/laravel/pint/overrides/
vendor/laravel/pint/overrides/Runner/
vendor/laravel/pint/overrides/Runner/Parallel/
vendor/laravel/pint/overrides/Runner/Parallel/ProcessFactory.php
          4,010 100%    5.04kB/s    0:00:00            4,010 100%    5.04kB/s    0:00:00 (xfr#731, ir-chk=1002/15721)
vendor/laravel/prompts/
vendor/laravel/prompts/src/
vendor/laravel/prompts/src/Concerns/
vendor/laravel/prompts/src/Exceptions/
vendor/laravel/prompts/src/Output/
vendor/laravel/prompts/src/Support/
vendor/laravel/prompts/src/Themes/
vendor/laravel/prompts/src/Themes/Contracts/
vendor/laravel/prompts/src/Themes/Default/
vendor/laravel/prompts/src/Themes/Default/Concerns/
vendor/laravel/sail/
vendor/laravel/sail/LICENSE.md
          1,103 100%    1.38kB/s    0:00:00            1,103 100%    1.38kB/s    0:00:00 (xfr#732, ir-chk=1035/15827)
vendor/laravel/sail/README.md
          1,932 100%    2.43kB/s    0:00:00            1,932 100%    2.43kB/s    0:00:00 (xfr#733, ir-chk=1034/15827)
vendor/laravel/sail/composer.json
          1,240 100%    1.56kB/s    0:00:00            1,240 100%    1.55kB/s    0:00:00 (xfr#734, ir-chk=1033/15827)
vendor/laravel/sail/bin/
vendor/laravel/sail/bin/sail
         19,113 100%   23.96kB/s    0:00:00           19,113 100%   23.96kB/s    0:00:00 (xfr#735, ir-chk=1027/15827)
vendor/laravel/sail/database/
vendor/laravel/sail/database/mariadb/
vendor/laravel/sail/database/mariadb/create-testing-database.sh
            207 100%    0.26kB/s    0:00:00              207 100%    0.26kB/s    0:00:00 (xfr#736, ir-chk=1023/15827)
vendor/laravel/sail/database/mysql/
vendor/laravel/sail/database/mysql/create-testing-database.sh
            196 100%    0.25kB/s    0:00:00              196 100%    0.25kB/s    0:00:00 (xfr#737, ir-chk=1022/15827)
vendor/laravel/sail/database/pgsql/
vendor/laravel/sail/database/pgsql/create-testing-database.sql
            108 100%    0.14kB/s    0:00:00              108 100%    0.14kB/s    0:00:00 (xfr#738, ir-chk=1021/15827)
vendor/laravel/sail/runtimes/
vendor/laravel/sail/runtimes/8.0/
vendor/laravel/sail/runtimes/8.0/Dockerfile
          3,536 100%    4.43kB/s    0:00:00            3,536 100%    4.43kB/s    0:00:00 (xfr#739, ir-chk=1015/15827)
vendor/laravel/sail/runtimes/8.0/php.ini
             97 100%    0.12kB/s    0:00:00               97 100%    0.12kB/s    0:00:00 (xfr#740, ir-chk=1014/15827)
vendor/laravel/sail/runtimes/8.0/start-container
            558 100%    0.70kB/s    0:00:00              558 100%    0.70kB/s    0:00:00 (xfr#741, ir-chk=1013/15827)
vendor/laravel/sail/runtimes/8.0/supervisord.conf
            337 100%    0.42kB/s    0:00:00              337 100%    0.42kB/s    0:00:00 (xfr#742, ir-chk=1012/15827)
vendor/laravel/sail/runtimes/8.1/
vendor/laravel/sail/runtimes/8.1/Dockerfile
          3,488 100%    4.37kB/s    0:00:00            3,488 100%    4.37kB/s    0:00:00 (xfr#743, ir-chk=1011/15827)
vendor/laravel/sail/runtimes/8.1/php.ini
             97 100%    0.12kB/s    0:00:00               97 100%    0.12kB/s    0:00:00 (xfr#744, ir-chk=1010/15827)
vendor/laravel/sail/runtimes/8.1/start-container
            558 100%    0.70kB/s    0:00:00              558 100%    0.70kB/s    0:00:00 (xfr#745, ir-chk=1009/15827)
vendor/laravel/sail/runtimes/8.1/supervisord.conf
            337 100%    0.42kB/s    0:00:00              337 100%    0.42kB/s    0:00:00 (xfr#746, ir-chk=1008/15827)
vendor/laravel/sail/runtimes/8.2/
vendor/laravel/sail/runtimes/8.2/Dockerfile
          3,506 100%    4.39kB/s    0:00:00            3,506 100%    4.39kB/s    0:00:00 (xfr#747, ir-chk=1007/15827)
vendor/laravel/sail/runtimes/8.2/php.ini
             97 100%    0.12kB/s    0:00:00               97 100%    0.12kB/s    0:00:00 (xfr#748, ir-chk=1006/15827)
vendor/laravel/sail/runtimes/8.2/start-container
            558 100%    0.70kB/s    0:00:00              558 100%    0.70kB/s    0:00:00 (xfr#749, ir-chk=1005/15827)
vendor/laravel/sail/runtimes/8.2/supervisord.conf
            337 100%    0.42kB/s    0:00:00              337 100%    0.42kB/s    0:00:00 (xfr#750, ir-chk=1004/15827)
vendor/laravel/sail/runtimes/8.3/
vendor/laravel/sail/runtimes/8.3/Dockerfile
          3,539 100%    4.43kB/s    0:00:00            3,539 100%    4.43kB/s    0:00:00 (xfr#751, ir-chk=1003/15827)
vendor/laravel/sail/runtimes/8.3/php.ini
             97 100%    0.12kB/s    0:00:00               97 100%    0.12kB/s    0:00:00 (xfr#752, ir-chk=1002/15827)
vendor/laravel/sail/runtimes/8.3/start-container
            558 100%    0.70kB/s    0:00:00              558 100%    0.70kB/s    0:00:00 (xfr#753, ir-chk=1001/15827)
vendor/laravel/sail/runtimes/8.3/supervisord.conf
            337 100%    0.42kB/s    0:00:00              337 100%    0.42kB/s    0:00:00 (xfr#754, ir-chk=1000/15827)
vendor/laravel/sail/runtimes/8.4/
vendor/laravel/sail/runtimes/8.4/Dockerfile
          3,539 100%    4.43kB/s    0:00:00            3,539 100%    4.43kB/s    0:00:00 (xfr#755, ir-chk=1004/15832)
vendor/laravel/sail/runtimes/8.4/php.ini
             97 100%    0.12kB/s    0:00:00               97 100%    0.12kB/s    0:00:00 (xfr#756, ir-chk=1003/15832)
vendor/laravel/sail/runtimes/8.4/start-container
            558 100%    0.70kB/s    0:00:00              558 100%    0.70kB/s    0:00:00 (xfr#757, ir-chk=1002/15832)
vendor/laravel/sail/runtimes/8.4/supervisord.conf
            337 100%    0.42kB/s    0:00:00              337 100%    0.42kB/s    0:00:00 (xfr#758, ir-chk=1001/15832)
vendor/laravel/sail/src/
vendor/laravel/sail/src/SailServiceProvider.php
          1,775 100%    2.22kB/s    0:00:00            1,775 100%    2.22kB/s    0:00:00 (xfr#759, ir-chk=1001/15833)
vendor/laravel/sail/src/Console/
vendor/laravel/sail/src/Console/AddCommand.php
          1,637 100%    2.05kB/s    0:00:00            1,637 100%    2.05kB/s    0:00:00 (xfr#760, ir-chk=1004/15838)
vendor/laravel/sail/src/Console/InstallCommand.php
          2,462 100%    3.08kB/s    0:00:00            2,462 100%    3.08kB/s    0:00:00 (xfr#761, ir-chk=1003/15838)
vendor/laravel/sail/src/Console/PublishCommand.php
          1,707 100%    2.13kB/s    0:00:00            1,707 100%    2.13kB/s    0:00:00 (xfr#762, ir-chk=1002/15838)
vendor/laravel/sail/src/Console/Concerns/
vendor/laravel/sail/src/Console/Concerns/InteractsWithDockerComposeServices.php
         11,598 100%   14.48kB/s    0:00:00           11,598 100%   14.48kB/s    0:00:00 (xfr#763, ir-chk=1000/15838)
vendor/laravel/sail/stubs/
vendor/laravel/sail/stubs/devcontainer.stub
            690 100%    0.86kB/s    0:00:00              690 100%    0.86kB/s    0:00:00 (xfr#764, ir-chk=1030/15869)
vendor/laravel/sail/stubs/docker-compose.stub
            870 100%    1.09kB/s    0:00:00              870 100%    1.09kB/s    0:00:00 (xfr#765, ir-chk=1029/15869)
vendor/laravel/sail/stubs/mailpit.stub
            189 100%    0.24kB/s    0:00:00              189 100%    0.24kB/s    0:00:00 (xfr#766, ir-chk=1028/15869)
vendor/laravel/sail/stubs/mariadb.stub
            690 100%    0.86kB/s    0:00:00              690 100%    0.86kB/s    0:00:00 (xfr#767, ir-chk=1027/15869)
vendor/laravel/sail/stubs/meilisearch.stub
            428 100%    0.53kB/s    0:00:00              428 100%    0.53kB/s    0:00:00 (xfr#768, ir-chk=1026/15869)
vendor/laravel/sail/stubs/memcached.stub
            132 100%    0.16kB/s    0:00:00              132 100%    0.16kB/s    0:00:00 (xfr#769, ir-chk=1025/15869)
vendor/laravel/sail/stubs/minio.stub
            468 100%    0.58kB/s    0:00:00              468 100%    0.58kB/s    0:00:00 (xfr#770, ir-chk=1024/15869)
vendor/laravel/sail/stubs/mongodb.stub
            537 100%    0.67kB/s    0:00:00              537 100%    0.67kB/s    0:00:00 (xfr#771, ir-chk=1023/15869)
vendor/laravel/sail/stubs/mysql.stub
            733 100%    0.92kB/s    0:00:00              733 100%    0.91kB/s    0:00:00 (xfr#772, ir-chk=1022/15869)
vendor/laravel/sail/stubs/pgsql.stub
            649 100%    0.81kB/s    0:00:00              649 100%    0.81kB/s    0:00:00 (xfr#773, ir-chk=1021/15869)
vendor/laravel/sail/stubs/rabbitmq.stub
            615 100%    0.77kB/s    0:00:00              615 100%    0.77kB/s    0:00:00 (xfr#774, ir-chk=1020/15869)
vendor/laravel/sail/stubs/redis.stub
            259 100%    0.32kB/s    0:00:00              259 100%    0.32kB/s    0:00:00 (xfr#775, ir-chk=1019/15869)
vendor/laravel/sail/stubs/selenium.stub
            187 100%    0.23kB/s    0:00:00              187 100%    0.23kB/s    0:00:00 (xfr#776, ir-chk=1018/15869)
vendor/laravel/sail/stubs/soketi.stub
            447 100%    0.56kB/s    0:00:00              447 100%    0.56kB/s    0:00:00 (xfr#777, ir-chk=1017/15869)
vendor/laravel/sail/stubs/typesense.stub
            634 100%    0.79kB/s    0:00:00              634 100%    0.79kB/s    0:00:00 (xfr#778, ir-chk=1016/15869)
vendor/laravel/sail/stubs/valkey.stub
            271 100%    0.34kB/s    0:00:00              271 100%    0.34kB/s    0:00:00 (xfr#779, ir-chk=1015/15869)
vendor/laravel/sanctum/
vendor/laravel/sanctum/config/
vendor/laravel/sanctum/database/
vendor/laravel/sanctum/database/migrations/
vendor/laravel/sanctum/src/
vendor/laravel/sanctum/src/Console/
vendor/laravel/sanctum/src/Console/Commands/
vendor/laravel/sanctum/src/Contracts/
vendor/laravel/sanctum/src/Events/
vendor/laravel/sanctum/src/Exceptions/
vendor/laravel/sanctum/src/Http/
vendor/laravel/sanctum/src/Http/Controllers/
vendor/laravel/sanctum/src/Http/Middleware/
vendor/laravel/serializable-closure/
vendor/laravel/serializable-closure/src/
vendor/laravel/serializable-closure/src/Contracts/
vendor/laravel/serializable-closure/src/Exceptions/
vendor/laravel/serializable-closure/src/Serializers/
vendor/laravel/serializable-closure/src/Signers/
vendor/laravel/serializable-closure/src/Support/
vendor/laravel/socialite/
vendor/laravel/socialite/src/
vendor/laravel/socialite/src/Contracts/
vendor/laravel/socialite/src/Exceptions/
vendor/laravel/socialite/src/Facades/
vendor/laravel/socialite/src/One/
vendor/laravel/socialite/src/Two/
vendor/laravel/tinker/
vendor/laravel/tinker/config/
vendor/laravel/tinker/src/
vendor/laravel/tinker/src/Console/
vendor/laravel/ui/
vendor/laravel/ui/auth-backend/
vendor/laravel/ui/src/
vendor/laravel/ui/src/Auth/
vendor/laravel/ui/src/Auth/bootstrap-stubs/
vendor/laravel/ui/src/Auth/bootstrap-stubs/auth/
vendor/laravel/ui/src/Auth/bootstrap-stubs/auth/passwords/
vendor/laravel/ui/src/Auth/bootstrap-stubs/layouts/
vendor/laravel/ui/src/Auth/stubs/
vendor/laravel/ui/src/Auth/stubs/controllers/
vendor/laravel/ui/src/Presets/
vendor/laravel/ui/src/Presets/bootstrap-stubs/
vendor/laravel/ui/src/Presets/react-stubs/
vendor/laravel/ui/src/Presets/vue-stubs/
vendor/laravel/ui/stubs/
vendor/laravel/ui/stubs/Auth/
vendor/laravel/ui/stubs/migrations/
vendor/laravel/ui/tests/
vendor/laravel/ui/tests/AuthBackend/
vendor/lcobucci/
vendor/lcobucci/clock/
vendor/lcobucci/clock/src/
vendor/lcobucci/jwt/
vendor/lcobucci/jwt/src/
vendor/lcobucci/jwt/src/Encoding/
vendor/lcobucci/jwt/src/Signer/
vendor/lcobucci/jwt/src/Signer/Ecdsa/
vendor/lcobucci/jwt/src/Signer/Hmac/
vendor/lcobucci/jwt/src/Signer/Key/
vendor/lcobucci/jwt/src/Signer/Rsa/
vendor/lcobucci/jwt/src/Token/
vendor/lcobucci/jwt/src/Validation/
vendor/lcobucci/jwt/src/Validation/Constraint/
vendor/league/
vendor/league/commonmark/
vendor/league/commonmark/src/
vendor/league/commonmark/src/Delimiter/
vendor/league/commonmark/src/Delimiter/Processor/
vendor/league/commonmark/src/Environment/
vendor/league/commonmark/src/Event/
vendor/league/commonmark/src/Exception/
vendor/league/commonmark/src/Extension/
vendor/league/commonmark/src/Extension/Attributes/
vendor/league/commonmark/src/Extension/Attributes/Event/
vendor/league/commonmark/src/Extension/Attributes/Node/
vendor/league/commonmark/src/Extension/Attributes/Parser/
vendor/league/commonmark/src/Extension/Attributes/Util/
vendor/league/commonmark/src/Extension/Autolink/
vendor/league/commonmark/src/Extension/CommonMark/
vendor/league/commonmark/src/Extension/CommonMark/Delimiter/
vendor/league/commonmark/src/Extension/CommonMark/Delimiter/Processor/
vendor/league/commonmark/src/Extension/CommonMark/Node/
vendor/league/commonmark/src/Extension/CommonMark/Node/Block/
vendor/league/commonmark/src/Extension/CommonMark/Node/Inline/
vendor/league/commonmark/src/Extension/CommonMark/Parser/
vendor/league/commonmark/src/Extension/CommonMark/Parser/Block/
vendor/league/commonmark/src/Extension/CommonMark/Parser/Inline/
vendor/league/commonmark/src/Extension/CommonMark/Renderer/
vendor/league/commonmark/src/Extension/CommonMark/Renderer/Block/
vendor/league/commonmark/src/Extension/CommonMark/Renderer/Inline/
vendor/league/commonmark/src/Extension/DefaultAttributes/
vendor/league/commonmark/src/Extension/DescriptionList/
vendor/league/commonmark/src/Extension/DescriptionList/Event/
vendor/league/commonmark/src/Extension/DescriptionList/Node/
vendor/league/commonmark/src/Extension/DescriptionList/Parser/
vendor/league/commonmark/src/Extension/DescriptionList/Renderer/
vendor/league/commonmark/src/Extension/DisallowedRawHtml/
vendor/league/commonmark/src/Extension/Embed/
vendor/league/commonmark/src/Extension/Embed/Bridge/
vendor/league/commonmark/src/Extension/ExternalLink/
vendor/league/commonmark/src/Extension/Footnote/
vendor/league/commonmark/src/Extension/Footnote/Event/
vendor/league/commonmark/src/Extension/Footnote/Node/
vendor/league/commonmark/src/Extension/Footnote/Parser/
vendor/league/commonmark/src/Extension/Footnote/Renderer/
vendor/league/commonmark/src/Extension/FrontMatter/
vendor/league/commonmark/src/Extension/FrontMatter/Data/
vendor/league/commonmark/src/Extension/FrontMatter/Exception/
vendor/league/commonmark/src/Extension/FrontMatter/Input/
vendor/league/commonmark/src/Extension/FrontMatter/Listener/
vendor/league/commonmark/src/Extension/FrontMatter/Output/
vendor/league/commonmark/src/Extension/HeadingPermalink/
vendor/league/commonmark/src/Extension/InlinesOnly/
vendor/league/commonmark/src/Extension/Mention/
vendor/league/commonmark/src/Extension/Mention/Generator/
vendor/league/commonmark/src/Extension/SmartPunct/
vendor/league/commonmark/src/Extension/Strikethrough/
vendor/league/commonmark/src/Extension/Table/
vendor/league/commonmark/src/Extension/TableOfContents/
vendor/league/commonmark/src/Extension/TableOfContents/Node/
vendor/league/commonmark/src/Extension/TableOfContents/Normalizer/
vendor/league/commonmark/src/Extension/TaskList/
vendor/league/commonmark/src/Input/
vendor/league/commonmark/src/Node/
vendor/league/commonmark/src/Node/Block/
vendor/league/commonmark/src/Node/Inline/
vendor/league/commonmark/src/Node/Query/
vendor/league/commonmark/src/Normalizer/
vendor/league/commonmark/src/Output/
vendor/league/commonmark/src/Parser/
vendor/league/commonmark/src/Parser/Block/
vendor/league/commonmark/src/Parser/Inline/
vendor/league/commonmark/src/Reference/
vendor/league/commonmark/src/Renderer/
vendor/league/commonmark/src/Renderer/Block/
vendor/league/commonmark/src/Renderer/Inline/
vendor/league/commonmark/src/Util/
vendor/league/commonmark/src/Xml/
vendor/league/config/
vendor/league/config/src/
vendor/league/config/src/Exception/
vendor/league/flysystem-aws-s3-v3/
vendor/league/flysystem-google-cloud-storage/
vendor/league/flysystem-local/
vendor/league/flysystem/
vendor/league/flysystem/src/
vendor/league/flysystem/src/UnixVisibility/
vendor/league/flysystem/src/UrlGeneration/
vendor/league/mime-type-detection/
vendor/league/mime-type-detection/src/
vendor/league/oauth1-client/
vendor/league/oauth1-client/src/
vendor/league/oauth1-client/src/Credentials/
vendor/league/oauth1-client/src/Server/
vendor/league/oauth1-client/src/Signature/
vendor/league/uri-interfaces/
vendor/league/uri-interfaces/Contracts/
vendor/league/uri-interfaces/Exceptions/
vendor/league/uri-interfaces/IPv4/
vendor/league/uri-interfaces/IPv6/
vendor/league/uri-interfaces/Idna/
vendor/league/uri-interfaces/KeyValuePair/
vendor/league/uri/
vendor/league/uri/UriTemplate/
vendor/livewire/
vendor/livewire/livewire/
vendor/livewire/livewire/config/
vendor/livewire/livewire/dist/
vendor/livewire/livewire/src/
vendor/livewire/livewire/src/Attributes/
vendor/livewire/livewire/src/Concerns/
vendor/livewire/livewire/src/Drawer/
vendor/livewire/livewire/src/Exceptions/
vendor/livewire/livewire/src/Features/
vendor/livewire/livewire/src/Features/SupportAccessingParent/
vendor/livewire/livewire/src/Features/SupportAttributes/
vendor/livewire/livewire/src/Features/SupportAutoInjectedAssets/
vendor/livewire/livewire/src/Features/SupportBladeAttributes/
vendor/livewire/livewire/src/Features/SupportChecksumErrorDebugging/
vendor/livewire/livewire/src/Features/SupportComputed/
vendor/livewire/livewire/src/Features/SupportConsoleCommands/
vendor/livewire/livewire/src/Features/SupportConsoleCommands/Commands/
vendor/livewire/livewire/src/Features/SupportConsoleCommands/Commands/Upgrade/
vendor/livewire/livewire/src/Features/SupportDataBinding/
vendor/livewire/livewire/src/Features/SupportDisablingBackButtonCache/
vendor/livewire/livewire/src/Features/SupportEntangle/
vendor/livewire/livewire/src/Features/SupportErrorResponses/
vendor/livewire/livewire/src/Features/SupportEvents/
vendor/livewire/livewire/src/Features/SupportFileDownloads/
vendor/livewire/livewire/src/Features/SupportFileUploads/
vendor/livewire/livewire/src/Features/SupportFormObjects/
vendor/livewire/livewire/src/Features/SupportIsolating/
vendor/livewire/livewire/src/Features/SupportJsEvaluation/
vendor/livewire/livewire/src/Features/SupportLazyLoading/
vendor/livewire/livewire/src/Features/SupportLegacyModels/
vendor/livewire/livewire/src/Features/SupportLifecycleHooks/
vendor/livewire/livewire/src/Features/SupportLocales/
vendor/livewire/livewire/src/Features/SupportLockedProperties/
vendor/livewire/livewire/src/Features/SupportModels/
vendor/livewire/livewire/src/Features/SupportMorphAwareIfStatement/
vendor/livewire/livewire/src/Features/SupportMultipleRootElementDetection/
vendor/livewire/livewire/src/Features/SupportNavigate/
vendor/livewire/livewire/src/Features/SupportNavigate/test-views/
vendor/livewire/livewire/src/Features/SupportNestedComponentListeners/
vendor/livewire/livewire/src/Features/SupportNestingComponents/
vendor/livewire/livewire/src/Features/SupportPageComponents/
vendor/livewire/livewire/src/Features/SupportPagination/
vendor/livewire/livewire/src/Features/SupportPagination/views/
vendor/livewire/livewire/src/Features/SupportPolling/
vendor/livewire/livewire/src/Features/SupportQueryString/
vendor/livewire/livewire/src/Features/SupportReactiveProps/
vendor/livewire/livewire/src/Features/SupportRedirects/
vendor/livewire/livewire/src/Features/SupportScriptsAndAssets/
vendor/livewire/livewire/src/Features/SupportSession/
vendor/livewire/livewire/src/Features/SupportStdClasses/
vendor/livewire/livewire/src/Features/SupportStreaming/
vendor/livewire/livewire/src/Features/SupportTeleporting/
vendor/livewire/livewire/src/Features/SupportTesting/
vendor/livewire/livewire/src/Features/SupportTransitions/
vendor/livewire/livewire/src/Features/SupportValidation/
vendor/livewire/livewire/src/Features/SupportWireConfirm/
vendor/livewire/livewire/src/Features/SupportWireCurrent/
vendor/livewire/livewire/src/Features/SupportWireCurrent/test-views/
vendor/livewire/livewire/src/Features/SupportWireIgnore/
vendor/livewire/livewire/src/Features/SupportWireLoading/
vendor/livewire/livewire/src/Features/SupportWireModelingNestedComponents/
vendor/livewire/livewire/src/Features/SupportWireShow/
vendor/livewire/livewire/src/Features/SupportWireText/
vendor/livewire/livewire/src/Features/SupportWireables/
vendor/livewire/livewire/src/Mechanisms/
vendor/livewire/livewire/src/Mechanisms/CompileLivewireTags/
vendor/livewire/livewire/src/Mechanisms/ExtendBlade/
vendor/livewire/livewire/src/Mechanisms/FrontendAssets/
vendor/livewire/livewire/src/Mechanisms/HandleComponents/
vendor/livewire/livewire/src/Mechanisms/HandleComponents/Synthesizers/
vendor/livewire/livewire/src/Mechanisms/HandleRequests/
vendor/livewire/livewire/src/Mechanisms/PersistentMiddleware/
vendor/maatwebsite/
vendor/maatwebsite/excel/
vendor/maatwebsite/excel/.phpunit.cache/
vendor/maatwebsite/excel/config/
vendor/maatwebsite/excel/src/
vendor/maatwebsite/excel/src/Cache/
vendor/maatwebsite/excel/src/Concerns/
vendor/maatwebsite/excel/src/Console/
vendor/maatwebsite/excel/src/Console/stubs/
vendor/maatwebsite/excel/src/Events/
vendor/maatwebsite/excel/src/Exceptions/
vendor/maatwebsite/excel/src/Facades/
vendor/maatwebsite/excel/src/Factories/
vendor/maatwebsite/excel/src/Fakes/
vendor/maatwebsite/excel/src/Files/
vendor/maatwebsite/excel/src/Filters/
vendor/maatwebsite/excel/src/Helpers/
vendor/maatwebsite/excel/src/Imports/
vendor/maatwebsite/excel/src/Imports/Persistence/
vendor/maatwebsite/excel/src/Jobs/
vendor/maatwebsite/excel/src/Jobs/Middleware/
vendor/maatwebsite/excel/src/Middleware/
vendor/maatwebsite/excel/src/Mixins/
vendor/maatwebsite/excel/src/Transactions/
vendor/maatwebsite/excel/src/Validators/
vendor/maennchen/
vendor/maennchen/zipstream-php/
vendor/maennchen/zipstream-php/.github/
vendor/maennchen/zipstream-php/.github/ISSUE_TEMPLATE/
vendor/maennchen/zipstream-php/.github/PULL_REQUEST_TEMPLATE/
vendor/maennchen/zipstream-php/.github/workflows/
vendor/maennchen/zipstream-php/.phive/
vendor/maennchen/zipstream-php/.phpdoc/
vendor/maennchen/zipstream-php/.phpdoc/template/
vendor/maennchen/zipstream-php/guides/
vendor/maennchen/zipstream-php/src/
vendor/maennchen/zipstream-php/src/Exception/
vendor/maennchen/zipstream-php/src/Zip64/
vendor/maennchen/zipstream-php/src/Zs/
vendor/maennchen/zipstream-php/test/
vendor/maennchen/zipstream-php/test/Zip64/
vendor/maennchen/zipstream-php/test/Zs/
vendor/markbaker/
vendor/markbaker/complex/
vendor/markbaker/complex/.github/
vendor/markbaker/complex/.github/workflows/
vendor/markbaker/complex/classes/
vendor/markbaker/complex/classes/src/
vendor/markbaker/complex/examples/
vendor/markbaker/matrix/
vendor/markbaker/matrix/.github/
vendor/markbaker/matrix/.github/workflows/
vendor/markbaker/matrix/classes/
vendor/markbaker/matrix/classes/src/
vendor/markbaker/matrix/classes/src/Decomposition/
vendor/markbaker/matrix/classes/src/Operators/
vendor/markbaker/matrix/examples/
vendor/masterminds/
vendor/masterminds/html5/
vendor/masterminds/html5/bin/
vendor/masterminds/html5/src/
vendor/masterminds/html5/src/HTML5/
vendor/masterminds/html5/src/HTML5/Parser/
vendor/masterminds/html5/src/HTML5/Serializer/
vendor/maxmind-db/
vendor/maxmind-db/reader/
vendor/maxmind-db/reader/ext/
vendor/maxmind-db/reader/ext/tests/
vendor/maxmind-db/reader/src/
vendor/maxmind-db/reader/src/MaxMind/
vendor/maxmind-db/reader/src/MaxMind/Db/
vendor/maxmind-db/reader/src/MaxMind/Db/Reader/
vendor/maxmind/
vendor/maxmind/web-service-common/
vendor/maxmind/web-service-common/dev-bin/
vendor/maxmind/web-service-common/src/
vendor/maxmind/web-service-common/src/Exception/
vendor/maxmind/web-service-common/src/WebService/
vendor/maxmind/web-service-common/src/WebService/Http/
vendor/mews/
vendor/mews/purifier/
vendor/mews/purifier/config/
vendor/mews/purifier/src/
vendor/mews/purifier/src/Casts/
vendor/mews/purifier/src/Facades/
vendor/mockery/
vendor/mockery/mockery/
vendor/mockery/mockery/.phpstorm.meta.php
            350 100%    0.00kB/s    0:00:00              350 100%    0.00kB/s    0:00:00 (xfr#780, ir-chk=1404/17904)
vendor/mockery/mockery/.readthedocs.yml
            626 100%  611.33kB/s    0:00:00              626 100%  611.33kB/s    0:00:00 (xfr#781, ir-chk=1403/17904)
vendor/mockery/mockery/CHANGELOG.md
         21,908 100%   20.89MB/s    0:00:00           21,908 100%   20.89MB/s    0:00:00 (xfr#782, ir-chk=1402/17904)
vendor/mockery/mockery/CONTRIBUTING.md
          3,255 100%    3.10MB/s    0:00:00            3,255 100%    3.10MB/s    0:00:00 (xfr#783, ir-chk=1401/17904)
vendor/mockery/mockery/COPYRIGHT.md
            952 100%  464.84kB/s    0:00:00              952 100%  464.84kB/s    0:00:00 (xfr#784, ir-chk=1400/17904)
vendor/mockery/mockery/LICENSE
          1,553 100%  758.30kB/s    0:00:00            1,553 100%  758.30kB/s    0:00:00 (xfr#785, ir-chk=1399/17904)
vendor/mockery/mockery/README.md
         10,582 100%    5.05MB/s    0:00:00           10,582 100%    5.05MB/s    0:00:00 (xfr#786, ir-chk=1398/17904)
vendor/mockery/mockery/SECURITY.md
            408 100%  132.81kB/s    0:00:00              408 100%  132.81kB/s    0:00:00 (xfr#787, ir-chk=1397/17904)
vendor/mockery/mockery/composer.json
          3,781 100%    1.20MB/s    0:00:00            3,781 100%    1.20MB/s    0:00:00 (xfr#788, ir-chk=1396/17904)
vendor/mockery/mockery/composer.lock
         32,768  48%   10.42MB/s    0:00:00           67,399 100%   16.07MB/s    0:00:00 (xfr#789, ir-chk=1395/17904)
vendor/mockery/mockery/docs/
vendor/mockery/mockery/docs/.gitignore
              7 100%    1.71kB/s    0:00:00                7 100%    1.71kB/s    0:00:00 (xfr#790, ir-chk=1392/17904)
vendor/mockery/mockery/docs/Makefile
          6,782 100%    1.62MB/s    0:00:00            6,782 100%    1.62MB/s    0:00:00 (xfr#791, ir-chk=1391/17904)
vendor/mockery/mockery/docs/README.md
             84 100%   16.41kB/s    0:00:00               84 100%   16.41kB/s    0:00:00 (xfr#792, ir-chk=1390/17904)
vendor/mockery/mockery/docs/conf.py
          8,728 100%    1.66MB/s    0:00:00            8,728 100%    1.66MB/s    0:00:00 (xfr#793, ir-chk=1389/17904)
vendor/mockery/mockery/docs/index.rst
          1,978 100%  386.33kB/s    0:00:00            1,978 100%  386.33kB/s    0:00:00 (xfr#794, ir-chk=1388/17904)
vendor/mockery/mockery/docs/requirements.txt
            521 100%   84.80kB/s    0:00:00              521 100%   84.80kB/s    0:00:00 (xfr#795, ir-chk=1387/17904)
vendor/mockery/mockery/docs/_static/
vendor/mockery/mockery/docs/_static/.gitkeep
              0 100%    0.00kB/s    0:00:00 (xfr#796, ir-chk=1381/17904)
vendor/mockery/mockery/docs/cookbook/
vendor/mockery/mockery/docs/cookbook/big_parent_class.rst
          1,672 100%  272.14kB/s    0:00:00            1,672 100%  272.14kB/s    0:00:00 (xfr#797, ir-chk=1380/17904)
vendor/mockery/mockery/docs/cookbook/class_constants.rst
          4,676 100%  761.07kB/s    0:00:00            4,676 100%  761.07kB/s    0:00:00 (xfr#798, ir-chk=1379/17904)
vendor/mockery/mockery/docs/cookbook/default_expectations.rst
            757 100%  123.21kB/s    0:00:00              757 100%  123.21kB/s    0:00:00 (xfr#799, ir-chk=1378/17904)
vendor/mockery/mockery/docs/cookbook/detecting_mock_objects.rst
            394 100%   64.13kB/s    0:00:00              394 100%   64.13kB/s    0:00:00 (xfr#800, ir-chk=1377/17904)
vendor/mockery/mockery/docs/cookbook/index.rst
            273 100%   38.09kB/s    0:00:00              273 100%   38.09kB/s    0:00:00 (xfr#801, ir-chk=1376/17904)
vendor/mockery/mockery/docs/cookbook/map.rst.inc
            275 100%   38.36kB/s    0:00:00              275 100%   38.36kB/s    0:00:00 (xfr#802, ir-chk=1375/17904)
vendor/mockery/mockery/docs/cookbook/mockery_on.rst
          3,051 100%  425.64kB/s    0:00:00            3,051 100%  425.64kB/s    0:00:00 (xfr#803, ir-chk=1374/17904)
vendor/mockery/mockery/docs/cookbook/mocking_class_within_class.rst
          4,413 100%  615.65kB/s    0:00:00            4,413 100%  615.65kB/s    0:00:00 (xfr#804, ir-chk=1373/17904)
vendor/mockery/mockery/docs/cookbook/mocking_hard_dependencies.rst
          4,472 100%  623.88kB/s    0:00:00            4,472 100%  545.90kB/s    0:00:00 (xfr#805, ir-chk=1372/17904)
vendor/mockery/mockery/docs/cookbook/not_calling_the_constructor.rst
          2,152 100%  262.70kB/s    0:00:00            2,152 100%  262.70kB/s    0:00:00 (xfr#806, ir-chk=1371/17904)
vendor/mockery/mockery/docs/getting_started/
vendor/mockery/mockery/docs/getting_started/index.rst
            156 100%   19.04kB/s    0:00:00              156 100%   19.04kB/s    0:00:00 (xfr#807, ir-chk=1370/17904)
vendor/mockery/mockery/docs/getting_started/installation.rst
          1,442 100%  176.03kB/s    0:00:00            1,442 100%  176.03kB/s    0:00:00 (xfr#808, ir-chk=1369/17904)
vendor/mockery/mockery/docs/getting_started/map.rst.inc
            158 100%   19.29kB/s    0:00:00              158 100%   19.29kB/s    0:00:00 (xfr#809, ir-chk=1368/17904)
vendor/mockery/mockery/docs/getting_started/quick_reference.rst
          5,136 100%  557.29kB/s    0:00:00            5,136 100%  557.29kB/s    0:00:00 (xfr#810, ir-chk=1367/17904)
vendor/mockery/mockery/docs/getting_started/simple_example.rst
          2,115 100%  229.49kB/s    0:00:00            2,115 100%  229.49kB/s    0:00:00 (xfr#811, ir-chk=1366/17904)
vendor/mockery/mockery/docs/getting_started/upgrading.rst
          2,983 100%  323.68kB/s    0:00:00            2,983 100%  323.68kB/s    0:00:00 (xfr#812, ir-chk=1365/17904)
vendor/mockery/mockery/docs/mockery/
vendor/mockery/mockery/docs/mockery/configuration.rst
          3,998 100%  390.43kB/s    0:00:00            3,998 100%  390.43kB/s    0:00:00 (xfr#813, ir-chk=1364/17904)
vendor/mockery/mockery/docs/mockery/exceptions.rst
          2,671 100%  260.84kB/s    0:00:00            2,671 100%  260.84kB/s    0:00:00 (xfr#814, ir-chk=1363/17904)
vendor/mockery/mockery/docs/mockery/gotchas.rst
          2,463 100%  240.53kB/s    0:00:00            2,463 100%  240.53kB/s    0:00:00 (xfr#815, ir-chk=1362/17904)
vendor/mockery/mockery/docs/mockery/index.rst
            141 100%   13.77kB/s    0:00:00              141 100%   13.77kB/s    0:00:00 (xfr#816, ir-chk=1361/17904)
vendor/mockery/mockery/docs/mockery/map.rst.inc
            127 100%   12.40kB/s    0:00:00              127 100%   11.27kB/s    0:00:00 (xfr#817, ir-chk=1360/17904)
vendor/mockery/mockery/docs/mockery/reserved_method_names.rst
          1,109 100%   98.46kB/s    0:00:00            1,109 100%   98.46kB/s    0:00:00 (xfr#818, ir-chk=1359/17904)
vendor/mockery/mockery/docs/reference/
vendor/mockery/mockery/docs/reference/alternative_should_receive_syntax.rst
          2,381 100%  211.38kB/s    0:00:00            2,381 100%  211.38kB/s    0:00:00 (xfr#819, ir-chk=1358/17904)
vendor/mockery/mockery/docs/reference/argument_validation.rst
         10,745 100%  874.43kB/s    0:00:00           10,745 100%  874.43kB/s    0:00:00 (xfr#820, ir-chk=1357/17904)
vendor/mockery/mockery/docs/reference/creating_test_doubles.rst
         14,462 100%    1.06MB/s    0:00:00           14,462 100%    1.06MB/s    0:00:00 (xfr#821, ir-chk=1356/17904)
vendor/mockery/mockery/docs/reference/demeter_chains.rst
          1,639 100%  123.12kB/s    0:00:00            1,639 100%  123.12kB/s    0:00:00 (xfr#822, ir-chk=1355/17904)
vendor/mockery/mockery/docs/reference/expectations.rst
         15,946 100%    1.17MB/s    0:00:00           15,946 100%    1.17MB/s    0:00:00 (xfr#823, ir-chk=1354/17904)
vendor/mockery/mockery/docs/reference/final_methods_classes.rst
          1,351 100%   94.24kB/s    0:00:00            1,351 100%   94.24kB/s    0:00:00 (xfr#824, ir-chk=1353/17904)
vendor/mockery/mockery/docs/reference/index.rst
            421 100%   29.37kB/s    0:00:00              421 100%   29.37kB/s    0:00:00 (xfr#825, ir-chk=1352/17904)
vendor/mockery/mockery/docs/reference/instance_mocking.rst
            805 100%   56.15kB/s    0:00:00              805 100%   56.15kB/s    0:00:00 (xfr#826, ir-chk=1351/17904)
vendor/mockery/mockery/docs/reference/magic_methods.rst
            687 100%   47.92kB/s    0:00:00              687 100%   47.92kB/s    0:00:00 (xfr#827, ir-chk=1350/17904)
vendor/mockery/mockery/docs/reference/map.rst.inc
            550 100%   38.36kB/s    0:00:00              550 100%   38.36kB/s    0:00:00 (xfr#828, ir-chk=1349/17904)
vendor/mockery/mockery/docs/reference/partial_mocks.rst
          4,286 100%  279.04kB/s    0:00:00            4,286 100%  279.04kB/s    0:00:00 (xfr#829, ir-chk=1348/17904)
vendor/mockery/mockery/docs/reference/pass_by_reference_behaviours.rst
          4,322 100%  281.38kB/s    0:00:00            4,322 100%  281.38kB/s    0:00:00 (xfr#830, ir-chk=1347/17904)
vendor/mockery/mockery/docs/reference/phpunit_integration.rst
          4,853 100%  315.95kB/s    0:00:00            4,853 100%  315.95kB/s    0:00:00 (xfr#831, ir-chk=1346/17904)
vendor/mockery/mockery/docs/reference/protected_methods.rst
            668 100%   43.49kB/s    0:00:00              668 100%   43.49kB/s    0:00:00 (xfr#832, ir-chk=1345/17904)
vendor/mockery/mockery/docs/reference/public_properties.rst
            821 100%   50.11kB/s    0:00:00              821 100%   50.11kB/s    0:00:00 (xfr#833, ir-chk=1344/17904)
vendor/mockery/mockery/docs/reference/public_static_properties.rst
            701 100%   42.79kB/s    0:00:00              701 100%   42.79kB/s    0:00:00 (xfr#834, ir-chk=1343/17904)
vendor/mockery/mockery/docs/reference/spies.rst
          4,736 100%  289.06kB/s    0:00:00            4,736 100%  289.06kB/s    0:00:00 (xfr#835, ir-chk=1342/17904)
vendor/mockery/mockery/library/
vendor/mockery/mockery/library/Mockery.php
         26,161 100%    1.47MB/s    0:00:00           26,161 100%    1.47MB/s    0:00:00 (xfr#836, ir-chk=1341/17904)
vendor/mockery/mockery/library/helpers.php
          1,932 100%  110.98kB/s    0:00:00            1,932 100%  110.98kB/s    0:00:00 (xfr#837, ir-chk=1340/17904)
vendor/mockery/mockery/library/Mockery/
vendor/mockery/mockery/library/Mockery/ClosureWrapper.php
            658 100%   37.80kB/s    0:00:00              658 100%   37.80kB/s    0:00:00 (xfr#838, ir-chk=1338/17904)
vendor/mockery/mockery/library/Mockery/CompositeExpectation.php
          3,546 100%  192.38kB/s    0:00:00            3,546 100%  192.38kB/s    0:00:00 (xfr#839, ir-chk=1337/17904)
vendor/mockery/mockery/library/Mockery/Configuration.php
         10,635 100%  576.99kB/s    0:00:00           10,635 100%  576.99kB/s    0:00:00 (xfr#840, ir-chk=1336/17904)
vendor/mockery/mockery/library/Mockery/Container.php
         18,537 100%  952.77kB/s    0:00:00           18,537 100%  952.77kB/s    0:00:00 (xfr#841, ir-chk=1335/17904)
vendor/mockery/mockery/library/Mockery/Exception.php
            485 100%   24.93kB/s    0:00:00              485 100%   24.93kB/s    0:00:00 (xfr#842, ir-chk=1334/17904)
vendor/mockery/mockery/library/Mockery/Expectation.php
         24,758 100%    1.18MB/s    0:00:00           24,758 100%    1.18MB/s    0:00:00 (xfr#843, ir-chk=1333/17904)
vendor/mockery/mockery/library/Mockery/ExpectationDirector.php
          5,674 100%  277.05kB/s    0:00:00            5,674 100%  277.05kB/s    0:00:00 (xfr#844, ir-chk=1332/17904)
vendor/mockery/mockery/library/Mockery/ExpectationInterface.php
            735 100%   35.89kB/s    0:00:00              735 100%   35.89kB/s    0:00:00 (xfr#845, ir-chk=1331/17904)
vendor/mockery/mockery/library/Mockery/ExpectsHigherOrderMessage.php
            791 100%   38.62kB/s    0:00:00              791 100%   38.62kB/s    0:00:00 (xfr#846, ir-chk=1330/17904)
vendor/mockery/mockery/library/Mockery/HigherOrderMessage.php
          1,138 100%   55.57kB/s    0:00:00            1,138 100%   55.57kB/s    0:00:00 (xfr#847, ir-chk=1329/17904)
vendor/mockery/mockery/library/Mockery/Instantiator.php
          4,340 100%  201.82kB/s    0:00:00            4,340 100%  201.82kB/s    0:00:00 (xfr#848, ir-chk=1328/17904)
vendor/mockery/mockery/library/Mockery/LegacyMockInterface.php
          5,982 100%  278.18kB/s    0:00:00            5,982 100%  278.18kB/s    0:00:00 (xfr#849, ir-chk=1327/17904)
vendor/mockery/mockery/library/Mockery/MethodCall.php
            862 100%   40.09kB/s    0:00:00              862 100%   40.09kB/s    0:00:00 (xfr#850, ir-chk=1326/17904)
vendor/mockery/mockery/library/Mockery/Mock.php
         29,654 100%    1.29MB/s    0:00:00           29,654 100%    1.29MB/s    0:00:00 (xfr#851, ir-chk=1325/17904)
vendor/mockery/mockery/library/Mockery/MockInterface.php
            795 100%   35.29kB/s    0:00:00              795 100%   35.29kB/s    0:00:00 (xfr#852, ir-chk=1324/17904)
vendor/mockery/mockery/library/Mockery/QuickDefinitionsConfiguration.php
          1,774 100%   78.75kB/s    0:00:00            1,774 100%   78.75kB/s    0:00:00 (xfr#853, ir-chk=1323/17904)
vendor/mockery/mockery/library/Mockery/ReceivedMethodCalls.php
            930 100%   41.28kB/s    0:00:00              930 100%   41.28kB/s    0:00:00 (xfr#854, ir-chk=1322/17904)
vendor/mockery/mockery/library/Mockery/Reflector.php
          9,179 100%  389.73kB/s    0:00:00            9,179 100%  389.73kB/s    0:00:00 (xfr#855, ir-chk=1321/17904)
vendor/mockery/mockery/library/Mockery/Undefined.php
            816 100%   34.65kB/s    0:00:00              816 100%   34.65kB/s    0:00:00 (xfr#856, ir-chk=1320/17904)
vendor/mockery/mockery/library/Mockery/VerificationDirector.php
          3,644 100%  154.72kB/s    0:00:00            3,644 100%  154.72kB/s    0:00:00 (xfr#857, ir-chk=1319/17904)
vendor/mockery/mockery/library/Mockery/VerificationExpectation.php
            602 100%   25.56kB/s    0:00:00              602 100%   25.56kB/s    0:00:00 (xfr#858, ir-chk=1318/17904)
vendor/mockery/mockery/library/Mockery/Adapter/
vendor/mockery/mockery/library/Mockery/Adapter/Phpunit/
vendor/mockery/mockery/library/Mockery/Adapter/Phpunit/MockeryPHPUnitIntegration.php
          2,111 100%   85.90kB/s    0:00:00            2,111 100%   85.90kB/s    0:00:00 (xfr#859, ir-chk=1310/17904)
vendor/mockery/mockery/library/Mockery/Adapter/Phpunit/MockeryPHPUnitIntegrationAssertPostConditions.php
            523 100%   21.28kB/s    0:00:00              523 100%   21.28kB/s    0:00:00 (xfr#860, ir-chk=1309/17904)
vendor/mockery/mockery/library/Mockery/Adapter/Phpunit/MockeryTestCase.php
            594 100%   24.17kB/s    0:00:00              594 100%   24.17kB/s    0:00:00 (xfr#861, ir-chk=1308/17904)
vendor/mockery/mockery/library/Mockery/Adapter/Phpunit/MockeryTestCaseSetUp.php
            616 100%   25.07kB/s    0:00:00              616 100%   25.07kB/s    0:00:00 (xfr#862, ir-chk=1307/17904)
vendor/mockery/mockery/library/Mockery/Adapter/Phpunit/TestListener.php
            951 100%   38.70kB/s    0:00:00              951 100%   38.70kB/s    0:00:00 (xfr#863, ir-chk=1306/17904)
vendor/mockery/mockery/library/Mockery/Adapter/Phpunit/TestListenerTrait.php
          2,702 100%  109.94kB/s    0:00:00            2,702 100%  109.94kB/s    0:00:00 (xfr#864, ir-chk=1305/17904)
vendor/mockery/mockery/library/Mockery/CountValidator/
vendor/mockery/mockery/library/Mockery/CountValidator/AtLeast.php
          1,552 100%   60.62kB/s    0:00:00            1,552 100%   60.62kB/s    0:00:00 (xfr#865, ir-chk=1304/17904)
vendor/mockery/mockery/library/Mockery/CountValidator/AtMost.php
          1,344 100%   52.50kB/s    0:00:00            1,344 100%   52.50kB/s    0:00:00 (xfr#866, ir-chk=1303/17904)
vendor/mockery/mockery/library/Mockery/CountValidator/CountValidatorAbstract.php
          1,308 100%   51.09kB/s    0:00:00            1,308 100%   51.09kB/s    0:00:00 (xfr#867, ir-chk=1302/17904)
vendor/mockery/mockery/library/Mockery/CountValidator/CountValidatorInterface.php
            412 100%   16.09kB/s    0:00:00              412 100%   16.09kB/s    0:00:00 (xfr#868, ir-chk=1301/17904)
vendor/mockery/mockery/library/Mockery/CountValidator/Exact.php
          1,505 100%   58.79kB/s    0:00:00            1,505 100%   58.79kB/s    0:00:00 (xfr#869, ir-chk=1300/17904)
vendor/mockery/mockery/library/Mockery/CountValidator/Exception.php
            492 100%   19.22kB/s    0:00:00              492 100%   19.22kB/s    0:00:00 (xfr#870, ir-chk=1299/17904)
vendor/mockery/mockery/library/Mockery/Exception/
vendor/mockery/mockery/library/Mockery/Exception/BadMethodCallException.php
            863 100%   33.71kB/s    0:00:00              863 100%   33.71kB/s    0:00:00 (xfr#871, ir-chk=1298/17904)
vendor/mockery/mockery/library/Mockery/Exception/InvalidArgumentException.php
            431 100%   16.84kB/s    0:00:00              431 100%   16.84kB/s    0:00:00 (xfr#872, ir-chk=1297/17904)
vendor/mockery/mockery/library/Mockery/Exception/InvalidCountException.php
          2,799 100%  109.34kB/s    0:00:00            2,799 100%  109.34kB/s    0:00:00 (xfr#873, ir-chk=1296/17904)
vendor/mockery/mockery/library/Mockery/Exception/InvalidOrderException.php
          2,145 100%   80.57kB/s    0:00:00            2,145 100%   80.57kB/s    0:00:00 (xfr#874, ir-chk=1295/17904)
vendor/mockery/mockery/library/Mockery/Exception/MockeryExceptionInterface.php
            425 100%   15.96kB/s    0:00:00              425 100%   15.96kB/s    0:00:00 (xfr#875, ir-chk=1294/17904)
vendor/mockery/mockery/library/Mockery/Exception/NoMatchingExpectationException.php
          1,878 100%   70.54kB/s    0:00:00            1,878 100%   70.54kB/s    0:00:00 (xfr#876, ir-chk=1293/17904)
vendor/mockery/mockery/library/Mockery/Exception/RuntimeException.php
            423 100%   15.89kB/s    0:00:00              423 100%   15.89kB/s    0:00:00 (xfr#877, ir-chk=1292/17904)
vendor/mockery/mockery/library/Mockery/Generator/
vendor/mockery/mockery/library/Mockery/Generator/CachingGenerator.php
            942 100%   35.38kB/s    0:00:00              942 100%   35.38kB/s    0:00:00 (xfr#878, ir-chk=1291/17904)
vendor/mockery/mockery/library/Mockery/Generator/DefinedTargetClass.php
          3,786 100%  142.20kB/s    0:00:00            3,786 100%  142.20kB/s    0:00:00 (xfr#879, ir-chk=1290/17904)
vendor/mockery/mockery/library/Mockery/Generator/Generator.php
            453 100%   17.01kB/s    0:00:00              453 100%   17.01kB/s    0:00:00 (xfr#880, ir-chk=1289/17904)
vendor/mockery/mockery/library/Mockery/Generator/Method.php
          1,354 100%   50.86kB/s    0:00:00            1,354 100%   50.86kB/s    0:00:00 (xfr#881, ir-chk=1288/17904)
vendor/mockery/mockery/library/Mockery/Generator/MockConfiguration.php
         19,317 100%  698.68kB/s    0:00:00           19,317 100%  698.68kB/s    0:00:00 (xfr#882, ir-chk=1287/17904)
vendor/mockery/mockery/library/Mockery/Generator/MockConfigurationBuilder.php
          6,158 100%  222.73kB/s    0:00:00            6,158 100%  222.73kB/s    0:00:00 (xfr#883, ir-chk=1286/17904)
vendor/mockery/mockery/library/Mockery/Generator/MockDefinition.php
          1,246 100%   43.46kB/s    0:00:00            1,246 100%   43.46kB/s    0:00:00 (xfr#884, ir-chk=1285/17904)
vendor/mockery/mockery/library/Mockery/Generator/MockNameBuilder.php
            964 100%   33.62kB/s    0:00:00              964 100%   33.62kB/s    0:00:00 (xfr#885, ir-chk=1284/17904)
vendor/mockery/mockery/library/Mockery/Generator/Parameter.php
          2,826 100%   98.56kB/s    0:00:00            2,826 100%   98.56kB/s    0:00:00 (xfr#886, ir-chk=1283/17904)
vendor/mockery/mockery/library/Mockery/Generator/StringManipulationGenerator.php
          3,129 100%  109.13kB/s    0:00:00            3,129 100%  109.13kB/s    0:00:00 (xfr#887, ir-chk=1282/17904)
vendor/mockery/mockery/library/Mockery/Generator/TargetClassInterface.php
          2,160 100%   75.33kB/s    0:00:00            2,160 100%   75.33kB/s    0:00:00 (xfr#888, ir-chk=1281/17904)
vendor/mockery/mockery/library/Mockery/Generator/UndefinedTargetClass.php
          2,394 100%   83.50kB/s    0:00:00            2,394 100%   80.62kB/s    0:00:00 (xfr#889, ir-chk=1280/17904)
vendor/mockery/mockery/library/Mockery/Generator/StringManipulation/
vendor/mockery/mockery/library/Mockery/Generator/StringManipulation/Pass/
vendor/mockery/mockery/library/Mockery/Generator/StringManipulation/Pass/AvoidMethodClashPass.php
          1,214 100%   40.88kB/s    0:00:00            1,214 100%   40.88kB/s    0:00:00 (xfr#890, ir-chk=1277/17904)
vendor/mockery/mockery/library/Mockery/Generator/StringManipulation/Pass/CallTypeHintPass.php
          1,165 100%   39.23kB/s    0:00:00            1,165 100%   39.23kB/s    0:00:00 (xfr#891, ir-chk=1276/17904)
vendor/mockery/mockery/library/Mockery/Generator/StringManipulation/Pass/ClassAttributesPass.php
            999 100%   33.64kB/s    0:00:00              999 100%   33.64kB/s    0:00:00 (xfr#892, ir-chk=1275/17904)
vendor/mockery/mockery/library/Mockery/Generator/StringManipulation/Pass/ClassNamePass.php
            949 100%   31.96kB/s    0:00:00              949 100%   31.96kB/s    0:00:00 (xfr#893, ir-chk=1274/17904)
vendor/mockery/mockery/library/Mockery/Generator/StringManipulation/Pass/ClassPass.php
          1,151 100%   38.76kB/s    0:00:00            1,151 100%   38.76kB/s    0:00:00 (xfr#894, ir-chk=1273/17904)
vendor/mockery/mockery/library/Mockery/Generator/StringManipulation/Pass/ConstantsPass.php
          1,325 100%   44.62kB/s    0:00:00            1,325 100%   44.62kB/s    0:00:00 (xfr#895, ir-chk=1272/17904)
vendor/mockery/mockery/library/Mockery/Generator/StringManipulation/Pass/InstanceMockPass.php
          2,711 100%   91.29kB/s    0:00:00            2,711 100%   91.29kB/s    0:00:00 (xfr#896, ir-chk=1271/17904)
vendor/mockery/mockery/library/Mockery/Generator/StringManipulation/Pass/InterfacePass.php
          1,194 100%   40.21kB/s    0:00:00            1,194 100%   40.21kB/s    0:00:00 (xfr#897, ir-chk=1270/17904)
vendor/mockery/mockery/library/Mockery/Generator/StringManipulation/Pass/MagicMethodTypeHintsPass.php
          5,218 100%  169.86kB/s    0:00:00            5,218 100%  169.86kB/s    0:00:00 (xfr#898, ir-chk=1269/17904)
vendor/mockery/mockery/library/Mockery/Generator/StringManipulation/Pass/MethodDefinitionPass.php
          6,416 100%  208.85kB/s    0:00:00            6,416 100%  208.85kB/s    0:00:00 (xfr#899, ir-chk=1268/17904)
vendor/mockery/mockery/library/Mockery/Generator/StringManipulation/Pass/Pass.php
            537 100%   17.48kB/s    0:00:00              537 100%   17.48kB/s    0:00:00 (xfr#900, ir-chk=1267/17904)
vendor/mockery/mockery/library/Mockery/Generator/StringManipulation/Pass/RemoveBuiltinMethodsThatAreFinalPass.php
          1,599 100%   52.05kB/s    0:00:00            1,599 100%   52.05kB/s    0:00:00 (xfr#901, ir-chk=1266/17904)
vendor/mockery/mockery/library/Mockery/Generator/StringManipulation/Pass/RemoveDestructorPass.php
            975 100%   31.74kB/s    0:00:00              975 100%   31.74kB/s    0:00:00 (xfr#902, ir-chk=1265/17904)
vendor/mockery/mockery/library/Mockery/Generator/StringManipulation/Pass/RemoveUnserializeForInternalSerializableClassesPass.php
          1,724 100%   56.12kB/s    0:00:00            1,724 100%   56.12kB/s    0:00:00 (xfr#903, ir-chk=1264/17904)
vendor/mockery/mockery/library/Mockery/Generator/StringManipulation/Pass/TraitPass.php
          1,026 100%   33.40kB/s    0:00:00            1,026 100%   32.32kB/s    0:00:00 (xfr#904, ir-chk=1263/17904)
vendor/mockery/mockery/library/Mockery/Loader/
vendor/mockery/mockery/library/Mockery/Loader/EvalLoader.php
            714 100%   22.49kB/s    0:00:00              714 100%   22.49kB/s    0:00:00 (xfr#905, ir-chk=1262/17904)
vendor/mockery/mockery/library/Mockery/Loader/Loader.php
            517 100%   16.29kB/s    0:00:00              517 100%   16.29kB/s    0:00:00 (xfr#906, ir-chk=1261/17904)
vendor/mockery/mockery/library/Mockery/Loader/RequireLoader.php
          1,779 100%   56.04kB/s    0:00:00            1,779 100%   56.04kB/s    0:00:00 (xfr#907, ir-chk=1260/17904)
vendor/mockery/mockery/library/Mockery/Matcher/
vendor/mockery/mockery/library/Mockery/Matcher/AndAnyOtherArgs.php
            785 100%   24.73kB/s    0:00:00              785 100%   24.73kB/s    0:00:00 (xfr#908, ir-chk=1259/17904)
vendor/mockery/mockery/library/Mockery/Matcher/Any.php
            764 100%   24.07kB/s    0:00:00              764 100%   24.07kB/s    0:00:00 (xfr#909, ir-chk=1258/17904)
vendor/mockery/mockery/library/Mockery/Matcher/AnyArgs.php
            648 100%   20.41kB/s    0:00:00              648 100%   20.41kB/s    0:00:00 (xfr#910, ir-chk=1257/17904)
vendor/mockery/mockery/library/Mockery/Matcher/AnyOf.php
            889 100%   28.01kB/s    0:00:00              889 100%   28.01kB/s    0:00:00 (xfr#911, ir-chk=1256/17904)
vendor/mockery/mockery/library/Mockery/Matcher/ArgumentListMatcher.php
            357 100%   11.25kB/s    0:00:00              357 100%   11.25kB/s    0:00:00 (xfr#912, ir-chk=1255/17904)
vendor/mockery/mockery/library/Mockery/Matcher/Closure.php
            811 100%   25.55kB/s    0:00:00              811 100%   25.55kB/s    0:00:00 (xfr#913, ir-chk=1254/17904)
vendor/mockery/mockery/library/Mockery/Matcher/Contains.php
          1,368 100%   43.09kB/s    0:00:00            1,368 100%   43.09kB/s    0:00:00 (xfr#914, ir-chk=1253/17904)
vendor/mockery/mockery/library/Mockery/Matcher/Ducktype.php
          1,119 100%   34.15kB/s    0:00:00            1,119 100%   34.15kB/s    0:00:00 (xfr#915, ir-chk=1252/17904)
vendor/mockery/mockery/library/Mockery/Matcher/HasKey.php
          1,051 100%   32.07kB/s    0:00:00            1,051 100%   32.07kB/s    0:00:00 (xfr#916, ir-chk=1251/17904)
vendor/mockery/mockery/library/Mockery/Matcher/HasValue.php
          1,027 100%   31.34kB/s    0:00:00            1,027 100%   31.34kB/s    0:00:00 (xfr#917, ir-chk=1250/17904)
vendor/mockery/mockery/library/Mockery/Matcher/IsEqual.php
            795 100%   24.26kB/s    0:00:00              795 100%   24.26kB/s    0:00:00 (xfr#918, ir-chk=1249/17904)
vendor/mockery/mockery/library/Mockery/Matcher/IsSame.php
            794 100%   24.23kB/s    0:00:00              794 100%   24.23kB/s    0:00:00 (xfr#919, ir-chk=1248/17904)
vendor/mockery/mockery/library/Mockery/Matcher/MatcherAbstract.php
            916 100%   27.95kB/s    0:00:00              916 100%   27.95kB/s    0:00:00 (xfr#920, ir-chk=1247/17904)
vendor/mockery/mockery/library/Mockery/Matcher/MatcherInterface.php
            843 100%   25.73kB/s    0:00:00              843 100%   25.73kB/s    0:00:00 (xfr#921, ir-chk=1246/17904)
vendor/mockery/mockery/library/Mockery/Matcher/MultiArgumentClosure.php
            998 100%   30.46kB/s    0:00:00              998 100%   30.46kB/s    0:00:00 (xfr#922, ir-chk=1245/17904)
vendor/mockery/mockery/library/Mockery/Matcher/MustBe.php
            983 100%   30.00kB/s    0:00:00              983 100%   30.00kB/s    0:00:00 (xfr#923, ir-chk=1244/17904)
vendor/mockery/mockery/library/Mockery/Matcher/NoArgs.php
            683 100%   20.84kB/s    0:00:00              683 100%   20.84kB/s    0:00:00 (xfr#924, ir-chk=1243/17904)
vendor/mockery/mockery/library/Mockery/Matcher/Not.php
            848 100%   25.88kB/s    0:00:00              848 100%   25.88kB/s    0:00:00 (xfr#925, ir-chk=1242/17904)
vendor/mockery/mockery/library/Mockery/Matcher/NotAnyOf.php
            986 100%   30.09kB/s    0:00:00              986 100%   30.09kB/s    0:00:00 (xfr#926, ir-chk=1241/17904)
vendor/mockery/mockery/library/Mockery/Matcher/Pattern.php
            853 100%   26.03kB/s    0:00:00              853 100%   26.03kB/s    0:00:00 (xfr#927, ir-chk=1240/17904)
vendor/mockery/mockery/library/Mockery/Matcher/Subset.php
          2,315 100%   68.51kB/s    0:00:00            2,315 100%   68.51kB/s    0:00:00 (xfr#928, ir-chk=1239/17904)
vendor/mockery/mockery/library/Mockery/Matcher/Type.php
          1,383 100%   40.93kB/s    0:00:00            1,383 100%   40.93kB/s    0:00:00 (xfr#929, ir-chk=1238/17904)
vendor/moneyphp/
vendor/moneyphp/money/
vendor/moneyphp/money/resources/
vendor/moneyphp/money/src/
vendor/moneyphp/money/src/Calculator/
vendor/moneyphp/money/src/Currencies/
vendor/moneyphp/money/src/Exception/
vendor/moneyphp/money/src/Exchange/
vendor/moneyphp/money/src/Formatter/
vendor/moneyphp/money/src/PHPUnit/
vendor/moneyphp/money/src/Parser/
vendor/monolog/
vendor/monolog/monolog/
vendor/monolog/monolog/src/
vendor/monolog/monolog/src/Monolog/
vendor/monolog/monolog/src/Monolog/Attribute/
vendor/monolog/monolog/src/Monolog/Formatter/
vendor/monolog/monolog/src/Monolog/Handler/
vendor/monolog/monolog/src/Monolog/Handler/Curl/
vendor/monolog/monolog/src/Monolog/Handler/FingersCrossed/
vendor/monolog/monolog/src/Monolog/Handler/Slack/
vendor/monolog/monolog/src/Monolog/Handler/SyslogUdp/
vendor/monolog/monolog/src/Monolog/Processor/
vendor/monolog/monolog/src/Monolog/Test/
vendor/mtdowling/
vendor/mtdowling/jmespath.php/
vendor/mtdowling/jmespath.php/bin/
vendor/mtdowling/jmespath.php/src/
vendor/munafio/
vendor/munafio/chatify/
vendor/munafio/chatify/art/
vendor/munafio/chatify/src/
vendor/munafio/chatify/src/Console/
vendor/munafio/chatify/src/Facades/
vendor/munafio/chatify/src/Http/
vendor/munafio/chatify/src/Http/Controllers/
vendor/munafio/chatify/src/Http/Controllers/Api/
vendor/munafio/chatify/src/Models/
vendor/munafio/chatify/src/Traits/
vendor/munafio/chatify/src/assets/
vendor/munafio/chatify/src/assets/css/
vendor/munafio/chatify/src/assets/imgs/
vendor/munafio/chatify/src/assets/js/
vendor/munafio/chatify/src/assets/sounds/
vendor/munafio/chatify/src/config/
vendor/munafio/chatify/src/database/
vendor/munafio/chatify/src/database/migrations/
vendor/munafio/chatify/src/routes/
vendor/munafio/chatify/src/views/
vendor/munafio/chatify/src/views/layouts/
vendor/munafio/chatify/src/views/pages/
vendor/myclabs/
vendor/myclabs/deep-copy/
vendor/myclabs/deep-copy/LICENSE
          1,077 100%    8.76kB/s    0:00:00            1,077 100%    8.76kB/s    0:00:00 (xfr#930, ir-chk=1003/17963)
vendor/myclabs/deep-copy/README.md
         10,767 100%   86.90kB/s    0:00:00           10,767 100%   86.90kB/s    0:00:00 (xfr#931, ir-chk=1002/17963)
vendor/myclabs/deep-copy/composer.json
          1,022 100%    8.25kB/s    0:00:00            1,022 100%    8.25kB/s    0:00:00 (xfr#932, ir-chk=1001/17963)
vendor/myclabs/deep-copy/src/
vendor/myclabs/deep-copy/src/DeepCopy/
vendor/myclabs/deep-copy/src/DeepCopy/DeepCopy.php
          8,779 100%   70.27kB/s    0:00:00            8,779 100%   70.27kB/s    0:00:00 (xfr#933, ir-chk=1008/17973)
vendor/myclabs/deep-copy/src/DeepCopy/deep_copy.php
            396 100%    3.17kB/s    0:00:00              396 100%    3.17kB/s    0:00:00 (xfr#934, ir-chk=1007/17973)
vendor/myclabs/deep-copy/src/DeepCopy/Exception/
vendor/myclabs/deep-copy/src/DeepCopy/Exception/CloneException.php
            127 100%    1.01kB/s    0:00:00              127 100%    1.01kB/s    0:00:00 (xfr#935, ir-chk=1025/17998)
vendor/myclabs/deep-copy/src/DeepCopy/Exception/PropertyException.php
            120 100%    0.95kB/s    0:00:00              120 100%    0.95kB/s    0:00:00 (xfr#936, ir-chk=1024/17998)
vendor/myclabs/deep-copy/src/DeepCopy/Filter/
vendor/myclabs/deep-copy/src/DeepCopy/Filter/ChainableFilter.php
            449 100%    3.56kB/s    0:00:00              449 100%    3.56kB/s    0:00:00 (xfr#937, ir-chk=1023/17998)
vendor/myclabs/deep-copy/src/DeepCopy/Filter/Filter.php
            348 100%    2.76kB/s    0:00:00              348 100%    2.76kB/s    0:00:00 (xfr#938, ir-chk=1022/17998)
vendor/myclabs/deep-copy/src/DeepCopy/Filter/KeepFilter.php
            263 100%    2.09kB/s    0:00:00              263 100%    2.09kB/s    0:00:00 (xfr#939, ir-chk=1021/17998)
vendor/myclabs/deep-copy/src/DeepCopy/Filter/ReplaceFilter.php
            964 100%    7.65kB/s    0:00:00              964 100%    7.65kB/s    0:00:00 (xfr#940, ir-chk=1020/17998)
vendor/myclabs/deep-copy/src/DeepCopy/Filter/SetNullFilter.php
            534 100%    4.24kB/s    0:00:00              534 100%    4.24kB/s    0:00:00 (xfr#941, ir-chk=1019/17998)
vendor/myclabs/deep-copy/src/DeepCopy/Filter/Doctrine/
vendor/myclabs/deep-copy/src/DeepCopy/Filter/Doctrine/DoctrineCollectionFilter.php
            840 100%    6.67kB/s    0:00:00              840 100%    6.67kB/s    0:00:00 (xfr#942, ir-chk=1017/17998)
vendor/myclabs/deep-copy/src/DeepCopy/Filter/Doctrine/DoctrineEmptyCollectionFilter.php
            757 100%    6.01kB/s    0:00:00              757 100%    6.01kB/s    0:00:00 (xfr#943, ir-chk=1016/17998)
vendor/myclabs/deep-copy/src/DeepCopy/Filter/Doctrine/DoctrineProxyFilter.php
            403 100%    3.20kB/s    0:00:00              403 100%    3.20kB/s    0:00:00 (xfr#944, ir-chk=1015/17998)
vendor/myclabs/deep-copy/src/DeepCopy/Matcher/
vendor/myclabs/deep-copy/src/DeepCopy/Matcher/Matcher.php
            213 100%    1.69kB/s    0:00:00              213 100%    1.69kB/s    0:00:00 (xfr#945, ir-chk=1014/17998)
vendor/myclabs/deep-copy/src/DeepCopy/Matcher/PropertyMatcher.php
            691 100%    5.49kB/s    0:00:00              691 100%    5.49kB/s    0:00:00 (xfr#946, ir-chk=1013/17998)
vendor/myclabs/deep-copy/src/DeepCopy/Matcher/PropertyNameMatcher.php
            504 100%    3.97kB/s    0:00:00              504 100%    3.97kB/s    0:00:00 (xfr#947, ir-chk=1012/17998)
vendor/myclabs/deep-copy/src/DeepCopy/Matcher/PropertyTypeMatcher.php
          1,368 100%   10.77kB/s    0:00:00            1,368 100%   10.77kB/s    0:00:00 (xfr#948, ir-chk=1011/17998)
vendor/myclabs/deep-copy/src/DeepCopy/Matcher/Doctrine/
vendor/myclabs/deep-copy/src/DeepCopy/Matcher/Doctrine/DoctrineProxyMatcher.php
            360 100%    2.84kB/s    0:00:00              360 100%    2.84kB/s    0:00:00 (xfr#949, ir-chk=1009/17998)
vendor/myclabs/deep-copy/src/DeepCopy/Reflection/
vendor/myclabs/deep-copy/src/DeepCopy/Reflection/ReflectionHelper.php
          2,174 100%   17.12kB/s    0:00:00            2,174 100%   17.12kB/s    0:00:00 (xfr#950, ir-chk=1008/17998)
vendor/myclabs/deep-copy/src/DeepCopy/TypeFilter/
vendor/myclabs/deep-copy/src/DeepCopy/TypeFilter/ReplaceFilter.php
            524 100%    4.13kB/s    0:00:00              524 100%    4.13kB/s    0:00:00 (xfr#951, ir-chk=1007/17998)
vendor/myclabs/deep-copy/src/DeepCopy/TypeFilter/ShallowCopyFilter.php
            223 100%    1.76kB/s    0:00:00              223 100%    1.76kB/s    0:00:00 (xfr#952, ir-chk=1006/17998)
vendor/myclabs/deep-copy/src/DeepCopy/TypeFilter/TypeFilter.php
            194 100%    1.53kB/s    0:00:00              194 100%    1.53kB/s    0:00:00 (xfr#953, ir-chk=1005/17998)
vendor/myclabs/deep-copy/src/DeepCopy/TypeFilter/Date/
vendor/myclabs/deep-copy/src/DeepCopy/TypeFilter/Date/DateIntervalFilter.php
            639 100%    4.99kB/s    0:00:00              639 100%    4.99kB/s    0:00:00 (xfr#954, ir-chk=1002/17998)
vendor/myclabs/deep-copy/src/DeepCopy/TypeFilter/Date/DatePeriodFilter.php
          1,098 100%    8.58kB/s    0:00:00            1,098 100%    8.58kB/s    0:00:00 (xfr#955, ir-chk=1001/17998)
vendor/myclabs/deep-copy/src/DeepCopy/TypeFilter/Spl/
vendor/myclabs/deep-copy/src/DeepCopy/TypeFilter/Spl/ArrayObjectFilter.php
            720 100%    5.62kB/s    0:00:00              720 100%    5.62kB/s    0:00:00 (xfr#956, ir-chk=1006/18004)
vendor/myclabs/deep-copy/src/DeepCopy/TypeFilter/Spl/SplDoublyLinkedList.php
            176 100%    1.38kB/s    0:00:00              176 100%    1.38kB/s    0:00:00 (xfr#957, ir-chk=1005/18004)
vendor/myclabs/deep-copy/src/DeepCopy/TypeFilter/Spl/SplDoublyLinkedListFilter.php
          1,040 100%    8.12kB/s    0:00:00            1,040 100%    8.12kB/s    0:00:00 (xfr#958, ir-chk=1004/18004)
vendor/myclabs/deep-copy/src/DeepCopy/TypeMatcher/
vendor/myclabs/deep-copy/src/DeepCopy/TypeMatcher/TypeMatcher.php
            468 100%    3.63kB/s    0:00:00              468 100%    3.63kB/s    0:00:00 (xfr#959, ir-chk=1003/18004)
vendor/neitanod/
vendor/nesbot/
vendor/nesbot/carbon/
vendor/nesbot/carbon/bin/
vendor/nesbot/carbon/lazy/
vendor/nesbot/carbon/lazy/Carbon/
vendor/nesbot/carbon/lazy/Carbon/MessageFormatter/
vendor/nesbot/carbon/src/
vendor/nesbot/carbon/src/Carbon/
vendor/nesbot/carbon/src/Carbon/Cli/
vendor/nesbot/carbon/src/Carbon/Exceptions/
vendor/nesbot/carbon/src/Carbon/Lang/
vendor/nesbot/carbon/src/Carbon/Laravel/
vendor/nesbot/carbon/src/Carbon/List/
vendor/nesbot/carbon/src/Carbon/MessageFormatter/
vendor/nesbot/carbon/src/Carbon/PHPStan/
vendor/nesbot/carbon/src/Carbon/Traits/
vendor/nette/
vendor/nette/schema/
vendor/nette/schema/src/
vendor/nette/schema/src/Schema/
vendor/nette/schema/src/Schema/Elements/
vendor/nette/utils/
vendor/nette/utils/src/
vendor/nette/utils/src/Iterators/
vendor/nette/utils/src/Utils/
vendor/nikic/
vendor/nikic/php-parser/
vendor/nikic/php-parser/bin/
vendor/nikic/php-parser/lib/
vendor/nikic/php-parser/lib/PhpParser/
vendor/nikic/php-parser/lib/PhpParser/Builder/
vendor/nikic/php-parser/lib/PhpParser/Comment/
vendor/nikic/php-parser/lib/PhpParser/ErrorHandler/
vendor/nikic/php-parser/lib/PhpParser/Internal/
vendor/nikic/php-parser/lib/PhpParser/Lexer/
vendor/nikic/php-parser/lib/PhpParser/Lexer/TokenEmulator/
vendor/nikic/php-parser/lib/PhpParser/Node/
vendor/nikic/php-parser/lib/PhpParser/Node/Expr/
vendor/nikic/php-parser/lib/PhpParser/Node/Expr/AssignOp/
vendor/nikic/php-parser/lib/PhpParser/Node/Expr/BinaryOp/
vendor/nikic/php-parser/lib/PhpParser/Node/Expr/Cast/
vendor/nikic/php-parser/lib/PhpParser/Node/Name/
vendor/nikic/php-parser/lib/PhpParser/Node/Scalar/
vendor/nikic/php-parser/lib/PhpParser/Node/Scalar/MagicConst/
vendor/nikic/php-parser/lib/PhpParser/Node/Stmt/
vendor/nikic/php-parser/lib/PhpParser/Node/Stmt/TraitUseAdaptation/
vendor/nikic/php-parser/lib/PhpParser/NodeVisitor/
vendor/nikic/php-parser/lib/PhpParser/Parser/
vendor/nikic/php-parser/lib/PhpParser/PrettyPrinter/
vendor/nunomaduro/
vendor/nunomaduro/collision/
vendor/nunomaduro/collision/LICENSE.md
          1,097 100%    3.41kB/s    0:00:00            1,097 100%    3.41kB/s    0:00:00 (xfr#960, ir-chk=1008/19305)
vendor/nunomaduro/collision/README.md
          3,604 100%   11.17kB/s    0:00:00            3,604 100%   11.17kB/s    0:00:00 (xfr#961, ir-chk=1007/19305)
vendor/nunomaduro/collision/composer.json
          2,771 100%    8.59kB/s    0:00:00            2,771 100%    8.59kB/s    0:00:00 (xfr#962, ir-chk=1006/19305)
vendor/nunomaduro/collision/phpstan-baseline.neon
         19,992 100%   61.98kB/s    0:00:00           19,992 100%   61.98kB/s    0:00:00 (xfr#963, ir-chk=1005/19305)
vendor/nunomaduro/collision/.temp/
vendor/nunomaduro/collision/.temp/.gitkeep
              8 100%    0.02kB/s    0:00:00                8 100%    0.02kB/s    0:00:00 (xfr#964, ir-chk=1002/19305)
vendor/nunomaduro/collision/src/
vendor/nunomaduro/collision/src/ArgumentFormatter.php
          1,199 100%    3.72kB/s    0:00:00            1,199 100%    3.72kB/s    0:00:00 (xfr#965, ir-chk=1010/19314)
vendor/nunomaduro/collision/src/ConsoleColor.php
          5,903 100%   18.30kB/s    0:00:00            5,903 100%   18.30kB/s    0:00:00 (xfr#966, ir-chk=1009/19314)
vendor/nunomaduro/collision/src/Coverage.php
          6,264 100%   19.42kB/s    0:00:00            6,264 100%   19.36kB/s    0:00:00 (xfr#967, ir-chk=1008/19314)
vendor/nunomaduro/collision/src/Handler.php
          1,017 100%    3.14kB/s    0:00:00            1,017 100%    3.14kB/s    0:00:00 (xfr#968, ir-chk=1007/19314)
vendor/nunomaduro/collision/src/Highlighter.php
          8,344 100%   25.79kB/s    0:00:00            8,344 100%   25.79kB/s    0:00:00 (xfr#969, ir-chk=1006/19314)
vendor/nunomaduro/collision/src/Provider.php
            959 100%    2.96kB/s    0:00:00              959 100%    2.96kB/s    0:00:00 (xfr#970, ir-chk=1005/19314)
vendor/nunomaduro/collision/src/Writer.php
         10,160 100%   31.40kB/s    0:00:00           10,160 100%   31.40kB/s    0:00:00 (xfr#971, ir-chk=1004/19314)
vendor/nunomaduro/collision/src/Adapters/
vendor/nunomaduro/collision/src/Adapters/Laravel/
vendor/nunomaduro/collision/src/Adapters/Laravel/CollisionServiceProvider.php
          2,327 100%    7.19kB/s    0:00:00            2,327 100%    7.19kB/s    0:00:00 (xfr#972, ir-chk=1005/19322)
vendor/nunomaduro/collision/src/Adapters/Laravel/ExceptionHandler.php
          2,885 100%    8.92kB/s    0:00:00            2,885 100%    8.92kB/s    0:00:00 (xfr#973, ir-chk=1004/19322)
vendor/nunomaduro/collision/src/Adapters/Laravel/IgnitionSolutionsRepository.php
          1,192 100%    3.68kB/s    0:00:00            1,192 100%    3.68kB/s    0:00:00 (xfr#974, ir-chk=1003/19322)
vendor/nunomaduro/collision/src/Adapters/Laravel/Inspector.php
            540 100%    1.67kB/s    0:00:00              540 100%    1.67kB/s    0:00:00 (xfr#975, ir-chk=1002/19322)
vendor/nunomaduro/collision/src/Adapters/Laravel/Commands/
vendor/nunomaduro/collision/src/Adapters/Laravel/Commands/TestCommand.php
         11,700 100%   36.04kB/s    0:00:00           11,700 100%   36.04kB/s    0:00:00 (xfr#976, ir-chk=1000/19323)
vendor/nunomaduro/collision/src/Adapters/Laravel/Exceptions/
vendor/nunomaduro/collision/src/Adapters/Laravel/Exceptions/NotSupportedYetException.php
            353 100%    1.09kB/s    0:00:00              353 100%    1.09kB/s    0:00:00 (xfr#977, ir-chk=1003/19327)
vendor/nunomaduro/collision/src/Adapters/Laravel/Exceptions/RequirementsException.php
            350 100%    1.08kB/s    0:00:00              350 100%    1.08kB/s    0:00:00 (xfr#978, ir-chk=1002/19327)
vendor/nunomaduro/collision/src/Adapters/Phpunit/
vendor/nunomaduro/collision/src/Adapters/Phpunit/Autoload.php
            327 100%    1.01kB/s    0:00:00              327 100%    1.01kB/s    0:00:00 (xfr#979, ir-chk=1007/19333)
vendor/nunomaduro/collision/src/Adapters/Phpunit/ConfigureIO.php
            998 100%    3.07kB/s    0:00:00              998 100%    3.07kB/s    0:00:00 (xfr#980, ir-chk=1006/19333)
vendor/nunomaduro/collision/src/Adapters/Phpunit/State.php
          6,619 100%   20.39kB/s    0:00:00            6,619 100%   20.39kB/s    0:00:00 (xfr#981, ir-chk=1005/19333)
vendor/nunomaduro/collision/src/Adapters/Phpunit/Style.php
         19,510 100%   59.91kB/s    0:00:00           19,510 100%   59.91kB/s    0:00:00 (xfr#982, ir-chk=1004/19333)
vendor/nunomaduro/collision/src/Adapters/Phpunit/TestResult.php
          9,370 100%   28.77kB/s    0:00:00            9,370 100%   28.77kB/s    0:00:00 (xfr#983, ir-chk=1003/19333)
vendor/nunomaduro/collision/src/Adapters/Phpunit/Printers/
vendor/nunomaduro/collision/src/Adapters/Phpunit/Printers/DefaultPrinter.php
         13,000 100%   39.92kB/s    0:00:00           13,000 100%   39.92kB/s    0:00:00 (xfr#984, ir-chk=1005/19339)
vendor/nunomaduro/collision/src/Adapters/Phpunit/Printers/ReportablePrinter.php
            703 100%    2.16kB/s    0:00:00              703 100%    2.16kB/s    0:00:00 (xfr#985, ir-chk=1004/19339)
vendor/nunomaduro/collision/src/Adapters/Phpunit/Subscribers/
vendor/nunomaduro/collision/src/Adapters/Phpunit/Subscribers/EnsurePrinterIsRegisteredSubscriber.php
         12,267 100%   37.67kB/s    0:00:00           12,267 100%   37.67kB/s    0:00:00 (xfr#986, ir-chk=1003/19339)
vendor/nunomaduro/collision/src/Adapters/Phpunit/Subscribers/Subscriber.php
            830 100%    2.55kB/s    0:00:00              830 100%    2.55kB/s    0:00:00 (xfr#987, ir-chk=1002/19339)
vendor/nunomaduro/collision/src/Adapters/Phpunit/Support/
vendor/nunomaduro/collision/src/Adapters/Phpunit/Support/ResultReflection.php
            395 100%    1.21kB/s    0:00:00              395 100%    1.21kB/s    0:00:00 (xfr#988, ir-chk=1001/19339)
vendor/nunomaduro/collision/src/Contracts/
vendor/nunomaduro/collision/src/Contracts/RenderableOnCollisionEditor.php
            246 100%    0.76kB/s    0:00:00              246 100%    0.76kB/s    0:00:00 (xfr#989, ir-chk=1006/19345)
vendor/nunomaduro/collision/src/Contracts/RenderlessEditor.php
            127 100%    0.39kB/s    0:00:00              127 100%    0.39kB/s    0:00:00 (xfr#990, ir-chk=1005/19345)
vendor/nunomaduro/collision/src/Contracts/RenderlessTrace.php
            126 100%    0.39kB/s    0:00:00              126 100%    0.39kB/s    0:00:00 (xfr#991, ir-chk=1004/19345)
vendor/nunomaduro/collision/src/Contracts/SolutionsRepository.php
            392 100%    1.20kB/s    0:00:00              392 100%    1.20kB/s    0:00:00 (xfr#992, ir-chk=1003/19345)
vendor/nunomaduro/collision/src/Contracts/Adapters/
vendor/nunomaduro/collision/src/Contracts/Adapters/Phpunit/
vendor/nunomaduro/collision/src/Contracts/Adapters/Phpunit/HasPrintableTestCaseName.php
            537 100%    1.64kB/s    0:00:00              537 100%    1.64kB/s    0:00:00 (xfr#993, ir-chk=1000/19345)
vendor/nunomaduro/collision/src/Exceptions/
vendor/nunomaduro/collision/src/Exceptions/InvalidStyleException.php
            195 100%    0.60kB/s    0:00:00              195 100%    0.60kB/s    0:00:00 (xfr#994, ir-chk=1005/19351)
vendor/nunomaduro/collision/src/Exceptions/ShouldNotHappen.php
            528 100%    1.62kB/s    0:00:00              528 100%    1.62kB/s    0:00:00 (xfr#995, ir-chk=1004/19351)
vendor/nunomaduro/collision/src/Exceptions/TestException.php
          5,284 100%   16.18kB/s    0:00:00            5,284 100%   16.18kB/s    0:00:00 (xfr#996, ir-chk=1003/19351)
vendor/nunomaduro/collision/src/Exceptions/TestOutcome.php
            189 100%    0.58kB/s    0:00:00              189 100%    0.58kB/s    0:00:00 (xfr#997, ir-chk=1002/19351)
vendor/nunomaduro/collision/src/SolutionsRepositories/
vendor/nunomaduro/collision/src/SolutionsRepositories/NullSolutionsRepository.php
            411 100%    1.26kB/s    0:00:00              411 100%    1.26kB/s    0:00:00 (xfr#998, ir-chk=1001/19351)
vendor/nunomaduro/termwind/
vendor/nunomaduro/termwind/src/
vendor/nunomaduro/termwind/src/Actions/
vendor/nunomaduro/termwind/src/Components/
vendor/nunomaduro/termwind/src/Enums/
vendor/nunomaduro/termwind/src/Exceptions/
vendor/nunomaduro/termwind/src/Helpers/
vendor/nunomaduro/termwind/src/Html/
vendor/nunomaduro/termwind/src/Laravel/
vendor/nunomaduro/termwind/src/Repositories/
vendor/nunomaduro/termwind/src/ValueObjects/
vendor/omnipay/
vendor/omnipay/common/
vendor/omnipay/common/.github/
vendor/omnipay/common/.github/workflows/
vendor/omnipay/common/src/
vendor/omnipay/common/src/Common/
vendor/omnipay/common/src/Common/Exception/
vendor/omnipay/common/src/Common/Http/
vendor/omnipay/common/src/Common/Http/Exception/
vendor/omnipay/common/src/Common/Message/
vendor/omnipay/migs/
vendor/omnipay/migs/src/
vendor/omnipay/migs/src/Message/
vendor/omnipay/migs/tests/
vendor/omnipay/migs/tests/Message/
vendor/omnipay/migs/tests/Mock/
vendor/omnipay/paypal/
vendor/omnipay/paypal/src/
vendor/omnipay/paypal/src/Message/
vendor/omnipay/paypal/src/Support/
vendor/omnipay/paypal/src/Support/InstantUpdateApi/
vendor/omnipay/paypal/tests/
vendor/omnipay/paypal/tests/Message/
vendor/omnipay/paypal/tests/Mock/
vendor/omnipay/stripe/
vendor/omnipay/stripe/src/
vendor/omnipay/stripe/src/Message/
vendor/omnipay/stripe/src/Message/Checkout/
vendor/omnipay/stripe/src/Message/PaymentIntents/
vendor/omnipay/stripe/src/Message/SetupIntents/
vendor/omnipay/stripe/src/Message/Transfers/
vendor/omnipay/stripe/tests/
vendor/omnipay/stripe/tests/Message/
vendor/omnipay/stripe/tests/Message/PaymentIntents/
vendor/omnipay/stripe/tests/Message/PaymentIntents/Mock/
vendor/omnipay/stripe/tests/Message/Transfers/
vendor/omnipay/stripe/tests/Mock/
vendor/omnipay/stripe/tests/Mock/Transfers/
vendor/paragonie/
vendor/paragonie/constant_time_encoding/
vendor/paragonie/constant_time_encoding/src/
vendor/paragonie/random_compat/
vendor/paragonie/random_compat/dist/
vendor/paragonie/random_compat/lib/
vendor/paragonie/random_compat/other/
vendor/paragonie/sodium_compat/
vendor/paragonie/sodium_compat/lib/
vendor/paragonie/sodium_compat/namespaced/
vendor/paragonie/sodium_compat/namespaced/Core/
vendor/paragonie/sodium_compat/namespaced/Core/ChaCha20/
vendor/paragonie/sodium_compat/namespaced/Core/Curve25519/
vendor/paragonie/sodium_compat/namespaced/Core/Curve25519/Ge/
vendor/paragonie/sodium_compat/namespaced/Core/Poly1305/
vendor/paragonie/sodium_compat/src/
vendor/paragonie/sodium_compat/src/Core/
vendor/paragonie/sodium_compat/src/Core/AEGIS/
vendor/paragonie/sodium_compat/src/Core/AES/
vendor/paragonie/sodium_compat/src/Core/Base64/
vendor/paragonie/sodium_compat/src/Core/ChaCha20/
vendor/paragonie/sodium_compat/src/Core/Curve25519/
vendor/paragonie/sodium_compat/src/Core/Curve25519/Ge/
vendor/paragonie/sodium_compat/src/Core/Poly1305/
vendor/paragonie/sodium_compat/src/Core/SecretStream/
vendor/payrexx/
vendor/payrexx/payrexx/
vendor/payrexx/payrexx/.github/
vendor/payrexx/payrexx/.github/workflows/
vendor/payrexx/payrexx/examples/
vendor/payrexx/payrexx/lib/
vendor/payrexx/payrexx/lib/Payrexx/
vendor/payrexx/payrexx/lib/Payrexx/CommunicationAdapter/
vendor/payrexx/payrexx/lib/Payrexx/Models/
vendor/payrexx/payrexx/lib/Payrexx/Models/Request/
vendor/payrexx/payrexx/lib/Payrexx/Models/Response/
vendor/payrexx/payrexx/lib/Payrexx/certs/
vendor/payrexx/payrexx/tests/
vendor/payrexx/payrexx/tests/Unit/
vendor/payrexx/payrexx/tests/Unit/Client/
vendor/payrexx/payrexx/tests/Unit/Models/
vendor/pelago/
vendor/phar-io/
vendor/phar-io/manifest/
vendor/phar-io/manifest/.php-cs-fixer.dist.php
         12,145 100%   24.06kB/s    0:00:00           12,145 100%   24.06kB/s    0:00:00 (xfr#999, ir-chk=1010/20150)
vendor/phar-io/manifest/CHANGELOG.md
          1,513 100%    3.00kB/s    0:00:00            1,513 100%    3.00kB/s    0:00:00 (xfr#1000, ir-chk=1009/20150)
vendor/phar-io/manifest/LICENSE
          1,632 100%    3.23kB/s    0:00:00            1,632 100%    3.23kB/s    0:00:00 (xfr#1001, ir-chk=1008/20150)
vendor/phar-io/manifest/README.md
          5,759 100%   11.41kB/s    0:00:00            5,759 100%   11.41kB/s    0:00:00 (xfr#1002, ir-chk=1007/20150)
vendor/phar-io/manifest/composer.json
            897 100%    1.77kB/s    0:00:00              897 100%    1.77kB/s    0:00:00 (xfr#1003, ir-chk=1006/20150)
vendor/phar-io/manifest/composer.lock
          2,559 100%    5.06kB/s    0:00:00            2,559 100%    5.06kB/s    0:00:00 (xfr#1004, ir-chk=1005/20150)
vendor/phar-io/manifest/manifest.xsd
          3,708 100%    7.33kB/s    0:00:00            3,708 100%    7.33kB/s    0:00:00 (xfr#1005, ir-chk=1004/20150)
vendor/phar-io/manifest/.github/
vendor/phar-io/manifest/.github/FUNDING.yml
             65 100%    0.13kB/s    0:00:00               65 100%    0.13kB/s    0:00:00 (xfr#1006, ir-chk=1001/20151)
vendor/phar-io/manifest/.github/workflows/
vendor/phar-io/manifest/.github/workflows/ci.yml
          2,036 100%    4.02kB/s    0:00:00            2,036 100%    4.02kB/s    0:00:00 (xfr#1007, ir-chk=1005/20157)
vendor/phar-io/manifest/src/
vendor/phar-io/manifest/src/ManifestDocumentMapper.php
          4,992 100%    9.85kB/s    0:00:00            4,992 100%    9.85kB/s    0:00:00 (xfr#1008, ir-chk=1013/20166)
vendor/phar-io/manifest/src/ManifestLoader.php
          1,440 100%    2.84kB/s    0:00:00            1,440 100%    2.84kB/s    0:00:00 (xfr#1009, ir-chk=1012/20166)
vendor/phar-io/manifest/src/ManifestSerializer.php
          6,023 100%   11.88kB/s    0:00:00            6,023 100%   11.88kB/s    0:00:00 (xfr#1010, ir-chk=1011/20166)
vendor/phar-io/manifest/src/exceptions/
vendor/phar-io/manifest/src/exceptions/ElementCollectionException.php
            520 100%    1.03kB/s    0:00:00              520 100%    1.03kB/s    0:00:00 (xfr#1011, ir-chk=1031/20190)
vendor/phar-io/manifest/src/exceptions/Exception.php
            456 100%    0.90kB/s    0:00:00              456 100%    0.90kB/s    0:00:00 (xfr#1012, ir-chk=1030/20190)
vendor/phar-io/manifest/src/exceptions/InvalidApplicationNameException.php
            561 100%    1.11kB/s    0:00:00              561 100%    1.11kB/s    0:00:00 (xfr#1013, ir-chk=1029/20190)
vendor/phar-io/manifest/src/exceptions/InvalidEmailException.php
            515 100%    1.02kB/s    0:00:00              515 100%    1.02kB/s    0:00:00 (xfr#1014, ir-chk=1028/20190)
vendor/phar-io/manifest/src/exceptions/InvalidUrlException.php
            513 100%    1.01kB/s    0:00:00              513 100%    1.01kB/s    0:00:00 (xfr#1015, ir-chk=1027/20190)
vendor/phar-io/manifest/src/exceptions/ManifestDocumentException.php
            503 100%    0.99kB/s    0:00:00              503 100%    0.99kB/s    0:00:00 (xfr#1016, ir-chk=1026/20190)
vendor/phar-io/manifest/src/exceptions/ManifestDocumentLoadingException.php
          1,275 100%    2.52kB/s    0:00:00            1,275 100%    2.52kB/s    0:00:00 (xfr#1017, ir-chk=1025/20190)
vendor/phar-io/manifest/src/exceptions/ManifestDocumentMapperException.php
            509 100%    1.00kB/s    0:00:00              509 100%    1.00kB/s    0:00:00 (xfr#1018, ir-chk=1024/20190)
vendor/phar-io/manifest/src/exceptions/ManifestElementException.php
            502 100%    0.99kB/s    0:00:00              502 100%    0.99kB/s    0:00:00 (xfr#1019, ir-chk=1023/20190)
vendor/phar-io/manifest/src/exceptions/ManifestLoaderException.php
            472 100%    0.93kB/s    0:00:00              472 100%    0.93kB/s    0:00:00 (xfr#1020, ir-chk=1022/20190)
vendor/phar-io/manifest/src/exceptions/NoEmailAddressException.php
            517 100%    1.02kB/s    0:00:00              517 100%    1.02kB/s    0:00:00 (xfr#1021, ir-chk=1021/20190)
vendor/phar-io/manifest/src/values/
vendor/phar-io/manifest/src/values/Application.php
            504 100%    0.99kB/s    0:00:00              504 100%    0.99kB/s    0:00:00 (xfr#1022, ir-chk=1020/20190)
vendor/phar-io/manifest/src/values/ApplicationName.php
          1,180 100%    2.32kB/s    0:00:00            1,180 100%    2.32kB/s    0:00:00 (xfr#1023, ir-chk=1019/20190)
vendor/phar-io/manifest/src/values/Author.php
          1,304 100%    2.57kB/s    0:00:00            1,304 100%    2.57kB/s    0:00:00 (xfr#1024, ir-chk=1018/20190)
vendor/phar-io/manifest/src/values/AuthorCollection.php
          1,046 100%    2.06kB/s    0:00:00            1,046 100%    2.06kB/s    0:00:00 (xfr#1025, ir-chk=1017/20190)
vendor/phar-io/manifest/src/values/AuthorCollectionIterator.php
          1,157 100%    2.28kB/s    0:00:00            1,157 100%    2.28kB/s    0:00:00 (xfr#1026, ir-chk=1016/20190)
vendor/phar-io/manifest/src/values/BundledComponent.php
            840 100%    1.65kB/s    0:00:00              840 100%    1.65kB/s    0:00:00 (xfr#1027, ir-chk=1015/20190)
vendor/phar-io/manifest/src/values/BundledComponentCollection.php
          1,186 100%    2.34kB/s    0:00:00            1,186 100%    2.34kB/s    0:00:00 (xfr#1028, ir-chk=1014/20190)
vendor/phar-io/manifest/src/values/BundledComponentCollectionIterator.php
          1,277 100%    2.51kB/s    0:00:00            1,277 100%    2.51kB/s    0:00:00 (xfr#1029, ir-chk=1013/20190)
vendor/phar-io/manifest/src/values/CopyrightInformation.php
            860 100%    1.69kB/s    0:00:00              860 100%    1.69kB/s    0:00:00 (xfr#1030, ir-chk=1012/20190)
vendor/phar-io/manifest/src/values/Email.php
            912 100%    1.80kB/s    0:00:00              912 100%    1.80kB/s    0:00:00 (xfr#1031, ir-chk=1011/20190)
vendor/phar-io/manifest/src/values/Extension.php
          1,430 100%    2.82kB/s    0:00:00            1,430 100%    2.82kB/s    0:00:00 (xfr#1032, ir-chk=1010/20190)
vendor/phar-io/manifest/src/values/Library.php
            496 100%    0.98kB/s    0:00:00              496 100%    0.98kB/s    0:00:00 (xfr#1033, ir-chk=1009/20190)
vendor/phar-io/manifest/src/values/License.php
            764 100%    1.50kB/s    0:00:00              764 100%    1.50kB/s    0:00:00 (xfr#1034, ir-chk=1008/20190)
vendor/phar-io/manifest/src/values/Manifest.php
          2,605 100%    5.13kB/s    0:00:00            2,605 100%    5.13kB/s    0:00:00 (xfr#1035, ir-chk=1007/20190)
vendor/phar-io/manifest/src/values/PhpExtensionRequirement.php
            682 100%    1.34kB/s    0:00:00              682 100%    1.34kB/s    0:00:00 (xfr#1036, ir-chk=1006/20190)
vendor/phar-io/manifest/src/values/PhpVersionRequirement.php
            804 100%    1.58kB/s    0:00:00              804 100%    1.58kB/s    0:00:00 (xfr#1037, ir-chk=1005/20190)
vendor/phar-io/manifest/src/values/Requirement.php
            424 100%    0.83kB/s    0:00:00              424 100%    0.83kB/s    0:00:00 (xfr#1038, ir-chk=1004/20190)
vendor/phar-io/manifest/src/values/RequirementCollection.php
          1,116 100%    2.20kB/s    0:00:00            1,116 100%    2.20kB/s    0:00:00 (xfr#1039, ir-chk=1003/20190)
vendor/phar-io/manifest/src/values/RequirementCollectionIterator.php
          1,217 100%    2.40kB/s    0:00:00            1,217 100%    2.40kB/s    0:00:00 (xfr#1040, ir-chk=1002/20190)
vendor/phar-io/manifest/src/values/Type.php
          1,187 100%    2.34kB/s    0:00:00            1,187 100%    2.34kB/s    0:00:00 (xfr#1041, ir-chk=1001/20190)
vendor/phar-io/manifest/src/values/Url.php
            939 100%    1.85kB/s    0:00:00              939 100%    1.85kB/s    0:00:00 (xfr#1042, ir-chk=1000/20190)
vendor/phar-io/manifest/src/xml/
vendor/phar-io/manifest/src/xml/AuthorElement.php
            730 100%    1.43kB/s    0:00:00              730 100%    1.43kB/s    0:00:00 (xfr#1043, ir-chk=1015/20206)
vendor/phar-io/manifest/src/xml/AuthorElementCollection.php
            595 100%    1.17kB/s    0:00:00              595 100%    1.17kB/s    0:00:00 (xfr#1044, ir-chk=1014/20206)
vendor/phar-io/manifest/src/xml/BundlesElement.php
            634 100%    1.25kB/s    0:00:00              634 100%    1.25kB/s    0:00:00 (xfr#1045, ir-chk=1013/20206)
vendor/phar-io/manifest/src/xml/ComponentElement.php
            646 100%    1.27kB/s    0:00:00              646 100%    1.27kB/s    0:00:00 (xfr#1046, ir-chk=1012/20206)
vendor/phar-io/manifest/src/xml/ComponentElementCollection.php
            604 100%    1.19kB/s    0:00:00              604 100%    1.19kB/s    0:00:00 (xfr#1047, ir-chk=1011/20206)
vendor/phar-io/manifest/src/xml/ContainsElement.php
            905 100%    1.78kB/s    0:00:00              905 100%    1.78kB/s    0:00:00 (xfr#1048, ir-chk=1010/20206)
vendor/phar-io/manifest/src/xml/CopyrightElement.php
            780 100%    1.53kB/s    0:00:00              780 100%    1.53kB/s    0:00:00 (xfr#1049, ir-chk=1009/20206)
vendor/phar-io/manifest/src/xml/ElementCollection.php
          1,739 100%    3.42kB/s    0:00:00            1,739 100%    3.42kB/s    0:00:00 (xfr#1050, ir-chk=1008/20206)
vendor/phar-io/manifest/src/xml/ExtElement.php
            538 100%    1.06kB/s    0:00:00              538 100%    1.06kB/s    0:00:00 (xfr#1051, ir-chk=1007/20206)
vendor/phar-io/manifest/src/xml/ExtElementCollection.php
            586 100%    1.15kB/s    0:00:00              586 100%    1.15kB/s    0:00:00 (xfr#1052, ir-chk=1006/20206)
vendor/phar-io/manifest/src/xml/ExtensionElement.php
            650 100%    1.28kB/s    0:00:00              650 100%    1.28kB/s    0:00:00 (xfr#1053, ir-chk=1005/20206)
vendor/phar-io/manifest/src/xml/LicenseElement.php
            636 100%    1.25kB/s    0:00:00              636 100%    1.25kB/s    0:00:00 (xfr#1054, ir-chk=1004/20206)
vendor/phar-io/manifest/src/xml/ManifestDocument.php
          3,340 100%    6.56kB/s    0:00:00            3,340 100%    6.56kB/s    0:00:00 (xfr#1055, ir-chk=1003/20206)
vendor/phar-io/manifest/src/xml/ManifestElement.php
          2,158 100%    4.24kB/s    0:00:00            2,158 100%    4.24kB/s    0:00:00 (xfr#1056, ir-chk=1002/20206)
vendor/phar-io/manifest/src/xml/PhpElement.php
            799 100%    1.57kB/s    0:00:00              799 100%    1.57kB/s    0:00:00 (xfr#1057, ir-chk=1001/20206)
vendor/phar-io/manifest/src/xml/RequiresElement.php
            587 100%    1.15kB/s    0:00:00              587 100%    1.15kB/s    0:00:00 (xfr#1058, ir-chk=1000/20206)
vendor/phar-io/manifest/tools/
vendor/phar-io/manifest/tools/php-cs-fixer.d/
vendor/phar-io/manifest/tools/php-cs-fixer.d/PhpdocSingleLineVarFixer.php
          2,062 100%    4.04kB/s    0:00:00            2,062 100%    4.04kB/s    0:00:00 (xfr#1059, ir-chk=1001/20209)
vendor/phar-io/manifest/tools/php-cs-fixer.d/header.txt
            311 100%    0.61kB/s    0:00:00              311 100%    0.61kB/s    0:00:00 (xfr#1060, ir-chk=1000/20209)
vendor/phar-io/version/
vendor/phar-io/version/CHANGELOG.md
          3,733 100%    7.32kB/s    0:00:00            3,733 100%    7.32kB/s    0:00:00 (xfr#1061, ir-chk=1004/20214)
vendor/phar-io/version/LICENSE
          1,574 100%    3.09kB/s    0:00:00            1,574 100%    3.09kB/s    0:00:00 (xfr#1062, ir-chk=1003/20214)
vendor/phar-io/version/README.md
          2,361 100%    4.63kB/s    0:00:00            2,361 100%    4.63kB/s    0:00:00 (xfr#1063, ir-chk=1002/20214)
vendor/phar-io/version/composer.json
            673 100%    1.32kB/s    0:00:00              673 100%    1.32kB/s    0:00:00 (xfr#1064, ir-chk=1001/20214)
vendor/phar-io/version/src/
vendor/phar-io/version/src/BuildMetaData.php
            719 100%    1.41kB/s    0:00:00              719 100%    1.41kB/s    0:00:00 (xfr#1065, ir-chk=1007/20222)
vendor/phar-io/version/src/PreReleaseSuffix.php
          1,886 100%    3.69kB/s    0:00:00            1,886 100%    3.69kB/s    0:00:00 (xfr#1066, ir-chk=1006/20222)
vendor/phar-io/version/src/Version.php
          5,931 100%   11.61kB/s    0:00:00            5,931 100%   11.61kB/s    0:00:00 (xfr#1067, ir-chk=1005/20222)
vendor/phar-io/version/src/VersionConstraintParser.php
          3,839 100%    7.51kB/s    0:00:00            3,839 100%    7.51kB/s    0:00:00 (xfr#1068, ir-chk=1004/20222)
vendor/phar-io/version/src/VersionConstraintValue.php
          2,598 100%    5.08kB/s    0:00:00            2,598 100%    5.08kB/s    0:00:00 (xfr#1069, ir-chk=1003/20222)
vendor/phar-io/version/src/VersionNumber.php
            673 100%    1.32kB/s    0:00:00              673 100%    1.32kB/s    0:00:00 (xfr#1070, ir-chk=1002/20222)
vendor/phar-io/version/src/constraints/
vendor/phar-io/version/src/constraints/AbstractVersionConstraint.php
            687 100%    1.34kB/s    0:00:00              687 100%    1.34kB/s    0:00:00 (xfr#1071, ir-chk=1008/20231)
vendor/phar-io/version/src/constraints/AndVersionConstraintGroup.php
            983 100%    1.92kB/s    0:00:00              983 100%    1.92kB/s    0:00:00 (xfr#1072, ir-chk=1007/20231)
vendor/phar-io/version/src/constraints/AnyVersionConstraint.php
            576 100%    1.13kB/s    0:00:00              576 100%    1.13kB/s    0:00:00 (xfr#1073, ir-chk=1006/20231)
vendor/phar-io/version/src/constraints/ExactVersionConstraint.php
            712 100%    1.39kB/s    0:00:00              712 100%    1.39kB/s    0:00:00 (xfr#1074, ir-chk=1005/20231)
vendor/phar-io/version/src/constraints/GreaterThanOrEqualToVersionConstraint.php
            900 100%    1.76kB/s    0:00:00              900 100%    1.76kB/s    0:00:00 (xfr#1075, ir-chk=1004/20231)
vendor/phar-io/version/src/constraints/OrVersionConstraintGroup.php
          1,023 100%    2.00kB/s    0:00:00            1,023 100%    2.00kB/s    0:00:00 (xfr#1076, ir-chk=1003/20231)
vendor/phar-io/version/src/constraints/SpecificMajorAndMinorVersionConstraint.php
            956 100%    1.87kB/s    0:00:00              956 100%    1.87kB/s    0:00:00 (xfr#1077, ir-chk=1002/20231)
vendor/phar-io/version/src/constraints/SpecificMajorVersionConstraint.php
            762 100%    1.49kB/s    0:00:00              762 100%    1.49kB/s    0:00:00 (xfr#1078, ir-chk=1001/20231)
vendor/phar-io/version/src/constraints/VersionConstraint.php
            493 100%    0.96kB/s    0:00:00              493 100%    0.96kB/s    0:00:00 (xfr#1079, ir-chk=1000/20231)
vendor/phar-io/version/src/exceptions/
vendor/phar-io/version/src/exceptions/Exception.php
            424 100%    0.83kB/s    0:00:00              424 100%    0.83kB/s    0:00:00 (xfr#1080, ir-chk=1005/20237)
vendor/phar-io/version/src/exceptions/InvalidPreReleaseSuffixException.php
            143 100%    0.28kB/s    0:00:00              143 100%    0.28kB/s    0:00:00 (xfr#1081, ir-chk=1004/20237)
vendor/phar-io/version/src/exceptions/InvalidVersionException.php
            149 100%    0.29kB/s    0:00:00              149 100%    0.29kB/s    0:00:00 (xfr#1082, ir-chk=1003/20237)
vendor/phar-io/version/src/exceptions/NoBuildMetaDataException.php
            135 100%    0.26kB/s    0:00:00              135 100%    0.26kB/s    0:00:00 (xfr#1083, ir-chk=1002/20237)
vendor/phar-io/version/src/exceptions/NoPreReleaseSuffixException.php
            138 100%    0.27kB/s    0:00:00              138 100%    0.27kB/s    0:00:00 (xfr#1084, ir-chk=1001/20237)
vendor/phar-io/version/src/exceptions/UnsupportedVersionConstraintException.php
            467 100%    0.91kB/s    0:00:00              467 100%    0.91kB/s    0:00:00 (xfr#1085, ir-chk=1000/20237)
vendor/php-debugbar/
vendor/php-debugbar/php-debugbar/
vendor/php-debugbar/php-debugbar/LICENSE
          1,068 100%    2.09kB/s    0:00:00            1,068 100%    2.09kB/s    0:00:00 (xfr#1086, ir-chk=1004/20243)
vendor/php-debugbar/php-debugbar/composer.json
          1,847 100%    3.61kB/s    0:00:00            1,847 100%    3.61kB/s    0:00:00 (xfr#1087, ir-chk=1003/20243)
vendor/php-debugbar/php-debugbar/src/
vendor/php-debugbar/php-debugbar/src/DebugBar/
vendor/php-debugbar/php-debugbar/src/DebugBar/DebugBar.php
         13,186 100%   25.70kB/s    0:00:00           13,186 100%   25.70kB/s    0:00:00 (xfr#1088, ir-chk=1070/20313)
vendor/php-debugbar/php-debugbar/src/DebugBar/DebugBarException.php
            305 100%    0.59kB/s    0:00:00              305 100%    0.59kB/s    0:00:00 (xfr#1089, ir-chk=1069/20313)
vendor/php-debugbar/php-debugbar/src/DebugBar/HttpDriverInterface.php
          1,241 100%    2.42kB/s    0:00:00            1,241 100%    2.42kB/s    0:00:00 (xfr#1090, ir-chk=1068/20313)
vendor/php-debugbar/php-debugbar/src/DebugBar/JavascriptRenderer.php
         32,768  80%   63.87kB/s    0:00:00           40,590 100%   78.96kB/s    0:00:00 (xfr#1091, ir-chk=1067/20313)
vendor/php-debugbar/php-debugbar/src/DebugBar/OpenHandler.php
          2,872 100%    5.59kB/s    0:00:00            2,872 100%    5.59kB/s    0:00:00 (xfr#1092, ir-chk=1066/20313)
vendor/php-debugbar/php-debugbar/src/DebugBar/PhpHttpDriver.php
          1,250 100%    2.43kB/s    0:00:00            1,250 100%    2.43kB/s    0:00:00 (xfr#1093, ir-chk=1065/20313)
vendor/php-debugbar/php-debugbar/src/DebugBar/RequestIdGenerator.php
            484 100%    0.94kB/s    0:00:00              484 100%    0.94kB/s    0:00:00 (xfr#1094, ir-chk=1064/20313)
vendor/php-debugbar/php-debugbar/src/DebugBar/RequestIdGeneratorInterface.php
            693 100%    1.35kB/s    0:00:00              693 100%    1.35kB/s    0:00:00 (xfr#1095, ir-chk=1063/20313)
vendor/php-debugbar/php-debugbar/src/DebugBar/StandardDebugBar.php
          1,011 100%    1.97kB/s    0:00:00            1,011 100%    1.97kB/s    0:00:00 (xfr#1096, ir-chk=1062/20313)
vendor/php-debugbar/php-debugbar/src/DebugBar/Bridge/
vendor/php-debugbar/php-debugbar/src/DebugBar/Bridge/CacheCacheCollector.php
          1,761 100%    3.43kB/s    0:00:00            1,761 100%    3.43kB/s    0:00:00 (xfr#1097, ir-chk=1056/20313)
vendor/php-debugbar/php-debugbar/src/DebugBar/Bridge/DoctrineCollector.php
          4,079 100%    7.94kB/s    0:00:00            4,079 100%    7.94kB/s    0:00:00 (xfr#1098, ir-chk=1055/20313)
vendor/php-debugbar/php-debugbar/src/DebugBar/Bridge/MonologCollector.php
          2,732 100%    5.31kB/s    0:00:00            2,732 100%    5.31kB/s    0:00:00 (xfr#1099, ir-chk=1054/20313)
vendor/php-debugbar/php-debugbar/src/DebugBar/Bridge/NamespacedTwigProfileCollector.php
          5,802 100%   11.29kB/s    0:00:00            5,802 100%   11.29kB/s    0:00:00 (xfr#1100, ir-chk=1053/20313)
vendor/php-debugbar/php-debugbar/src/DebugBar/Bridge/Propel2Collector.php
          8,927 100%   17.37kB/s    0:00:00            8,927 100%   17.37kB/s    0:00:00 (xfr#1101, ir-chk=1052/20313)
vendor/php-debugbar/php-debugbar/src/DebugBar/Bridge/PropelCollector.php
          7,333 100%   14.24kB/s    0:00:00            7,333 100%   14.24kB/s    0:00:00 (xfr#1102, ir-chk=1051/20313)
vendor/php-debugbar/php-debugbar/src/DebugBar/Bridge/SlimCollector.php
          1,584 100%    3.08kB/s    0:00:00            1,584 100%    3.08kB/s    0:00:00 (xfr#1103, ir-chk=1050/20313)
vendor/php-debugbar/php-debugbar/src/DebugBar/Bridge/TwigProfileCollector.php
          6,030 100%   11.71kB/s    0:00:00            6,030 100%   11.71kB/s    0:00:00 (xfr#1104, ir-chk=1049/20313)
vendor/php-debugbar/php-debugbar/src/DebugBar/Bridge/SwiftMailer/
vendor/php-debugbar/php-debugbar/src/DebugBar/Bridge/SwiftMailer/SwiftLogCollector.php
          1,114 100%    2.16kB/s    0:00:00            1,114 100%    2.16kB/s    0:00:00 (xfr#1105, ir-chk=1045/20313)
vendor/php-debugbar/php-debugbar/src/DebugBar/Bridge/SwiftMailer/SwiftMailCollector.php
          2,555 100%    4.96kB/s    0:00:00            2,555 100%    4.96kB/s    0:00:00 (xfr#1106, ir-chk=1044/20313)
vendor/php-debugbar/php-debugbar/src/DebugBar/Bridge/Symfony/
vendor/php-debugbar/php-debugbar/src/DebugBar/Bridge/Symfony/SymfonyMailCollector.php
          2,861 100%    5.55kB/s    0:00:00            2,861 100%    5.55kB/s    0:00:00 (xfr#1107, ir-chk=1043/20313)
vendor/php-debugbar/php-debugbar/src/DebugBar/Bridge/Twig/
vendor/php-debugbar/php-debugbar/src/DebugBar/Bridge/Twig/DebugTwigExtension.php
          2,236 100%    4.34kB/s    0:00:00            2,236 100%    4.34kB/s    0:00:00 (xfr#1108, ir-chk=1042/20313)
vendor/php-debugbar/php-debugbar/src/DebugBar/Bridge/Twig/DumpTwigExtension.php
          2,204 100%    4.28kB/s    0:00:00            2,204 100%    4.28kB/s    0:00:00 (xfr#1109, ir-chk=1041/20313)
vendor/php-debugbar/php-debugbar/src/DebugBar/Bridge/Twig/MeasureTwigExtension.php
          1,669 100%    3.24kB/s    0:00:00            1,669 100%    3.24kB/s    0:00:00 (xfr#1110, ir-chk=1040/20313)
vendor/php-debugbar/php-debugbar/src/DebugBar/Bridge/Twig/MeasureTwigNode.php
          1,365 100%    2.65kB/s    0:00:00            1,365 100%    2.65kB/s    0:00:00 (xfr#1111, ir-chk=1039/20313)
vendor/php-debugbar/php-debugbar/src/DebugBar/Bridge/Twig/MeasureTwigTokenParser.php
          1,705 100%    3.31kB/s    0:00:00            1,705 100%    3.31kB/s    0:00:00 (xfr#1112, ir-chk=1038/20313)
vendor/php-debugbar/php-debugbar/src/DebugBar/Bridge/Twig/TimeableTwigExtensionProfiler.php
          1,655 100%    3.21kB/s    0:00:00            1,655 100%    3.21kB/s    0:00:00 (xfr#1113, ir-chk=1037/20313)
vendor/php-debugbar/php-debugbar/src/DebugBar/Bridge/Twig/TraceableTwigEnvironment.php
          9,403 100%   18.22kB/s    0:00:00            9,403 100%   18.22kB/s    0:00:00 (xfr#1114, ir-chk=1036/20313)
vendor/php-debugbar/php-debugbar/src/DebugBar/Bridge/Twig/TraceableTwigTemplate.php
          3,510 100%    6.80kB/s    0:00:00            3,510 100%    6.80kB/s    0:00:00 (xfr#1115, ir-chk=1035/20313)
vendor/php-debugbar/php-debugbar/src/DebugBar/Bridge/Twig/TwigCollector.php
          2,389 100%    4.63kB/s    0:00:00            2,389 100%    4.63kB/s    0:00:00 (xfr#1116, ir-chk=1034/20313)
vendor/php-debugbar/php-debugbar/src/DebugBar/DataCollector/
vendor/php-debugbar/php-debugbar/src/DebugBar/DataCollector/AggregatedCollector.php
          4,212 100%    8.16kB/s    0:00:00            4,212 100%    8.16kB/s    0:00:00 (xfr#1117, ir-chk=1033/20313)
vendor/php-debugbar/php-debugbar/src/DebugBar/DataCollector/AssetProvider.php
          1,678 100%    3.25kB/s    0:00:00            1,678 100%    3.25kB/s    0:00:00 (xfr#1118, ir-chk=1032/20313)
vendor/php-debugbar/php-debugbar/src/DebugBar/DataCollector/ConfigCollector.php
          1,999 100%    3.87kB/s    0:00:00            1,999 100%    3.87kB/s    0:00:00 (xfr#1119, ir-chk=1031/20313)
vendor/php-debugbar/php-debugbar/src/DebugBar/DataCollector/DataCollector.php
            590 100%    1.14kB/s    0:00:00              590 100%    1.14kB/s    0:00:00 (xfr#1120, ir-chk=1030/20313)
vendor/php-debugbar/php-debugbar/src/DebugBar/DataCollector/DataCollectorInterface.php
            600 100%    1.16kB/s    0:00:00              600 100%    1.16kB/s    0:00:00 (xfr#1121, ir-chk=1029/20313)
vendor/php-debugbar/php-debugbar/src/DebugBar/DataCollector/ExceptionsCollector.php
          7,378 100%   14.30kB/s    0:00:00            7,378 100%   14.30kB/s    0:00:00 (xfr#1122, ir-chk=1028/20313)
vendor/php-debugbar/php-debugbar/src/DebugBar/DataCollector/LocalizationCollector.php
          1,407 100%    2.73kB/s    0:00:00            1,407 100%    2.73kB/s    0:00:00 (xfr#1123, ir-chk=1027/20313)
vendor/php-debugbar/php-debugbar/src/DebugBar/DataCollector/MemoryCollector.php
          2,849 100%    5.52kB/s    0:00:00            2,849 100%    5.52kB/s    0:00:00 (xfr#1124, ir-chk=1026/20313)
vendor/php-debugbar/php-debugbar/src/DebugBar/DataCollector/MessagesAggregateInterface.php
            419 100%    0.81kB/s    0:00:00              419 100%    0.81kB/s    0:00:00 (xfr#1125, ir-chk=1025/20313)
vendor/php-debugbar/php-debugbar/src/DebugBar/DataCollector/MessagesCollector.php
          8,386 100%   16.22kB/s    0:00:00            8,386 100%   16.22kB/s    0:00:00 (xfr#1126, ir-chk=1024/20313)
vendor/php-debugbar/php-debugbar/src/DebugBar/DataCollector/ObjectCountCollector.php
          3,345 100%    6.47kB/s    0:00:00            3,345 100%    6.47kB/s    0:00:00 (xfr#1127, ir-chk=1023/20313)
vendor/php-debugbar/php-debugbar/src/DebugBar/DataCollector/PhpInfoCollector.php
          1,039 100%    2.01kB/s    0:00:00            1,039 100%    2.01kB/s    0:00:00 (xfr#1128, ir-chk=1022/20313)
vendor/php-debugbar/php-debugbar/src/DebugBar/DataCollector/Renderable.php
            600 100%    1.16kB/s    0:00:00              600 100%    1.16kB/s    0:00:00 (xfr#1129, ir-chk=1021/20313)
vendor/php-debugbar/php-debugbar/src/DebugBar/DataCollector/RequestDataCollector.php
          3,502 100%    6.77kB/s    0:00:00            3,502 100%    6.77kB/s    0:00:00 (xfr#1130, ir-chk=1020/20313)
vendor/php-debugbar/php-debugbar/src/DebugBar/DataCollector/TimeDataCollector.php
          7,444 100%   14.40kB/s    0:00:00            7,444 100%   14.40kB/s    0:00:00 (xfr#1131, ir-chk=1019/20313)
vendor/php-debugbar/php-debugbar/src/DebugBar/DataCollector/PDO/
vendor/php-debugbar/php-debugbar/src/DebugBar/DataCollector/PDO/PDOCollector.php
          8,197 100%   15.85kB/s    0:00:00            8,197 100%   15.85kB/s    0:00:00 (xfr#1132, ir-chk=1017/20313)
vendor/php-debugbar/php-debugbar/src/DebugBar/DataCollector/PDO/TraceablePDO.php
         10,022 100%   19.34kB/s    0:00:00           10,022 100%   19.34kB/s    0:00:00 (xfr#1133, ir-chk=1016/20313)
vendor/php-debugbar/php-debugbar/src/DebugBar/DataCollector/PDO/TraceablePDOStatement.php
          5,056 100%    9.76kB/s    0:00:00            5,056 100%    9.76kB/s    0:00:00 (xfr#1134, ir-chk=1015/20313)
vendor/php-debugbar/php-debugbar/src/DebugBar/DataCollector/PDO/TracedStatement.php
          6,725 100%   12.98kB/s    0:00:00            6,725 100%   12.98kB/s    0:00:00 (xfr#1135, ir-chk=1014/20313)
vendor/php-debugbar/php-debugbar/src/DebugBar/DataFormatter/
vendor/php-debugbar/php-debugbar/src/DebugBar/DataFormatter/DataFormatter.php
          2,579 100%    4.98kB/s    0:00:00            2,579 100%    4.98kB/s    0:00:00 (xfr#1136, ir-chk=1013/20313)
vendor/php-debugbar/php-debugbar/src/DebugBar/DataFormatter/DataFormatterInterface.php
            904 100%    1.74kB/s    0:00:00              904 100%    1.74kB/s    0:00:00 (xfr#1137, ir-chk=1012/20313)
vendor/php-debugbar/php-debugbar/src/DebugBar/DataFormatter/DebugBarVarDumper.php
         10,868 100%   20.97kB/s    0:00:00           10,868 100%   20.97kB/s    0:00:00 (xfr#1138, ir-chk=1011/20313)
vendor/php-debugbar/php-debugbar/src/DebugBar/DataFormatter/HasDataFormatter.php
          4,289 100%    8.28kB/s    0:00:00            4,289 100%    8.28kB/s    0:00:00 (xfr#1139, ir-chk=1010/20313)
vendor/php-debugbar/php-debugbar/src/DebugBar/DataFormatter/HasXdebugLinks.php
          6,119 100%   11.81kB/s    0:00:00            6,119 100%   11.79kB/s    0:00:00 (xfr#1140, ir-chk=1009/20313)
vendor/php-debugbar/php-debugbar/src/DebugBar/DataFormatter/VarDumper/
vendor/php-debugbar/php-debugbar/src/DebugBar/DataFormatter/VarDumper/DebugBarHtmlDumper.php
          1,111 100%    2.14kB/s    0:00:00            1,111 100%    2.14kB/s    0:00:00 (xfr#1141, ir-chk=1007/20313)
vendor/php-debugbar/php-debugbar/src/DebugBar/Resources/
vendor/php-debugbar/php-debugbar/src/DebugBar/Resources/debugbar.css
         18,798 100%   36.21kB/s    0:00:00           18,798 100%   36.21kB/s    0:00:00 (xfr#1142, ir-chk=1008/20315)
vendor/php-debugbar/php-debugbar/src/DebugBar/Resources/debugbar.js
         32,768  65%   63.12kB/s    0:00:00           49,658 100%   95.46kB/s    0:00:00 (xfr#1143, ir-chk=1007/20315)
vendor/php-debugbar/php-debugbar/src/DebugBar/Resources/openhandler.css
          8,456 100%   16.26kB/s    0:00:00            8,456 100%   16.26kB/s    0:00:00 (xfr#1144, ir-chk=1006/20315)
vendor/php-debugbar/php-debugbar/src/DebugBar/Resources/openhandler.js
          7,408 100%   14.24kB/s    0:00:00            7,408 100%   14.24kB/s    0:00:00 (xfr#1145, ir-chk=1005/20315)
vendor/php-debugbar/php-debugbar/src/DebugBar/Resources/widgets.css
         11,405 100%   21.92kB/s    0:00:00           11,405 100%   21.92kB/s    0:00:00 (xfr#1146, ir-chk=1004/20315)
vendor/php-debugbar/php-debugbar/src/DebugBar/Resources/widgets.js
         32,768  86%   62.99kB/s    0:00:00           38,032 100%   72.97kB/s    0:00:00 (xfr#1147, ir-chk=1003/20315)
vendor/php-debugbar/php-debugbar/src/DebugBar/Resources/vendor/
vendor/php-debugbar/php-debugbar/src/DebugBar/Resources/vendor/font-awesome/
vendor/php-debugbar/php-debugbar/src/DebugBar/Resources/vendor/font-awesome/css/
vendor/php-debugbar/php-debugbar/src/DebugBar/Resources/vendor/font-awesome/css/font-awesome.min.css
         32,768   5%   62.87kB/s    0:00:08          559,785 100%    1.04MB/s    0:00:00 (xfr#1148, ir-chk=1006/20325)
vendor/php-debugbar/php-debugbar/src/DebugBar/Resources/vendor/highlightjs/
vendor/php-debugbar/php-debugbar/src/DebugBar/Resources/vendor/highlightjs/highlight.pack.js
         32,768  55%   62.26kB/s    0:00:00           59,494 100%  112.81kB/s    0:00:00 (xfr#1149, ir-chk=1005/20325)
vendor/php-debugbar/php-debugbar/src/DebugBar/Resources/vendor/highlightjs/styles/
vendor/php-debugbar/php-debugbar/src/DebugBar/Resources/vendor/highlightjs/styles/github.css
          6,684 100%   12.67kB/s    0:00:00            6,684 100%   12.67kB/s    0:00:00 (xfr#1150, ir-chk=1003/20325)
vendor/php-debugbar/php-debugbar/src/DebugBar/Resources/vendor/jquery/
vendor/php-debugbar/php-debugbar/src/DebugBar/Resources/vendor/jquery/dist/
vendor/php-debugbar/php-debugbar/src/DebugBar/Resources/vendor/jquery/dist/jquery.min.js
         32,768  37%   62.14kB/s    0:00:00           87,537 100%  165.35kB/s    0:00:00 (xfr#1151, ir-chk=1001/20325)
vendor/php-debugbar/php-debugbar/src/DebugBar/Resources/widgets/
vendor/php-debugbar/php-debugbar/src/DebugBar/Resources/widgets/mails/
vendor/php-debugbar/php-debugbar/src/DebugBar/Resources/widgets/mails/widget.css
            321 100%    0.61kB/s    0:00:00              321 100%    0.61kB/s    0:00:00 (xfr#1152, ir-chk=1001/20329)
vendor/php-debugbar/php-debugbar/src/DebugBar/Resources/widgets/mails/widget.js
          2,881 100%    5.43kB/s    0:00:00            2,881 100%    5.43kB/s    0:00:00 (xfr#1153, ir-chk=1000/20329)
vendor/php-debugbar/php-debugbar/src/DebugBar/Resources/widgets/sqlqueries/
vendor/php-debugbar/php-debugbar/src/DebugBar/Resources/widgets/sqlqueries/widget.css
          6,038 100%   11.38kB/s    0:00:00            6,038 100%   11.38kB/s    0:00:00 (xfr#1154, ir-chk=1002/20332)
vendor/php-debugbar/php-debugbar/src/DebugBar/Resources/widgets/sqlqueries/widget.js
         12,356 100%   23.29kB/s    0:00:00           12,356 100%   23.29kB/s    0:00:00 (xfr#1155, ir-chk=1001/20332)
vendor/php-debugbar/php-debugbar/src/DebugBar/Resources/widgets/templates/
vendor/php-debugbar/php-debugbar/src/DebugBar/Resources/widgets/templates/widget.css
          3,081 100%    5.81kB/s    0:00:00            3,081 100%    5.81kB/s    0:00:00 (xfr#1156, ir-chk=1001/20333)
vendor/php-debugbar/php-debugbar/src/DebugBar/Resources/widgets/templates/widget.js
          5,195 100%    9.79kB/s    0:00:00            5,195 100%    9.79kB/s    0:00:00 (xfr#1157, ir-chk=1000/20333)
vendor/php-debugbar/php-debugbar/src/DebugBar/Storage/
vendor/php-debugbar/php-debugbar/src/DebugBar/Storage/FileStorage.php
          3,343 100%    6.29kB/s    0:00:00            3,343 100%    6.29kB/s    0:00:00 (xfr#1158, ir-chk=1008/20342)
vendor/php-debugbar/php-debugbar/src/DebugBar/Storage/MemcachedStorage.php
          4,827 100%    9.08kB/s    0:00:00            4,827 100%    9.08kB/s    0:00:00 (xfr#1159, ir-chk=1007/20342)
vendor/php-debugbar/php-debugbar/src/DebugBar/Storage/PdoStorage.php
          3,580 100%    6.74kB/s    0:00:00            3,580 100%    6.74kB/s    0:00:00 (xfr#1160, ir-chk=1006/20342)
vendor/php-debugbar/php-debugbar/src/DebugBar/Storage/RedisStorage.php
          2,802 100%    5.27kB/s    0:00:00            2,802 100%    5.27kB/s    0:00:00 (xfr#1161, ir-chk=1005/20342)
vendor/php-debugbar/php-debugbar/src/DebugBar/Storage/StorageInterface.php
            892 100%    1.68kB/s    0:00:00              892 100%    1.68kB/s    0:00:00 (xfr#1162, ir-chk=1004/20342)
vendor/php-debugbar/php-debugbar/src/DebugBar/Storage/pdo_storage_schema.sql
            552 100%    1.04kB/s    0:00:00              552 100%    1.04kB/s    0:00:00 (xfr#1163, ir-chk=1003/20342)
vendor/php-http/
vendor/php-http/discovery/
vendor/php-http/discovery/src/
vendor/php-http/discovery/src/Composer/
vendor/php-http/discovery/src/Exception/
vendor/php-http/discovery/src/Strategy/
vendor/php-http/guzzle7-adapter/
vendor/php-http/guzzle7-adapter/src/
vendor/php-http/guzzle7-adapter/src/Exception/
vendor/php-http/httplug/
vendor/php-http/httplug/src/
vendor/php-http/httplug/src/Exception/
vendor/php-http/httplug/src/Promise/
vendor/php-http/message-factory/
vendor/php-http/message-factory/src/
vendor/php-http/message/
vendor/php-http/message/src/
vendor/php-http/message/src/Authentication/
vendor/php-http/message/src/Builder/
vendor/php-http/message/src/Decorator/
vendor/php-http/message/src/Encoding/
vendor/php-http/message/src/Encoding/Filter/
vendor/php-http/message/src/Exception/
vendor/php-http/message/src/Formatter/
vendor/php-http/message/src/MessageFactory/
vendor/php-http/message/src/RequestMatcher/
vendor/php-http/message/src/Stream/
vendor/php-http/message/src/StreamFactory/
vendor/php-http/message/src/UriFactory/
vendor/php-http/promise/
vendor/php-http/promise/src/
vendor/phpoffice/
vendor/phpoffice/phpspreadsheet/
vendor/phpoffice/phpspreadsheet/src/
vendor/phpoffice/phpspreadsheet/src/PhpSpreadsheet/
vendor/phpoffice/phpspreadsheet/src/PhpSpreadsheet/Calculation/
vendor/phpoffice/phpspreadsheet/src/PhpSpreadsheet/Calculation/Database/
vendor/phpoffice/phpspreadsheet/src/PhpSpreadsheet/Calculation/DateTimeExcel/
vendor/phpoffice/phpspreadsheet/src/PhpSpreadsheet/Calculation/Engine/
vendor/phpoffice/phpspreadsheet/src/PhpSpreadsheet/Calculation/Engine/Operands/
vendor/phpoffice/phpspreadsheet/src/PhpSpreadsheet/Calculation/Engineering/
vendor/phpoffice/phpspreadsheet/src/PhpSpreadsheet/Calculation/Financial/
vendor/phpoffice/phpspreadsheet/src/PhpSpreadsheet/Calculation/Financial/CashFlow/
vendor/phpoffice/phpspreadsheet/src/PhpSpreadsheet/Calculation/Financial/CashFlow/Constant/
vendor/phpoffice/phpspreadsheet/src/PhpSpreadsheet/Calculation/Financial/CashFlow/Constant/Periodic/
vendor/phpoffice/phpspreadsheet/src/PhpSpreadsheet/Calculation/Financial/CashFlow/Variable/
vendor/phpoffice/phpspreadsheet/src/PhpSpreadsheet/Calculation/Financial/Securities/
vendor/phpoffice/phpspreadsheet/src/PhpSpreadsheet/Calculation/Information/
vendor/phpoffice/phpspreadsheet/src/PhpSpreadsheet/Calculation/Internal/
vendor/phpoffice/phpspreadsheet/src/PhpSpreadsheet/Calculation/Logical/
vendor/phpoffice/phpspreadsheet/src/PhpSpreadsheet/Calculation/LookupRef/
vendor/phpoffice/phpspreadsheet/src/PhpSpreadsheet/Calculation/MathTrig/
vendor/phpoffice/phpspreadsheet/src/PhpSpreadsheet/Calculation/MathTrig/Trig/
vendor/phpoffice/phpspreadsheet/src/PhpSpreadsheet/Calculation/Statistical/
vendor/phpoffice/phpspreadsheet/src/PhpSpreadsheet/Calculation/Statistical/Averages/
vendor/phpoffice/phpspreadsheet/src/PhpSpreadsheet/Calculation/Statistical/Distributions/
vendor/phpoffice/phpspreadsheet/src/PhpSpreadsheet/Calculation/TextData/
vendor/phpoffice/phpspreadsheet/src/PhpSpreadsheet/Calculation/Token/
vendor/phpoffice/phpspreadsheet/src/PhpSpreadsheet/Calculation/Web/
vendor/phpoffice/phpspreadsheet/src/PhpSpreadsheet/Calculation/locale/
vendor/phpoffice/phpspreadsheet/src/PhpSpreadsheet/Calculation/locale/bg/
vendor/phpoffice/phpspreadsheet/src/PhpSpreadsheet/Calculation/locale/cs/
vendor/phpoffice/phpspreadsheet/src/PhpSpreadsheet/Calculation/locale/da/
vendor/phpoffice/phpspreadsheet/src/PhpSpreadsheet/Calculation/locale/de/
vendor/phpoffice/phpspreadsheet/src/PhpSpreadsheet/Calculation/locale/en/
vendor/phpoffice/phpspreadsheet/src/PhpSpreadsheet/Calculation/locale/en/uk/
vendor/phpoffice/phpspreadsheet/src/PhpSpreadsheet/Calculation/locale/es/
vendor/phpoffice/phpspreadsheet/src/PhpSpreadsheet/Calculation/locale/fi/
vendor/phpoffice/phpspreadsheet/src/PhpSpreadsheet/Calculation/locale/fr/
vendor/phpoffice/phpspreadsheet/src/PhpSpreadsheet/Calculation/locale/hu/
vendor/phpoffice/phpspreadsheet/src/PhpSpreadsheet/Calculation/locale/it/
vendor/phpoffice/phpspreadsheet/src/PhpSpreadsheet/Calculation/locale/nb/
vendor/phpoffice/phpspreadsheet/src/PhpSpreadsheet/Calculation/locale/nl/
vendor/phpoffice/phpspreadsheet/src/PhpSpreadsheet/Calculation/locale/pl/
vendor/phpoffice/phpspreadsheet/src/PhpSpreadsheet/Calculation/locale/pt/
vendor/phpoffice/phpspreadsheet/src/PhpSpreadsheet/Calculation/locale/pt/br/
vendor/phpoffice/phpspreadsheet/src/PhpSpreadsheet/Calculation/locale/ru/
vendor/phpoffice/phpspreadsheet/src/PhpSpreadsheet/Calculation/locale/sv/
vendor/phpoffice/phpspreadsheet/src/PhpSpreadsheet/Calculation/locale/tr/
vendor/phpoffice/phpspreadsheet/src/PhpSpreadsheet/Cell/
vendor/phpoffice/phpspreadsheet/src/PhpSpreadsheet/Chart/
vendor/phpoffice/phpspreadsheet/src/PhpSpreadsheet/Chart/Renderer/
vendor/phpoffice/phpspreadsheet/src/PhpSpreadsheet/Collection/
vendor/phpoffice/phpspreadsheet/src/PhpSpreadsheet/Collection/Memory/
vendor/phpoffice/phpspreadsheet/src/PhpSpreadsheet/Document/
vendor/phpoffice/phpspreadsheet/src/PhpSpreadsheet/Helper/
vendor/phpoffice/phpspreadsheet/src/PhpSpreadsheet/Reader/
vendor/phpoffice/phpspreadsheet/src/PhpSpreadsheet/Reader/Csv/
vendor/phpoffice/phpspreadsheet/src/PhpSpreadsheet/Reader/Gnumeric/
vendor/phpoffice/phpspreadsheet/src/PhpSpreadsheet/Reader/Ods/
vendor/phpoffice/phpspreadsheet/src/PhpSpreadsheet/Reader/Security/
vendor/phpoffice/phpspreadsheet/src/PhpSpreadsheet/Reader/Xls/
vendor/phpoffice/phpspreadsheet/src/PhpSpreadsheet/Reader/Xls/Color/
vendor/phpoffice/phpspreadsheet/src/PhpSpreadsheet/Reader/Xls/Style/
vendor/phpoffice/phpspreadsheet/src/PhpSpreadsheet/Reader/Xlsx/
vendor/phpoffice/phpspreadsheet/src/PhpSpreadsheet/Reader/Xml/
vendor/phpoffice/phpspreadsheet/src/PhpSpreadsheet/Reader/Xml/Style/
vendor/phpoffice/phpspreadsheet/src/PhpSpreadsheet/RichText/
vendor/phpoffice/phpspreadsheet/src/PhpSpreadsheet/Shared/
vendor/phpoffice/phpspreadsheet/src/PhpSpreadsheet/Shared/Escher/
vendor/phpoffice/phpspreadsheet/src/PhpSpreadsheet/Shared/Escher/DgContainer/
vendor/phpoffice/phpspreadsheet/src/PhpSpreadsheet/Shared/Escher/DgContainer/SpgrContainer/
vendor/phpoffice/phpspreadsheet/src/PhpSpreadsheet/Shared/Escher/DggContainer/
vendor/phpoffice/phpspreadsheet/src/PhpSpreadsheet/Shared/Escher/DggContainer/BstoreContainer/
vendor/phpoffice/phpspreadsheet/src/PhpSpreadsheet/Shared/Escher/DggContainer/BstoreContainer/BSE/
vendor/phpoffice/phpspreadsheet/src/PhpSpreadsheet/Shared/OLE/
vendor/phpoffice/phpspreadsheet/src/PhpSpreadsheet/Shared/OLE/PPS/
vendor/phpoffice/phpspreadsheet/src/PhpSpreadsheet/Shared/Trend/
vendor/phpoffice/phpspreadsheet/src/PhpSpreadsheet/Style/
vendor/phpoffice/phpspreadsheet/src/PhpSpreadsheet/Style/ConditionalFormatting/
vendor/phpoffice/phpspreadsheet/src/PhpSpreadsheet/Style/ConditionalFormatting/Wizard/
vendor/phpoffice/phpspreadsheet/src/PhpSpreadsheet/Style/NumberFormat/
vendor/phpoffice/phpspreadsheet/src/PhpSpreadsheet/Style/NumberFormat/Wizard/
vendor/phpoffice/phpspreadsheet/src/PhpSpreadsheet/Worksheet/
vendor/phpoffice/phpspreadsheet/src/PhpSpreadsheet/Worksheet/AutoFilter/
vendor/phpoffice/phpspreadsheet/src/PhpSpreadsheet/Worksheet/AutoFilter/Column/
vendor/phpoffice/phpspreadsheet/src/PhpSpreadsheet/Worksheet/Drawing/
vendor/phpoffice/phpspreadsheet/src/PhpSpreadsheet/Worksheet/Table/
vendor/phpoffice/phpspreadsheet/src/PhpSpreadsheet/Writer/
vendor/phpoffice/phpspreadsheet/src/PhpSpreadsheet/Writer/Ods/
vendor/phpoffice/phpspreadsheet/src/PhpSpreadsheet/Writer/Ods/Cell/
vendor/phpoffice/phpspreadsheet/src/PhpSpreadsheet/Writer/Pdf/
vendor/phpoffice/phpspreadsheet/src/PhpSpreadsheet/Writer/Xls/
vendor/phpoffice/phpspreadsheet/src/PhpSpreadsheet/Writer/Xls/Style/
vendor/phpoffice/phpspreadsheet/src/PhpSpreadsheet/Writer/Xlsx/
vendor/phpoption/
vendor/phpoption/phpoption/
vendor/phpoption/phpoption/src/
vendor/phpoption/phpoption/src/PhpOption/
vendor/phpseclib/
vendor/phpseclib/phpseclib/
vendor/phpseclib/phpseclib/phpseclib/
vendor/phpseclib/phpseclib/phpseclib/Common/
vendor/phpseclib/phpseclib/phpseclib/Common/Functions/
vendor/phpseclib/phpseclib/phpseclib/Crypt/
vendor/phpseclib/phpseclib/phpseclib/Crypt/Common/
vendor/phpseclib/phpseclib/phpseclib/Crypt/Common/Formats/
vendor/phpseclib/phpseclib/phpseclib/Crypt/Common/Formats/Keys/
vendor/phpseclib/phpseclib/phpseclib/Crypt/Common/Formats/Signature/
vendor/phpseclib/phpseclib/phpseclib/Crypt/Common/Traits/
vendor/phpseclib/phpseclib/phpseclib/Crypt/DH/
vendor/phpseclib/phpseclib/phpseclib/Crypt/DH/Formats/
vendor/phpseclib/phpseclib/phpseclib/Crypt/DH/Formats/Keys/
vendor/phpseclib/phpseclib/phpseclib/Crypt/DSA/
vendor/phpseclib/phpseclib/phpseclib/Crypt/DSA/Formats/
vendor/phpseclib/phpseclib/phpseclib/Crypt/DSA/Formats/Keys/
vendor/phpseclib/phpseclib/phpseclib/Crypt/DSA/Formats/Signature/
vendor/phpseclib/phpseclib/phpseclib/Crypt/EC/
vendor/phpseclib/phpseclib/phpseclib/Crypt/EC/BaseCurves/
vendor/phpseclib/phpseclib/phpseclib/Crypt/EC/Curves/
vendor/phpseclib/phpseclib/phpseclib/Crypt/EC/Formats/
vendor/phpseclib/phpseclib/phpseclib/Crypt/EC/Formats/Keys/
vendor/phpseclib/phpseclib/phpseclib/Crypt/EC/Formats/Signature/
vendor/phpseclib/phpseclib/phpseclib/Crypt/RSA/
vendor/phpseclib/phpseclib/phpseclib/Crypt/RSA/Formats/
vendor/phpseclib/phpseclib/phpseclib/Crypt/RSA/Formats/Keys/
vendor/phpseclib/phpseclib/phpseclib/Exception/
vendor/phpseclib/phpseclib/phpseclib/File/
vendor/phpseclib/phpseclib/phpseclib/File/ASN1/
vendor/phpseclib/phpseclib/phpseclib/File/ASN1/Maps/
vendor/phpseclib/phpseclib/phpseclib/Math/
vendor/phpseclib/phpseclib/phpseclib/Math/BigInteger/
vendor/phpseclib/phpseclib/phpseclib/Math/BigInteger/Engines/
vendor/phpseclib/phpseclib/phpseclib/Math/BigInteger/Engines/BCMath/
vendor/phpseclib/phpseclib/phpseclib/Math/BigInteger/Engines/BCMath/Reductions/
vendor/phpseclib/phpseclib/phpseclib/Math/BigInteger/Engines/GMP/
vendor/phpseclib/phpseclib/phpseclib/Math/BigInteger/Engines/PHP/
vendor/phpseclib/phpseclib/phpseclib/Math/BigInteger/Engines/PHP/Reductions/
vendor/phpseclib/phpseclib/phpseclib/Math/BinaryField/
vendor/phpseclib/phpseclib/phpseclib/Math/Common/
vendor/phpseclib/phpseclib/phpseclib/Math/Common/FiniteField/
vendor/phpseclib/phpseclib/phpseclib/Math/PrimeField/
vendor/phpseclib/phpseclib/phpseclib/Net/
vendor/phpseclib/phpseclib/phpseclib/Net/SFTP/
vendor/phpseclib/phpseclib/phpseclib/System/
vendor/phpseclib/phpseclib/phpseclib/System/SSH/
vendor/phpseclib/phpseclib/phpseclib/System/SSH/Agent/
vendor/phpseclib/phpseclib/phpseclib/System/SSH/Common/
vendor/phpseclib/phpseclib/phpseclib/System/SSH/Common/Traits/
vendor/phpunit/
vendor/phpunit/php-code-coverage/
vendor/phpunit/php-code-coverage/ChangeLog-11.0.md
          3,757 100%    2.60kB/s    0:00:00            3,757 100%    2.60kB/s    0:00:01 (xfr#1164, ir-chk=1010/21558)
vendor/phpunit/php-code-coverage/LICENSE
          1,531 100%    1.06kB/s    0:00:00            1,531 100%    1.06kB/s    0:00:01 (xfr#1165, ir-chk=1009/21558)
vendor/phpunit/php-code-coverage/README.md
          1,603 100%    1.11kB/s    0:00:00            1,603 100%    1.11kB/s    0:00:01 (xfr#1166, ir-chk=1008/21558)
vendor/phpunit/php-code-coverage/SECURITY.md
          1,909 100%    1.32kB/s    0:00:00            1,909 100%    1.32kB/s    0:00:01 (xfr#1167, ir-chk=1007/21558)
vendor/phpunit/php-code-coverage/composer.json
          1,951 100%    1.35kB/s    0:00:00            1,951 100%    1.35kB/s    0:00:01 (xfr#1168, ir-chk=1006/21558)
vendor/phpunit/php-code-coverage/src/
vendor/phpunit/php-code-coverage/src/CodeCoverage.php
         17,755 100%   12.24kB/s    0:00:00           17,755 100%   12.24kB/s    0:00:01 (xfr#1169, ir-chk=1030/21584)
vendor/phpunit/php-code-coverage/src/Filter.php
          2,277 100%    1.57kB/s    0:00:00            2,277 100%    1.57kB/s    0:00:01 (xfr#1170, ir-chk=1029/21584)
vendor/phpunit/php-code-coverage/src/Version.php
            665 100%    0.46kB/s    0:00:00              665 100%    0.46kB/s    0:00:01 (xfr#1171, ir-chk=1028/21584)
vendor/phpunit/php-code-coverage/src/Data/
vendor/phpunit/php-code-coverage/src/Data/ProcessedCodeCoverageData.php
         10,215 100%    7.04kB/s    0:00:00           10,215 100%    7.04kB/s    0:00:01 (xfr#1172, ir-chk=1018/21584)
vendor/phpunit/php-code-coverage/src/Data/RawCodeCoverageData.php
          9,258 100%    6.38kB/s    0:00:00            9,258 100%    6.38kB/s    0:00:01 (xfr#1173, ir-chk=1017/21584)
vendor/phpunit/php-code-coverage/src/Driver/
vendor/phpunit/php-code-coverage/src/Driver/Driver.php
          3,204 100%    2.21kB/s    0:00:00            3,204 100%    2.21kB/s    0:00:01 (xfr#1174, ir-chk=1016/21584)
vendor/phpunit/php-code-coverage/src/Driver/PcovDriver.php
          2,009 100%    1.38kB/s    0:00:00            2,009 100%    1.38kB/s    0:00:01 (xfr#1175, ir-chk=1015/21584)
vendor/phpunit/php-code-coverage/src/Driver/Selector.php
          1,799 100%    1.24kB/s    0:00:00            1,799 100%    1.24kB/s    0:00:01 (xfr#1176, ir-chk=1014/21584)
vendor/phpunit/php-code-coverage/src/Driver/XdebugDriver.php
          4,685 100%    3.23kB/s    0:00:00            4,685 100%    3.23kB/s    0:00:01 (xfr#1177, ir-chk=1013/21584)
vendor/phpunit/php-code-coverage/src/Exception/
vendor/phpunit/php-code-coverage/src/Exception/BranchAndPathCoverageNotSupportedException.php
            442 100%    0.30kB/s    0:00:00              442 100%    0.30kB/s    0:00:01 (xfr#1178, ir-chk=1021/21593)
vendor/phpunit/php-code-coverage/src/Exception/DeadCodeDetectionNotSupportedException.php
            438 100%    0.30kB/s    0:00:00              438 100%    0.30kB/s    0:00:01 (xfr#1179, ir-chk=1020/21593)
vendor/phpunit/php-code-coverage/src/Exception/DirectoryCouldNotBeCreatedException.php
            486 100%    0.33kB/s    0:00:00              486 100%    0.33kB/s    0:00:01 (xfr#1180, ir-chk=1019/21593)
vendor/phpunit/php-code-coverage/src/Exception/Exception.php
            372 100%    0.26kB/s    0:00:00              372 100%    0.26kB/s    0:00:01 (xfr#1181, ir-chk=1018/21593)
vendor/phpunit/php-code-coverage/src/Exception/FileCouldNotBeWrittenException.php
            430 100%    0.30kB/s    0:00:00              430 100%    0.30kB/s    0:00:01 (xfr#1182, ir-chk=1017/21593)
vendor/phpunit/php-code-coverage/src/Exception/InvalidArgumentException.php
            410 100%    0.28kB/s    0:00:00              410 100%    0.28kB/s    0:00:01 (xfr#1183, ir-chk=1016/21593)
vendor/phpunit/php-code-coverage/src/Exception/NoCodeCoverageDriverAvailableException.php
            550 100%    0.38kB/s    0:00:00              550 100%    0.38kB/s    0:00:01 (xfr#1184, ir-chk=1015/21593)
vendor/phpunit/php-code-coverage/src/Exception/NoCodeCoverageDriverWithPathCoverageSupportAvailableException.php
            600 100%    0.41kB/s    0:00:00              600 100%    0.41kB/s    0:00:01 (xfr#1185, ir-chk=1014/21593)
vendor/phpunit/php-code-coverage/src/Exception/ParserException.php
            415 100%    0.29kB/s    0:00:00              415 100%    0.29kB/s    0:00:01 (xfr#1186, ir-chk=1013/21593)
vendor/phpunit/php-code-coverage/src/Exception/PathExistsButIsNotDirectoryException.php
            652 100%    0.45kB/s    0:00:00              652 100%    0.45kB/s    0:00:01 (xfr#1187, ir-chk=1012/21593)
vendor/phpunit/php-code-coverage/src/Exception/PcovNotAvailableException.php
            592 100%    0.41kB/s    0:00:00              592 100%    0.41kB/s    0:00:01 (xfr#1188, ir-chk=1011/21593)
vendor/phpunit/php-code-coverage/src/Exception/ReflectionException.php
            419 100%    0.29kB/s    0:00:00              419 100%    0.29kB/s    0:00:01 (xfr#1189, ir-chk=1010/21593)
vendor/phpunit/php-code-coverage/src/Exception/ReportAlreadyFinalizedException.php
            561 100%    0.39kB/s    0:00:00              561 100%    0.39kB/s    0:00:01 (xfr#1190, ir-chk=1009/21593)
vendor/phpunit/php-code-coverage/src/Exception/StaticAnalysisCacheNotConfiguredException.php
            441 100%    0.30kB/s    0:00:00              441 100%    0.30kB/s    0:00:01 (xfr#1191, ir-chk=1008/21593)
vendor/phpunit/php-code-coverage/src/Exception/TestIdMissingException.php
            519 100%    0.36kB/s    0:00:00              519 100%    0.36kB/s    0:00:01 (xfr#1192, ir-chk=1007/21593)
vendor/phpunit/php-code-coverage/src/Exception/UnintentionallyCoveredCodeException.php
          1,200 100%    0.82kB/s    0:00:00            1,200 100%    0.82kB/s    0:00:01 (xfr#1193, ir-chk=1006/21593)
vendor/phpunit/php-code-coverage/src/Exception/WriteOperationFailedException.php
            631 100%    0.43kB/s    0:00:00              631 100%    0.43kB/s    0:00:01 (xfr#1194, ir-chk=1005/21593)
vendor/phpunit/php-code-coverage/src/Exception/XdebugNotAvailableException.php
            596 100%    0.41kB/s    0:00:00              596 100%    0.41kB/s    0:00:01 (xfr#1195, ir-chk=1004/21593)
vendor/phpunit/php-code-coverage/src/Exception/XdebugNotEnabledException.php
            666 100%    0.46kB/s    0:00:00              666 100%    0.46kB/s    0:00:01 (xfr#1196, ir-chk=1003/21593)
vendor/phpunit/php-code-coverage/src/Exception/XmlException.php
            412 100%    0.28kB/s    0:00:00              412 100%    0.28kB/s    0:00:01 (xfr#1197, ir-chk=1002/21593)
vendor/phpunit/php-code-coverage/src/Node/
vendor/phpunit/php-code-coverage/src/Node/AbstractNode.php
          6,833 100%    4.69kB/s    0:00:00            6,833 100%    4.69kB/s    0:00:01 (xfr#1198, ir-chk=1017/21609)
vendor/phpunit/php-code-coverage/src/Node/Builder.php
          7,245 100%    4.97kB/s    0:00:00            7,245 100%    4.97kB/s    0:00:01 (xfr#1199, ir-chk=1016/21609)
vendor/phpunit/php-code-coverage/src/Node/CrapIndex.php
          1,261 100%    0.87kB/s    0:00:00            1,261 100%    0.87kB/s    0:00:01 (xfr#1200, ir-chk=1015/21609)
vendor/phpunit/php-code-coverage/src/Node/Directory.php
          9,799 100%    6.72kB/s    0:00:00            9,799 100%    6.72kB/s    0:00:01 (xfr#1201, ir-chk=1014/21609)
vendor/phpunit/php-code-coverage/src/Node/File.php
         25,110 100%   17.22kB/s    0:00:00           25,110 100%   17.22kB/s    0:00:01 (xfr#1202, ir-chk=1013/21609)
vendor/phpunit/php-code-coverage/src/Node/Iterator.php
          1,905 100%    1.31kB/s    0:00:00            1,905 100%    1.31kB/s    0:00:01 (xfr#1203, ir-chk=1012/21609)
vendor/phpunit/php-code-coverage/src/Report/
vendor/phpunit/php-code-coverage/src/Report/Clover.php
          9,989 100%    6.85kB/s    0:00:00            9,989 100%    6.85kB/s    0:00:01 (xfr#1204, ir-chk=1011/21609)
vendor/phpunit/php-code-coverage/src/Report/Cobertura.php
         12,707 100%    8.71kB/s    0:00:00           12,707 100%    8.71kB/s    0:00:01 (xfr#1205, ir-chk=1010/21609)
vendor/phpunit/php-code-coverage/src/Report/Crap4j.php
          5,707 100%    3.91kB/s    0:00:00            5,707 100%    3.91kB/s    0:00:01 (xfr#1206, ir-chk=1009/21609)
vendor/phpunit/php-code-coverage/src/Report/PHP.php
          1,287 100%    0.88kB/s    0:00:00            1,287 100%    0.88kB/s    0:00:01 (xfr#1207, ir-chk=1008/21609)
vendor/phpunit/php-code-coverage/src/Report/Text.php
         11,355 100%    7.78kB/s    0:00:00           11,355 100%    7.77kB/s    0:00:01 (xfr#1208, ir-chk=1007/21609)
vendor/phpunit/php-code-coverage/src/Report/Thresholds.php
          1,374 100%    0.94kB/s    0:00:00            1,374 100%    0.94kB/s    0:00:01 (xfr#1209, ir-chk=1006/21609)
vendor/phpunit/php-code-coverage/src/Report/Html/
vendor/phpunit/php-code-coverage/src/Report/Html/Colors.php
          1,738 100%    1.19kB/s    0:00:00            1,738 100%    1.19kB/s    0:00:01 (xfr#1210, ir-chk=1016/21622)
vendor/phpunit/php-code-coverage/src/Report/Html/CustomCssFile.php
          1,088 100%    0.74kB/s    0:00:00            1,088 100%    0.74kB/s    0:00:01 (xfr#1211, ir-chk=1015/21622)
vendor/phpunit/php-code-coverage/src/Report/Html/Facade.php
          5,336 100%    3.65kB/s    0:00:00            5,336 100%    3.65kB/s    0:00:01 (xfr#1212, ir-chk=1014/21622)
vendor/phpunit/php-code-coverage/src/Report/Html/Renderer.php
         10,227 100%    6.99kB/s    0:00:00           10,227 100%    6.99kB/s    0:00:01 (xfr#1213, ir-chk=1013/21622)
vendor/phpunit/php-code-coverage/src/Report/Html/Renderer/
vendor/phpunit/php-code-coverage/src/Report/Html/Renderer/Dashboard.php
         10,232 100%    6.99kB/s    0:00:00           10,232 100%    6.99kB/s    0:00:01 (xfr#1214, ir-chk=1011/21622)
vendor/phpunit/php-code-coverage/src/Report/Html/Renderer/Directory.php
          5,290 100%    3.62kB/s    0:00:00            5,290 100%    3.62kB/s    0:00:01 (xfr#1215, ir-chk=1010/21622)
vendor/phpunit/php-code-coverage/src/Report/Html/Renderer/File.php
         32,768  78%   22.39kB/s    0:00:00           41,694 100%   28.45kB/s    0:00:00           41,694 100%   28.45kB/s    0:00:01 (xfr#1216, ir-chk=1009/21622)
vendor/phpunit/php-code-coverage/src/Report/Html/Renderer/Template/
vendor/phpunit/php-code-coverage/src/Report/Html/Renderer/Template/branches.html.dist
            500 100%  488.28kB/s    0:00:00              500 100%  488.28kB/s    0:00:00 (xfr#1217, ir-chk=1026/21641)
vendor/phpunit/php-code-coverage/src/Report/Html/Renderer/Template/coverage_bar.html.dist
            303 100%  295.90kB/s    0:00:00              303 100%  295.90kB/s    0:00:00 (xfr#1218, ir-chk=1025/21641)
vendor/phpunit/php-code-coverage/src/Report/Html/Renderer/Template/coverage_bar_branch.html.dist
            303 100%  295.90kB/s    0:00:00              303 100%  295.90kB/s    0:00:00 (xfr#1219, ir-chk=1024/21641)
vendor/phpunit/php-code-coverage/src/Report/Html/Renderer/Template/dashboard.html.dist
          7,067 100%    6.74MB/s    0:00:00            7,067 100%    6.74MB/s    0:00:00 (xfr#1220, ir-chk=1023/21641)
vendor/phpunit/php-code-coverage/src/Report/Html/Renderer/Template/dashboard_branch.html.dist
          7,067 100%    6.74MB/s    0:00:00            7,067 100%    6.74MB/s    0:00:00 (xfr#1221, ir-chk=1022/21641)
vendor/phpunit/php-code-coverage/src/Report/Html/Renderer/Template/directory.html.dist
          2,038 100%    1.94MB/s    0:00:00            2,038 100%  995.12kB/s    0:00:00 (xfr#1222, ir-chk=1021/21641)
vendor/phpunit/php-code-coverage/src/Report/Html/Renderer/Template/directory_branch.html.dist
          2,196 100%    1.05MB/s    0:00:00            2,196 100%    1.05MB/s    0:00:00 (xfr#1223, ir-chk=1020/21641)
vendor/phpunit/php-code-coverage/src/Report/Html/Renderer/Template/directory_item.html.dist
            833 100%  406.74kB/s    0:00:00              833 100%  406.74kB/s    0:00:00 (xfr#1224, ir-chk=1019/21641)
vendor/phpunit/php-code-coverage/src/Report/Html/Renderer/Template/directory_item_branch.html.dist
          1,339 100%  653.81kB/s    0:00:00            1,339 100%  653.81kB/s    0:00:00 (xfr#1225, ir-chk=1018/21641)
vendor/phpunit/php-code-coverage/src/Report/Html/Renderer/Template/file.html.dist
          2,294 100%    1.09MB/s    0:00:00            2,294 100%    1.09MB/s    0:00:00 (xfr#1226, ir-chk=1017/21641)
vendor/phpunit/php-code-coverage/src/Report/Html/Renderer/Template/file_branch.html.dist
          2,451 100%    1.17MB/s    0:00:00            2,451 100%    1.17MB/s    0:00:00 (xfr#1227, ir-chk=1016/21641)
vendor/phpunit/php-code-coverage/src/Report/Html/Renderer/Template/file_item.html.dist
            882 100%  430.66kB/s    0:00:00              882 100%  287.11kB/s    0:00:00 (xfr#1228, ir-chk=1015/21641)
vendor/phpunit/php-code-coverage/src/Report/Html/Renderer/Template/file_item_branch.html.dist
          1,388 100%  451.82kB/s    0:00:00            1,388 100%  451.82kB/s    0:00:00 (xfr#1229, ir-chk=1014/21641)
vendor/phpunit/php-code-coverage/src/Report/Html/Renderer/Template/line.html.dist
            195 100%   63.48kB/s    0:00:00              195 100%   63.48kB/s    0:00:00 (xfr#1230, ir-chk=1013/21641)
vendor/phpunit/php-code-coverage/src/Report/Html/Renderer/Template/lines.html.dist
            101 100%   32.88kB/s    0:00:00              101 100%   32.88kB/s    0:00:00 (xfr#1231, ir-chk=1012/21641)
vendor/phpunit/php-code-coverage/src/Report/Html/Renderer/Template/method_item.html.dist
            683 100%  222.33kB/s    0:00:00              683 100%  222.33kB/s    0:00:00 (xfr#1232, ir-chk=1011/21641)
vendor/phpunit/php-code-coverage/src/Report/Html/Renderer/Template/method_item_branch.html.dist
          1,189 100%  387.04kB/s    0:00:00            1,189 100%  387.04kB/s    0:00:00 (xfr#1233, ir-chk=1010/21641)
vendor/phpunit/php-code-coverage/src/Report/Html/Renderer/Template/paths.html.dist
            498 100%  162.11kB/s    0:00:00              498 100%  162.11kB/s    0:00:00 (xfr#1234, ir-chk=1009/21641)
vendor/phpunit/php-code-coverage/src/Report/Html/Renderer/Template/css/
vendor/phpunit/php-code-coverage/src/Report/Html/Renderer/Template/css/bootstrap.min.css
         32,768  14%    7.81MB/s    0:00:00          232,018 100%   20.12MB/s    0:00:00 (xfr#1235, ir-chk=1005/21641)
vendor/phpunit/php-code-coverage/src/Report/Html/Renderer/Template/css/custom.css
              0 100%    0.00kB/s    0:00:00 (xfr#1236, ir-chk=1004/21641)
vendor/phpunit/php-code-coverage/src/Report/Html/Renderer/Template/css/nv.d3.min.css
          9,560 100%  777.99kB/s    0:00:00            9,560 100%  777.99kB/s    0:00:00 (xfr#1237, ir-chk=1003/21641)
vendor/phpunit/php-code-coverage/src/Report/Html/Renderer/Template/css/octicons.css
             88 100%    7.16kB/s    0:00:00               88 100%    7.16kB/s    0:00:00 (xfr#1238, ir-chk=1002/21641)
vendor/phpunit/php-code-coverage/src/Report/Html/Renderer/Template/css/style.css
          3,860 100%  289.96kB/s    0:00:00            3,860 100%  289.96kB/s    0:00:00 (xfr#1239, ir-chk=1001/21641)
vendor/phpunit/php-code-coverage/src/Report/Html/Renderer/Template/icons/
vendor/phpunit/php-code-coverage/src/Report/Html/Renderer/Template/icons/file-code.svg
            304 100%   21.21kB/s    0:00:00              304 100%   21.21kB/s    0:00:00 (xfr#1240, ir-chk=1035/21676)
vendor/phpunit/php-code-coverage/src/Report/Html/Renderer/Template/icons/file-directory.svg
            234 100%   16.32kB/s    0:00:00              234 100%   16.32kB/s    0:00:00 (xfr#1241, ir-chk=1034/21676)
vendor/phpunit/php-code-coverage/src/Report/Html/Renderer/Template/js/
vendor/phpunit/php-code-coverage/src/Report/Html/Renderer/Template/js/bootstrap.bundle.min.js
         32,768  40%    2.23MB/s    0:00:00           80,743 100%    4.05MB/s    0:00:00 (xfr#1242, ir-chk=1033/21676)
vendor/phpunit/php-code-coverage/src/Report/Html/Renderer/Template/js/d3.min.js
         32,768  21%    1.64MB/s    0:00:00          151,725 100%    5.17MB/s    0:00:00 (xfr#1243, ir-chk=1032/21676)
vendor/phpunit/php-code-coverage/src/Report/Html/Renderer/Template/js/file.js
          1,224 100%   42.69kB/s    0:00:00            1,224 100%   42.69kB/s    0:00:00 (xfr#1244, ir-chk=1031/21676)
vendor/phpunit/php-code-coverage/src/Report/Html/Renderer/Template/js/jquery.min.js
         32,768  37%    1.12MB/s    0:00:00           87,532 100%    2.88MB/s    0:00:00 (xfr#1245, ir-chk=1030/21676)
vendor/phpunit/php-code-coverage/src/Report/Html/Renderer/Template/js/nv.d3.min.js
         32,768  15%    1.08MB/s    0:00:00          217,818 100%    5.77MB/s    0:00:00 (xfr#1246, ir-chk=1029/21676)
vendor/phpunit/php-code-coverage/src/Report/Xml/
vendor/phpunit/php-code-coverage/src/Report/Xml/BuildInformation.php
          2,481 100%   65.48kB/s    0:00:00            2,481 100%   65.48kB/s    0:00:00 (xfr#1247, ir-chk=1028/21676)
vendor/phpunit/php-code-coverage/src/Report/Xml/Coverage.php
          1,787 100%   47.17kB/s    0:00:00            1,787 100%   47.17kB/s    0:00:00 (xfr#1248, ir-chk=1027/21676)
vendor/phpunit/php-code-coverage/src/Report/Xml/Directory.php
            479 100%   12.64kB/s    0:00:00              479 100%   12.64kB/s    0:00:00 (xfr#1249, ir-chk=1026/21676)
vendor/phpunit/php-code-coverage/src/Report/Xml/Facade.php
          9,038 100%  238.55kB/s    0:00:00            9,038 100%  232.27kB/s    0:00:00 (xfr#1250, ir-chk=1025/21676)
vendor/phpunit/php-code-coverage/src/Report/Xml/File.php
          2,087 100%   53.63kB/s    0:00:00            2,087 100%   53.63kB/s    0:00:00 (xfr#1251, ir-chk=1024/21676)
vendor/phpunit/php-code-coverage/src/Report/Xml/Method.php
          1,598 100%   41.07kB/s    0:00:00            1,598 100%   41.07kB/s    0:00:00 (xfr#1252, ir-chk=1023/21676)
vendor/phpunit/php-code-coverage/src/Report/Xml/Node.php
          2,209 100%   56.77kB/s    0:00:00            2,209 100%   56.77kB/s    0:00:00 (xfr#1253, ir-chk=1022/21676)
vendor/phpunit/php-code-coverage/src/Report/Xml/Project.php
          2,464 100%   63.32kB/s    0:00:00            2,464 100%   63.32kB/s    0:00:00 (xfr#1254, ir-chk=1021/21676)
vendor/phpunit/php-code-coverage/src/Report/Xml/Report.php
          2,616 100%   67.23kB/s    0:00:00            2,616 100%   67.23kB/s    0:00:00 (xfr#1255, ir-chk=1020/21676)
vendor/phpunit/php-code-coverage/src/Report/Xml/Source.php
          1,141 100%   28.57kB/s    0:00:00            1,141 100%   28.57kB/s    0:00:00 (xfr#1256, ir-chk=1019/21676)
vendor/phpunit/php-code-coverage/src/Report/Xml/Tests.php
          1,284 100%   32.15kB/s    0:00:00            1,284 100%   32.15kB/s    0:00:00 (xfr#1257, ir-chk=1018/21676)
vendor/phpunit/php-code-coverage/src/Report/Xml/Totals.php
          4,342 100%  108.72kB/s    0:00:00            4,342 100%  108.72kB/s    0:00:00 (xfr#1258, ir-chk=1017/21676)
vendor/phpunit/php-code-coverage/src/Report/Xml/Unit.php
          2,192 100%   54.89kB/s    0:00:00            2,192 100%   54.89kB/s    0:00:00 (xfr#1259, ir-chk=1016/21676)
vendor/phpunit/php-code-coverage/src/StaticAnalysis/
vendor/phpunit/php-code-coverage/src/StaticAnalysis/CacheWarmer.php
            953 100%   23.86kB/s    0:00:00              953 100%   23.86kB/s    0:00:00 (xfr#1260, ir-chk=1015/21676)
vendor/phpunit/php-code-coverage/src/StaticAnalysis/CachingFileAnalyser.php
          5,634 100%  141.08kB/s    0:00:00            5,634 100%  137.55kB/s    0:00:00 (xfr#1261, ir-chk=1014/21676)
vendor/phpunit/php-code-coverage/src/StaticAnalysis/CodeUnitFindingVisitor.php
         10,173 100%  248.36kB/s    0:00:00           10,173 100%  248.36kB/s    0:00:00 (xfr#1262, ir-chk=1013/21676)
vendor/phpunit/php-code-coverage/src/StaticAnalysis/ExecutableLinesFindingVisitor.php
         12,205 100%  290.71kB/s    0:00:00           12,205 100%  290.71kB/s    0:00:00 (xfr#1263, ir-chk=1012/21676)
vendor/phpunit/php-code-coverage/src/StaticAnalysis/FileAnalyser.php
          1,817 100%   43.28kB/s    0:00:00            1,817 100%   43.28kB/s    0:00:00 (xfr#1264, ir-chk=1011/21676)
vendor/phpunit/php-code-coverage/src/StaticAnalysis/IgnoredLinesFindingVisitor.php
          3,658 100%   87.13kB/s    0:00:00            3,658 100%   87.13kB/s    0:00:00 (xfr#1265, ir-chk=1010/21676)
vendor/phpunit/php-code-coverage/src/StaticAnalysis/ParsingFileAnalyser.php
          8,393 100%  199.91kB/s    0:00:00            8,393 100%  199.91kB/s    0:00:00 (xfr#1266, ir-chk=1009/21676)
vendor/phpunit/php-code-coverage/src/TestSize/
vendor/phpunit/php-code-coverage/src/TestSize/Known.php
            525 100%   12.21kB/s    0:00:00              525 100%   12.21kB/s    0:00:00 (xfr#1267, ir-chk=1008/21676)
vendor/phpunit/php-code-coverage/src/TestSize/Large.php
            636 100%   14.79kB/s    0:00:00              636 100%   14.79kB/s    0:00:00 (xfr#1268, ir-chk=1007/21676)
vendor/phpunit/php-code-coverage/src/TestSize/Medium.php
            638 100%   14.83kB/s    0:00:00              638 100%   14.83kB/s    0:00:00 (xfr#1269, ir-chk=1006/21676)
vendor/phpunit/php-code-coverage/src/TestSize/Small.php
            623 100%   14.49kB/s    0:00:00              623 100%   14.49kB/s    0:00:00 (xfr#1270, ir-chk=1005/21676)
vendor/phpunit/php-code-coverage/src/TestSize/TestSize.php
          1,416 100%   32.92kB/s    0:00:00            1,416 100%   32.92kB/s    0:00:00 (xfr#1271, ir-chk=1004/21676)
vendor/phpunit/php-code-coverage/src/TestSize/Unknown.php
            540 100%   12.56kB/s    0:00:00              540 100%   12.56kB/s    0:00:00 (xfr#1272, ir-chk=1003/21676)
vendor/phpunit/php-code-coverage/src/TestStatus/
vendor/phpunit/php-code-coverage/src/TestStatus/Failure.php
            539 100%   12.24kB/s    0:00:00              539 100%   12.24kB/s    0:00:00 (xfr#1273, ir-chk=1017/21691)
vendor/phpunit/php-code-coverage/src/TestStatus/Known.php
            465 100%   10.56kB/s    0:00:00              465 100%   10.56kB/s    0:00:00 (xfr#1274, ir-chk=1016/21691)
vendor/phpunit/php-code-coverage/src/TestStatus/Success.php
            539 100%   12.24kB/s    0:00:00              539 100%   12.24kB/s    0:00:00 (xfr#1275, ir-chk=1015/21691)
vendor/phpunit/php-code-coverage/src/TestStatus/TestStatus.php
          1,215 100%   27.59kB/s    0:00:00            1,215 100%   27.59kB/s    0:00:00 (xfr#1276, ir-chk=1014/21691)
vendor/phpunit/php-code-coverage/src/TestStatus/Unknown.php
            544 100%   12.35kB/s    0:00:00              544 100%   12.35kB/s    0:00:00 (xfr#1277, ir-chk=1013/21691)
vendor/phpunit/php-code-coverage/src/Util/
vendor/phpunit/php-code-coverage/src/Util/Filesystem.php
          1,019 100%   23.14kB/s    0:00:00            1,019 100%   23.14kB/s    0:00:00 (xfr#1278, ir-chk=1012/21691)
vendor/phpunit/php-code-coverage/src/Util/Percentage.php
          1,374 100%   30.50kB/s    0:00:00            1,374 100%   30.50kB/s    0:00:00 (xfr#1279, ir-chk=1011/21691)
vendor/phpunit/php-file-iterator/
vendor/phpunit/php-file-iterator/ChangeLog.md
          6,553 100%  145.44kB/s    0:00:00            6,553 100%  145.44kB/s    0:00:00 (xfr#1280, ir-chk=1010/21691)
vendor/phpunit/php-file-iterator/LICENSE
          1,531 100%   33.98kB/s    0:00:00            1,531 100%   33.98kB/s    0:00:00 (xfr#1281, ir-chk=1009/21691)
vendor/phpunit/php-file-iterator/README.md
          1,033 100%   22.93kB/s    0:00:00            1,033 100%   22.93kB/s    0:00:00 (xfr#1282, ir-chk=1008/21691)
vendor/phpunit/php-file-iterator/SECURITY.md
          1,909 100%   42.37kB/s    0:00:00            1,909 100%   42.37kB/s    0:00:00 (xfr#1283, ir-chk=1007/21691)
vendor/phpunit/php-file-iterator/composer.json
          1,152 100%   25.57kB/s    0:00:00            1,152 100%   25.57kB/s    0:00:00 (xfr#1284, ir-chk=1006/21691)
vendor/phpunit/php-file-iterator/src/
vendor/phpunit/php-file-iterator/src/ExcludeIterator.php
          1,857 100%   41.22kB/s    0:00:00            1,857 100%   41.22kB/s    0:00:00 (xfr#1285, ir-chk=1004/21691)
vendor/phpunit/php-file-iterator/src/Facade.php
          1,421 100%   31.54kB/s    0:00:00            1,421 100%   31.54kB/s    0:00:00 (xfr#1286, ir-chk=1003/21691)
vendor/phpunit/php-file-iterator/src/Factory.php
          4,371 100%   97.01kB/s    0:00:00            4,371 100%   97.01kB/s    0:00:00 (xfr#1287, ir-chk=1002/21691)
vendor/phpunit/php-file-iterator/src/Iterator.php
          3,020 100%   65.54kB/s    0:00:00            3,020 100%   65.54kB/s    0:00:00 (xfr#1288, ir-chk=1001/21691)
vendor/phpunit/php-invoker/
vendor/phpunit/php-invoker/ChangeLog.md
          2,025 100%   43.95kB/s    0:00:00            2,025 100%   43.95kB/s    0:00:00 (xfr#1289, ir-chk=1009/21700)
vendor/phpunit/php-invoker/LICENSE
          1,531 100%   33.22kB/s    0:00:00            1,531 100%   33.22kB/s    0:00:00 (xfr#1290, ir-chk=1008/21700)
vendor/phpunit/php-invoker/README.md
            843 100%   18.29kB/s    0:00:00              843 100%   18.29kB/s    0:00:00 (xfr#1291, ir-chk=1007/21700)
vendor/phpunit/php-invoker/SECURITY.md
          1,909 100%   41.43kB/s    0:00:00            1,909 100%   41.43kB/s    0:00:00 (xfr#1292, ir-chk=1006/21700)
vendor/phpunit/php-invoker/composer.json
          1,226 100%   26.61kB/s    0:00:00            1,226 100%   26.61kB/s    0:00:00 (xfr#1293, ir-chk=1005/21700)
vendor/phpunit/php-invoker/src/
vendor/phpunit/php-invoker/src/Invoker.php
          1,768 100%   38.37kB/s    0:00:00            1,768 100%   38.37kB/s    0:00:00 (xfr#1294, ir-chk=1003/21700)
vendor/phpunit/php-invoker/src/exceptions/
vendor/phpunit/php-invoker/src/exceptions/Exception.php
            361 100%    7.83kB/s    0:00:00              361 100%    7.83kB/s    0:00:00 (xfr#1295, ir-chk=1005/21704)
vendor/phpunit/php-invoker/src/exceptions/ProcessControlExtensionNotLoadedException.php
          1,206 100%   26.17kB/s    0:00:00            1,206 100%   26.17kB/s    0:00:00 (xfr#1296, ir-chk=1004/21704)
vendor/phpunit/php-invoker/src/exceptions/TimeoutException.php
            405 100%    8.79kB/s    0:00:00              405 100%    8.79kB/s    0:00:00 (xfr#1297, ir-chk=1003/21704)
vendor/phpunit/php-text-template/
vendor/phpunit/php-text-template/ChangeLog.md
          2,013 100%   42.74kB/s    0:00:00            2,013 100%   42.74kB/s    0:00:00 (xfr#1298, ir-chk=1009/21711)
vendor/phpunit/php-text-template/LICENSE
          1,531 100%   32.50kB/s    0:00:00            1,531 100%   32.50kB/s    0:00:00 (xfr#1299, ir-chk=1008/21711)
vendor/phpunit/php-text-template/README.md
            882 100%   18.72kB/s    0:00:00              882 100%   18.72kB/s    0:00:00 (xfr#1300, ir-chk=1007/21711)
vendor/phpunit/php-text-template/SECURITY.md
          1,909 100%   40.53kB/s    0:00:00            1,909 100%   40.53kB/s    0:00:00 (xfr#1301, ir-chk=1006/21711)
vendor/phpunit/php-text-template/composer.json
          1,076 100%   22.84kB/s    0:00:00            1,076 100%   22.84kB/s    0:00:00 (xfr#1302, ir-chk=1005/21711)
vendor/phpunit/php-text-template/.psalm/
vendor/phpunit/php-text-template/.psalm/baseline.xml
             76 100%    1.61kB/s    0:00:00               76 100%    1.61kB/s    0:00:00 (xfr#1303, ir-chk=1002/21711)
vendor/phpunit/php-text-template/.psalm/config.xml
            528 100%   11.21kB/s    0:00:00              528 100%   11.21kB/s    0:00:00 (xfr#1304, ir-chk=1001/21711)
vendor/phpunit/php-text-template/src/
vendor/phpunit/php-text-template/src/Template.php
          3,173 100%   65.93kB/s    0:00:00            3,173 100%   65.93kB/s    0:00:00 (xfr#1305, ir-chk=1038/21749)
vendor/phpunit/php-text-template/src/exceptions/
vendor/phpunit/php-text-template/src/exceptions/Exception.php
            368 100%    7.65kB/s    0:00:00              368 100%    7.65kB/s    0:00:00 (xfr#1306, ir-chk=1036/21749)
vendor/phpunit/php-text-template/src/exceptions/InvalidArgumentException.php
            406 100%    8.44kB/s    0:00:00              406 100%    8.44kB/s    0:00:00 (xfr#1307, ir-chk=1035/21749)
vendor/phpunit/php-text-template/src/exceptions/RuntimeException.php
            428 100%    8.89kB/s    0:00:00              428 100%    8.89kB/s    0:00:00 (xfr#1308, ir-chk=1034/21749)
vendor/phpunit/php-timer/
vendor/phpunit/php-timer/ChangeLog.md
          5,323 100%  110.60kB/s    0:00:00            5,323 100%  110.60kB/s    0:00:00 (xfr#1309, ir-chk=1033/21749)
vendor/phpunit/php-timer/LICENSE
          1,531 100%   31.81kB/s    0:00:00            1,531 100%   31.81kB/s    0:00:00 (xfr#1310, ir-chk=1032/21749)
vendor/phpunit/php-timer/README.md
          2,376 100%   48.34kB/s    0:00:00            2,376 100%   48.34kB/s    0:00:00 (xfr#1311, ir-chk=1031/21749)
vendor/phpunit/php-timer/SECURITY.md
          1,909 100%   38.84kB/s    0:00:00            1,909 100%   38.84kB/s    0:00:00 (xfr#1312, ir-chk=1030/21749)
vendor/phpunit/php-timer/composer.json
          1,043 100%   21.22kB/s    0:00:00            1,043 100%   21.22kB/s    0:00:00 (xfr#1313, ir-chk=1029/21749)
vendor/phpunit/php-timer/src/
vendor/phpunit/php-timer/src/Duration.php
          2,537 100%   51.62kB/s    0:00:00            2,537 100%   51.62kB/s    0:00:00 (xfr#1314, ir-chk=1027/21749)
vendor/phpunit/php-timer/src/ResourceUsageFormatter.php
          2,116 100%   43.05kB/s    0:00:00            2,116 100%   43.05kB/s    0:00:00 (xfr#1315, ir-chk=1026/21749)
vendor/phpunit/php-timer/src/Timer.php
            925 100%   18.82kB/s    0:00:00              925 100%   18.82kB/s    0:00:00 (xfr#1316, ir-chk=1025/21749)
vendor/phpunit/php-timer/src/exceptions/
vendor/phpunit/php-timer/src/exceptions/Exception.php
            357 100%    7.26kB/s    0:00:00              357 100%    7.26kB/s    0:00:00 (xfr#1317, ir-chk=1023/21749)
vendor/phpunit/php-timer/src/exceptions/NoActiveTimerException.php
            403 100%    8.20kB/s    0:00:00              403 100%    8.20kB/s    0:00:00 (xfr#1318, ir-chk=1022/21749)
vendor/phpunit/php-timer/src/exceptions/TimeSinceStartOfRequestNotAvailableException.php
            429 100%    8.55kB/s    0:00:00              429 100%    8.55kB/s    0:00:00 (xfr#1319, ir-chk=1021/21749)
vendor/phpunit/phpunit/
vendor/phpunit/phpunit/ChangeLog-11.5.md
         20,630 100%  411.15kB/s    0:00:00           20,630 100%  411.15kB/s    0:00:00 (xfr#1320, ir-chk=1020/21749)
vendor/phpunit/phpunit/DEPRECATIONS.md
         14,423 100%  281.70kB/s    0:00:00           14,423 100%  281.70kB/s    0:00:00 (xfr#1321, ir-chk=1019/21749)
vendor/phpunit/phpunit/LICENSE
          1,531 100%   29.90kB/s    0:00:00            1,531 100%   29.90kB/s    0:00:00 (xfr#1322, ir-chk=1018/21749)
vendor/phpunit/phpunit/README.md
          1,880 100%   36.72kB/s    0:00:00            1,880 100%   36.72kB/s    0:00:00 (xfr#1323, ir-chk=1017/21749)
vendor/phpunit/phpunit/SECURITY.md
          2,297 100%   44.86kB/s    0:00:00            2,297 100%   44.86kB/s    0:00:00 (xfr#1324, ir-chk=1016/21749)
vendor/phpunit/phpunit/composer.json
          4,919 100%   96.07kB/s    0:00:00            4,919 100%   96.07kB/s    0:00:00 (xfr#1325, ir-chk=1015/21749)
vendor/phpunit/phpunit/composer.lock
         32,768  53%  640.00kB/s    0:00:00           61,293 100%    1.15MB/s    0:00:00 (xfr#1326, ir-chk=1014/21749)
vendor/phpunit/phpunit/phpunit
          2,773 100%   53.10kB/s    0:00:00            2,773 100%   53.10kB/s    0:00:00 (xfr#1327, ir-chk=1013/21749)
vendor/phpunit/phpunit/phpunit.xsd
         19,119 100%  359.06kB/s    0:00:00           19,119 100%  359.06kB/s    0:00:00 (xfr#1328, ir-chk=1012/21749)
vendor/phpunit/phpunit/schema/
vendor/phpunit/phpunit/schema/10.0.xsd
         15,620 100%  293.34kB/s    0:00:00           15,620 100%  293.34kB/s    0:00:00 (xfr#1329, ir-chk=1021/21761)
vendor/phpunit/phpunit/schema/10.1.xsd
         17,067 100%  320.52kB/s    0:00:00           17,067 100%  320.52kB/s    0:00:00 (xfr#1330, ir-chk=1020/21761)
vendor/phpunit/phpunit/schema/10.2.xsd
         17,745 100%  333.25kB/s    0:00:00           17,745 100%  333.25kB/s    0:00:00 (xfr#1331, ir-chk=1019/21761)
vendor/phpunit/phpunit/schema/10.3.xsd
         17,934 100%  336.80kB/s    0:00:00           17,934 100%  336.80kB/s    0:00:00 (xfr#1332, ir-chk=1018/21761)
vendor/phpunit/phpunit/schema/10.4.xsd
         17,991 100%  337.87kB/s    0:00:00           17,991 100%  337.87kB/s    0:00:00 (xfr#1333, ir-chk=1017/21761)
vendor/phpunit/phpunit/schema/10.5.xsd
         18,395 100%  345.46kB/s    0:00:00           18,395 100%  345.46kB/s    0:00:00 (xfr#1334, ir-chk=1016/21761)
vendor/phpunit/phpunit/schema/11.0.xsd
         18,004 100%  338.12kB/s    0:00:00           18,004 100%  338.12kB/s    0:00:00 (xfr#1335, ir-chk=1015/21761)
vendor/phpunit/phpunit/schema/11.1.xsd
         18,606 100%  342.83kB/s    0:00:00           18,606 100%  342.83kB/s    0:00:00 (xfr#1336, ir-chk=1014/21761)
vendor/phpunit/phpunit/schema/11.2.xsd
         18,445 100%  339.86kB/s    0:00:00           18,445 100%  339.86kB/s    0:00:00 (xfr#1337, ir-chk=1013/21761)
vendor/phpunit/phpunit/schema/11.3.xsd
         18,809 100%  346.57kB/s    0:00:00           18,809 100%  346.57kB/s    0:00:00 (xfr#1338, ir-chk=1012/21761)
vendor/phpunit/phpunit/schema/11.4.xsd
         18,723 100%  344.98kB/s    0:00:00           18,723 100%  344.98kB/s    0:00:00 (xfr#1339, ir-chk=1011/21761)
vendor/phpunit/phpunit/schema/8.5.xsd
         17,107 100%  315.21kB/s    0:00:00           17,107 100%  315.21kB/s    0:00:00 (xfr#1340, ir-chk=1010/21761)
vendor/phpunit/phpunit/schema/9.0.xsd
         16,948 100%  312.28kB/s    0:00:00           16,948 100%  312.28kB/s    0:00:00 (xfr#1341, ir-chk=1009/21761)
vendor/phpunit/phpunit/schema/9.1.xsd
         17,109 100%  315.25kB/s    0:00:00           17,109 100%  315.25kB/s    0:00:00 (xfr#1342, ir-chk=1008/21761)
vendor/phpunit/phpunit/schema/9.2.xsd
         17,116 100%  315.37kB/s    0:00:00           17,116 100%  315.37kB/s    0:00:00 (xfr#1343, ir-chk=1007/21761)
vendor/phpunit/phpunit/schema/9.3.xsd
         17,852 100%  328.94kB/s    0:00:00           17,852 100%  328.94kB/s    0:00:00 (xfr#1344, ir-chk=1006/21761)
vendor/phpunit/phpunit/schema/9.4.xsd
         17,930 100%  330.37kB/s    0:00:00           17,930 100%  330.37kB/s    0:00:00 (xfr#1345, ir-chk=1005/21761)
vendor/phpunit/phpunit/schema/9.5.xsd
         17,988 100%  331.44kB/s    0:00:00           17,988 100%  331.44kB/s    0:00:00 (xfr#1346, ir-chk=1004/21761)
vendor/phpunit/phpunit/src/
vendor/phpunit/phpunit/src/Exception.php
            444 100%    8.03kB/s    0:00:00              444 100%    8.03kB/s    0:00:00 (xfr#1347, ir-chk=1008/21766)
vendor/phpunit/phpunit/src/Event/
vendor/phpunit/phpunit/src/Event/Facade.php
          8,870 100%  160.41kB/s    0:00:00            8,870 100%  160.41kB/s    0:00:00 (xfr#1348, ir-chk=1024/21790)
vendor/phpunit/phpunit/src/Event/Subscriber.php
            417 100%    7.54kB/s    0:00:00              417 100%    7.54kB/s    0:00:00 (xfr#1349, ir-chk=1023/21790)
vendor/phpunit/phpunit/src/Event/Tracer.php
            493 100%    8.92kB/s    0:00:00              493 100%    8.92kB/s    0:00:00 (xfr#1350, ir-chk=1022/21790)
vendor/phpunit/phpunit/src/Event/TypeMap.php
          5,647 100%  102.12kB/s    0:00:00            5,647 100%  102.12kB/s    0:00:00 (xfr#1351, ir-chk=1021/21790)
vendor/phpunit/phpunit/src/Event/Dispatcher/
vendor/phpunit/phpunit/src/Event/Dispatcher/CollectingDispatcher.php
          1,548 100%   27.99kB/s    0:00:00            1,548 100%   27.99kB/s    0:00:00 (xfr#1352, ir-chk=1015/21790)
vendor/phpunit/phpunit/src/Event/Dispatcher/DeferringDispatcher.php
          1,568 100%   28.36kB/s    0:00:00            1,568 100%   27.84kB/s    0:00:00 (xfr#1353, ir-chk=1014/21790)
vendor/phpunit/phpunit/src/Event/Dispatcher/DirectDispatcher.php
          3,779 100%   67.10kB/s    0:00:00            3,779 100%   67.10kB/s    0:00:00 (xfr#1354, ir-chk=1013/21790)
vendor/phpunit/phpunit/src/Event/Dispatcher/Dispatcher.php
            620 100%   11.01kB/s    0:00:00              620 100%   11.01kB/s    0:00:00 (xfr#1355, ir-chk=1012/21790)
vendor/phpunit/phpunit/src/Event/Dispatcher/SubscribableDispatcher.php
            742 100%   13.17kB/s    0:00:00              742 100%   13.17kB/s    0:00:00 (xfr#1356, ir-chk=1011/21790)
vendor/phpunit/phpunit/src/Event/Emitter/
vendor/phpunit/phpunit/src/Event/Emitter/DispatchingEmitter.php
         32,768  90%  581.82kB/s    0:00:00           36,329 100%  645.05kB/s    0:00:00 (xfr#1357, ir-chk=1010/21790)
vendor/phpunit/phpunit/src/Event/Emitter/Emitter.php
         11,166 100%  198.26kB/s    0:00:00           11,166 100%  198.26kB/s    0:00:00 (xfr#1358, ir-chk=1009/21790)
vendor/phpunit/phpunit/src/Event/Events/
vendor/phpunit/phpunit/src/Event/Events/Event.php
            506 100%    8.98kB/s    0:00:00              506 100%    8.98kB/s    0:00:00 (xfr#1359, ir-chk=1008/21790)
vendor/phpunit/phpunit/src/Event/Events/EventCollection.php
          1,301 100%   23.10kB/s    0:00:00            1,301 100%   23.10kB/s    0:00:00 (xfr#1360, ir-chk=1007/21790)
vendor/phpunit/phpunit/src/Event/Events/EventCollectionIterator.php
          1,181 100%   20.97kB/s    0:00:00            1,181 100%   20.97kB/s    0:00:00 (xfr#1361, ir-chk=1006/21790)
vendor/phpunit/phpunit/src/Event/Events/Application/
vendor/phpunit/phpunit/src/Event/Events/Application/Finished.php
          1,182 100%   20.61kB/s    0:00:00            1,182 100%   20.61kB/s    0:00:00 (xfr#1362, ir-chk=1004/21793)
vendor/phpunit/phpunit/src/Event/Events/Application/FinishedSubscriber.php
            538 100%    9.38kB/s    0:00:00              538 100%    9.38kB/s    0:00:00 (xfr#1363, ir-chk=1003/21793)
vendor/phpunit/phpunit/src/Event/Events/Application/Started.php
          1,186 100%   20.68kB/s    0:00:00            1,186 100%   20.68kB/s    0:00:00 (xfr#1364, ir-chk=1002/21793)
vendor/phpunit/phpunit/src/Event/Events/Application/StartedSubscriber.php
            536 100%    9.35kB/s    0:00:00              536 100%    9.35kB/s    0:00:00 (xfr#1365, ir-chk=1001/21793)
vendor/phpunit/phpunit/src/Event/Events/Test/
vendor/phpunit/phpunit/src/Event/Events/Test/ComparatorRegistered.php
          1,300 100%   22.67kB/s    0:00:00            1,300 100%   22.67kB/s    0:00:00 (xfr#1366, ir-chk=1017/21810)
vendor/phpunit/phpunit/src/Event/Events/Test/ComparatorRegisteredSubscriber.php
            555 100%    9.68kB/s    0:00:00              555 100%    9.68kB/s    0:00:00 (xfr#1367, ir-chk=1016/21810)
vendor/phpunit/phpunit/src/Event/Events/Test/PrintedUnexpectedOutput.php
          1,342 100%   23.40kB/s    0:00:00            1,342 100%   23.40kB/s    0:00:00 (xfr#1368, ir-chk=1015/21810)
vendor/phpunit/phpunit/src/Event/Events/Test/PrintedUnexpectedOutputSubscriber.php
            561 100%    9.78kB/s    0:00:00              561 100%    9.78kB/s    0:00:00 (xfr#1369, ir-chk=1014/21810)
vendor/phpunit/phpunit/src/Event/Events/Test/HookMethod/
vendor/phpunit/phpunit/src/Event/Events/Test/HookMethod/AfterLastTestMethodCalled.php
          1,652 100%   28.30kB/s    0:00:00            1,652 100%   28.30kB/s    0:00:00 (xfr#1370, ir-chk=1035/21837)
vendor/phpunit/phpunit/src/Event/Events/Test/HookMethod/AfterLastTestMethodCalledSubscriber.php
            565 100%    9.68kB/s    0:00:00              565 100%    9.68kB/s    0:00:00 (xfr#1371, ir-chk=1034/21837)
vendor/phpunit/phpunit/src/Event/Events/Test/HookMethod/AfterLastTestMethodErrored.php
          2,054 100%   35.19kB/s    0:00:00            2,054 100%   35.19kB/s    0:00:00 (xfr#1372, ir-chk=1033/21837)
vendor/phpunit/phpunit/src/Event/Events/Test/HookMethod/AfterLastTestMethodErroredSubscriber.php
            567 100%    9.71kB/s    0:00:00              567 100%    9.71kB/s    0:00:00 (xfr#1373, ir-chk=1032/21837)
vendor/phpunit/phpunit/src/Event/Events/Test/HookMethod/AfterLastTestMethodFinished.php
          1,905 100%   32.64kB/s    0:00:00            1,905 100%   32.64kB/s    0:00:00 (xfr#1374, ir-chk=1031/21837)
vendor/phpunit/phpunit/src/Event/Events/Test/HookMethod/AfterLastTestMethodFinishedSubscriber.php
            569 100%    9.75kB/s    0:00:00              569 100%    9.75kB/s    0:00:00 (xfr#1375, ir-chk=1030/21837)
vendor/phpunit/phpunit/src/Event/Events/Test/HookMethod/AfterTestMethodCalled.php
          1,643 100%   28.15kB/s    0:00:00            1,643 100%   28.15kB/s    0:00:00 (xfr#1376, ir-chk=1029/21837)
vendor/phpunit/phpunit/src/Event/Events/Test/HookMethod/AfterTestMethodCalledSubscriber.php
            557 100%    9.54kB/s    0:00:00              557 100%    9.54kB/s    0:00:00 (xfr#1377, ir-chk=1028/21837)
vendor/phpunit/phpunit/src/Event/Events/Test/HookMethod/AfterTestMethodErrored.php
          2,045 100%   35.04kB/s    0:00:00            2,045 100%   35.04kB/s    0:00:00 (xfr#1378, ir-chk=1027/21837)
vendor/phpunit/phpunit/src/Event/Events/Test/HookMethod/AfterTestMethodErroredSubscriber.php
            559 100%    9.58kB/s    0:00:00              559 100%    9.58kB/s    0:00:00 (xfr#1379, ir-chk=1026/21837)
vendor/phpunit/phpunit/src/Event/Events/Test/HookMethod/AfterTestMethodFinished.php
          1,896 100%   32.48kB/s    0:00:00            1,896 100%   32.48kB/s    0:00:00 (xfr#1380, ir-chk=1025/21837)
vendor/phpunit/phpunit/src/Event/Events/Test/HookMethod/AfterTestMethodFinishedSubscriber.php
            561 100%    9.61kB/s    0:00:00              561 100%    9.61kB/s    0:00:00 (xfr#1381, ir-chk=1024/21837)
vendor/phpunit/phpunit/src/Event/Events/Test/HookMethod/BeforeFirstTestMethodCalled.php
          1,656 100%   28.37kB/s    0:00:00            1,656 100%   28.37kB/s    0:00:00 (xfr#1382, ir-chk=1023/21837)
vendor/phpunit/phpunit/src/Event/Events/Test/HookMethod/BeforeFirstTestMethodCalledSubscriber.php
            569 100%    9.75kB/s    0:00:00              569 100%    9.75kB/s    0:00:00 (xfr#1383, ir-chk=1022/21837)
vendor/phpunit/phpunit/src/Event/Events/Test/HookMethod/BeforeFirstTestMethodErrored.php
          2,058 100%   35.26kB/s    0:00:00            2,058 100%   35.26kB/s    0:00:00 (xfr#1384, ir-chk=1021/21837)
vendor/phpunit/phpunit/src/Event/Events/Test/HookMethod/BeforeFirstTestMethodErroredSubscriber.php
            571 100%    9.61kB/s    0:00:00              571 100%    9.61kB/s    0:00:00 (xfr#1385, ir-chk=1020/21837)
vendor/phpunit/phpunit/src/Event/Events/Test/HookMethod/BeforeFirstTestMethodFinished.php
          1,908 100%   32.13kB/s    0:00:00            1,908 100%   32.13kB/s    0:00:00 (xfr#1386, ir-chk=1019/21837)
vendor/phpunit/phpunit/src/Event/Events/Test/HookMethod/BeforeFirstTestMethodFinishedSubscriber.php
            573 100%    9.65kB/s    0:00:00              573 100%    9.65kB/s    0:00:00 (xfr#1387, ir-chk=1018/21837)
vendor/phpunit/phpunit/src/Event/Events/Test/HookMethod/BeforeTestMethodCalled.php
          1,645 100%   27.70kB/s    0:00:00            1,645 100%   27.70kB/s    0:00:00 (xfr#1388, ir-chk=1017/21837)
vendor/phpunit/phpunit/src/Event/Events/Test/HookMethod/BeforeTestMethodCalledSubscriber.php
            559 100%    9.41kB/s    0:00:00              559 100%    9.41kB/s    0:00:00 (xfr#1389, ir-chk=1016/21837)
vendor/phpunit/phpunit/src/Event/Events/Test/HookMethod/BeforeTestMethodErrored.php
          2,047 100%   34.47kB/s    0:00:00            2,047 100%   34.47kB/s    0:00:00 (xfr#1390, ir-chk=1015/21837)
vendor/phpunit/phpunit/src/Event/Events/Test/HookMethod/BeforeTestMethodErroredSubscriber.php
            561 100%    9.45kB/s    0:00:00              561 100%    9.45kB/s    0:00:00 (xfr#1391, ir-chk=1014/21837)
vendor/phpunit/phpunit/src/Event/Events/Test/HookMethod/BeforeTestMethodFinished.php
          1,898 100%   31.96kB/s    0:00:00            1,898 100%   31.96kB/s    0:00:00 (xfr#1392, ir-chk=1013/21837)
vendor/phpunit/phpunit/src/Event/Events/Test/HookMethod/BeforeTestMethodFinishedSubscriber.php
            563 100%    9.48kB/s    0:00:00              563 100%    9.48kB/s    0:00:00 (xfr#1393, ir-chk=1012/21837)
vendor/phpunit/phpunit/src/Event/Events/Test/HookMethod/PostConditionCalled.php
          1,645 100%   27.70kB/s    0:00:00            1,645 100%   27.70kB/s    0:00:00 (xfr#1394, ir-chk=1011/21837)
vendor/phpunit/phpunit/src/Event/Events/Test/HookMethod/PostConditionCalledSubscriber.php
            553 100%    9.31kB/s    0:00:00              553 100%    9.31kB/s    0:00:00 (xfr#1395, ir-chk=1010/21837)
vendor/phpunit/phpunit/src/Event/Events/Test/HookMethod/PostConditionErrored.php
          2,047 100%   34.47kB/s    0:00:00            2,047 100%   34.47kB/s    0:00:00 (xfr#1396, ir-chk=1009/21837)
vendor/phpunit/phpunit/src/Event/Events/Test/HookMethod/PostConditionErroredSubscriber.php
            555 100%    9.34kB/s    0:00:00              555 100%    9.34kB/s    0:00:00 (xfr#1397, ir-chk=1008/21837)
vendor/phpunit/phpunit/src/Event/Events/Test/HookMethod/PostConditionFinished.php
          1,898 100%   31.96kB/s    0:00:00            1,898 100%   31.96kB/s    0:00:00 (xfr#1398, ir-chk=1007/21837)
vendor/phpunit/phpunit/src/Event/Events/Test/HookMethod/PostConditionFinishedSubscriber.php
            557 100%    9.38kB/s    0:00:00              557 100%    9.38kB/s    0:00:00 (xfr#1399, ir-chk=1006/21837)
vendor/phpunit/phpunit/src/Event/Events/Test/HookMethod/PreConditionCalled.php
          1,642 100%   27.65kB/s    0:00:00            1,642 100%   27.65kB/s    0:00:00 (xfr#1400, ir-chk=1005/21837)
vendor/phpunit/phpunit/src/Event/Events/Test/HookMethod/PreConditionCalledSubscriber.php
            551 100%    9.28kB/s    0:00:00              551 100%    9.28kB/s    0:00:00 (xfr#1401, ir-chk=1004/21837)
vendor/phpunit/phpunit/src/Event/Events/Test/HookMethod/PreConditionErrored.php
          2,045 100%   34.43kB/s    0:00:00            2,045 100%   34.43kB/s    0:00:00 (xfr#1402, ir-chk=1003/21837)
vendor/phpunit/phpunit/src/Event/Events/Test/HookMethod/PreConditionErroredSubscriber.php
            553 100%    9.31kB/s    0:00:00              553 100%    9.31kB/s    0:00:00 (xfr#1403, ir-chk=1002/21837)
vendor/phpunit/phpunit/src/Event/Events/Test/HookMethod/PreConditionFinished.php
          1,896 100%   31.92kB/s    0:00:00            1,896 100%   31.92kB/s    0:00:00 (xfr#1404, ir-chk=1001/21837)
vendor/phpunit/phpunit/src/Event/Events/Test/HookMethod/PreConditionFinishedSubscriber.php
            555 100%    9.34kB/s    0:00:00              555 100%    9.34kB/s    0:00:00 (xfr#1405, ir-chk=1000/21837)
vendor/phpunit/phpunit/src/Event/Events/Test/Issue/
vendor/phpunit/phpunit/src/Event/Events/Test/Issue/ConsideredRisky.php
          1,555 100%   25.74kB/s    0:00:00            1,555 100%   25.74kB/s    0:00:00 (xfr#1406, ir-chk=1026/21864)
vendor/phpunit/phpunit/src/Event/Events/Test/Issue/ConsideredRiskySubscriber.php
            545 100%    9.02kB/s    0:00:00              545 100%    9.02kB/s    0:00:00 (xfr#1407, ir-chk=1025/21864)
vendor/phpunit/phpunit/src/Event/Events/Test/Issue/DeprecationTriggered.php
          3,830 100%   63.39kB/s    0:00:00            3,830 100%   63.39kB/s    0:00:00 (xfr#1408, ir-chk=1024/21864)
vendor/phpunit/phpunit/src/Event/Events/Test/Issue/DeprecationTriggeredSubscriber.php
            555 100%    9.19kB/s    0:00:00              555 100%    9.19kB/s    0:00:00 (xfr#1409, ir-chk=1023/21864)
vendor/phpunit/phpunit/src/Event/Events/Test/Issue/ErrorTriggered.php
          2,596 100%   42.97kB/s    0:00:00            2,596 100%   42.97kB/s    0:00:00 (xfr#1410, ir-chk=1022/21864)
vendor/phpunit/phpunit/src/Event/Events/Test/Issue/ErrorTriggeredSubscriber.php
            543 100%    8.99kB/s    0:00:00              543 100%    8.99kB/s    0:00:00 (xfr#1411, ir-chk=1021/21864)
vendor/phpunit/phpunit/src/Event/Events/Test/Issue/NoticeTriggered.php
          2,938 100%   48.63kB/s    0:00:00            2,938 100%   48.63kB/s    0:00:00 (xfr#1412, ir-chk=1020/21864)
vendor/phpunit/phpunit/src/Event/Events/Test/Issue/NoticeTriggeredSubscriber.php
            545 100%    9.02kB/s    0:00:00              545 100%    9.02kB/s    0:00:00 (xfr#1413, ir-chk=1019/21864)
vendor/phpunit/phpunit/src/Event/Events/Test/Issue/PhpDeprecationTriggered.php
          3,512 100%   58.13kB/s    0:00:00            3,512 100%   58.13kB/s    0:00:00 (xfr#1414, ir-chk=1018/21864)
vendor/phpunit/phpunit/src/Event/Events/Test/Issue/PhpDeprecationTriggeredSubscriber.php
            561 100%    9.29kB/s    0:00:00              561 100%    9.29kB/s    0:00:00 (xfr#1415, ir-chk=1017/21864)
vendor/phpunit/phpunit/src/Event/Events/Test/Issue/PhpNoticeTriggered.php
          2,945 100%   48.75kB/s    0:00:00            2,945 100%   48.75kB/s    0:00:00 (xfr#1416, ir-chk=1016/21864)
vendor/phpunit/phpunit/src/Event/Events/Test/Issue/PhpNoticeTriggeredSubscriber.php
            551 100%    9.12kB/s    0:00:00              551 100%    8.97kB/s    0:00:00 (xfr#1417, ir-chk=1015/21864)
vendor/phpunit/phpunit/src/Event/Events/Test/Issue/PhpWarningTriggered.php
          2,947 100%   47.97kB/s    0:00:00            2,947 100%   47.97kB/s    0:00:00 (xfr#1418, ir-chk=1014/21864)
vendor/phpunit/phpunit/src/Event/Events/Test/Issue/PhpWarningTriggeredSubscriber.php
            553 100%    9.00kB/s    0:00:00              553 100%    9.00kB/s    0:00:00 (xfr#1419, ir-chk=1013/21864)
vendor/phpunit/phpunit/src/Event/Events/Test/Issue/PhpunitDeprecationTriggered.php
          1,663 100%   27.07kB/s    0:00:00            1,663 100%   27.07kB/s    0:00:00 (xfr#1420, ir-chk=1012/21864)
vendor/phpunit/phpunit/src/Event/Events/Test/Issue/PhpunitDeprecationTriggeredSubscriber.php
            569 100%    9.26kB/s    0:00:00              569 100%    9.26kB/s    0:00:00 (xfr#1421, ir-chk=1011/21864)
vendor/phpunit/phpunit/src/Event/Events/Test/Issue/PhpunitErrorTriggered.php
          1,676 100%   27.28kB/s    0:00:00            1,676 100%   27.28kB/s    0:00:00 (xfr#1422, ir-chk=1010/21864)
vendor/phpunit/phpunit/src/Event/Events/Test/Issue/PhpunitErrorTriggeredSubscriber.php
            557 100%    9.07kB/s    0:00:00              557 100%    9.07kB/s    0:00:00 (xfr#1423, ir-chk=1009/21864)
vendor/phpunit/phpunit/src/Event/Events/Test/Issue/PhpunitWarningTriggered.php
          1,655 100%   26.94kB/s    0:00:00            1,655 100%   26.94kB/s    0:00:00 (xfr#1424, ir-chk=1008/21864)
vendor/phpunit/phpunit/src/Event/Events/Test/Issue/PhpunitWarningTriggeredSubscriber.php
            561 100%    9.13kB/s    0:00:00              561 100%    9.13kB/s    0:00:00 (xfr#1425, ir-chk=1007/21864)
vendor/phpunit/phpunit/src/Event/Events/Test/Issue/WarningTriggered.php
          2,940 100%   47.85kB/s    0:00:00            2,940 100%   47.85kB/s    0:00:00 (xfr#1426, ir-chk=1006/21864)
vendor/phpunit/phpunit/src/Event/Events/Test/Issue/WarningTriggeredSubscriber.php
            547 100%    8.90kB/s    0:00:00              547 100%    8.90kB/s    0:00:00 (xfr#1427, ir-chk=1005/21864)
vendor/phpunit/phpunit/src/Event/Events/Test/Lifecycle/
vendor/phpunit/phpunit/src/Event/Events/Test/Lifecycle/DataProviderMethodCalled.php
          1,646 100%   26.79kB/s    0:00:00            1,646 100%   26.79kB/s    0:00:00 (xfr#1428, ir-chk=1014/21874)
vendor/phpunit/phpunit/src/Event/Events/Test/Lifecycle/DataProviderMethodCalledSubscriber.php
            563 100%    9.16kB/s    0:00:00              563 100%    9.16kB/s    0:00:00 (xfr#1429, ir-chk=1013/21874)
vendor/phpunit/phpunit/src/Event/Events/Test/Lifecycle/DataProviderMethodFinished.php
          1,887 100%   30.71kB/s    0:00:00            1,887 100%   30.71kB/s    0:00:00 (xfr#1430, ir-chk=1012/21874)
vendor/phpunit/phpunit/src/Event/Events/Test/Lifecycle/DataProviderMethodFinishedSubscriber.php
            567 100%    9.23kB/s    0:00:00              567 100%    9.23kB/s    0:00:00 (xfr#1431, ir-chk=1011/21874)
vendor/phpunit/phpunit/src/Event/Events/Test/Lifecycle/Finished.php
          1,451 100%   23.62kB/s    0:00:00            1,451 100%   23.62kB/s    0:00:00 (xfr#1432, ir-chk=1010/21874)
vendor/phpunit/phpunit/src/Event/Events/Test/Lifecycle/FinishedSubscriber.php
            531 100%    8.64kB/s    0:00:00              531 100%    8.64kB/s    0:00:00 (xfr#1433, ir-chk=1009/21874)
vendor/phpunit/phpunit/src/Event/Events/Test/Lifecycle/PreparationFailed.php
          1,168 100%   19.01kB/s    0:00:00            1,168 100%   19.01kB/s    0:00:00 (xfr#1434, ir-chk=1008/21874)
vendor/phpunit/phpunit/src/Event/Events/Test/Lifecycle/PreparationFailedSubscriber.php
            549 100%    8.79kB/s    0:00:00              549 100%    8.79kB/s    0:00:00 (xfr#1435, ir-chk=1007/21874)
vendor/phpunit/phpunit/src/Event/Events/Test/Lifecycle/PreparationStarted.php
          1,170 100%   18.73kB/s    0:00:00            1,170 100%   18.73kB/s    0:00:00 (xfr#1436, ir-chk=1006/21874)
vendor/phpunit/phpunit/src/Event/Events/Test/Lifecycle/PreparationStartedSubscriber.php
            551 100%    8.82kB/s    0:00:00              551 100%    8.82kB/s    0:00:00 (xfr#1437, ir-chk=1005/21874)
vendor/phpunit/phpunit/src/Event/Events/Test/Lifecycle/Prepared.php
          1,149 100%   18.39kB/s    0:00:00            1,149 100%   18.39kB/s    0:00:00 (xfr#1438, ir-chk=1004/21874)
vendor/phpunit/phpunit/src/Event/Events/Test/Lifecycle/PreparedSubscriber.php
            531 100%    8.50kB/s    0:00:00              531 100%    8.50kB/s    0:00:00 (xfr#1439, ir-chk=1003/21874)
vendor/phpunit/phpunit/src/Event/Events/Test/Outcome/
vendor/phpunit/phpunit/src/Event/Events/Test/Outcome/Errored.php
          1,572 100%   25.17kB/s    0:00:00            1,572 100%   25.17kB/s    0:00:00 (xfr#1440, ir-chk=1012/21884)
vendor/phpunit/phpunit/src/Event/Events/Test/Outcome/ErroredSubscriber.php
            529 100%    8.47kB/s    0:00:00              529 100%    8.47kB/s    0:00:00 (xfr#1441, ir-chk=1011/21884)
vendor/phpunit/phpunit/src/Event/Events/Test/Outcome/Failed.php
          2,244 100%   35.92kB/s    0:00:00            2,244 100%   35.92kB/s    0:00:00 (xfr#1442, ir-chk=1010/21884)
vendor/phpunit/phpunit/src/Event/Events/Test/Outcome/FailedSubscriber.php
            527 100%    8.44kB/s    0:00:00              527 100%    8.44kB/s    0:00:00 (xfr#1443, ir-chk=1009/21884)
vendor/phpunit/phpunit/src/Event/Events/Test/Outcome/MarkedIncomplete.php
          1,591 100%   25.47kB/s    0:00:00            1,591 100%   25.47kB/s    0:00:00 (xfr#1444, ir-chk=1008/21884)
vendor/phpunit/phpunit/src/Event/Events/Test/Outcome/MarkedIncompleteSubscriber.php
            547 100%    8.76kB/s    0:00:00              547 100%    8.76kB/s    0:00:00 (xfr#1445, ir-chk=1007/21884)
vendor/phpunit/phpunit/src/Event/Events/Test/Outcome/Passed.php
          1,145 100%   18.33kB/s    0:00:00            1,145 100%   18.33kB/s    0:00:00 (xfr#1446, ir-chk=1006/21884)
vendor/phpunit/phpunit/src/Event/Events/Test/Outcome/PassedSubscriber.php
            527 100%    8.30kB/s    0:00:00              527 100%    8.30kB/s    0:00:00 (xfr#1447, ir-chk=1005/21884)
vendor/phpunit/phpunit/src/Event/Events/Test/Outcome/Skipped.php
          1,481 100%   23.33kB/s    0:00:00            1,481 100%   23.33kB/s    0:00:00 (xfr#1448, ir-chk=1004/21884)
vendor/phpunit/phpunit/src/Event/Events/Test/Outcome/SkippedSubscriber.php
            529 100%    8.33kB/s    0:00:00              529 100%    8.33kB/s    0:00:00 (xfr#1449, ir-chk=1003/21884)
vendor/phpunit/phpunit/src/Event/Events/Test/TestDouble/
vendor/phpunit/phpunit/src/Event/Events/Test/TestDouble/MockObjectCreated.php
          1,295 100%   20.40kB/s    0:00:00            1,295 100%   20.40kB/s    0:00:00 (xfr#1450, ir-chk=1017/21899)
vendor/phpunit/phpunit/src/Event/Events/Test/TestDouble/MockObjectCreatedSubscriber.php
            549 100%    8.65kB/s    0:00:00              549 100%    8.65kB/s    0:00:00 (xfr#1451, ir-chk=1016/21899)
vendor/phpunit/phpunit/src/Event/Events/Test/TestDouble/MockObjectForAbstractClassCreated.php
          1,311 100%   20.65kB/s    0:00:00            1,311 100%   20.65kB/s    0:00:00 (xfr#1452, ir-chk=1015/21899)
vendor/phpunit/phpunit/src/Event/Events/Test/TestDouble/MockObjectForAbstractClassCreatedSubscriber.php
            581 100%    9.15kB/s    0:00:00              581 100%    9.15kB/s    0:00:00 (xfr#1453, ir-chk=1014/21899)
vendor/phpunit/phpunit/src/Event/Events/Test/TestDouble/MockObjectForIntersectionOfInterfacesCreated.php
          1,380 100%   21.74kB/s    0:00:00            1,380 100%   21.74kB/s    0:00:00 (xfr#1454, ir-chk=1013/21899)
vendor/phpunit/phpunit/src/Event/Events/Test/TestDouble/MockObjectForIntersectionOfInterfacesCreatedSubscriber.php
            603 100%    9.35kB/s    0:00:00              603 100%    9.35kB/s    0:00:00 (xfr#1455, ir-chk=1012/21899)
vendor/phpunit/phpunit/src/Event/Events/Test/TestDouble/MockObjectForTraitCreated.php
          1,303 100%   20.20kB/s    0:00:00            1,303 100%   20.20kB/s    0:00:00 (xfr#1456, ir-chk=1011/21899)
vendor/phpunit/phpunit/src/Event/Events/Test/TestDouble/MockObjectForTraitCreatedSubscriber.php
            565 100%    8.76kB/s    0:00:00              565 100%    8.76kB/s    0:00:00 (xfr#1457, ir-chk=1010/21899)
vendor/phpunit/phpunit/src/Event/Events/Test/TestDouble/MockObjectFromWsdlCreated.php
          2,738 100%   42.44kB/s    0:00:00            2,738 100%   42.44kB/s    0:00:00 (xfr#1458, ir-chk=1009/21899)
vendor/phpunit/phpunit/src/Event/Events/Test/TestDouble/MockObjectFromWsdlCreatedSubscriber.php
            565 100%    8.76kB/s    0:00:00              565 100%    8.76kB/s    0:00:00 (xfr#1459, ir-chk=1008/21899)
vendor/phpunit/phpunit/src/Event/Events/Test/TestDouble/PartialMockObjectCreated.php
          1,586 100%   24.58kB/s    0:00:00            1,586 100%   24.58kB/s    0:00:00 (xfr#1460, ir-chk=1007/21899)
vendor/phpunit/phpunit/src/Event/Events/Test/TestDouble/PartialMockObjectCreatedSubscriber.php
            563 100%    8.73kB/s    0:00:00              563 100%    8.73kB/s    0:00:00 (xfr#1461, ir-chk=1006/21899)
vendor/phpunit/phpunit/src/Event/Events/Test/TestDouble/TestProxyCreated.php
          1,548 100%   24.00kB/s    0:00:00            1,548 100%   24.00kB/s    0:00:00 (xfr#1462, ir-chk=1005/21899)
vendor/phpunit/phpunit/src/Event/Events/Test/TestDouble/TestProxyCreatedSubscriber.php
            547 100%    8.48kB/s    0:00:00              547 100%    8.48kB/s    0:00:00 (xfr#1463, ir-chk=1004/21899)
vendor/phpunit/phpunit/src/Event/Events/Test/TestDouble/TestStubCreated.php
          1,291 100%   20.01kB/s    0:00:00            1,291 100%   20.01kB/s    0:00:00 (xfr#1464, ir-chk=1003/21899)
vendor/phpunit/phpunit/src/Event/Events/Test/TestDouble/TestStubCreatedSubscriber.php
            545 100%    8.45kB/s    0:00:00              545 100%    8.45kB/s    0:00:00 (xfr#1465, ir-chk=1002/21899)
vendor/phpunit/phpunit/src/Event/Events/Test/TestDouble/TestStubForIntersectionOfInterfacesCreated.php
          1,376 100%   21.33kB/s    0:00:00            1,376 100%   21.33kB/s    0:00:00 (xfr#1466, ir-chk=1001/21899)
vendor/phpunit/phpunit/src/Event/Events/Test/TestDouble/TestStubForIntersectionOfInterfacesCreatedSubscriber.php
            599 100%    9.29kB/s    0:00:00              599 100%    9.29kB/s    0:00:00 (xfr#1467, ir-chk=1000/21899)
vendor/phpunit/phpunit/src/Event/Events/TestRunner/
vendor/phpunit/phpunit/src/Event/Events/TestRunner/BootstrapFinished.php
          1,154 100%   17.61kB/s    0:00:00            1,154 100%   17.61kB/s    0:00:00 (xfr#1468, ir-chk=1035/21935)
vendor/phpunit/phpunit/src/Event/Events/TestRunner/BootstrapFinishedSubscriber.php
            555 100%    8.47kB/s    0:00:00              555 100%    8.47kB/s    0:00:00 (xfr#1469, ir-chk=1034/21935)
vendor/phpunit/phpunit/src/Event/Events/TestRunner/ChildProcessFinished.php
          1,227 100%   18.72kB/s    0:00:00            1,227 100%   18.72kB/s    0:00:00 (xfr#1470, ir-chk=1033/21935)
vendor/phpunit/phpunit/src/Event/Events/TestRunner/ChildProcessFinishedSubscriber.php
            561 100%    8.56kB/s    0:00:00              561 100%    8.56kB/s    0:00:00 (xfr#1471, ir-chk=1032/21935)
vendor/phpunit/phpunit/src/Event/Events/TestRunner/ChildProcessStarted.php
            897 100%   13.69kB/s    0:00:00              897 100%   13.69kB/s    0:00:00 (xfr#1472, ir-chk=1031/21935)
vendor/phpunit/phpunit/src/Event/Events/TestRunner/ChildProcessStartedSubscriber.php
            559 100%    8.53kB/s    0:00:00              559 100%    8.53kB/s    0:00:00 (xfr#1473, ir-chk=1030/21935)
vendor/phpunit/phpunit/src/Event/Events/TestRunner/Configured.php
          1,140 100%   17.13kB/s    0:00:00            1,140 100%   17.13kB/s    0:00:00 (xfr#1474, ir-chk=1029/21935)
vendor/phpunit/phpunit/src/Event/Events/TestRunner/ConfiguredSubscriber.php
            541 100%    8.13kB/s    0:00:00              541 100%    8.13kB/s    0:00:00 (xfr#1475, ir-chk=1028/21935)
vendor/phpunit/phpunit/src/Event/Events/TestRunner/DeprecationTriggered.php
          1,166 100%   17.52kB/s    0:00:00            1,166 100%   17.52kB/s    0:00:00 (xfr#1476, ir-chk=1027/21935)
vendor/phpunit/phpunit/src/Event/Events/TestRunner/DeprecationTriggeredSubscriber.php
            561 100%    8.43kB/s    0:00:00              561 100%    8.43kB/s    0:00:00 (xfr#1477, ir-chk=1026/21935)
vendor/phpunit/phpunit/src/Event/Events/TestRunner/EventFacadeSealed.php
            893 100%   13.42kB/s    0:00:00              893 100%   13.42kB/s    0:00:00 (xfr#1478, ir-chk=1025/21935)
vendor/phpunit/phpunit/src/Event/Events/TestRunner/EventFacadeSealedSubscriber.php
            555 100%    8.34kB/s    0:00:00              555 100%    8.34kB/s    0:00:00 (xfr#1479, ir-chk=1024/21935)
vendor/phpunit/phpunit/src/Event/Events/TestRunner/ExecutionAborted.php
            902 100%   13.55kB/s    0:00:00              902 100%   13.55kB/s    0:00:00 (xfr#1480, ir-chk=1023/21935)
vendor/phpunit/phpunit/src/Event/Events/TestRunner/ExecutionAbortedSubscriber.php
            553 100%    8.31kB/s    0:00:00              553 100%    8.31kB/s    0:00:00 (xfr#1481, ir-chk=1022/21935)
vendor/phpunit/phpunit/src/Event/Events/TestRunner/ExecutionFinished.php
            904 100%   13.58kB/s    0:00:00              904 100%   13.58kB/s    0:00:00 (xfr#1482, ir-chk=1021/21935)
vendor/phpunit/phpunit/src/Event/Events/TestRunner/ExecutionFinishedSubscriber.php
            555 100%    8.34kB/s    0:00:00              555 100%    8.34kB/s    0:00:00 (xfr#1483, ir-chk=1020/21935)
vendor/phpunit/phpunit/src/Event/Events/TestRunner/ExecutionStarted.php
          1,290 100%   19.38kB/s    0:00:00            1,290 100%   19.38kB/s    0:00:00 (xfr#1484, ir-chk=1019/21935)
vendor/phpunit/phpunit/src/Event/Events/TestRunner/ExecutionStartedSubscriber.php
            553 100%    8.18kB/s    0:00:00              553 100%    8.18kB/s    0:00:00 (xfr#1485, ir-chk=1018/21935)
vendor/phpunit/phpunit/src/Event/Events/TestRunner/ExtensionBootstrapped.php
          1,650 100%   24.41kB/s    0:00:00            1,650 100%   24.41kB/s    0:00:00 (xfr#1486, ir-chk=1017/21935)
vendor/phpunit/phpunit/src/Event/Events/TestRunner/ExtensionBootstrappedSubscriber.php
            563 100%    8.33kB/s    0:00:00              563 100%    8.33kB/s    0:00:00 (xfr#1487, ir-chk=1016/21935)
vendor/phpunit/phpunit/src/Event/Events/TestRunner/ExtensionLoadedFromPhar.php
          1,518 100%   22.46kB/s    0:00:00            1,518 100%   22.46kB/s    0:00:00 (xfr#1488, ir-chk=1015/21935)
vendor/phpunit/phpunit/src/Event/Events/TestRunner/ExtensionLoadedFromPharSubscriber.php
            567 100%    8.39kB/s    0:00:00              567 100%    8.39kB/s    0:00:00 (xfr#1489, ir-chk=1014/21935)
vendor/phpunit/phpunit/src/Event/Events/TestRunner/Finished.php
            885 100%   13.09kB/s    0:00:00              885 100%   13.09kB/s    0:00:00 (xfr#1490, ir-chk=1013/21935)
vendor/phpunit/phpunit/src/Event/Events/TestRunner/FinishedSubscriber.php
            537 100%    7.95kB/s    0:00:00              537 100%    7.95kB/s    0:00:00 (xfr#1491, ir-chk=1012/21935)
vendor/phpunit/phpunit/src/Event/Events/TestRunner/GarbageCollectionDisabled.php
            921 100%   13.63kB/s    0:00:00              921 100%   13.63kB/s    0:00:00 (xfr#1492, ir-chk=1011/21935)
vendor/phpunit/phpunit/src/Event/Events/TestRunner/GarbageCollectionDisabledSubscriber.php
            571 100%    8.45kB/s    0:00:00              571 100%    8.45kB/s    0:00:00 (xfr#1493, ir-chk=1010/21935)
vendor/phpunit/phpunit/src/Event/Events/TestRunner/GarbageCollectionEnabled.php
            919 100%   13.60kB/s    0:00:00              919 100%   13.60kB/s    0:00:00 (xfr#1494, ir-chk=1009/21935)
vendor/phpunit/phpunit/src/Event/Events/TestRunner/GarbageCollectionEnabledSubscriber.php
            569 100%    8.42kB/s    0:00:00              569 100%    8.29kB/s    0:00:00 (xfr#1495, ir-chk=1008/21935)
vendor/phpunit/phpunit/src/Event/Events/TestRunner/GarbageCollectionTriggered.php
            923 100%   13.45kB/s    0:00:00              923 100%   13.45kB/s    0:00:00 (xfr#1496, ir-chk=1007/21935)
vendor/phpunit/phpunit/src/Event/Events/TestRunner/GarbageCollectionTriggeredSubscriber.php
            573 100%    8.35kB/s    0:00:00              573 100%    8.35kB/s    0:00:00 (xfr#1497, ir-chk=1006/21935)
vendor/phpunit/phpunit/src/Event/Events/TestRunner/Started.php
            883 100%   12.87kB/s    0:00:00              883 100%   12.87kB/s    0:00:00 (xfr#1498, ir-chk=1005/21935)
vendor/phpunit/phpunit/src/Event/Events/TestRunner/StartedSubscriber.php
            535 100%    7.80kB/s    0:00:00              535 100%    7.80kB/s    0:00:00 (xfr#1499, ir-chk=1004/21935)
vendor/phpunit/phpunit/src/Event/Events/TestRunner/WarningTriggered.php
          1,158 100%   16.88kB/s    0:00:00            1,158 100%   16.88kB/s    0:00:00 (xfr#1500, ir-chk=1003/21935)
vendor/phpunit/phpunit/src/Event/Events/TestRunner/WarningTriggeredSubscriber.php
            553 100%    8.06kB/s    0:00:00              553 100%    8.06kB/s    0:00:00 (xfr#1501, ir-chk=1002/21935)
vendor/phpunit/phpunit/src/Event/Events/TestSuite/
vendor/phpunit/phpunit/src/Event/Events/TestSuite/Filtered.php
          1,232 100%   17.96kB/s    0:00:00            1,232 100%   17.96kB/s    0:00:00 (xfr#1502, ir-chk=1016/21950)
vendor/phpunit/phpunit/src/Event/Events/TestSuite/FilteredSubscriber.php
            536 100%    7.81kB/s    0:00:00              536 100%    7.81kB/s    0:00:00 (xfr#1503, ir-chk=1015/21950)
vendor/phpunit/phpunit/src/Event/Events/TestSuite/Finished.php
          1,274 100%   18.30kB/s    0:00:00            1,274 100%   18.30kB/s    0:00:00 (xfr#1504, ir-chk=1014/21950)
vendor/phpunit/phpunit/src/Event/Events/TestSuite/FinishedSubscriber.php
            536 100%    7.70kB/s    0:00:00              536 100%    7.70kB/s    0:00:00 (xfr#1505, ir-chk=1013/21950)
vendor/phpunit/phpunit/src/Event/Events/TestSuite/Loaded.php
          1,228 100%   17.64kB/s    0:00:00            1,228 100%   17.64kB/s    0:00:00 (xfr#1506, ir-chk=1012/21950)
vendor/phpunit/phpunit/src/Event/Events/TestSuite/LoadedSubscriber.php
            532 100%    7.64kB/s    0:00:00              532 100%    7.64kB/s    0:00:00 (xfr#1507, ir-chk=1011/21950)
vendor/phpunit/phpunit/src/Event/Events/TestSuite/Skipped.php
          1,367 100%   19.63kB/s    0:00:00            1,367 100%   19.63kB/s    0:00:00 (xfr#1508, ir-chk=1010/21950)
vendor/phpunit/phpunit/src/Event/Events/TestSuite/SkippedSubscriber.php
            534 100%    7.67kB/s    0:00:00              534 100%    7.67kB/s    0:00:00 (xfr#1509, ir-chk=1009/21950)
vendor/phpunit/phpunit/src/Event/Events/TestSuite/Sorted.php
          1,559 100%   22.39kB/s    0:00:00            1,559 100%   22.39kB/s    0:00:00 (xfr#1510, ir-chk=1008/21950)
vendor/phpunit/phpunit/src/Event/Events/TestSuite/SortedSubscriber.php
            532 100%    7.64kB/s    0:00:00              532 100%    7.64kB/s    0:00:00 (xfr#1511, ir-chk=1007/21950)
vendor/phpunit/phpunit/src/Event/Events/TestSuite/Started.php
          1,272 100%   18.27kB/s    0:00:00            1,272 100%   18.27kB/s    0:00:00 (xfr#1512, ir-chk=1006/21950)
vendor/phpunit/phpunit/src/Event/Events/TestSuite/StartedSubscriber.php
            534 100%    7.67kB/s    0:00:00              534 100%    7.67kB/s    0:00:00 (xfr#1513, ir-chk=1005/21950)
vendor/phpunit/phpunit/src/Event/Exception/
vendor/phpunit/phpunit/src/Event/Exception/EventAlreadyAssignedException.php
            507 100%    7.18kB/s    0:00:00              507 100%    7.18kB/s    0:00:00 (xfr#1514, ir-chk=1016/21962)
vendor/phpunit/phpunit/src/Event/Exception/EventFacadeIsSealedException.php
            506 100%    7.16kB/s    0:00:00              506 100%    7.16kB/s    0:00:00 (xfr#1515, ir-chk=1015/21962)
vendor/phpunit/phpunit/src/Event/Exception/Exception.php
            443 100%    6.27kB/s    0:00:00              443 100%    6.27kB/s    0:00:00 (xfr#1516, ir-chk=1014/21962)
vendor/phpunit/phpunit/src/Event/Exception/InvalidArgumentException.php
            488 100%    6.91kB/s    0:00:00              488 100%    6.91kB/s    0:00:00 (xfr#1517, ir-chk=1013/21962)
vendor/phpunit/phpunit/src/Event/Exception/InvalidEventException.php
            499 100%    7.06kB/s    0:00:00              499 100%    7.06kB/s    0:00:00 (xfr#1518, ir-chk=1012/21962)
vendor/phpunit/phpunit/src/Event/Exception/InvalidSubscriberException.php
            504 100%    7.13kB/s    0:00:00              504 100%    7.13kB/s    0:00:00 (xfr#1519, ir-chk=1011/21962)
vendor/phpunit/phpunit/src/Event/Exception/MapError.php
            486 100%    6.88kB/s    0:00:00              486 100%    6.88kB/s    0:00:00 (xfr#1520, ir-chk=1010/21962)
vendor/phpunit/phpunit/src/Event/Exception/NoComparisonFailureException.php
            540 100%    7.64kB/s    0:00:00              540 100%    7.64kB/s    0:00:00 (xfr#1521, ir-chk=1009/21962)
vendor/phpunit/phpunit/src/Event/Exception/NoDataSetFromDataProviderException.php
            550 100%    7.78kB/s    0:00:00              550 100%    7.78kB/s    0:00:00 (xfr#1522, ir-chk=1008/21962)
vendor/phpunit/phpunit/src/Event/Exception/NoPreviousThrowableException.php
            506 100%    7.16kB/s    0:00:00              506 100%    7.16kB/s    0:00:00 (xfr#1523, ir-chk=1007/21962)
vendor/phpunit/phpunit/src/Event/Exception/NoTestCaseObjectOnCallStackException.php
            760 100%   10.60kB/s    0:00:00              760 100%   10.60kB/s    0:00:00 (xfr#1524, ir-chk=1006/21962)
vendor/phpunit/phpunit/src/Event/Exception/RuntimeException.php
            472 100%    6.58kB/s    0:00:00              472 100%    6.58kB/s    0:00:00 (xfr#1525, ir-chk=1005/21962)
vendor/phpunit/phpunit/src/Event/Exception/SubscriberTypeAlreadyRegisteredException.php
            518 100%    7.23kB/s    0:00:00              518 100%    7.23kB/s    0:00:00 (xfr#1526, ir-chk=1004/21962)
vendor/phpunit/phpunit/src/Event/Exception/UnknownEventException.php
            499 100%    6.96kB/s    0:00:00              499 100%    6.96kB/s    0:00:00 (xfr#1527, ir-chk=1003/21962)
vendor/phpunit/phpunit/src/Event/Exception/UnknownEventTypeException.php
            503 100%    7.02kB/s    0:00:00              503 100%    7.02kB/s    0:00:00 (xfr#1528, ir-chk=1002/21962)
vendor/phpunit/phpunit/src/Event/Exception/UnknownSubscriberException.php
            504 100%    7.03kB/s    0:00:00              504 100%    7.03kB/s    0:00:00 (xfr#1529, ir-chk=1001/21962)
vendor/phpunit/phpunit/src/Event/Exception/UnknownSubscriberTypeException.php
            508 100%    7.09kB/s    0:00:00              508 100%    7.09kB/s    0:00:00 (xfr#1530, ir-chk=1000/21962)
vendor/phpunit/phpunit/src/Event/Value/
vendor/phpunit/phpunit/src/Event/Value/ClassMethod.php
          1,133 100%   15.81kB/s    0:00:00            1,133 100%   15.81kB/s    0:00:00 (xfr#1531, ir-chk=1008/21971)
vendor/phpunit/phpunit/src/Event/Value/ComparisonFailure.php
            979 100%   13.66kB/s    0:00:00              979 100%   13.66kB/s    0:00:00 (xfr#1532, ir-chk=1007/21971)
vendor/phpunit/phpunit/src/Event/Value/ComparisonFailureBuilder.php
          1,893 100%   26.04kB/s    0:00:00            1,893 100%   26.04kB/s    0:00:00 (xfr#1533, ir-chk=1006/21971)
vendor/phpunit/phpunit/src/Event/Value/Throwable.php
          2,333 100%   32.09kB/s    0:00:00            2,333 100%   32.09kB/s    0:00:00 (xfr#1534, ir-chk=1005/21971)
vendor/phpunit/phpunit/src/Event/Value/ThrowableBuilder.php
          1,194 100%   16.42kB/s    0:00:00            1,194 100%   16.42kB/s    0:00:00 (xfr#1535, ir-chk=1004/21971)
vendor/phpunit/phpunit/src/Event/Value/Runtime/
vendor/phpunit/phpunit/src/Event/Value/Runtime/OperatingSystem.php
            938 100%   12.90kB/s    0:00:00              938 100%   12.90kB/s    0:00:00 (xfr#1536, ir-chk=1004/21976)
vendor/phpunit/phpunit/src/Event/Value/Runtime/PHP.php
          2,318 100%   31.88kB/s    0:00:00            2,318 100%   31.88kB/s    0:00:00 (xfr#1537, ir-chk=1003/21976)
vendor/phpunit/phpunit/src/Event/Value/Runtime/PHPUnit.php
            868 100%   11.94kB/s    0:00:00              868 100%   11.94kB/s    0:00:00 (xfr#1538, ir-chk=1002/21976)
vendor/phpunit/phpunit/src/Event/Value/Runtime/Runtime.php
          1,343 100%   18.47kB/s    0:00:00            1,343 100%   18.47kB/s    0:00:00 (xfr#1539, ir-chk=1001/21976)
vendor/phpunit/phpunit/src/Event/Value/Telemetry/
vendor/phpunit/phpunit/src/Event/Value/Telemetry/Duration.php
          3,528 100%   47.85kB/s    0:00:00            3,528 100%   47.85kB/s    0:00:00 (xfr#1540, ir-chk=1029/22005)
vendor/phpunit/phpunit/src/Event/Value/Telemetry/GarbageCollectorStatus.php
          4,687 100%   63.57kB/s    0:00:00            4,687 100%   63.57kB/s    0:00:00 (xfr#1541, ir-chk=1028/22005)
vendor/phpunit/phpunit/src/Event/Value/Telemetry/GarbageCollectorStatusProvider.php
            597 100%    8.10kB/s    0:00:00              597 100%    8.10kB/s    0:00:00 (xfr#1542, ir-chk=1027/22005)
vendor/phpunit/phpunit/src/Event/Value/Telemetry/HRTime.php
          2,583 100%   35.03kB/s    0:00:00            2,583 100%   35.03kB/s    0:00:00 (xfr#1543, ir-chk=1026/22005)
vendor/phpunit/phpunit/src/Event/Value/Telemetry/Info.php
          2,331 100%   31.62kB/s    0:00:00            2,331 100%   31.62kB/s    0:00:00 (xfr#1544, ir-chk=1025/22005)
vendor/phpunit/phpunit/src/Event/Value/Telemetry/MemoryMeter.php
            625 100%    8.48kB/s    0:00:00              625 100%    8.48kB/s    0:00:00 (xfr#1545, ir-chk=1024/22005)
vendor/phpunit/phpunit/src/Event/Value/Telemetry/MemoryUsage.php
            864 100%   11.72kB/s    0:00:00              864 100%   11.72kB/s    0:00:00 (xfr#1546, ir-chk=1023/22005)
vendor/phpunit/phpunit/src/Event/Value/Telemetry/Php81GarbageCollectorStatusProvider.php
          1,070 100%   14.31kB/s    0:00:00            1,070 100%   14.31kB/s    0:00:00 (xfr#1547, ir-chk=1022/22005)
vendor/phpunit/phpunit/src/Event/Value/Telemetry/Php83GarbageCollectorStatusProvider.php
          1,641 100%   21.95kB/s    0:00:00            1,641 100%   21.95kB/s    0:00:00 (xfr#1548, ir-chk=1021/22005)
vendor/phpunit/phpunit/src/Event/Value/Telemetry/Snapshot.php
          1,408 100%   18.84kB/s    0:00:00            1,408 100%   18.84kB/s    0:00:00 (xfr#1549, ir-chk=1020/22005)
vendor/phpunit/phpunit/src/Event/Value/Telemetry/StopWatch.php
            561 100%    7.50kB/s    0:00:00              561 100%    7.50kB/s    0:00:00 (xfr#1550, ir-chk=1019/22005)
vendor/phpunit/phpunit/src/Event/Value/Telemetry/System.php
          1,328 100%   17.77kB/s    0:00:00            1,328 100%   17.77kB/s    0:00:00 (xfr#1551, ir-chk=1018/22005)
vendor/phpunit/phpunit/src/Event/Value/Telemetry/SystemMemoryMeter.php
            874 100%   11.69kB/s    0:00:00              874 100%   11.69kB/s    0:00:00 (xfr#1552, ir-chk=1017/22005)
vendor/phpunit/phpunit/src/Event/Value/Telemetry/SystemStopWatch.php
            791 100%   10.58kB/s    0:00:00              791 100%   10.58kB/s    0:00:00 (xfr#1553, ir-chk=1016/22005)
vendor/phpunit/phpunit/src/Event/Value/Telemetry/SystemStopWatchWithOffset.php
          1,092 100%   14.61kB/s    0:00:00            1,092 100%   14.61kB/s    0:00:00 (xfr#1554, ir-chk=1015/22005)
vendor/phpunit/phpunit/src/Event/Value/Test/
vendor/phpunit/phpunit/src/Event/Value/Test/Phpt.php
            775 100%   10.37kB/s    0:00:00              775 100%   10.37kB/s    0:00:00 (xfr#1555, ir-chk=1014/22005)
vendor/phpunit/phpunit/src/Event/Value/Test/Test.php
          1,237 100%   16.32kB/s    0:00:00            1,237 100%   16.32kB/s    0:00:00 (xfr#1556, ir-chk=1013/22005)
vendor/phpunit/phpunit/src/Event/Value/Test/TestCollection.php
          1,245 100%   16.43kB/s    0:00:00            1,245 100%   16.43kB/s    0:00:00 (xfr#1557, ir-chk=1012/22005)
vendor/phpunit/phpunit/src/Event/Value/Test/TestCollectionIterator.php
          1,175 100%   15.51kB/s    0:00:00            1,175 100%   15.51kB/s    0:00:00 (xfr#1558, ir-chk=1011/22005)
vendor/phpunit/phpunit/src/Event/Value/Test/TestDox.php
          1,292 100%   17.05kB/s    0:00:00            1,292 100%   17.05kB/s    0:00:00 (xfr#1559, ir-chk=1010/22005)
vendor/phpunit/phpunit/src/Event/Value/Test/TestDoxBuilder.php
          1,751 100%   23.11kB/s    0:00:00            1,751 100%   23.11kB/s    0:00:00 (xfr#1560, ir-chk=1009/22005)
vendor/phpunit/phpunit/src/Event/Value/Test/TestMethod.php
          3,431 100%   45.28kB/s    0:00:00            3,431 100%   45.28kB/s    0:00:00 (xfr#1561, ir-chk=1008/22005)
vendor/phpunit/phpunit/src/Event/Value/Test/TestMethodBuilder.php
          2,529 100%   33.37kB/s    0:00:00            2,529 100%   33.37kB/s    0:00:00 (xfr#1562, ir-chk=1007/22005)
vendor/phpunit/phpunit/src/Event/Value/Test/Issue/
vendor/phpunit/phpunit/src/Event/Value/Test/Issue/DirectTrigger.php
            760 100%    9.90kB/s    0:00:00              760 100%    9.90kB/s    0:00:00 (xfr#1563, ir-chk=1032/22033)
vendor/phpunit/phpunit/src/Event/Value/Test/Issue/IndirectTrigger.php
            764 100%    9.95kB/s    0:00:00              764 100%    9.95kB/s    0:00:00 (xfr#1564, ir-chk=1031/22033)
vendor/phpunit/phpunit/src/Event/Value/Test/Issue/IssueTrigger.php
          2,018 100%   26.28kB/s    0:00:00            2,018 100%   26.28kB/s    0:00:00 (xfr#1565, ir-chk=1030/22033)
vendor/phpunit/phpunit/src/Event/Value/Test/Issue/SelfTrigger.php
            753 100%    9.80kB/s    0:00:00              753 100%    9.80kB/s    0:00:00 (xfr#1566, ir-chk=1029/22033)
vendor/phpunit/phpunit/src/Event/Value/Test/Issue/TestTrigger.php
            700 100%    9.11kB/s    0:00:00              700 100%    9.11kB/s    0:00:00 (xfr#1567, ir-chk=1028/22033)
vendor/phpunit/phpunit/src/Event/Value/Test/Issue/UnknownTrigger.php
            691 100%    9.00kB/s    0:00:00              691 100%    9.00kB/s    0:00:00 (xfr#1568, ir-chk=1027/22033)
vendor/phpunit/phpunit/src/Event/Value/Test/TestData/
vendor/phpunit/phpunit/src/Event/Value/Test/TestData/DataFromDataProvider.php
          1,472 100%   19.17kB/s    0:00:00            1,472 100%   19.17kB/s    0:00:00 (xfr#1569, ir-chk=1026/22033)
vendor/phpunit/phpunit/src/Event/Value/Test/TestData/DataFromTestDependency.php
            662 100%    8.62kB/s    0:00:00              662 100%    8.62kB/s    0:00:00 (xfr#1570, ir-chk=1025/22033)
vendor/phpunit/phpunit/src/Event/Value/Test/TestData/TestData.php
            964 100%   12.55kB/s    0:00:00              964 100%   12.55kB/s    0:00:00 (xfr#1571, ir-chk=1024/22033)
vendor/phpunit/phpunit/src/Event/Value/Test/TestData/TestDataCollection.php
          2,054 100%   26.39kB/s    0:00:00            2,054 100%   26.39kB/s    0:00:00 (xfr#1572, ir-chk=1023/22033)
vendor/phpunit/phpunit/src/Event/Value/Test/TestData/TestDataCollectionIterator.php
          1,193 100%   15.33kB/s    0:00:00            1,193 100%   15.33kB/s    0:00:00 (xfr#1573, ir-chk=1022/22033)
vendor/phpunit/phpunit/src/Event/Value/TestSuite/
vendor/phpunit/phpunit/src/Event/Value/TestSuite/TestSuite.php
          1,634 100%   21.00kB/s    0:00:00            1,634 100%   21.00kB/s    0:00:00 (xfr#1574, ir-chk=1021/22033)
vendor/phpunit/phpunit/src/Event/Value/TestSuite/TestSuiteBuilder.php
          3,256 100%   41.84kB/s    0:00:00            3,256 100%   41.84kB/s    0:00:00 (xfr#1575, ir-chk=1020/22033)
vendor/phpunit/phpunit/src/Event/Value/TestSuite/TestSuiteForTestClass.php
          1,322 100%   16.99kB/s    0:00:00            1,322 100%   16.99kB/s    0:00:00 (xfr#1576, ir-chk=1019/22033)
vendor/phpunit/phpunit/src/Event/Value/TestSuite/TestSuiteForTestMethodWithDataProvider.php
          1,747 100%   22.45kB/s    0:00:00            1,747 100%   22.45kB/s    0:00:00 (xfr#1577, ir-chk=1018/22033)
vendor/phpunit/phpunit/src/Event/Value/TestSuite/TestSuiteWithName.php
            552 100%    7.09kB/s    0:00:00              552 100%    7.09kB/s    0:00:00 (xfr#1578, ir-chk=1017/22033)
vendor/phpunit/phpunit/src/Framework/
vendor/phpunit/phpunit/src/Framework/Assert.php
         32,768  35%  415.58kB/s    0:00:00           92,257 100%    1.14MB/s    0:00:00 (xfr#1579, ir-chk=1039/22056)
vendor/phpunit/phpunit/src/Framework/DataProviderTestSuite.php
          2,239 100%   28.40kB/s    0:00:00            2,239 100%   28.40kB/s    0:00:00 (xfr#1580, ir-chk=1038/22056)
vendor/phpunit/phpunit/src/Framework/ExecutionOrderDependency.php
          4,966 100%   62.17kB/s    0:00:00            4,966 100%   62.17kB/s    0:00:00 (xfr#1581, ir-chk=1037/22056)
vendor/phpunit/phpunit/src/Framework/NativeType.php
            901 100%   11.28kB/s    0:00:00              901 100%   11.28kB/s    0:00:00 (xfr#1582, ir-chk=1036/22056)
vendor/phpunit/phpunit/src/Framework/Reorderable.php
            756 100%    9.47kB/s    0:00:00              756 100%    9.47kB/s    0:00:00 (xfr#1583, ir-chk=1035/22056)
vendor/phpunit/phpunit/src/Framework/SelfDescribing.php
            631 100%    7.90kB/s    0:00:00              631 100%    7.90kB/s    0:00:00 (xfr#1584, ir-chk=1034/22056)
vendor/phpunit/phpunit/src/Framework/Test.php
            482 100%    6.03kB/s    0:00:00              482 100%    6.03kB/s    0:00:00 (xfr#1585, ir-chk=1033/22056)
vendor/phpunit/phpunit/src/Framework/TestBuilder.php
         11,333 100%  141.89kB/s    0:00:00           11,333 100%  141.89kB/s    0:00:00 (xfr#1586, ir-chk=1032/22056)
vendor/phpunit/phpunit/src/Framework/TestCase.php
         32,768  38%  410.26kB/s    0:00:00           84,498 100%    1.02MB/s    0:00:00 (xfr#1587, ir-chk=1031/22056)
vendor/phpunit/phpunit/src/Framework/TestSuite.php
         19,473 100%  237.71kB/s    0:00:00           19,473 100%  237.71kB/s    0:00:00 (xfr#1588, ir-chk=1030/22056)
vendor/phpunit/phpunit/src/Framework/TestSuiteIterator.php
          1,885 100%   23.01kB/s    0:00:00            1,885 100%   23.01kB/s    0:00:00 (xfr#1589, ir-chk=1029/22056)
vendor/phpunit/phpunit/src/Framework/Assert/
vendor/phpunit/phpunit/src/Framework/Assert/Functions.php
         32,768  29%  400.00kB/s    0:00:00          112,852 100%    1.33MB/s    0:00:00 (xfr#1590, ir-chk=1020/22056)
vendor/phpunit/phpunit/src/Framework/Attributes/
vendor/phpunit/phpunit/src/Framework/Attributes/After.php
            719 100%    8.67kB/s    0:00:00              719 100%    8.67kB/s    0:00:00 (xfr#1591, ir-chk=1056/22093)
vendor/phpunit/phpunit/src/Framework/Attributes/AfterClass.php
            724 100%    8.73kB/s    0:00:00              724 100%    8.73kB/s    0:00:00 (xfr#1592, ir-chk=1055/22093)
vendor/phpunit/phpunit/src/Framework/Attributes/BackupGlobals.php
            746 100%    8.99kB/s    0:00:00              746 100%    8.99kB/s    0:00:00 (xfr#1593, ir-chk=1054/22093)
vendor/phpunit/phpunit/src/Framework/Attributes/BackupStaticProperties.php
            755 100%    9.10kB/s    0:00:00              755 100%    9.10kB/s    0:00:00 (xfr#1594, ir-chk=1053/22093)
vendor/phpunit/phpunit/src/Framework/Attributes/Before.php
            720 100%    8.68kB/s    0:00:00              720 100%    8.68kB/s    0:00:00 (xfr#1595, ir-chk=1052/22093)
vendor/phpunit/phpunit/src/Framework/Attributes/BeforeClass.php
            725 100%    8.63kB/s    0:00:00              725 100%    8.63kB/s    0:00:00 (xfr#1596, ir-chk=1051/22093)
vendor/phpunit/phpunit/src/Framework/Attributes/CoversClass.php
            901 100%   10.73kB/s    0:00:00              901 100%   10.73kB/s    0:00:00 (xfr#1597, ir-chk=1050/22093)
vendor/phpunit/phpunit/src/Framework/Attributes/CoversFunction.php
            937 100%   11.16kB/s    0:00:00              937 100%   11.16kB/s    0:00:00 (xfr#1598, ir-chk=1049/22093)
vendor/phpunit/phpunit/src/Framework/Attributes/CoversMethod.php
          1,225 100%   14.59kB/s    0:00:00            1,225 100%   14.59kB/s    0:00:00 (xfr#1599, ir-chk=1048/22093)
vendor/phpunit/phpunit/src/Framework/Attributes/CoversNothing.php
            544 100%    6.48kB/s    0:00:00              544 100%    6.48kB/s    0:00:00 (xfr#1600, ir-chk=1047/22093)
vendor/phpunit/phpunit/src/Framework/Attributes/CoversTrait.php
            901 100%   10.73kB/s    0:00:00              901 100%   10.73kB/s    0:00:00 (xfr#1601, ir-chk=1046/22093)
vendor/phpunit/phpunit/src/Framework/Attributes/DataProvider.php
            922 100%   10.98kB/s    0:00:00              922 100%   10.98kB/s    0:00:00 (xfr#1602, ir-chk=1045/22093)
vendor/phpunit/phpunit/src/Framework/Attributes/DataProviderExternal.php
          1,234 100%   14.70kB/s    0:00:00            1,234 100%   14.70kB/s    0:00:00 (xfr#1603, ir-chk=1044/22093)
vendor/phpunit/phpunit/src/Framework/Attributes/Depends.php
            917 100%   10.92kB/s    0:00:00              917 100%   10.92kB/s    0:00:00 (xfr#1604, ir-chk=1043/22093)
vendor/phpunit/phpunit/src/Framework/Attributes/DependsExternal.php
          1,229 100%   14.64kB/s    0:00:00            1,229 100%   14.64kB/s    0:00:00 (xfr#1605, ir-chk=1042/22093)
vendor/phpunit/phpunit/src/Framework/Attributes/DependsExternalUsingDeepClone.php
          1,243 100%   14.80kB/s    0:00:00            1,243 100%   14.80kB/s    0:00:00 (xfr#1606, ir-chk=1041/22093)
vendor/phpunit/phpunit/src/Framework/Attributes/DependsExternalUsingShallowClone.php
          1,246 100%   14.84kB/s    0:00:00            1,246 100%   14.84kB/s    0:00:00 (xfr#1607, ir-chk=1040/22093)
vendor/phpunit/phpunit/src/Framework/Attributes/DependsOnClass.php
            905 100%   10.65kB/s    0:00:00              905 100%   10.65kB/s    0:00:00 (xfr#1608, ir-chk=1039/22093)
vendor/phpunit/phpunit/src/Framework/Attributes/DependsOnClassUsingDeepClone.php
            919 100%   10.81kB/s    0:00:00              919 100%   10.81kB/s    0:00:00 (xfr#1609, ir-chk=1038/22093)
vendor/phpunit/phpunit/src/Framework/Attributes/DependsOnClassUsingShallowClone.php
            922 100%   10.85kB/s    0:00:00              922 100%   10.85kB/s    0:00:00 (xfr#1610, ir-chk=1037/22093)
vendor/phpunit/phpunit/src/Framework/Attributes/DependsUsingDeepClone.php
            931 100%   10.95kB/s    0:00:00              931 100%   10.95kB/s    0:00:00 (xfr#1611, ir-chk=1036/22093)
vendor/phpunit/phpunit/src/Framework/Attributes/DependsUsingShallowClone.php
            934 100%   10.99kB/s    0:00:00              934 100%   10.99kB/s    0:00:00 (xfr#1612, ir-chk=1035/22093)
vendor/phpunit/phpunit/src/Framework/Attributes/DisableReturnValueGenerationForTestDoubles.php
            546 100%    6.42kB/s    0:00:00              546 100%    6.42kB/s    0:00:00 (xfr#1613, ir-chk=1034/22093)
vendor/phpunit/phpunit/src/Framework/Attributes/DoesNotPerformAssertions.php
            555 100%    6.53kB/s    0:00:00              555 100%    6.53kB/s    0:00:00 (xfr#1614, ir-chk=1033/22093)
vendor/phpunit/phpunit/src/Framework/Attributes/ExcludeGlobalVariableFromBackup.php
          1,023 100%   12.04kB/s    0:00:00            1,023 100%   12.04kB/s    0:00:00 (xfr#1615, ir-chk=1032/22093)
vendor/phpunit/phpunit/src/Framework/Attributes/ExcludeStaticPropertyFromBackup.php
          1,287 100%   15.14kB/s    0:00:00            1,287 100%   15.14kB/s    0:00:00 (xfr#1616, ir-chk=1031/22093)
vendor/phpunit/phpunit/src/Framework/Attributes/Group.php
            899 100%   10.58kB/s    0:00:00              899 100%   10.58kB/s    0:00:00 (xfr#1617, ir-chk=1030/22093)
vendor/phpunit/phpunit/src/Framework/Attributes/IgnoreDeprecations.php
            549 100%    6.46kB/s    0:00:00              549 100%    6.46kB/s    0:00:00 (xfr#1618, ir-chk=1029/22093)
vendor/phpunit/phpunit/src/Framework/Attributes/IgnorePhpunitDeprecations.php
            648 100%    7.53kB/s    0:00:00              648 100%    7.53kB/s    0:00:00 (xfr#1619, ir-chk=1028/22093)
vendor/phpunit/phpunit/src/Framework/Attributes/Large.php
            509 100%    5.92kB/s    0:00:00              509 100%    5.92kB/s    0:00:00 (xfr#1620, ir-chk=1027/22093)
vendor/phpunit/phpunit/src/Framework/Attributes/Medium.php
            510 100%    5.93kB/s    0:00:00              510 100%    5.93kB/s    0:00:00 (xfr#1621, ir-chk=1026/22093)
vendor/phpunit/phpunit/src/Framework/Attributes/PostCondition.php
            727 100%    8.45kB/s    0:00:00              727 100%    8.45kB/s    0:00:00 (xfr#1622, ir-chk=1025/22093)
vendor/phpunit/phpunit/src/Framework/Attributes/PreCondition.php
            726 100%    8.44kB/s    0:00:00              726 100%    8.44kB/s    0:00:00 (xfr#1623, ir-chk=1024/22093)
vendor/phpunit/phpunit/src/Framework/Attributes/PreserveGlobalState.php
            752 100%    8.74kB/s    0:00:00              752 100%    8.74kB/s    0:00:00 (xfr#1624, ir-chk=1023/22093)
vendor/phpunit/phpunit/src/Framework/Attributes/RequiresFunction.php
            966 100%   11.23kB/s    0:00:00              966 100%   11.23kB/s    0:00:00 (xfr#1625, ir-chk=1022/22093)
vendor/phpunit/phpunit/src/Framework/Attributes/RequiresMethod.php
          1,254 100%   14.58kB/s    0:00:00            1,254 100%   14.58kB/s    0:00:00 (xfr#1626, ir-chk=1021/22093)
vendor/phpunit/phpunit/src/Framework/Attributes/RequiresOperatingSystem.php
            981 100%   11.40kB/s    0:00:00              981 100%   11.40kB/s    0:00:00 (xfr#1627, ir-chk=1020/22093)
vendor/phpunit/phpunit/src/Framework/Attributes/RequiresOperatingSystemFamily.php
          1,015 100%   11.80kB/s    0:00:00            1,015 100%   11.80kB/s    0:00:00 (xfr#1628, ir-chk=1019/22093)
vendor/phpunit/phpunit/src/Framework/Attributes/RequiresPhp.php
            976 100%   11.35kB/s    0:00:00              976 100%   11.35kB/s    0:00:00 (xfr#1629, ir-chk=1018/22093)
vendor/phpunit/phpunit/src/Framework/Attributes/RequiresPhpExtension.php
          1,362 100%   15.65kB/s    0:00:00            1,362 100%   15.65kB/s    0:00:00 (xfr#1630, ir-chk=1017/22093)
vendor/phpunit/phpunit/src/Framework/Attributes/RequiresPhpunit.php
            980 100%   11.26kB/s    0:00:00              980 100%   11.26kB/s    0:00:00 (xfr#1631, ir-chk=1016/22093)
vendor/phpunit/phpunit/src/Framework/Attributes/RequiresPhpunitExtension.php
          1,049 100%   12.05kB/s    0:00:00            1,049 100%   12.05kB/s    0:00:00 (xfr#1632, ir-chk=1015/22093)
vendor/phpunit/phpunit/src/Framework/Attributes/RequiresSetting.php
          1,215 100%   13.96kB/s    0:00:00            1,215 100%   13.96kB/s    0:00:00 (xfr#1633, ir-chk=1014/22093)
vendor/phpunit/phpunit/src/Framework/Attributes/RunClassInSeparateProcess.php
            529 100%    6.08kB/s    0:00:00              529 100%    6.08kB/s    0:00:00 (xfr#1634, ir-chk=1013/22093)
vendor/phpunit/phpunit/src/Framework/Attributes/RunInSeparateProcess.php
            525 100%    6.03kB/s    0:00:00              525 100%    6.03kB/s    0:00:00 (xfr#1635, ir-chk=1012/22093)
vendor/phpunit/phpunit/src/Framework/Attributes/RunTestsInSeparateProcesses.php
            531 100%    6.10kB/s    0:00:00              531 100%    6.10kB/s    0:00:00 (xfr#1636, ir-chk=1011/22093)
vendor/phpunit/phpunit/src/Framework/Attributes/Small.php
            509 100%    5.85kB/s    0:00:00              509 100%    5.85kB/s    0:00:00 (xfr#1637, ir-chk=1010/22093)
vendor/phpunit/phpunit/src/Framework/Attributes/Test.php
            509 100%    5.85kB/s    0:00:00              509 100%    5.85kB/s    0:00:00 (xfr#1638, ir-chk=1009/22093)
vendor/phpunit/phpunit/src/Framework/Attributes/TestDox.php
            874 100%   10.04kB/s    0:00:00              874 100%   10.04kB/s    0:00:00 (xfr#1639, ir-chk=1008/22093)
vendor/phpunit/phpunit/src/Framework/Attributes/TestWith.php
          1,155 100%   13.27kB/s    0:00:00            1,155 100%   13.27kB/s    0:00:00 (xfr#1640, ir-chk=1007/22093)
vendor/phpunit/phpunit/src/Framework/Attributes/TestWithJson.php
          1,170 100%   13.44kB/s    0:00:00            1,170 100%   13.44kB/s    0:00:00 (xfr#1641, ir-chk=1006/22093)
vendor/phpunit/phpunit/src/Framework/Attributes/Ticket.php
            900 100%   10.34kB/s    0:00:00              900 100%   10.34kB/s    0:00:00 (xfr#1642, ir-chk=1005/22093)
vendor/phpunit/phpunit/src/Framework/Attributes/UsesClass.php
            899 100%   10.33kB/s    0:00:00              899 100%   10.33kB/s    0:00:00 (xfr#1643, ir-chk=1004/22093)
vendor/phpunit/phpunit/src/Framework/Attributes/UsesFunction.php
            935 100%   10.74kB/s    0:00:00              935 100%   10.74kB/s    0:00:00 (xfr#1644, ir-chk=1003/22093)
vendor/phpunit/phpunit/src/Framework/Attributes/UsesMethod.php
          1,223 100%   14.05kB/s    0:00:00            1,223 100%   14.05kB/s    0:00:00 (xfr#1645, ir-chk=1002/22093)
vendor/phpunit/phpunit/src/Framework/Attributes/UsesTrait.php
            899 100%   10.33kB/s    0:00:00              899 100%   10.33kB/s    0:00:00 (xfr#1646, ir-chk=1001/22093)
vendor/phpunit/phpunit/src/Framework/Attributes/WithoutErrorHandler.php
            524 100%    6.02kB/s    0:00:00              524 100%    6.02kB/s    0:00:00 (xfr#1647, ir-chk=1000/22093)
vendor/phpunit/phpunit/src/Framework/Constraint/
vendor/phpunit/phpunit/src/Framework/Constraint/Callback.php
          1,504 100%   17.08kB/s    0:00:00            1,504 100%   17.08kB/s    0:00:00 (xfr#1648, ir-chk=1061/22155)
vendor/phpunit/phpunit/src/Framework/Constraint/Constraint.php
          8,865 100%  100.67kB/s    0:00:00            8,865 100%  100.67kB/s    0:00:00 (xfr#1649, ir-chk=1060/22155)
vendor/phpunit/phpunit/src/Framework/Constraint/IsAnything.php
          1,286 100%   14.60kB/s    0:00:00            1,286 100%   14.60kB/s    0:00:00 (xfr#1650, ir-chk=1059/22155)
vendor/phpunit/phpunit/src/Framework/Constraint/IsIdentical.php
          3,747 100%   42.55kB/s    0:00:00            3,747 100%   42.55kB/s    0:00:00 (xfr#1651, ir-chk=1058/22155)
vendor/phpunit/phpunit/src/Framework/Constraint/JsonMatches.php
          2,659 100%   30.19kB/s    0:00:00            2,659 100%   30.19kB/s    0:00:00 (xfr#1652, ir-chk=1057/22155)
vendor/phpunit/phpunit/src/Framework/Constraint/Boolean/
vendor/phpunit/phpunit/src/Framework/Constraint/Boolean/IsFalse.php
            832 100%    9.34kB/s    0:00:00              832 100%    9.34kB/s    0:00:00 (xfr#1653, ir-chk=1045/22155)
vendor/phpunit/phpunit/src/Framework/Constraint/Boolean/IsTrue.php
            829 100%    9.31kB/s    0:00:00              829 100%    9.31kB/s    0:00:00 (xfr#1654, ir-chk=1044/22155)
vendor/phpunit/phpunit/src/Framework/Constraint/Cardinality/
vendor/phpunit/phpunit/src/Framework/Constraint/Cardinality/Count.php
          3,244 100%   36.41kB/s    0:00:00            3,244 100%   36.41kB/s    0:00:00 (xfr#1655, ir-chk=1043/22155)
vendor/phpunit/phpunit/src/Framework/Constraint/Cardinality/GreaterThan.php
          1,036 100%   11.63kB/s    0:00:00            1,036 100%   11.63kB/s    0:00:00 (xfr#1656, ir-chk=1042/22155)
vendor/phpunit/phpunit/src/Framework/Constraint/Cardinality/IsEmpty.php
          1,660 100%   18.63kB/s    0:00:00            1,660 100%   18.63kB/s    0:00:00 (xfr#1657, ir-chk=1041/22155)
vendor/phpunit/phpunit/src/Framework/Constraint/Cardinality/LessThan.php
          1,030 100%   11.56kB/s    0:00:00            1,030 100%   11.56kB/s    0:00:00 (xfr#1658, ir-chk=1040/22155)
vendor/phpunit/phpunit/src/Framework/Constraint/Cardinality/SameSize.php
            732 100%    8.22kB/s    0:00:00              732 100%    8.22kB/s    0:00:00 (xfr#1659, ir-chk=1039/22155)
vendor/phpunit/phpunit/src/Framework/Constraint/Equality/
vendor/phpunit/phpunit/src/Framework/Constraint/Equality/IsEqual.php
          2,846 100%   31.95kB/s    0:00:00            2,846 100%   31.95kB/s    0:00:00 (xfr#1660, ir-chk=1038/22155)
vendor/phpunit/phpunit/src/Framework/Constraint/Equality/IsEqualCanonicalizing.php
          2,859 100%   32.09kB/s    0:00:00            2,859 100%   32.09kB/s    0:00:00 (xfr#1661, ir-chk=1037/22155)
vendor/phpunit/phpunit/src/Framework/Constraint/Equality/IsEqualIgnoringCase.php
          2,880 100%   32.33kB/s    0:00:00            2,880 100%   31.96kB/s    0:00:00 (xfr#1662, ir-chk=1036/22155)
vendor/phpunit/phpunit/src/Framework/Constraint/Equality/IsEqualWithDelta.php
          2,641 100%   29.31kB/s    0:00:00            2,641 100%   29.31kB/s    0:00:00 (xfr#1663, ir-chk=1035/22155)
vendor/phpunit/phpunit/src/Framework/Constraint/Exception/
vendor/phpunit/phpunit/src/Framework/Constraint/Exception/Exception.php
          2,158 100%   23.95kB/s    0:00:00            2,158 100%   23.95kB/s    0:00:00 (xfr#1664, ir-chk=1034/22155)
vendor/phpunit/phpunit/src/Framework/Constraint/Exception/ExceptionCode.php
          1,604 100%   17.80kB/s    0:00:00            1,604 100%   17.80kB/s    0:00:00 (xfr#1665, ir-chk=1033/22155)
vendor/phpunit/phpunit/src/Framework/Constraint/Exception/ExceptionMessageIsOrContains.php
          1,898 100%   21.06kB/s    0:00:00            1,898 100%   21.06kB/s    0:00:00 (xfr#1666, ir-chk=1032/22155)
vendor/phpunit/phpunit/src/Framework/Constraint/Exception/ExceptionMessageMatchesRegularExpression.php
          2,086 100%   23.15kB/s    0:00:00            2,086 100%   23.15kB/s    0:00:00 (xfr#1667, ir-chk=1031/22155)
vendor/phpunit/phpunit/src/Framework/Constraint/Filesystem/
vendor/phpunit/phpunit/src/Framework/Constraint/Filesystem/DirectoryExists.php
          1,279 100%   14.19kB/s    0:00:00            1,279 100%   14.19kB/s    0:00:00 (xfr#1668, ir-chk=1030/22155)
vendor/phpunit/phpunit/src/Framework/Constraint/Filesystem/FileExists.php
          1,274 100%   14.14kB/s    0:00:00            1,274 100%   14.14kB/s    0:00:00 (xfr#1669, ir-chk=1029/22155)
vendor/phpunit/phpunit/src/Framework/Constraint/Filesystem/IsReadable.php
          1,274 100%   14.14kB/s    0:00:00            1,274 100%   14.14kB/s    0:00:00 (xfr#1670, ir-chk=1028/22155)
vendor/phpunit/phpunit/src/Framework/Constraint/Filesystem/IsWritable.php
          1,274 100%   14.14kB/s    0:00:00            1,274 100%   14.14kB/s    0:00:00 (xfr#1671, ir-chk=1027/22155)
vendor/phpunit/phpunit/src/Framework/Constraint/Math/
vendor/phpunit/phpunit/src/Framework/Constraint/Math/IsFinite.php
            860 100%    9.44kB/s    0:00:00              860 100%    9.44kB/s    0:00:00 (xfr#1672, ir-chk=1026/22155)
vendor/phpunit/phpunit/src/Framework/Constraint/Math/IsInfinite.php
            868 100%    9.52kB/s    0:00:00              868 100%    9.52kB/s    0:00:00 (xfr#1673, ir-chk=1025/22155)
vendor/phpunit/phpunit/src/Framework/Constraint/Math/IsNan.php
            848 100%    9.30kB/s    0:00:00              848 100%    9.30kB/s    0:00:00 (xfr#1674, ir-chk=1024/22155)
vendor/phpunit/phpunit/src/Framework/Constraint/Object/
vendor/phpunit/phpunit/src/Framework/Constraint/Object/ObjectEquals.php
          4,377 100%   48.03kB/s    0:00:00            4,377 100%   48.03kB/s    0:00:00 (xfr#1675, ir-chk=1023/22155)
vendor/phpunit/phpunit/src/Framework/Constraint/Object/ObjectHasProperty.php
          2,040 100%   22.38kB/s    0:00:00            2,040 100%   22.38kB/s    0:00:00 (xfr#1676, ir-chk=1022/22155)
vendor/phpunit/phpunit/src/Framework/Constraint/Operator/
vendor/phpunit/phpunit/src/Framework/Constraint/Operator/BinaryOperator.php
          3,280 100%   35.99kB/s    0:00:00            3,280 100%   35.99kB/s    0:00:00 (xfr#1677, ir-chk=1021/22155)
vendor/phpunit/phpunit/src/Framework/Constraint/Operator/LogicalAnd.php
          1,339 100%   14.69kB/s    0:00:00            1,339 100%   14.69kB/s    0:00:00 (xfr#1678, ir-chk=1020/22155)
vendor/phpunit/phpunit/src/Framework/Constraint/Operator/LogicalNot.php
          3,584 100%   38.89kB/s    0:00:00            3,584 100%   38.89kB/s    0:00:00 (xfr#1679, ir-chk=1019/22155)
vendor/phpunit/phpunit/src/Framework/Constraint/Operator/LogicalOr.php
          1,310 100%   14.21kB/s    0:00:00            1,310 100%   14.21kB/s    0:00:00 (xfr#1680, ir-chk=1018/22155)
vendor/phpunit/phpunit/src/Framework/Constraint/Operator/LogicalXor.php
          1,679 100%   18.22kB/s    0:00:00            1,679 100%   18.22kB/s    0:00:00 (xfr#1681, ir-chk=1017/22155)
vendor/phpunit/phpunit/src/Framework/Constraint/Operator/Operator.php
          1,458 100%   15.82kB/s    0:00:00            1,458 100%   15.82kB/s    0:00:00 (xfr#1682, ir-chk=1016/22155)
vendor/phpunit/phpunit/src/Framework/Constraint/Operator/UnaryOperator.php
          3,498 100%   37.96kB/s    0:00:00            3,498 100%   37.96kB/s    0:00:00 (xfr#1683, ir-chk=1015/22155)
vendor/phpunit/phpunit/src/Framework/Constraint/String/
vendor/phpunit/phpunit/src/Framework/Constraint/String/IsJson.php
          2,596 100%   28.17kB/s    0:00:00            2,596 100%   28.17kB/s    0:00:00 (xfr#1684, ir-chk=1014/22155)
vendor/phpunit/phpunit/src/Framework/Constraint/String/RegularExpression.php
          1,125 100%   12.21kB/s    0:00:00            1,125 100%   12.21kB/s    0:00:00 (xfr#1685, ir-chk=1013/22155)
vendor/phpunit/phpunit/src/Framework/Constraint/String/StringContains.php
          4,373 100%   47.45kB/s    0:00:00            4,373 100%   47.45kB/s    0:00:00 (xfr#1686, ir-chk=1012/22155)
vendor/phpunit/phpunit/src/Framework/Constraint/String/StringEndsWith.php
          1,235 100%   13.25kB/s    0:00:00            1,235 100%   13.25kB/s    0:00:00 (xfr#1687, ir-chk=1011/22155)
vendor/phpunit/phpunit/src/Framework/Constraint/String/StringEqualsStringIgnoringLineEndings.php
          1,427 100%   15.31kB/s    0:00:00            1,427 100%   15.31kB/s    0:00:00 (xfr#1688, ir-chk=1010/22155)
vendor/phpunit/phpunit/src/Framework/Constraint/String/StringMatchesFormatDescription.php
          4,428 100%   47.52kB/s    0:00:00            4,428 100%   47.52kB/s    0:00:00 (xfr#1689, ir-chk=1009/22155)
vendor/phpunit/phpunit/src/Framework/Constraint/String/StringStartsWith.php
          1,243 100%   13.34kB/s    0:00:00            1,243 100%   13.34kB/s    0:00:00 (xfr#1690, ir-chk=1008/22155)
vendor/phpunit/phpunit/src/Framework/Constraint/Traversable/
vendor/phpunit/phpunit/src/Framework/Constraint/Traversable/ArrayHasKey.php
          1,631 100%   17.50kB/s    0:00:00            1,631 100%   17.50kB/s    0:00:00 (xfr#1691, ir-chk=1007/22155)
vendor/phpunit/phpunit/src/Framework/Constraint/Traversable/IsList.php
          1,333 100%   14.31kB/s    0:00:00            1,333 100%   14.31kB/s    0:00:00 (xfr#1692, ir-chk=1006/22155)
vendor/phpunit/phpunit/src/Framework/Constraint/Traversable/TraversableContains.php
          1,375 100%   14.76kB/s    0:00:00            1,375 100%   14.76kB/s    0:00:00 (xfr#1693, ir-chk=1005/22155)
vendor/phpunit/phpunit/src/Framework/Constraint/Traversable/TraversableContainsEqual.php
          1,037 100%   11.13kB/s    0:00:00            1,037 100%   11.13kB/s    0:00:00 (xfr#1694, ir-chk=1004/22155)
vendor/phpunit/phpunit/src/Framework/Constraint/Traversable/TraversableContainsIdentical.php
            979 100%   10.51kB/s    0:00:00              979 100%   10.51kB/s    0:00:00 (xfr#1695, ir-chk=1003/22155)
vendor/phpunit/phpunit/src/Framework/Constraint/Traversable/TraversableContainsOnly.php
          2,237 100%   23.75kB/s    0:00:00            2,237 100%   23.75kB/s    0:00:00 (xfr#1696, ir-chk=1002/22155)
vendor/phpunit/phpunit/src/Framework/Constraint/Type/
vendor/phpunit/phpunit/src/Framework/Constraint/Type/IsInstanceOf.php
          2,016 100%   21.40kB/s    0:00:00            2,016 100%   21.40kB/s    0:00:00 (xfr#1697, ir-chk=1003/22157)
vendor/phpunit/phpunit/src/Framework/Constraint/Type/IsNull.php
            829 100%    8.80kB/s    0:00:00              829 100%    8.80kB/s    0:00:00 (xfr#1698, ir-chk=1002/22157)
vendor/phpunit/phpunit/src/Framework/Constraint/Type/IsType.php
          4,802 100%   50.97kB/s    0:00:00            4,802 100%   50.97kB/s    0:00:00 (xfr#1699, ir-chk=1001/22157)
vendor/phpunit/phpunit/src/Framework/Exception/
vendor/phpunit/phpunit/src/Framework/Exception/AssertionFailedError.php
            726 100%    7.62kB/s    0:00:00              726 100%    7.62kB/s    0:00:00 (xfr#1700, ir-chk=1028/22185)
vendor/phpunit/phpunit/src/Framework/Exception/CodeCoverageException.php
            538 100%    5.65kB/s    0:00:00              538 100%    5.65kB/s    0:00:00 (xfr#1701, ir-chk=1027/22185)
vendor/phpunit/phpunit/src/Framework/Exception/EmptyStringException.php
            558 100%    5.86kB/s    0:00:00              558 100%    5.86kB/s    0:00:00 (xfr#1702, ir-chk=1026/22185)
vendor/phpunit/phpunit/src/Framework/Exception/Exception.php
          2,772 100%   29.11kB/s    0:00:00            2,772 100%   29.11kB/s    0:00:00 (xfr#1703, ir-chk=1025/22185)
vendor/phpunit/phpunit/src/Framework/Exception/ExpectationFailedException.php
          1,201 100%   12.61kB/s    0:00:00            1,201 100%   12.61kB/s    0:00:00 (xfr#1704, ir-chk=1024/22185)
vendor/phpunit/phpunit/src/Framework/Exception/GeneratorNotSupportedException.php
            876 100%    9.20kB/s    0:00:00              876 100%    9.20kB/s    0:00:00 (xfr#1705, ir-chk=1023/22185)
vendor/phpunit/phpunit/src/Framework/Exception/InvalidArgumentException.php
            550 100%    5.78kB/s    0:00:00              550 100%    5.78kB/s    0:00:00 (xfr#1706, ir-chk=1022/22185)
vendor/phpunit/phpunit/src/Framework/Exception/InvalidCoversTargetException.php
            563 100%    5.91kB/s    0:00:00              563 100%    5.91kB/s    0:00:00 (xfr#1707, ir-chk=1021/22185)
vendor/phpunit/phpunit/src/Framework/Exception/InvalidDataProviderException.php
            551 100%    5.79kB/s    0:00:00              551 100%    5.79kB/s    0:00:00 (xfr#1708, ir-chk=1020/22185)
vendor/phpunit/phpunit/src/Framework/Exception/InvalidDependencyException.php
            583 100%    6.12kB/s    0:00:00              583 100%    6.12kB/s    0:00:00 (xfr#1709, ir-chk=1019/22185)
vendor/phpunit/phpunit/src/Framework/Exception/NoChildTestSuiteException.php
            548 100%    5.75kB/s    0:00:00              548 100%    5.75kB/s    0:00:00 (xfr#1710, ir-chk=1018/22185)
vendor/phpunit/phpunit/src/Framework/Exception/PhptAssertionFailedError.php
          1,729 100%   17.96kB/s    0:00:00            1,729 100%   17.96kB/s    0:00:00 (xfr#1711, ir-chk=1017/22185)
vendor/phpunit/phpunit/src/Framework/Exception/ProcessIsolationException.php
            548 100%    5.69kB/s    0:00:00              548 100%    5.69kB/s    0:00:00 (xfr#1712, ir-chk=1016/22185)
vendor/phpunit/phpunit/src/Framework/Exception/UnknownClassOrInterfaceException.php
            808 100%    8.39kB/s    0:00:00              808 100%    8.39kB/s    0:00:00 (xfr#1713, ir-chk=1015/22185)
vendor/phpunit/phpunit/src/Framework/Exception/UnknownTypeException.php
            780 100%    8.10kB/s    0:00:00              780 100%    8.10kB/s    0:00:00 (xfr#1714, ir-chk=1014/22185)
vendor/phpunit/phpunit/src/Framework/Exception/Incomplete/
vendor/phpunit/phpunit/src/Framework/Exception/Incomplete/IncompleteTest.php
            551 100%    5.72kB/s    0:00:00              551 100%    5.72kB/s    0:00:00 (xfr#1715, ir-chk=1010/22185)
vendor/phpunit/phpunit/src/Framework/Exception/Incomplete/IncompleteTestError.php
            579 100%    6.02kB/s    0:00:00              579 100%    6.02kB/s    0:00:00 (xfr#1716, ir-chk=1009/22185)
vendor/phpunit/phpunit/src/Framework/Exception/ObjectEquals/
vendor/phpunit/phpunit/src/Framework/Exception/ObjectEquals/ActualValueIsNotAnObjectException.php
            687 100%    7.14kB/s    0:00:00              687 100%    7.14kB/s    0:00:00 (xfr#1717, ir-chk=1008/22185)
vendor/phpunit/phpunit/src/Framework/Exception/ObjectEquals/ComparisonMethodDoesNotAcceptParameterTypeException.php
            937 100%    9.73kB/s    0:00:00              937 100%    9.73kB/s    0:00:00 (xfr#1718, ir-chk=1007/22185)
vendor/phpunit/phpunit/src/Framework/Exception/ObjectEquals/ComparisonMethodDoesNotDeclareBoolReturnTypeException.php
            896 100%    9.31kB/s    0:00:00              896 100%    9.31kB/s    0:00:00 (xfr#1719, ir-chk=1006/22185)
vendor/phpunit/phpunit/src/Framework/Exception/ObjectEquals/ComparisonMethodDoesNotDeclareExactlyOneParameterException.php
            906 100%    9.41kB/s    0:00:00              906 100%    9.41kB/s    0:00:00 (xfr#1720, ir-chk=1005/22185)
vendor/phpunit/phpunit/src/Framework/Exception/ObjectEquals/ComparisonMethodDoesNotDeclareParameterTypeException.php
            904 100%    9.39kB/s    0:00:00              904 100%    9.39kB/s    0:00:00 (xfr#1721, ir-chk=1004/22185)
vendor/phpunit/phpunit/src/Framework/Exception/ObjectEquals/ComparisonMethodDoesNotExistException.php
            861 100%    8.85kB/s    0:00:00              861 100%    8.85kB/s    0:00:00 (xfr#1722, ir-chk=1003/22185)
vendor/phpunit/phpunit/src/Framework/Exception/Skipped/
vendor/phpunit/phpunit/src/Framework/Exception/Skipped/SkippedTest.php
            548 100%    5.63kB/s    0:00:00              548 100%    5.63kB/s    0:00:00 (xfr#1723, ir-chk=1002/22185)
vendor/phpunit/phpunit/src/Framework/Exception/Skipped/SkippedTestSuiteError.php
            578 100%    5.94kB/s    0:00:00              578 100%    5.94kB/s    0:00:00 (xfr#1724, ir-chk=1001/22185)
vendor/phpunit/phpunit/src/Framework/Exception/Skipped/SkippedWithMessageException.php
            584 100%    6.00kB/s    0:00:00              584 100%    6.00kB/s    0:00:00 (xfr#1725, ir-chk=1000/22185)
vendor/phpunit/phpunit/src/Framework/MockObject/
vendor/phpunit/phpunit/src/Framework/MockObject/ConfigurableMethod.php
          2,059 100%   21.17kB/s    0:00:00            2,059 100%   21.17kB/s    0:00:00 (xfr#1726, ir-chk=1007/22193)
vendor/phpunit/phpunit/src/Framework/MockObject/MockBuilder.php
         16,266 100%  167.21kB/s    0:00:00           16,266 100%  167.21kB/s    0:00:00 (xfr#1727, ir-chk=1006/22193)
vendor/phpunit/phpunit/src/Framework/MockObject/Exception/
vendor/phpunit/phpunit/src/Framework/MockObject/Exception/BadMethodCallException.php
            591 100%    6.01kB/s    0:00:00              591 100%    6.01kB/s    0:00:00 (xfr#1728, ir-chk=1014/22205)
vendor/phpunit/phpunit/src/Framework/MockObject/Exception/CannotCloneTestDoubleForReadonlyClassException.php
            817 100%    8.31kB/s    0:00:00              817 100%    8.31kB/s    0:00:00 (xfr#1729, ir-chk=1013/22205)
vendor/phpunit/phpunit/src/Framework/MockObject/Exception/CannotUseOnlyMethodsException.php
            939 100%    9.55kB/s    0:00:00              939 100%    9.55kB/s    0:00:00 (xfr#1730, ir-chk=1012/22205)
vendor/phpunit/phpunit/src/Framework/MockObject/Exception/Exception.php
            557 100%    5.67kB/s    0:00:00              557 100%    5.67kB/s    0:00:00 (xfr#1731, ir-chk=1011/22205)
vendor/phpunit/phpunit/src/Framework/MockObject/Exception/IncompatibleReturnValueException.php
          1,038 100%   10.56kB/s    0:00:00            1,038 100%   10.56kB/s    0:00:00 (xfr#1732, ir-chk=1010/22205)
vendor/phpunit/phpunit/src/Framework/MockObject/Exception/MatchBuilderNotFoundException.php
            853 100%    8.68kB/s    0:00:00              853 100%    8.68kB/s    0:00:00 (xfr#1733, ir-chk=1009/22205)
vendor/phpunit/phpunit/src/Framework/MockObject/Exception/MatcherAlreadyRegisteredException.php
            845 100%    8.60kB/s    0:00:00              845 100%    8.60kB/s    0:00:00 (xfr#1734, ir-chk=1008/22205)
vendor/phpunit/phpunit/src/Framework/MockObject/Exception/MethodCannotBeConfiguredException.php
            943 100%    9.59kB/s    0:00:00              943 100%    9.59kB/s    0:00:00 (xfr#1735, ir-chk=1007/22205)
vendor/phpunit/phpunit/src/Framework/MockObject/Exception/MethodNameAlreadyConfiguredException.php
            722 100%    7.34kB/s    0:00:00              722 100%    7.34kB/s    0:00:00 (xfr#1736, ir-chk=1006/22205)
vendor/phpunit/phpunit/src/Framework/MockObject/Exception/MethodNameNotConfiguredException.php
            714 100%    7.26kB/s    0:00:00              714 100%    7.26kB/s    0:00:00 (xfr#1737, ir-chk=1005/22205)
vendor/phpunit/phpunit/src/Framework/MockObject/Exception/MethodParametersAlreadyConfiguredException.php
            731 100%    7.44kB/s    0:00:00              731 100%    7.44kB/s    0:00:00 (xfr#1738, ir-chk=1004/22205)
vendor/phpunit/phpunit/src/Framework/MockObject/Exception/NeverReturningMethodException.php
            924 100%    9.30kB/s    0:00:00              924 100%    9.30kB/s    0:00:00 (xfr#1739, ir-chk=1003/22205)
vendor/phpunit/phpunit/src/Framework/MockObject/Exception/NoMoreReturnValuesConfiguredException.php
          1,024 100%   10.31kB/s    0:00:00            1,024 100%   10.31kB/s    0:00:00 (xfr#1740, ir-chk=1002/22205)
vendor/phpunit/phpunit/src/Framework/MockObject/Exception/ReturnValueNotConfiguredException.php
            961 100%    9.68kB/s    0:00:00              961 100%    9.68kB/s    0:00:00 (xfr#1741, ir-chk=1001/22205)
vendor/phpunit/phpunit/src/Framework/MockObject/Exception/RuntimeException.php
            579 100%    5.83kB/s    0:00:00              579 100%    5.83kB/s    0:00:00 (xfr#1742, ir-chk=1000/22205)
vendor/phpunit/phpunit/src/Framework/MockObject/Generator/
vendor/phpunit/phpunit/src/Framework/MockObject/Generator/Generator.php
         32,768  79%  329.90kB/s    0:00:00           41,469 100%  413.24kB/s    0:00:00 (xfr#1743, ir-chk=1010/22216)
vendor/phpunit/phpunit/src/Framework/MockObject/Generator/HookedProperty.php
          1,336 100%   13.31kB/s    0:00:00            1,336 100%   13.31kB/s    0:00:00 (xfr#1744, ir-chk=1009/22216)
vendor/phpunit/phpunit/src/Framework/MockObject/Generator/HookedPropertyGenerator.php
          2,174 100%   21.66kB/s    0:00:00            2,174 100%   21.66kB/s    0:00:00 (xfr#1745, ir-chk=1008/22216)
vendor/phpunit/phpunit/src/Framework/MockObject/Generator/MockClass.php
          1,708 100%   17.02kB/s    0:00:00            1,708 100%   17.02kB/s    0:00:00 (xfr#1746, ir-chk=1007/22216)
vendor/phpunit/phpunit/src/Framework/MockObject/Generator/MockMethod.php
         11,991 100%  119.49kB/s    0:00:00           11,991 100%  119.49kB/s    0:00:00 (xfr#1747, ir-chk=1006/22216)
vendor/phpunit/phpunit/src/Framework/MockObject/Generator/MockMethodSet.php
          1,192 100%   11.88kB/s    0:00:00            1,192 100%   11.88kB/s    0:00:00 (xfr#1748, ir-chk=1005/22216)
vendor/phpunit/phpunit/src/Framework/MockObject/Generator/MockTrait.php
          1,210 100%   11.94kB/s    0:00:00            1,210 100%   11.94kB/s    0:00:00 (xfr#1749, ir-chk=1004/22216)
vendor/phpunit/phpunit/src/Framework/MockObject/Generator/MockType.php
            616 100%    6.08kB/s    0:00:00              616 100%    6.08kB/s    0:00:00 (xfr#1750, ir-chk=1003/22216)
vendor/phpunit/phpunit/src/Framework/MockObject/Generator/TemplateLoader.php
            975 100%    9.62kB/s    0:00:00              975 100%    9.62kB/s    0:00:00 (xfr#1751, ir-chk=1002/22216)
vendor/phpunit/phpunit/src/Framework/MockObject/Generator/Exception/
vendor/phpunit/phpunit/src/Framework/MockObject/Generator/Exception/CannotUseAddMethodsException.php
            994 100%    9.81kB/s    0:00:00              994 100%    9.81kB/s    0:00:00 (xfr#1752, ir-chk=1027/22244)
vendor/phpunit/phpunit/src/Framework/MockObject/Generator/Exception/ClassIsEnumerationException.php
            871 100%    8.59kB/s    0:00:00              871 100%    8.59kB/s    0:00:00 (xfr#1753, ir-chk=1026/22244)
vendor/phpunit/phpunit/src/Framework/MockObject/Generator/Exception/ClassIsFinalException.php
            867 100%    8.55kB/s    0:00:00              867 100%    8.55kB/s    0:00:00 (xfr#1754, ir-chk=1025/22244)
vendor/phpunit/phpunit/src/Framework/MockObject/Generator/Exception/DuplicateMethodException.php
          1,139 100%   11.24kB/s    0:00:00            1,139 100%   11.24kB/s    0:00:00 (xfr#1755, ir-chk=1024/22244)
vendor/phpunit/phpunit/src/Framework/MockObject/Generator/Exception/Exception.php
            621 100%    6.13kB/s    0:00:00              621 100%    6.13kB/s    0:00:00 (xfr#1756, ir-chk=1023/22244)
vendor/phpunit/phpunit/src/Framework/MockObject/Generator/Exception/InvalidMethodNameException.php
            857 100%    8.45kB/s    0:00:00              857 100%    8.37kB/s    0:00:00 (xfr#1757, ir-chk=1022/22244)
vendor/phpunit/phpunit/src/Framework/MockObject/Generator/Exception/NameAlreadyInUseException.php
            902 100%    8.81kB/s    0:00:00              902 100%    8.81kB/s    0:00:00 (xfr#1758, ir-chk=1021/22244)
vendor/phpunit/phpunit/src/Framework/MockObject/Generator/Exception/OriginalConstructorInvocationRequiredException.php
            780 100%    7.62kB/s    0:00:00              780 100%    7.62kB/s    0:00:00 (xfr#1759, ir-chk=1020/22244)
vendor/phpunit/phpunit/src/Framework/MockObject/Generator/Exception/ReflectionException.php
            603 100%    5.89kB/s    0:00:00              603 100%    5.89kB/s    0:00:00 (xfr#1760, ir-chk=1019/22244)
vendor/phpunit/phpunit/src/Framework/MockObject/Generator/Exception/RuntimeException.php
            600 100%    5.86kB/s    0:00:00              600 100%    5.86kB/s    0:00:00 (xfr#1761, ir-chk=1018/22244)
vendor/phpunit/phpunit/src/Framework/MockObject/Generator/Exception/SoapExtensionNotAvailableException.php
            786 100%    7.68kB/s    0:00:00              786 100%    7.68kB/s    0:00:00 (xfr#1762, ir-chk=1017/22244)
vendor/phpunit/phpunit/src/Framework/MockObject/Generator/Exception/UnknownClassException.php
            840 100%    8.20kB/s    0:00:00              840 100%    8.20kB/s    0:00:00 (xfr#1763, ir-chk=1016/22244)
vendor/phpunit/phpunit/src/Framework/MockObject/Generator/Exception/UnknownInterfaceException.php
            856 100%    8.36kB/s    0:00:00              856 100%    8.36kB/s    0:00:00 (xfr#1764, ir-chk=1015/22244)
vendor/phpunit/phpunit/src/Framework/MockObject/Generator/Exception/UnknownTraitException.php
            915 100%    8.94kB/s    0:00:00              915 100%    8.94kB/s    0:00:00 (xfr#1765, ir-chk=1014/22244)
vendor/phpunit/phpunit/src/Framework/MockObject/Generator/Exception/UnknownTypeException.php
            842 100%    8.22kB/s    0:00:00              842 100%    8.22kB/s    0:00:00 (xfr#1766, ir-chk=1013/22244)
vendor/phpunit/phpunit/src/Framework/MockObject/Generator/templates/
vendor/phpunit/phpunit/src/Framework/MockObject/Generator/templates/deprecation.tpl
             59 100%    0.58kB/s    0:00:00               59 100%    0.58kB/s    0:00:00 (xfr#1767, ir-chk=1012/22244)
vendor/phpunit/phpunit/src/Framework/MockObject/Generator/templates/doubled_method.tpl
          1,622 100%   15.84kB/s    0:00:00            1,622 100%   15.68kB/s    0:00:00 (xfr#1768, ir-chk=1011/22244)
vendor/phpunit/phpunit/src/Framework/MockObject/Generator/templates/doubled_static_method.tpl
            238 100%    2.30kB/s    0:00:00              238 100%    2.30kB/s    0:00:00 (xfr#1769, ir-chk=1010/22244)
vendor/phpunit/phpunit/src/Framework/MockObject/Generator/templates/intersection.tpl
             76 100%    0.73kB/s    0:00:00               76 100%    0.73kB/s    0:00:00 (xfr#1770, ir-chk=1009/22244)
vendor/phpunit/phpunit/src/Framework/MockObject/Generator/templates/proxied_method.tpl
          1,698 100%   16.42kB/s    0:00:00            1,698 100%   16.42kB/s    0:00:00 (xfr#1771, ir-chk=1008/22244)
vendor/phpunit/phpunit/src/Framework/MockObject/Generator/templates/test_double_class.tpl
            111 100%    1.07kB/s    0:00:00              111 100%    1.07kB/s    0:00:00 (xfr#1772, ir-chk=1007/22244)
vendor/phpunit/phpunit/src/Framework/MockObject/Generator/templates/trait_class.tpl
             81 100%    0.78kB/s    0:00:00               81 100%    0.78kB/s    0:00:00 (xfr#1773, ir-chk=1006/22244)
vendor/phpunit/phpunit/src/Framework/MockObject/Generator/templates/wsdl_class.tpl
            205 100%    1.98kB/s    0:00:00              205 100%    1.98kB/s    0:00:00 (xfr#1774, ir-chk=1005/22244)
vendor/phpunit/phpunit/src/Framework/MockObject/Generator/templates/wsdl_method.tpl
             60 100%    0.58kB/s    0:00:00               60 100%    0.58kB/s    0:00:00 (xfr#1775, ir-chk=1004/22244)
vendor/phpunit/phpunit/src/Framework/MockObject/Runtime/
vendor/phpunit/phpunit/src/Framework/MockObject/Runtime/Invocation.php
          3,963 100%   38.32kB/s    0:00:00            3,963 100%   38.32kB/s    0:00:00 (xfr#1776, ir-chk=1010/22251)
vendor/phpunit/phpunit/src/Framework/MockObject/Runtime/InvocationHandler.php
          3,962 100%   37.93kB/s    0:00:00            3,962 100%   37.93kB/s    0:00:00 (xfr#1777, ir-chk=1009/22251)
vendor/phpunit/phpunit/src/Framework/MockObject/Runtime/Matcher.php
          6,493 100%   62.16kB/s    0:00:00            6,493 100%   62.16kB/s    0:00:00 (xfr#1778, ir-chk=1008/22251)
vendor/phpunit/phpunit/src/Framework/MockObject/Runtime/MethodNameConstraint.php
          1,069 100%   10.23kB/s    0:00:00            1,069 100%   10.23kB/s    0:00:00 (xfr#1779, ir-chk=1007/22251)
vendor/phpunit/phpunit/src/Framework/MockObject/Runtime/ReturnValueGenerator.php
          7,927 100%   75.89kB/s    0:00:00            7,927 100%   75.89kB/s    0:00:00 (xfr#1780, ir-chk=1006/22251)
vendor/phpunit/phpunit/src/Framework/MockObject/Runtime/Api/
vendor/phpunit/phpunit/src/Framework/MockObject/Runtime/Api/DoubledCloneMethod.php
            766 100%    7.33kB/s    0:00:00              766 100%    7.33kB/s    0:00:00 (xfr#1781, ir-chk=1009/22261)
vendor/phpunit/phpunit/src/Framework/MockObject/Runtime/Api/ErrorCloneMethod.php
            666 100%    6.38kB/s    0:00:00              666 100%    6.38kB/s    0:00:00 (xfr#1782, ir-chk=1008/22261)
vendor/phpunit/phpunit/src/Framework/MockObject/Runtime/Api/GeneratedAsMockObject.php
            627 100%    6.00kB/s    0:00:00              627 100%    6.00kB/s    0:00:00 (xfr#1783, ir-chk=1007/22261)
vendor/phpunit/phpunit/src/Framework/MockObject/Runtime/Api/GeneratedAsTestStub.php
            627 100%    5.94kB/s    0:00:00              627 100%    5.94kB/s    0:00:00 (xfr#1784, ir-chk=1006/22261)
vendor/phpunit/phpunit/src/Framework/MockObject/Runtime/Api/Method.php
          1,038 100%    9.84kB/s    0:00:00            1,038 100%    9.84kB/s    0:00:00 (xfr#1785, ir-chk=1005/22261)
vendor/phpunit/phpunit/src/Framework/MockObject/Runtime/Api/MockObjectApi.php
          2,847 100%   26.99kB/s    0:00:00            2,847 100%   26.99kB/s    0:00:00 (xfr#1786, ir-chk=1004/22261)
vendor/phpunit/phpunit/src/Framework/MockObject/Runtime/Api/MutableStubApi.php
          1,095 100%   10.38kB/s    0:00:00            1,095 100%   10.38kB/s    0:00:00 (xfr#1787, ir-chk=1003/22261)
vendor/phpunit/phpunit/src/Framework/MockObject/Runtime/Api/ProxiedCloneMethod.php
            794 100%    7.53kB/s    0:00:00              794 100%    7.53kB/s    0:00:00 (xfr#1788, ir-chk=1002/22261)
vendor/phpunit/phpunit/src/Framework/MockObject/Runtime/Api/StubApi.php
          1,071 100%   10.15kB/s    0:00:00            1,071 100%   10.15kB/s    0:00:00 (xfr#1789, ir-chk=1001/22261)
vendor/phpunit/phpunit/src/Framework/MockObject/Runtime/Api/TestDoubleState.php
          2,841 100%   26.94kB/s    0:00:00            2,841 100%   26.94kB/s    0:00:00 (xfr#1790, ir-chk=1000/22261)
vendor/phpunit/phpunit/src/Framework/MockObject/Runtime/Builder/
vendor/phpunit/phpunit/src/Framework/MockObject/Runtime/Builder/Identity.php
            708 100%    6.65kB/s    0:00:00              708 100%    6.65kB/s    0:00:00 (xfr#1791, ir-chk=1027/22289)
vendor/phpunit/phpunit/src/Framework/MockObject/Runtime/Builder/InvocationMocker.php
          9,303 100%   87.36kB/s    0:00:00            9,303 100%   87.36kB/s    0:00:00 (xfr#1792, ir-chk=1026/22289)
vendor/phpunit/phpunit/src/Framework/MockObject/Runtime/Builder/InvocationStubber.php
          1,436 100%   13.48kB/s    0:00:00            1,436 100%   13.48kB/s    0:00:00 (xfr#1793, ir-chk=1025/22289)
vendor/phpunit/phpunit/src/Framework/MockObject/Runtime/Builder/MethodNameMatch.php
            806 100%    7.57kB/s    0:00:00              806 100%    7.57kB/s    0:00:00 (xfr#1794, ir-chk=1024/22289)
vendor/phpunit/phpunit/src/Framework/MockObject/Runtime/Builder/ParametersMatch.php
          1,651 100%   15.50kB/s    0:00:00            1,651 100%   15.50kB/s    0:00:00 (xfr#1795, ir-chk=1023/22289)
vendor/phpunit/phpunit/src/Framework/MockObject/Runtime/Builder/Stub.php
            815 100%    7.65kB/s    0:00:00              815 100%    7.65kB/s    0:00:00 (xfr#1796, ir-chk=1022/22289)
vendor/phpunit/phpunit/src/Framework/MockObject/Runtime/Interface/
vendor/phpunit/phpunit/src/Framework/MockObject/Runtime/Interface/MockObject.php
            691 100%    6.49kB/s    0:00:00              691 100%    6.49kB/s    0:00:00 (xfr#1797, ir-chk=1021/22289)
vendor/phpunit/phpunit/src/Framework/MockObject/Runtime/Interface/MockObjectInternal.php
            701 100%    6.58kB/s    0:00:00              701 100%    6.58kB/s    0:00:00 (xfr#1798, ir-chk=1020/22289)
vendor/phpunit/phpunit/src/Framework/MockObject/Runtime/Interface/Stub.php
            539 100%    5.06kB/s    0:00:00              539 100%    5.06kB/s    0:00:00 (xfr#1799, ir-chk=1019/22289)
vendor/phpunit/phpunit/src/Framework/MockObject/Runtime/Interface/StubInternal.php
            800 100%    7.51kB/s    0:00:00              800 100%    7.51kB/s    0:00:00 (xfr#1800, ir-chk=1018/22289)
vendor/phpunit/phpunit/src/Framework/MockObject/Runtime/PropertyHook/
vendor/phpunit/phpunit/src/Framework/MockObject/Runtime/PropertyHook/PropertyGetHook.php
            794 100%    7.38kB/s    0:00:00              794 100%    7.38kB/s    0:00:00 (xfr#1801, ir-chk=1017/22289)
vendor/phpunit/phpunit/src/Framework/MockObject/Runtime/PropertyHook/PropertyHook.php
          1,440 100%   13.39kB/s    0:00:00            1,440 100%   13.39kB/s    0:00:00 (xfr#1802, ir-chk=1016/22289)
vendor/phpunit/phpunit/src/Framework/MockObject/Runtime/PropertyHook/PropertySetHook.php
            794 100%    7.38kB/s    0:00:00              794 100%    7.38kB/s    0:00:00 (xfr#1803, ir-chk=1015/22289)
vendor/phpunit/phpunit/src/Framework/MockObject/Runtime/Rule/
vendor/phpunit/phpunit/src/Framework/MockObject/Runtime/Rule/AnyInvokedCount.php
            864 100%    8.04kB/s    0:00:00              864 100%    8.04kB/s    0:00:00 (xfr#1804, ir-chk=1014/22289)
vendor/phpunit/phpunit/src/Framework/MockObject/Runtime/Rule/AnyParameters.php
            744 100%    6.92kB/s    0:00:00              744 100%    6.92kB/s    0:00:00 (xfr#1805, ir-chk=1013/22289)
vendor/phpunit/phpunit/src/Framework/MockObject/Runtime/Rule/InvocationOrder.php
          1,341 100%   12.47kB/s    0:00:00            1,341 100%   12.47kB/s    0:00:00 (xfr#1806, ir-chk=1012/22289)
vendor/phpunit/phpunit/src/Framework/MockObject/Runtime/Rule/InvokedAtLeastCount.php
          1,999 100%   18.59kB/s    0:00:00            1,999 100%   18.59kB/s    0:00:00 (xfr#1807, ir-chk=1011/22289)
vendor/phpunit/phpunit/src/Framework/MockObject/Runtime/Rule/InvokedAtLeastOnce.php
          1,348 100%   12.54kB/s    0:00:00            1,348 100%   12.54kB/s    0:00:00 (xfr#1808, ir-chk=1010/22289)
vendor/phpunit/phpunit/src/Framework/MockObject/Runtime/Rule/InvokedAtMostCount.php
          1,987 100%   18.48kB/s    0:00:00            1,987 100%   18.48kB/s    0:00:00 (xfr#1809, ir-chk=1009/22289)
vendor/phpunit/phpunit/src/Framework/MockObject/Runtime/Rule/InvokedCount.php
          2,738 100%   25.47kB/s    0:00:00            2,738 100%   25.47kB/s    0:00:00 (xfr#1810, ir-chk=1008/22289)
vendor/phpunit/phpunit/src/Framework/MockObject/Runtime/Rule/MethodName.php
          1,662 100%   15.46kB/s    0:00:00            1,662 100%   15.46kB/s    0:00:00 (xfr#1811, ir-chk=1007/22289)
vendor/phpunit/phpunit/src/Framework/MockObject/Runtime/Rule/Parameters.php
          4,742 100%   44.10kB/s    0:00:00            4,742 100%   44.10kB/s    0:00:00 (xfr#1812, ir-chk=1006/22289)
vendor/phpunit/phpunit/src/Framework/MockObject/Runtime/Rule/ParametersRule.php
            747 100%    6.95kB/s    0:00:00              747 100%    6.95kB/s    0:00:00 (xfr#1813, ir-chk=1005/22289)
vendor/phpunit/phpunit/src/Framework/MockObject/Runtime/Stub/
vendor/phpunit/phpunit/src/Framework/MockObject/Runtime/Stub/ConsecutiveCalls.php
          1,574 100%   14.64kB/s    0:00:00            1,574 100%   14.64kB/s    0:00:00 (xfr#1814, ir-chk=1009/22294)
vendor/phpunit/phpunit/src/Framework/MockObject/Runtime/Stub/Exception.php
            900 100%    8.37kB/s    0:00:00              900 100%    8.29kB/s    0:00:00 (xfr#1815, ir-chk=1008/22294)
vendor/phpunit/phpunit/src/Framework/MockObject/Runtime/Stub/ReturnArgument.php
            893 100%    8.23kB/s    0:00:00              893 100%    8.23kB/s    0:00:00 (xfr#1816, ir-chk=1007/22294)
vendor/phpunit/phpunit/src/Framework/MockObject/Runtime/Stub/ReturnCallback.php
            946 100%    8.72kB/s    0:00:00              946 100%    8.72kB/s    0:00:00 (xfr#1817, ir-chk=1006/22294)
vendor/phpunit/phpunit/src/Framework/MockObject/Runtime/Stub/ReturnReference.php
            836 100%    7.70kB/s    0:00:00              836 100%    7.70kB/s    0:00:00 (xfr#1818, ir-chk=1005/22294)
vendor/phpunit/phpunit/src/Framework/MockObject/Runtime/Stub/ReturnSelf.php
            801 100%    7.38kB/s    0:00:00              801 100%    7.38kB/s    0:00:00 (xfr#1819, ir-chk=1004/22294)
vendor/phpunit/phpunit/src/Framework/MockObject/Runtime/Stub/ReturnStub.php
            818 100%    7.54kB/s    0:00:00              818 100%    7.54kB/s    0:00:00 (xfr#1820, ir-chk=1003/22294)
vendor/phpunit/phpunit/src/Framework/MockObject/Runtime/Stub/ReturnValueMap.php
          1,360 100%   12.53kB/s    0:00:00            1,360 100%   12.53kB/s    0:00:00 (xfr#1821, ir-chk=1002/22294)
vendor/phpunit/phpunit/src/Framework/MockObject/Runtime/Stub/Stub.php
            740 100%    6.82kB/s    0:00:00              740 100%    6.82kB/s    0:00:00 (xfr#1822, ir-chk=1001/22294)
vendor/phpunit/phpunit/src/Framework/TestRunner/
vendor/phpunit/phpunit/src/Framework/TestRunner/ChildProcessResultProcessor.php
          2,894 100%   26.66kB/s    0:00:00            2,894 100%   26.66kB/s    0:00:00 (xfr#1823, ir-chk=1006/22300)
vendor/phpunit/phpunit/src/Framework/TestRunner/IsolatedTestRunner.php
            621 100%    5.72kB/s    0:00:00              621 100%    5.72kB/s    0:00:00 (xfr#1824, ir-chk=1005/22300)
vendor/phpunit/phpunit/src/Framework/TestRunner/IsolatedTestRunnerRegistry.php
            994 100%    9.16kB/s    0:00:00              994 100%    9.16kB/s    0:00:00 (xfr#1825, ir-chk=1004/22300)
vendor/phpunit/phpunit/src/Framework/TestRunner/SeparateProcessTestRunner.php
          5,865 100%   54.03kB/s    0:00:00            5,865 100%   54.03kB/s    0:00:00 (xfr#1826, ir-chk=1003/22300)
vendor/phpunit/phpunit/src/Framework/TestRunner/TestRunner.php
         10,542 100%   96.21kB/s    0:00:00           10,542 100%   96.21kB/s    0:00:00 (xfr#1827, ir-chk=1002/22300)
vendor/phpunit/phpunit/src/Framework/TestRunner/templates/
vendor/phpunit/phpunit/src/Framework/TestRunner/templates/class.tpl
          3,765 100%   34.36kB/s    0:00:00            3,765 100%   34.36kB/s    0:00:00 (xfr#1828, ir-chk=1004/22304)
vendor/phpunit/phpunit/src/Framework/TestRunner/templates/method.tpl
          3,771 100%   34.42kB/s    0:00:00            3,771 100%   34.42kB/s    0:00:00 (xfr#1829, ir-chk=1003/22304)
vendor/phpunit/phpunit/src/Framework/TestSize/
vendor/phpunit/phpunit/src/Framework/TestSize/Known.php
            698 100%    6.37kB/s    0:00:00              698 100%    6.37kB/s    0:00:00 (xfr#1830, ir-chk=1005/22307)
vendor/phpunit/phpunit/src/Framework/TestSize/Large.php
            809 100%    7.38kB/s    0:00:00              809 100%    7.38kB/s    0:00:00 (xfr#1831, ir-chk=1004/22307)
vendor/phpunit/phpunit/src/Framework/TestSize/Medium.php
            811 100%    7.40kB/s    0:00:00              811 100%    7.40kB/s    0:00:00 (xfr#1832, ir-chk=1003/22307)
vendor/phpunit/phpunit/src/Framework/TestSize/Small.php
            796 100%    7.26kB/s    0:00:00              796 100%    7.26kB/s    0:00:00 (xfr#1833, ir-chk=1002/22307)
vendor/phpunit/phpunit/src/Framework/TestSize/TestSize.php
          1,582 100%   14.30kB/s    0:00:00            1,582 100%   14.30kB/s    0:00:00 (xfr#1834, ir-chk=1001/22307)
vendor/phpunit/phpunit/src/Framework/TestSize/Unknown.php
            713 100%    6.45kB/s    0:00:00              713 100%    6.45kB/s    0:00:00 (xfr#1835, ir-chk=1000/22307)
vendor/phpunit/phpunit/src/Framework/TestStatus/
vendor/phpunit/phpunit/src/Framework/TestStatus/Deprecation.php
            788 100%    7.13kB/s    0:00:00              788 100%    7.13kB/s    0:00:00 (xfr#1836, ir-chk=1017/22325)
vendor/phpunit/phpunit/src/Framework/TestStatus/Error.php
            770 100%    6.96kB/s    0:00:00              770 100%    6.96kB/s    0:00:00 (xfr#1837, ir-chk=1016/22325)
vendor/phpunit/phpunit/src/Framework/TestStatus/Failure.php
            776 100%    7.02kB/s    0:00:00              776 100%    7.02kB/s    0:00:00 (xfr#1838, ir-chk=1015/22325)
vendor/phpunit/phpunit/src/Framework/TestStatus/Incomplete.php
            785 100%    7.10kB/s    0:00:00              785 100%    7.10kB/s    0:00:00 (xfr#1839, ir-chk=1014/22325)
vendor/phpunit/phpunit/src/Framework/TestStatus/Known.php
            638 100%    5.77kB/s    0:00:00              638 100%    5.77kB/s    0:00:00 (xfr#1840, ir-chk=1013/22325)
vendor/phpunit/phpunit/src/Framework/TestStatus/Notice.php
            773 100%    6.99kB/s    0:00:00              773 100%    6.99kB/s    0:00:00 (xfr#1841, ir-chk=1012/22325)
vendor/phpunit/phpunit/src/Framework/TestStatus/Risky.php
            770 100%    6.96kB/s    0:00:00              770 100%    6.96kB/s    0:00:00 (xfr#1842, ir-chk=1011/22325)
vendor/phpunit/phpunit/src/Framework/TestStatus/Skipped.php
            776 100%    6.95kB/s    0:00:00              776 100%    6.95kB/s    0:00:00 (xfr#1843, ir-chk=1010/22325)
vendor/phpunit/phpunit/src/Framework/TestStatus/Success.php
            776 100%    6.95kB/s    0:00:00              776 100%    6.95kB/s    0:00:00 (xfr#1844, ir-chk=1009/22325)
vendor/phpunit/phpunit/src/Framework/TestStatus/TestStatus.php
          4,052 100%   36.30kB/s    0:00:00            4,052 100%   36.30kB/s    0:00:00 (xfr#1845, ir-chk=1008/22325)
vendor/phpunit/phpunit/src/Framework/TestStatus/Unknown.php
            782 100%    7.01kB/s    0:00:00              782 100%    7.01kB/s    0:00:00 (xfr#1846, ir-chk=1007/22325)
vendor/phpunit/phpunit/src/Framework/TestStatus/Warning.php
            776 100%    6.95kB/s    0:00:00              776 100%    6.95kB/s    0:00:00 (xfr#1847, ir-chk=1006/22325)
vendor/phpunit/phpunit/src/Logging/
vendor/phpunit/phpunit/src/Logging/EventLogger.php
          1,888 100%   16.92kB/s    0:00:00            1,888 100%   16.92kB/s    0:00:00 (xfr#1848, ir-chk=1005/22325)
vendor/phpunit/phpunit/src/Logging/JUnit/
vendor/phpunit/phpunit/src/Logging/JUnit/JunitXmlLogger.php
         13,468 100%  120.66kB/s    0:00:00           13,468 100%  120.66kB/s    0:00:00 (xfr#1849, ir-chk=1001/22325)
vendor/phpunit/phpunit/src/Logging/JUnit/Subscriber/
vendor/phpunit/phpunit/src/Logging/JUnit/Subscriber/Subscriber.php
            760 100%    6.75kB/s    0:00:00              760 100%    6.75kB/s    0:00:00 (xfr#1850, ir-chk=1018/22344)
vendor/phpunit/phpunit/src/Logging/JUnit/Subscriber/TestErroredSubscriber.php
            869 100%    7.71kB/s    0:00:00              869 100%    7.71kB/s    0:00:00 (xfr#1851, ir-chk=1017/22344)
vendor/phpunit/phpunit/src/Logging/JUnit/Subscriber/TestFailedSubscriber.php
            863 100%    7.66kB/s    0:00:00              863 100%    7.66kB/s    0:00:00 (xfr#1852, ir-chk=1016/22344)
vendor/phpunit/phpunit/src/Logging/JUnit/Subscriber/TestFinishedSubscriber.php
            875 100%    7.77kB/s    0:00:00              875 100%    7.77kB/s    0:00:00 (xfr#1853, ir-chk=1015/22344)
vendor/phpunit/phpunit/src/Logging/JUnit/Subscriber/TestMarkedIncompleteSubscriber.php
            923 100%    8.19kB/s    0:00:00              923 100%    8.19kB/s    0:00:00 (xfr#1854, ir-chk=1014/22344)
vendor/phpunit/phpunit/src/Logging/JUnit/Subscriber/TestPreparationFailedSubscriber.php
            923 100%    8.19kB/s    0:00:00              923 100%    8.19kB/s    0:00:00 (xfr#1855, ir-chk=1013/22344)
vendor/phpunit/phpunit/src/Logging/JUnit/Subscriber/TestPreparationStartedSubscriber.php
            935 100%    8.30kB/s    0:00:00              935 100%    8.30kB/s    0:00:00 (xfr#1856, ir-chk=1012/22344)
vendor/phpunit/phpunit/src/Logging/JUnit/Subscriber/TestPreparedSubscriber.php
            869 100%    7.71kB/s    0:00:00              869 100%    7.71kB/s    0:00:00 (xfr#1857, ir-chk=1011/22344)
vendor/phpunit/phpunit/src/Logging/JUnit/Subscriber/TestPrintedUnexpectedOutputSubscriber.php
            865 100%    7.68kB/s    0:00:00              865 100%    7.68kB/s    0:00:00 (xfr#1858, ir-chk=1010/22344)
vendor/phpunit/phpunit/src/Logging/JUnit/Subscriber/TestRunnerExecutionFinishedSubscriber.php
            825 100%    7.32kB/s    0:00:00              825 100%    7.32kB/s    0:00:00 (xfr#1859, ir-chk=1009/22344)
vendor/phpunit/phpunit/src/Logging/JUnit/Subscriber/TestSkippedSubscriber.php
            869 100%    7.71kB/s    0:00:00              869 100%    7.71kB/s    0:00:00 (xfr#1860, ir-chk=1008/22344)
vendor/phpunit/phpunit/src/Logging/JUnit/Subscriber/TestSuiteFinishedSubscriber.php
            789 100%    7.00kB/s    0:00:00              789 100%    7.00kB/s    0:00:00 (xfr#1861, ir-chk=1007/22344)
vendor/phpunit/phpunit/src/Logging/JUnit/Subscriber/TestSuiteStartedSubscriber.php
            789 100%    7.00kB/s    0:00:00              789 100%    7.00kB/s    0:00:00 (xfr#1862, ir-chk=1006/22344)
vendor/phpunit/phpunit/src/Logging/TeamCity/
vendor/phpunit/phpunit/src/Logging/TeamCity/TeamCityLogger.php
         12,373 100%  109.85kB/s    0:00:00           12,373 100%  109.85kB/s    0:00:00 (xfr#1863, ir-chk=1005/22344)
vendor/phpunit/phpunit/src/Logging/TeamCity/Subscriber/
vendor/phpunit/phpunit/src/Logging/TeamCity/Subscriber/Subscriber.php
            763 100%    6.71kB/s    0:00:00              763 100%    6.71kB/s    0:00:00 (xfr#1864, ir-chk=1014/22355)
vendor/phpunit/phpunit/src/Logging/TeamCity/Subscriber/TestConsideredRiskySubscriber.php
            920 100%    8.09kB/s    0:00:00              920 100%    8.09kB/s    0:00:00 (xfr#1865, ir-chk=1013/22355)
vendor/phpunit/phpunit/src/Logging/TeamCity/Subscriber/TestErroredSubscriber.php
            872 100%    7.67kB/s    0:00:00              872 100%    7.67kB/s    0:00:00 (xfr#1866, ir-chk=1012/22355)
vendor/phpunit/phpunit/src/Logging/TeamCity/Subscriber/TestFailedSubscriber.php
            866 100%    7.62kB/s    0:00:00              866 100%    7.62kB/s    0:00:00 (xfr#1867, ir-chk=1011/22355)
vendor/phpunit/phpunit/src/Logging/TeamCity/Subscriber/TestFinishedSubscriber.php
            878 100%    7.72kB/s    0:00:00              878 100%    7.72kB/s    0:00:00 (xfr#1868, ir-chk=1010/22355)
vendor/phpunit/phpunit/src/Logging/TeamCity/Subscriber/TestMarkedIncompleteSubscriber.php
            926 100%    8.15kB/s    0:00:00              926 100%    8.15kB/s    0:00:00 (xfr#1869, ir-chk=1009/22355)
vendor/phpunit/phpunit/src/Logging/TeamCity/Subscriber/TestPreparedSubscriber.php
            778 100%    6.84kB/s    0:00:00              778 100%    6.84kB/s    0:00:00 (xfr#1870, ir-chk=1008/22355)
vendor/phpunit/phpunit/src/Logging/TeamCity/Subscriber/TestRunnerExecutionFinishedSubscriber.php
            828 100%    7.28kB/s    0:00:00              828 100%    7.28kB/s    0:00:00 (xfr#1871, ir-chk=1007/22355)
vendor/phpunit/phpunit/src/Logging/TeamCity/Subscriber/TestSkippedSubscriber.php
            872 100%    7.67kB/s    0:00:00              872 100%    7.67kB/s    0:00:00 (xfr#1872, ir-chk=1006/22355)
vendor/phpunit/phpunit/src/Logging/TeamCity/Subscriber/TestSuiteBeforeFirstTestMethodErroredSubscriber.php
            999 100%    8.79kB/s    0:00:00              999 100%    8.79kB/s    0:00:00 (xfr#1873, ir-chk=1005/22355)
vendor/phpunit/phpunit/src/Logging/TeamCity/Subscriber/TestSuiteFinishedSubscriber.php
            798 100%    7.02kB/s    0:00:00              798 100%    7.02kB/s    0:00:00 (xfr#1874, ir-chk=1004/22355)
vendor/phpunit/phpunit/src/Logging/TeamCity/Subscriber/TestSuiteSkippedSubscriber.php
            892 100%    7.85kB/s    0:00:00              892 100%    7.85kB/s    0:00:00 (xfr#1875, ir-chk=1003/22355)
vendor/phpunit/phpunit/src/Logging/TeamCity/Subscriber/TestSuiteStartedSubscriber.php
            792 100%    6.97kB/s    0:00:00              792 100%    6.97kB/s    0:00:00 (xfr#1876, ir-chk=1002/22355)
vendor/phpunit/phpunit/src/Logging/TestDox/
vendor/phpunit/phpunit/src/Logging/TestDox/HtmlRenderer.php
          3,738 100%   32.89kB/s    0:00:00            3,738 100%   32.89kB/s    0:00:00 (xfr#1877, ir-chk=1007/22361)
vendor/phpunit/phpunit/src/Logging/TestDox/NamePrettifier.php
          8,982 100%   78.32kB/s    0:00:00            8,982 100%   78.32kB/s    0:00:00 (xfr#1878, ir-chk=1006/22361)
vendor/phpunit/phpunit/src/Logging/TestDox/PlainTextRenderer.php
          2,036 100%   17.75kB/s    0:00:00            2,036 100%   17.75kB/s    0:00:00 (xfr#1879, ir-chk=1005/22361)
vendor/phpunit/phpunit/src/Logging/TestDox/TestResult/
vendor/phpunit/phpunit/src/Logging/TestDox/TestResult/TestResult.php
          1,394 100%   12.15kB/s    0:00:00            1,394 100%   12.15kB/s    0:00:00 (xfr#1880, ir-chk=1004/22362)
vendor/phpunit/phpunit/src/Logging/TestDox/TestResult/TestResultCollection.php
          1,310 100%   11.42kB/s    0:00:00            1,310 100%   11.42kB/s    0:00:00 (xfr#1881, ir-chk=1003/22362)
vendor/phpunit/phpunit/src/Logging/TestDox/TestResult/TestResultCollectionIterator.php
          1,338 100%   11.67kB/s    0:00:00            1,338 100%   11.67kB/s    0:00:00 (xfr#1882, ir-chk=1002/22362)
vendor/phpunit/phpunit/src/Logging/TestDox/TestResult/TestResultCollector.php
         11,028 100%   96.16kB/s    0:00:00           11,028 100%   96.16kB/s    0:00:00 (xfr#1883, ir-chk=1001/22362)
vendor/phpunit/phpunit/src/Logging/TestDox/TestResult/Subscriber/
vendor/phpunit/phpunit/src/Logging/TestDox/TestResult/Subscriber/Subscriber.php
            795 100%    6.87kB/s    0:00:00              795 100%    6.87kB/s    0:00:00 (xfr#1884, ir-chk=1026/22389)
vendor/phpunit/phpunit/src/Logging/TestDox/TestResult/Subscriber/TestConsideredRiskySubscriber.php
            822 100%    7.10kB/s    0:00:00              822 100%    7.10kB/s    0:00:00 (xfr#1885, ir-chk=1025/22389)
vendor/phpunit/phpunit/src/Logging/TestDox/TestResult/Subscriber/TestErroredSubscriber.php
            774 100%    6.69kB/s    0:00:00              774 100%    6.69kB/s    0:00:00 (xfr#1886, ir-chk=1024/22389)
vendor/phpunit/phpunit/src/Logging/TestDox/TestResult/Subscriber/TestFailedSubscriber.php
            768 100%    6.64kB/s    0:00:00              768 100%    6.64kB/s    0:00:00 (xfr#1887, ir-chk=1023/22389)
vendor/phpunit/phpunit/src/Logging/TestDox/TestResult/Subscriber/TestFinishedSubscriber.php
            880 100%    7.61kB/s    0:00:00              880 100%    7.61kB/s    0:00:00 (xfr#1888, ir-chk=1022/22389)
vendor/phpunit/phpunit/src/Logging/TestDox/TestResult/Subscriber/TestMarkedIncompleteSubscriber.php
            828 100%    7.16kB/s    0:00:00              828 100%    7.16kB/s    0:00:00 (xfr#1889, ir-chk=1021/22389)
vendor/phpunit/phpunit/src/Logging/TestDox/TestResult/Subscriber/TestPassedSubscriber.php
            768 100%    6.64kB/s    0:00:00              768 100%    6.64kB/s    0:00:00 (xfr#1890, ir-chk=1020/22389)
vendor/phpunit/phpunit/src/Logging/TestDox/TestResult/Subscriber/TestPreparedSubscriber.php
            780 100%    6.74kB/s    0:00:00              780 100%    6.74kB/s    0:00:00 (xfr#1891, ir-chk=1019/22389)
vendor/phpunit/phpunit/src/Logging/TestDox/TestResult/Subscriber/TestSkippedSubscriber.php
            774 100%    6.69kB/s    0:00:00              774 100%    6.69kB/s    0:00:00 (xfr#1892, ir-chk=1018/22389)
vendor/phpunit/phpunit/src/Logging/TestDox/TestResult/Subscriber/TestTriggeredDeprecationSubscriber.php
            852 100%    7.36kB/s    0:00:00              852 100%    7.36kB/s    0:00:00 (xfr#1893, ir-chk=1017/22389)
vendor/phpunit/phpunit/src/Logging/TestDox/TestResult/Subscriber/TestTriggeredNoticeSubscriber.php
            822 100%    7.10kB/s    0:00:00              822 100%    7.10kB/s    0:00:00 (xfr#1894, ir-chk=1016/22389)
vendor/phpunit/phpunit/src/Logging/TestDox/TestResult/Subscriber/TestTriggeredPhpDeprecationSubscriber.php
            870 100%    7.52kB/s    0:00:00              870 100%    7.52kB/s    0:00:00 (xfr#1895, ir-chk=1015/22389)
vendor/phpunit/phpunit/src/Logging/TestDox/TestResult/Subscriber/TestTriggeredPhpNoticeSubscriber.php
            840 100%    7.26kB/s    0:00:00              840 100%    7.26kB/s    0:00:00 (xfr#1896, ir-chk=1014/22389)
vendor/phpunit/phpunit/src/Logging/TestDox/TestResult/Subscriber/TestTriggeredPhpWarningSubscriber.php
            846 100%    7.31kB/s    0:00:00              846 100%    7.31kB/s    0:00:00 (xfr#1897, ir-chk=1013/22389)
vendor/phpunit/phpunit/src/Logging/TestDox/TestResult/Subscriber/TestTriggeredPhpunitDeprecationSubscriber.php
            894 100%    7.73kB/s    0:00:00              894 100%    7.73kB/s    0:00:00 (xfr#1898, ir-chk=1012/22389)
vendor/phpunit/phpunit/src/Logging/TestDox/TestResult/Subscriber/TestTriggeredPhpunitErrorSubscriber.php
            858 100%    7.41kB/s    0:00:00              858 100%    7.35kB/s    0:00:00 (xfr#1899, ir-chk=1011/22389)
vendor/phpunit/phpunit/src/Logging/TestDox/TestResult/Subscriber/TestTriggeredPhpunitWarningSubscriber.php
            870 100%    7.45kB/s    0:00:00              870 100%    7.45kB/s    0:00:00 (xfr#1900, ir-chk=1010/22389)
vendor/phpunit/phpunit/src/Logging/TestDox/TestResult/Subscriber/TestTriggeredWarningSubscriber.php
            828 100%    7.09kB/s    0:00:00              828 100%    7.09kB/s    0:00:00 (xfr#1901, ir-chk=1009/22389)
vendor/phpunit/phpunit/src/Metadata/
vendor/phpunit/phpunit/src/Metadata/After.php
            829 100%    7.04kB/s    0:00:00              829 100%    7.04kB/s    0:00:00 (xfr#1902, ir-chk=1057/22438)
vendor/phpunit/phpunit/src/Metadata/AfterClass.php
            839 100%    7.12kB/s    0:00:00              839 100%    7.12kB/s    0:00:00 (xfr#1903, ir-chk=1056/22438)
vendor/phpunit/phpunit/src/Metadata/BackupGlobals.php
            842 100%    7.15kB/s    0:00:00              842 100%    7.15kB/s    0:00:00 (xfr#1904, ir-chk=1055/22438)
vendor/phpunit/phpunit/src/Metadata/BackupStaticProperties.php
            860 100%    7.30kB/s    0:00:00              860 100%    7.30kB/s    0:00:00 (xfr#1905, ir-chk=1054/22438)
vendor/phpunit/phpunit/src/Metadata/Before.php
            831 100%    7.06kB/s    0:00:00              831 100%    7.06kB/s    0:00:00 (xfr#1906, ir-chk=1053/22438)
vendor/phpunit/phpunit/src/Metadata/BeforeClass.php
            841 100%    7.14kB/s    0:00:00              841 100%    7.14kB/s    0:00:00 (xfr#1907, ir-chk=1052/22438)
vendor/phpunit/phpunit/src/Metadata/Covers.php
            973 100%    8.26kB/s    0:00:00              973 100%    8.26kB/s    0:00:00 (xfr#1908, ir-chk=1051/22438)
vendor/phpunit/phpunit/src/Metadata/CoversClass.php
          1,235 100%   10.49kB/s    0:00:00            1,235 100%   10.49kB/s    0:00:00 (xfr#1909, ir-chk=1050/22438)
vendor/phpunit/phpunit/src/Metadata/CoversDefaultClass.php
          1,002 100%    8.51kB/s    0:00:00            1,002 100%    8.51kB/s    0:00:00 (xfr#1910, ir-chk=1049/22438)
vendor/phpunit/phpunit/src/Metadata/CoversFunction.php
          1,253 100%   10.64kB/s    0:00:00            1,253 100%   10.64kB/s    0:00:00 (xfr#1911, ir-chk=1048/22438)
vendor/phpunit/phpunit/src/Metadata/CoversMethod.php
          1,595 100%   13.54kB/s    0:00:00            1,595 100%   13.54kB/s    0:00:00 (xfr#1912, ir-chk=1047/22438)
vendor/phpunit/phpunit/src/Metadata/CoversNothing.php
            545 100%    4.63kB/s    0:00:00              545 100%    4.63kB/s    0:00:00 (xfr#1913, ir-chk=1046/22438)
vendor/phpunit/phpunit/src/Metadata/CoversTrait.php
          1,235 100%   10.49kB/s    0:00:00            1,235 100%   10.49kB/s    0:00:00 (xfr#1914, ir-chk=1045/22438)
vendor/phpunit/phpunit/src/Metadata/DataProvider.php
          1,317 100%   11.18kB/s    0:00:00            1,317 100%   11.18kB/s    0:00:00 (xfr#1915, ir-chk=1044/22438)
vendor/phpunit/phpunit/src/Metadata/DependsOnClass.php
          1,356 100%   11.51kB/s    0:00:00            1,356 100%   11.51kB/s    0:00:00 (xfr#1916, ir-chk=1043/22438)
vendor/phpunit/phpunit/src/Metadata/DependsOnMethod.php
          1,686 100%   14.32kB/s    0:00:00            1,686 100%   14.32kB/s    0:00:00 (xfr#1917, ir-chk=1042/22438)
vendor/phpunit/phpunit/src/Metadata/DisableReturnValueGenerationForTestDoubles.php
            603 100%    5.12kB/s    0:00:00              603 100%    5.12kB/s    0:00:00 (xfr#1918, ir-chk=1041/22438)
vendor/phpunit/phpunit/src/Metadata/DoesNotPerformAssertions.php
            567 100%    4.81kB/s    0:00:00              567 100%    4.81kB/s    0:00:00 (xfr#1919, ir-chk=1040/22438)
vendor/phpunit/phpunit/src/Metadata/ExcludeGlobalVariableFromBackup.php
          1,107 100%    9.40kB/s    0:00:00            1,107 100%    9.40kB/s    0:00:00 (xfr#1920, ir-chk=1039/22438)
vendor/phpunit/phpunit/src/Metadata/ExcludeStaticPropertyFromBackup.php
          1,371 100%   11.64kB/s    0:00:00            1,371 100%   11.64kB/s    0:00:00 (xfr#1921, ir-chk=1038/22438)
vendor/phpunit/phpunit/src/Metadata/Group.php
            992 100%    8.35kB/s    0:00:00              992 100%    8.35kB/s    0:00:00 (xfr#1922, ir-chk=1037/22438)
vendor/phpunit/phpunit/src/Metadata/IgnoreDeprecations.php
            555 100%    4.67kB/s    0:00:00              555 100%    4.67kB/s    0:00:00 (xfr#1923, ir-chk=1036/22438)
vendor/phpunit/phpunit/src/Metadata/IgnorePhpunitDeprecations.php
            661 100%    5.56kB/s    0:00:00              661 100%    5.56kB/s    0:00:00 (xfr#1924, ir-chk=1035/22438)
vendor/phpunit/phpunit/src/Metadata/Metadata.php
         23,406 100%  197.05kB/s    0:00:00           23,406 100%  197.05kB/s    0:00:00 (xfr#1925, ir-chk=1034/22438)
vendor/phpunit/phpunit/src/Metadata/MetadataCollection.php
         15,175 100%  127.75kB/s    0:00:00           15,175 100%  127.75kB/s    0:00:00 (xfr#1926, ir-chk=1033/22438)
vendor/phpunit/phpunit/src/Metadata/MetadataCollectionIterator.php
          1,211 100%   10.19kB/s    0:00:00            1,211 100%   10.19kB/s    0:00:00 (xfr#1927, ir-chk=1032/22438)
vendor/phpunit/phpunit/src/Metadata/PostCondition.php
            845 100%    7.11kB/s    0:00:00              845 100%    7.11kB/s    0:00:00 (xfr#1928, ir-chk=1031/22438)
vendor/phpunit/phpunit/src/Metadata/PreCondition.php
            843 100%    7.10kB/s    0:00:00              843 100%    7.10kB/s    0:00:00 (xfr#1929, ir-chk=1030/22438)
vendor/phpunit/phpunit/src/Metadata/PreserveGlobalState.php
            854 100%    7.19kB/s    0:00:00              854 100%    7.19kB/s    0:00:00 (xfr#1930, ir-chk=1029/22438)
vendor/phpunit/phpunit/src/Metadata/RequiresFunction.php
          1,035 100%    8.71kB/s    0:00:00            1,035 100%    8.71kB/s    0:00:00 (xfr#1931, ir-chk=1028/22438)
vendor/phpunit/phpunit/src/Metadata/RequiresMethod.php
          1,321 100%   11.12kB/s    0:00:00            1,321 100%   11.12kB/s    0:00:00 (xfr#1932, ir-chk=1027/22438)
vendor/phpunit/phpunit/src/Metadata/RequiresOperatingSystem.php
          1,067 100%    8.98kB/s    0:00:00            1,067 100%    8.98kB/s    0:00:00 (xfr#1933, ir-chk=1026/22438)
vendor/phpunit/phpunit/src/Metadata/RequiresOperatingSystemFamily.php
          1,124 100%    9.46kB/s    0:00:00            1,124 100%    9.46kB/s    0:00:00 (xfr#1934, ir-chk=1025/22438)
vendor/phpunit/phpunit/src/Metadata/RequiresPhp.php
            968 100%    8.15kB/s    0:00:00              968 100%    8.15kB/s    0:00:00 (xfr#1935, ir-chk=1024/22438)
vendor/phpunit/phpunit/src/Metadata/RequiresPhpExtension.php
          1,688 100%   14.09kB/s    0:00:00            1,688 100%   14.09kB/s    0:00:00 (xfr#1936, ir-chk=1023/22438)
vendor/phpunit/phpunit/src/Metadata/RequiresPhpunit.php
            976 100%    8.15kB/s    0:00:00              976 100%    8.15kB/s    0:00:00 (xfr#1937, ir-chk=1022/22438)
vendor/phpunit/phpunit/src/Metadata/RequiresPhpunitExtension.php
          1,086 100%    9.06kB/s    0:00:00            1,086 100%    9.06kB/s    0:00:00 (xfr#1938, ir-chk=1021/22438)
vendor/phpunit/phpunit/src/Metadata/RequiresSetting.php
          1,283 100%   10.71kB/s    0:00:00            1,283 100%   10.71kB/s    0:00:00 (xfr#1939, ir-chk=1020/22438)
vendor/phpunit/phpunit/src/Metadata/RunClassInSeparateProcess.php
            569 100%    4.75kB/s    0:00:00              569 100%    4.75kB/s    0:00:00 (xfr#1940, ir-chk=1019/22438)
vendor/phpunit/phpunit/src/Metadata/RunInSeparateProcess.php
            559 100%    4.67kB/s    0:00:00              559 100%    4.67kB/s    0:00:00 (xfr#1941, ir-chk=1018/22438)
vendor/phpunit/phpunit/src/Metadata/RunTestsInSeparateProcesses.php
            573 100%    4.78kB/s    0:00:00              573 100%    4.78kB/s    0:00:00 (xfr#1942, ir-chk=1017/22438)
vendor/phpunit/phpunit/src/Metadata/Test.php
            527 100%    4.40kB/s    0:00:00              527 100%    4.40kB/s    0:00:00 (xfr#1943, ir-chk=1016/22438)
vendor/phpunit/phpunit/src/Metadata/TestDox.php
            961 100%    8.02kB/s    0:00:00              961 100%    8.02kB/s    0:00:00 (xfr#1944, ir-chk=1015/22438)
vendor/phpunit/phpunit/src/Metadata/TestWith.php
          1,271 100%   10.61kB/s    0:00:00            1,271 100%   10.61kB/s    0:00:00 (xfr#1945, ir-chk=1014/22438)
vendor/phpunit/phpunit/src/Metadata/Uses.php
            969 100%    8.09kB/s    0:00:00              969 100%    8.09kB/s    0:00:00 (xfr#1946, ir-chk=1013/22438)
vendor/phpunit/phpunit/src/Metadata/UsesClass.php
          1,231 100%   10.19kB/s    0:00:00            1,231 100%   10.19kB/s    0:00:00 (xfr#1947, ir-chk=1012/22438)
vendor/phpunit/phpunit/src/Metadata/UsesDefaultClass.php
            998 100%    8.26kB/s    0:00:00              998 100%    8.26kB/s    0:00:00 (xfr#1948, ir-chk=1011/22438)
vendor/phpunit/phpunit/src/Metadata/UsesFunction.php
          1,246 100%   10.31kB/s    0:00:00            1,246 100%   10.31kB/s    0:00:00 (xfr#1949, ir-chk=1010/22438)
vendor/phpunit/phpunit/src/Metadata/UsesMethod.php
          1,591 100%   13.17kB/s    0:00:00            1,591 100%   13.17kB/s    0:00:00 (xfr#1950, ir-chk=1009/22438)
vendor/phpunit/phpunit/src/Metadata/UsesTrait.php
          1,231 100%   10.19kB/s    0:00:00            1,231 100%   10.19kB/s    0:00:00 (xfr#1951, ir-chk=1008/22438)
vendor/phpunit/phpunit/src/Metadata/WithoutErrorHandler.php
            557 100%    4.61kB/s    0:00:00              557 100%    4.61kB/s    0:00:00 (xfr#1952, ir-chk=1007/22438)
vendor/phpunit/phpunit/src/Metadata/Api/
vendor/phpunit/phpunit/src/Metadata/Api/CodeCoverage.php
         10,980 100%   90.87kB/s    0:00:00           10,980 100%   90.87kB/s    0:00:00 (xfr#1953, ir-chk=1006/22442)
vendor/phpunit/phpunit/src/Metadata/Api/DataProvider.php
         10,500 100%   86.17kB/s    0:00:00           10,500 100%   86.17kB/s    0:00:00 (xfr#1954, ir-chk=1005/22442)
vendor/phpunit/phpunit/src/Metadata/Api/Dependencies.php
          1,677 100%   13.76kB/s    0:00:00            1,677 100%   13.76kB/s    0:00:00 (xfr#1955, ir-chk=1004/22442)
vendor/phpunit/phpunit/src/Metadata/Api/Groups.php
          4,294 100%   35.24kB/s    0:00:00            4,294 100%   35.24kB/s    0:00:00 (xfr#1956, ir-chk=1003/22442)
vendor/phpunit/phpunit/src/Metadata/Api/HookMethods.php
          5,297 100%   43.47kB/s    0:00:00            5,297 100%   43.47kB/s    0:00:00 (xfr#1957, ir-chk=1002/22442)
vendor/phpunit/phpunit/src/Metadata/Api/Requirements.php
          6,244 100%   51.24kB/s    0:00:00            6,244 100%   51.24kB/s    0:00:00 (xfr#1958, ir-chk=1001/22442)
vendor/phpunit/phpunit/src/Metadata/Exception/
vendor/phpunit/phpunit/src/Metadata/Exception/AnnotationsAreNotSupportedForInternalClassesException.php
          1,011 100%    8.23kB/s    0:00:00            1,011 100%    8.23kB/s    0:00:00 (xfr#1959, ir-chk=1005/22447)
vendor/phpunit/phpunit/src/Metadata/Exception/Exception.php
            446 100%    3.63kB/s    0:00:00              446 100%    3.63kB/s    0:00:00 (xfr#1960, ir-chk=1004/22447)
vendor/phpunit/phpunit/src/Metadata/Exception/InvalidAttributeException.php
          1,292 100%   10.51kB/s    0:00:00            1,292 100%   10.51kB/s    0:00:00 (xfr#1961, ir-chk=1003/22447)
vendor/phpunit/phpunit/src/Metadata/Exception/InvalidVersionRequirementException.php
            515 100%    4.19kB/s    0:00:00              515 100%    4.19kB/s    0:00:00 (xfr#1962, ir-chk=1002/22447)
vendor/phpunit/phpunit/src/Metadata/Exception/NoVersionRequirementException.php
            510 100%    4.15kB/s    0:00:00              510 100%    4.15kB/s    0:00:00 (xfr#1963, ir-chk=1001/22447)
vendor/phpunit/phpunit/src/Metadata/Exception/ReflectionException.php
            615 100%    5.00kB/s    0:00:00              615 100%    5.00kB/s    0:00:00 (xfr#1964, ir-chk=1000/22447)
vendor/phpunit/phpunit/src/Metadata/Parser/
vendor/phpunit/phpunit/src/Metadata/Parser/AnnotationParser.php
         20,747 100%  167.44kB/s    0:00:00           20,747 100%  167.44kB/s    0:00:00 (xfr#1965, ir-chk=1010/22458)
vendor/phpunit/phpunit/src/Metadata/Parser/AttributeParser.php
         28,796 100%  232.41kB/s    0:00:00           28,796 100%  232.41kB/s    0:00:00 (xfr#1966, ir-chk=1009/22458)
vendor/phpunit/phpunit/src/Metadata/Parser/CachingParser.php
          2,699 100%   21.78kB/s    0:00:00            2,699 100%   21.78kB/s    0:00:00 (xfr#1967, ir-chk=1008/22458)
vendor/phpunit/phpunit/src/Metadata/Parser/Parser.php
          1,072 100%    8.65kB/s    0:00:00            1,072 100%    8.65kB/s    0:00:00 (xfr#1968, ir-chk=1007/22458)
vendor/phpunit/phpunit/src/Metadata/Parser/ParserChain.php
          2,197 100%   17.73kB/s    0:00:00            2,197 100%   17.73kB/s    0:00:00 (xfr#1969, ir-chk=1006/22458)
vendor/phpunit/phpunit/src/Metadata/Parser/Registry.php
          1,049 100%    8.47kB/s    0:00:00            1,049 100%    8.47kB/s    0:00:00 (xfr#1970, ir-chk=1005/22458)
vendor/phpunit/phpunit/src/Metadata/Parser/Annotation/
vendor/phpunit/phpunit/src/Metadata/Parser/Annotation/DocBlock.php
         10,029 100%   80.28kB/s    0:00:00           10,029 100%   80.28kB/s    0:00:00 (xfr#1971, ir-chk=1003/22458)
vendor/phpunit/phpunit/src/Metadata/Parser/Annotation/Registry.php
          3,032 100%   24.27kB/s    0:00:00            3,032 100%   24.27kB/s    0:00:00 (xfr#1972, ir-chk=1002/22458)
vendor/phpunit/phpunit/src/Metadata/Version/
vendor/phpunit/phpunit/src/Metadata/Version/ComparisonRequirement.php
          1,088 100%    8.71kB/s    0:00:00            1,088 100%    8.71kB/s    0:00:00 (xfr#1973, ir-chk=1002/22459)
vendor/phpunit/phpunit/src/Metadata/Version/ConstraintRequirement.php
          1,205 100%    9.65kB/s    0:00:00            1,205 100%    9.65kB/s    0:00:00 (xfr#1974, ir-chk=1001/22459)
vendor/phpunit/phpunit/src/Metadata/Version/Requirement.php
          1,863 100%   14.91kB/s    0:00:00            1,863 100%   14.91kB/s    0:00:00 (xfr#1975, ir-chk=1000/22459)
vendor/phpunit/phpunit/src/Runner/
vendor/phpunit/phpunit/src/Runner/CodeCoverage.php
         13,580 100%  107.82kB/s    0:00:00           13,580 100%  107.82kB/s    0:00:00 (xfr#1976, ir-chk=1019/22479)
vendor/phpunit/phpunit/src/Runner/ErrorHandler.php
         12,672 100%  100.61kB/s    0:00:00           12,672 100%  100.61kB/s    0:00:00 (xfr#1977, ir-chk=1018/22479)
vendor/phpunit/phpunit/src/Runner/IssueFilter.php
          3,950 100%   31.36kB/s    0:00:00            3,950 100%   31.36kB/s    0:00:00 (xfr#1978, ir-chk=1017/22479)
vendor/phpunit/phpunit/src/Runner/TestSuiteLoader.php
          3,988 100%   31.66kB/s    0:00:00            3,988 100%   31.66kB/s    0:00:00 (xfr#1979, ir-chk=1016/22479)
vendor/phpunit/phpunit/src/Runner/TestSuiteSorter.php
         10,769 100%   85.50kB/s    0:00:00           10,769 100%   85.50kB/s    0:00:00 (xfr#1980, ir-chk=1015/22479)
vendor/phpunit/phpunit/src/Runner/Version.php
          1,736 100%   13.67kB/s    0:00:00            1,736 100%   13.67kB/s    0:00:00 (xfr#1981, ir-chk=1014/22479)
vendor/phpunit/phpunit/src/Runner/Baseline/
vendor/phpunit/phpunit/src/Runner/Baseline/Baseline.php
          1,578 100%   12.43kB/s    0:00:00            1,578 100%   12.43kB/s    0:00:00 (xfr#1982, ir-chk=1009/22485)
vendor/phpunit/phpunit/src/Runner/Baseline/Generator.php
          4,009 100%   31.57kB/s    0:00:00            4,009 100%   31.57kB/s    0:00:00 (xfr#1983, ir-chk=1008/22485)
vendor/phpunit/phpunit/src/Runner/Baseline/Issue.php
          3,426 100%   26.98kB/s    0:00:00            3,426 100%   26.98kB/s    0:00:00 (xfr#1984, ir-chk=1007/22485)
vendor/phpunit/phpunit/src/Runner/Baseline/Reader.php
          3,196 100%   25.17kB/s    0:00:00            3,196 100%   25.17kB/s    0:00:00 (xfr#1985, ir-chk=1006/22485)
vendor/phpunit/phpunit/src/Runner/Baseline/RelativePathCalculator.php
          2,796 100%   22.02kB/s    0:00:00            2,796 100%   22.02kB/s    0:00:00 (xfr#1986, ir-chk=1005/22485)
vendor/phpunit/phpunit/src/Runner/Baseline/Writer.php
          2,374 100%   18.70kB/s    0:00:00            2,374 100%   18.70kB/s    0:00:00 (xfr#1987, ir-chk=1004/22485)
vendor/phpunit/phpunit/src/Runner/Baseline/Exception/
vendor/phpunit/phpunit/src/Runner/Baseline/Exception/CannotLoadBaselineException.php
            637 100%    5.02kB/s    0:00:00              637 100%    5.02kB/s    0:00:00 (xfr#1988, ir-chk=1004/22488)
vendor/phpunit/phpunit/src/Runner/Baseline/Exception/CannotWriteBaselineException.php
            638 100%    5.02kB/s    0:00:00              638 100%    5.02kB/s    0:00:00 (xfr#1989, ir-chk=1003/22488)
vendor/phpunit/phpunit/src/Runner/Baseline/Exception/FileDoesNotHaveLineException.php
            902 100%    7.10kB/s    0:00:00              902 100%    7.10kB/s    0:00:00 (xfr#1990, ir-chk=1002/22488)
vendor/phpunit/phpunit/src/Runner/Baseline/Subscriber/
vendor/phpunit/phpunit/src/Runner/Baseline/Subscriber/Subscriber.php
            765 100%    5.98kB/s    0:00:00              765 100%    5.98kB/s    0:00:00 (xfr#1991, ir-chk=1007/22494)
vendor/phpunit/phpunit/src/Runner/Baseline/Subscriber/TestTriggeredDeprecationSubscriber.php
            993 100%    7.76kB/s    0:00:00              993 100%    7.76kB/s    0:00:00 (xfr#1992, ir-chk=1006/22494)
vendor/phpunit/phpunit/src/Runner/Baseline/Subscriber/TestTriggeredNoticeSubscriber.php
            968 100%    7.56kB/s    0:00:00              968 100%    7.56kB/s    0:00:00 (xfr#1993, ir-chk=1005/22494)
vendor/phpunit/phpunit/src/Runner/Baseline/Subscriber/TestTriggeredPhpDeprecationSubscriber.php
          1,008 100%    7.88kB/s    0:00:00            1,008 100%    7.88kB/s    0:00:00 (xfr#1994, ir-chk=1004/22494)
vendor/phpunit/phpunit/src/Runner/Baseline/Subscriber/TestTriggeredPhpNoticeSubscriber.php
            983 100%    7.68kB/s    0:00:00              983 100%    7.68kB/s    0:00:00 (xfr#1995, ir-chk=1003/22494)
vendor/phpunit/phpunit/src/Runner/Baseline/Subscriber/TestTriggeredPhpWarningSubscriber.php
            988 100%    7.72kB/s    0:00:00              988 100%    7.72kB/s    0:00:00 (xfr#1996, ir-chk=1002/22494)
vendor/phpunit/phpunit/src/Runner/Baseline/Subscriber/TestTriggeredWarningSubscriber.php
            973 100%    7.60kB/s    0:00:00              973 100%    7.60kB/s    0:00:00 (xfr#1997, ir-chk=1001/22494)
vendor/phpunit/phpunit/src/Runner/DeprecationCollector/
vendor/phpunit/phpunit/src/Runner/DeprecationCollector/Collector.php
          2,056 100%   16.06kB/s    0:00:00            2,056 100%   16.06kB/s    0:00:00 (xfr#1998, ir-chk=1010/22504)
vendor/phpunit/phpunit/src/Runner/DeprecationCollector/Facade.php
          2,496 100%   19.50kB/s    0:00:00            2,496 100%   19.50kB/s    0:00:00 (xfr#1999, ir-chk=1009/22504)
vendor/phpunit/phpunit/src/Runner/DeprecationCollector/InIsolationCollector.php
          1,577 100%   12.32kB/s    0:00:00            1,577 100%   12.32kB/s    0:00:00 (xfr#2000, ir-chk=1008/22504)
vendor/phpunit/phpunit/src/Runner/DeprecationCollector/Subscriber/
vendor/phpunit/phpunit/src/Runner/DeprecationCollector/Subscriber/Subscriber.php
            840 100%    6.56kB/s    0:00:00              840 100%    6.56kB/s    0:00:00 (xfr#2001, ir-chk=1006/22504)
vendor/phpunit/phpunit/src/Runner/DeprecationCollector/Subscriber/TestPreparedSubscriber.php
            777 100%    6.07kB/s    0:00:00              777 100%    6.07kB/s    0:00:00 (xfr#2002, ir-chk=1005/22504)
vendor/phpunit/phpunit/src/Runner/DeprecationCollector/Subscriber/TestTriggeredDeprecationSubscriber.php
            855 100%    6.68kB/s    0:00:00              855 100%    6.68kB/s    0:00:00 (xfr#2003, ir-chk=1004/22504)
vendor/phpunit/phpunit/src/Runner/Exception/
vendor/phpunit/phpunit/src/Runner/Exception/ClassCannotBeFoundException.php
            874 100%    6.77kB/s    0:00:00              874 100%    6.77kB/s    0:00:00 (xfr#2004, ir-chk=1014/22515)
vendor/phpunit/phpunit/src/Runner/Exception/ClassDoesNotExtendTestCaseException.php
            918 100%    7.11kB/s    0:00:00              918 100%    7.11kB/s    0:00:00 (xfr#2005, ir-chk=1013/22515)
vendor/phpunit/phpunit/src/Runner/Exception/ClassIsAbstractException.php
            876 100%    6.79kB/s    0:00:00              876 100%    6.79kB/s    0:00:00 (xfr#2006, ir-chk=1012/22515)
vendor/phpunit/phpunit/src/Runner/Exception/DirectoryDoesNotExistException.php
            864 100%    6.70kB/s    0:00:00              864 100%    6.70kB/s    0:00:00 (xfr#2007, ir-chk=1011/22515)
vendor/phpunit/phpunit/src/Runner/Exception/ErrorException.php
            563 100%    4.36kB/s    0:00:00              563 100%    4.36kB/s    0:00:00 (xfr#2008, ir-chk=1010/22515)
vendor/phpunit/phpunit/src/Runner/Exception/Exception.php
            536 100%    4.15kB/s    0:00:00              536 100%    4.15kB/s    0:00:00 (xfr#2009, ir-chk=1009/22515)
vendor/phpunit/phpunit/src/Runner/Exception/FileDoesNotExistException.php
            819 100%    6.35kB/s    0:00:00              819 100%    6.35kB/s    0:00:00 (xfr#2010, ir-chk=1008/22515)
vendor/phpunit/phpunit/src/Runner/Exception/InvalidOrderException.php
            592 100%    4.59kB/s    0:00:00              592 100%    4.59kB/s    0:00:00 (xfr#2011, ir-chk=1007/22515)
vendor/phpunit/phpunit/src/Runner/Exception/InvalidPhptFileException.php
            595 100%    4.61kB/s    0:00:00              595 100%    4.61kB/s    0:00:00 (xfr#2012, ir-chk=1006/22515)
vendor/phpunit/phpunit/src/Runner/Exception/ParameterDoesNotExistException.php
            829 100%    6.43kB/s    0:00:00              829 100%    6.43kB/s    0:00:00 (xfr#2013, ir-chk=1005/22515)
vendor/phpunit/phpunit/src/Runner/Exception/PhptExternalFileCannotBeLoadedException.php
            904 100%    7.01kB/s    0:00:00              904 100%    7.01kB/s    0:00:00 (xfr#2014, ir-chk=1004/22515)
vendor/phpunit/phpunit/src/Runner/Exception/UnsupportedPhptSectionException.php
            848 100%    6.57kB/s    0:00:00              848 100%    6.57kB/s    0:00:00 (xfr#2015, ir-chk=1003/22515)
vendor/phpunit/phpunit/src/Runner/Extension/
vendor/phpunit/phpunit/src/Runner/Extension/Extension.php
            592 100%    4.59kB/s    0:00:00              592 100%    4.59kB/s    0:00:00 (xfr#2016, ir-chk=1014/22527)
vendor/phpunit/phpunit/src/Runner/Extension/ExtensionBootstrapper.php
          2,836 100%   21.98kB/s    0:00:00            2,836 100%   21.98kB/s    0:00:00 (xfr#2017, ir-chk=1013/22527)
vendor/phpunit/phpunit/src/Runner/Extension/Facade.php
          2,485 100%   19.26kB/s    0:00:00            2,485 100%   19.26kB/s    0:00:00 (xfr#2018, ir-chk=1012/22527)
vendor/phpunit/phpunit/src/Runner/Extension/ParameterCollection.php
          1,360 100%   10.54kB/s    0:00:00            1,360 100%   10.54kB/s    0:00:00 (xfr#2019, ir-chk=1011/22527)
vendor/phpunit/phpunit/src/Runner/Extension/PharLoader.php
          4,674 100%   35.94kB/s    0:00:00            4,674 100%   35.94kB/s    0:00:00 (xfr#2020, ir-chk=1010/22527)
vendor/phpunit/phpunit/src/Runner/Filter/
vendor/phpunit/phpunit/src/Runner/Filter/ExcludeGroupFilterIterator.php
            824 100%    6.34kB/s    0:00:00              824 100%    6.34kB/s    0:00:00 (xfr#2021, ir-chk=1009/22527)
vendor/phpunit/phpunit/src/Runner/Filter/ExcludeNameFilterIterator.php
            650 100%    5.00kB/s    0:00:00              650 100%    5.00kB/s    0:00:00 (xfr#2022, ir-chk=1008/22527)
vendor/phpunit/phpunit/src/Runner/Filter/Factory.php
          2,684 100%   20.64kB/s    0:00:00            2,684 100%   20.64kB/s    0:00:00 (xfr#2023, ir-chk=1007/22527)
vendor/phpunit/phpunit/src/Runner/Filter/GroupFilterIterator.php
          2,063 100%   15.86kB/s    0:00:00            2,063 100%   15.86kB/s    0:00:00 (xfr#2024, ir-chk=1006/22527)
vendor/phpunit/phpunit/src/Runner/Filter/IncludeGroupFilterIterator.php
            823 100%    6.33kB/s    0:00:00              823 100%    6.33kB/s    0:00:00 (xfr#2025, ir-chk=1005/22527)
vendor/phpunit/phpunit/src/Runner/Filter/IncludeNameFilterIterator.php
            649 100%    4.99kB/s    0:00:00              649 100%    4.99kB/s    0:00:00 (xfr#2026, ir-chk=1004/22527)
vendor/phpunit/phpunit/src/Runner/Filter/NameFilterIterator.php
          4,297 100%   33.04kB/s    0:00:00            4,297 100%   33.04kB/s    0:00:00 (xfr#2027, ir-chk=1003/22527)
vendor/phpunit/phpunit/src/Runner/Filter/TestIdFilterIterator.php
          1,706 100%   13.12kB/s    0:00:00            1,706 100%   13.12kB/s    0:00:00 (xfr#2028, ir-chk=1002/22527)
vendor/phpunit/phpunit/src/Runner/GarbageCollection/
vendor/phpunit/phpunit/src/Runner/GarbageCollection/GarbageCollectionHandler.php
          2,320 100%   17.84kB/s    0:00:00            2,320 100%   17.84kB/s    0:00:00 (xfr#2029, ir-chk=1001/22527)
vendor/phpunit/phpunit/src/Runner/GarbageCollection/Subscriber/
vendor/phpunit/phpunit/src/Runner/GarbageCollection/Subscriber/ExecutionFinishedSubscriber.php
          1,049 100%    8.07kB/s    0:00:00            1,049 100%    8.07kB/s    0:00:00 (xfr#2030, ir-chk=1014/22542)
vendor/phpunit/phpunit/src/Runner/GarbageCollection/Subscriber/ExecutionStartedSubscriber.php
          1,042 100%    8.01kB/s    0:00:00            1,042 100%    8.01kB/s    0:00:00 (xfr#2031, ir-chk=1013/22542)
vendor/phpunit/phpunit/src/Runner/GarbageCollection/Subscriber/Subscriber.php
            807 100%    6.16kB/s    0:00:00              807 100%    6.16kB/s    0:00:00 (xfr#2032, ir-chk=1012/22542)
vendor/phpunit/phpunit/src/Runner/GarbageCollection/Subscriber/TestFinishedSubscriber.php
            940 100%    7.17kB/s    0:00:00              940 100%    7.17kB/s    0:00:00 (xfr#2033, ir-chk=1011/22542)
vendor/phpunit/phpunit/src/Runner/HookMethod/
vendor/phpunit/phpunit/src/Runner/HookMethod/HookMethod.php
          1,061 100%    8.09kB/s    0:00:00            1,061 100%    8.09kB/s    0:00:00 (xfr#2034, ir-chk=1010/22542)
vendor/phpunit/phpunit/src/Runner/HookMethod/HookMethodCollection.php
          2,370 100%   18.08kB/s    0:00:00            2,370 100%   18.08kB/s    0:00:00 (xfr#2035, ir-chk=1009/22542)
vendor/phpunit/phpunit/src/Runner/PHPT/
vendor/phpunit/phpunit/src/Runner/PHPT/PhptTestCase.php
         28,013 100%  213.72kB/s    0:00:00           28,013 100%  213.72kB/s    0:00:00 (xfr#2036, ir-chk=1008/22542)
vendor/phpunit/phpunit/src/Runner/PHPT/templates/
vendor/phpunit/phpunit/src/Runner/PHPT/templates/phpt.tpl
          1,187 100%    9.06kB/s    0:00:00            1,187 100%    9.06kB/s    0:00:00 (xfr#2037, ir-chk=1006/22542)
vendor/phpunit/phpunit/src/Runner/ResultCache/
vendor/phpunit/phpunit/src/Runner/ResultCache/DefaultResultCache.php
          4,160 100%   31.74kB/s    0:00:00            4,160 100%   31.74kB/s    0:00:00 (xfr#2038, ir-chk=1005/22542)
vendor/phpunit/phpunit/src/Runner/ResultCache/NullResultCache.php
          1,059 100%    8.02kB/s    0:00:00            1,059 100%    8.02kB/s    0:00:00 (xfr#2039, ir-chk=1004/22542)
vendor/phpunit/phpunit/src/Runner/ResultCache/ResultCache.php
            899 100%    6.81kB/s    0:00:00              899 100%    6.81kB/s    0:00:00 (xfr#2040, ir-chk=1003/22542)
vendor/phpunit/phpunit/src/Runner/ResultCache/ResultCacheHandler.php
          4,505 100%   34.10kB/s    0:00:00            4,505 100%   34.10kB/s    0:00:00 (xfr#2041, ir-chk=1002/22542)
vendor/phpunit/phpunit/src/Runner/ResultCache/ResultCacheId.php
          1,457 100%   11.03kB/s    0:00:00            1,457 100%   11.03kB/s    0:00:00 (xfr#2042, ir-chk=1001/22542)
vendor/phpunit/phpunit/src/Runner/ResultCache/Subscriber/
vendor/phpunit/phpunit/src/Runner/ResultCache/Subscriber/Subscriber.php
            783 100%    5.93kB/s    0:00:00              783 100%    5.93kB/s    0:00:00 (xfr#2043, ir-chk=1012/22555)
vendor/phpunit/phpunit/src/Runner/ResultCache/Subscriber/TestConsideredRiskySubscriber.php
            823 100%    6.23kB/s    0:00:00              823 100%    6.23kB/s    0:00:00 (xfr#2044, ir-chk=1011/22555)
vendor/phpunit/phpunit/src/Runner/ResultCache/Subscriber/TestErroredSubscriber.php
            775 100%    5.87kB/s    0:00:00              775 100%    5.87kB/s    0:00:00 (xfr#2045, ir-chk=1010/22555)
vendor/phpunit/phpunit/src/Runner/ResultCache/Subscriber/TestFailedSubscriber.php
            769 100%    5.82kB/s    0:00:00              769 100%    5.82kB/s    0:00:00 (xfr#2046, ir-chk=1009/22555)
vendor/phpunit/phpunit/src/Runner/ResultCache/Subscriber/TestFinishedSubscriber.php
            940 100%    7.12kB/s    0:00:00              940 100%    7.12kB/s    0:00:00 (xfr#2047, ir-chk=1008/22555)
vendor/phpunit/phpunit/src/Runner/ResultCache/Subscriber/TestMarkedIncompleteSubscriber.php
            829 100%    6.28kB/s    0:00:00              829 100%    6.28kB/s    0:00:00 (xfr#2048, ir-chk=1007/22555)
vendor/phpunit/phpunit/src/Runner/ResultCache/Subscriber/TestPreparedSubscriber.php
            781 100%    5.91kB/s    0:00:00              781 100%    5.91kB/s    0:00:00 (xfr#2049, ir-chk=1006/22555)
vendor/phpunit/phpunit/src/Runner/ResultCache/Subscriber/TestSkippedSubscriber.php
            934 100%    7.07kB/s    0:00:00              934 100%    7.07kB/s    0:00:00 (xfr#2050, ir-chk=1005/22555)
vendor/phpunit/phpunit/src/Runner/ResultCache/Subscriber/TestSuiteFinishedSubscriber.php
            795 100%    6.02kB/s    0:00:00              795 100%    6.02kB/s    0:00:00 (xfr#2051, ir-chk=1004/22555)
vendor/phpunit/phpunit/src/Runner/ResultCache/Subscriber/TestSuiteStartedSubscriber.php
            789 100%    5.97kB/s    0:00:00              789 100%    5.97kB/s    0:00:00 (xfr#2052, ir-chk=1003/22555)
vendor/phpunit/phpunit/src/Runner/TestResult/
vendor/phpunit/phpunit/src/Runner/TestResult/Collector.php
         18,192 100%  136.66kB/s    0:00:00           18,192 100%  136.66kB/s    0:00:00 (xfr#2053, ir-chk=1008/22561)
vendor/phpunit/phpunit/src/Runner/TestResult/Facade.php
          3,762 100%   28.26kB/s    0:00:00            3,762 100%   28.26kB/s    0:00:00 (xfr#2054, ir-chk=1007/22561)
vendor/phpunit/phpunit/src/Runner/TestResult/Issue.php
          3,449 100%   25.91kB/s    0:00:00            3,449 100%   25.91kB/s    0:00:00 (xfr#2055, ir-chk=1006/22561)
vendor/phpunit/phpunit/src/Runner/TestResult/PassedTests.php
          3,439 100%   25.83kB/s    0:00:00            3,439 100%   25.83kB/s    0:00:00 (xfr#2056, ir-chk=1005/22561)
vendor/phpunit/phpunit/src/Runner/TestResult/TestResult.php
         17,362 100%  130.42kB/s    0:00:00           17,362 100%  130.42kB/s    0:00:00 (xfr#2057, ir-chk=1004/22561)
vendor/phpunit/phpunit/src/Runner/TestResult/Subscriber/
vendor/phpunit/phpunit/src/Runner/TestResult/Subscriber/AfterTestClassMethodErroredSubscriber.php
            888 100%    6.62kB/s    0:00:00              888 100%    6.62kB/s    0:00:00 (xfr#2058, ir-chk=1026/22585)
vendor/phpunit/phpunit/src/Runner/TestResult/Subscriber/BeforeTestClassMethodErroredSubscriber.php
            898 100%    6.69kB/s    0:00:00              898 100%    6.69kB/s    0:00:00 (xfr#2059, ir-chk=1025/22585)
vendor/phpunit/phpunit/src/Runner/TestResult/Subscriber/ExecutionStartedSubscriber.php
            888 100%    6.62kB/s    0:00:00              888 100%    6.62kB/s    0:00:00 (xfr#2060, ir-chk=1024/22585)
vendor/phpunit/phpunit/src/Runner/TestResult/Subscriber/Subscriber.php
            771 100%    5.75kB/s    0:00:00              771 100%    5.75kB/s    0:00:00 (xfr#2061, ir-chk=1023/22585)
vendor/phpunit/phpunit/src/Runner/TestResult/Subscriber/TestConsideredRiskySubscriber.php
            828 100%    6.17kB/s    0:00:00              828 100%    6.17kB/s    0:00:00 (xfr#2062, ir-chk=1022/22585)
vendor/phpunit/phpunit/src/Runner/TestResult/Subscriber/TestErroredSubscriber.php
            780 100%    5.81kB/s    0:00:00              780 100%    5.81kB/s    0:00:00 (xfr#2063, ir-chk=1021/22585)
vendor/phpunit/phpunit/src/Runner/TestResult/Subscriber/TestFailedSubscriber.php
            774 100%    5.77kB/s    0:00:00              774 100%    5.77kB/s    0:00:00 (xfr#2064, ir-chk=1020/22585)
vendor/phpunit/phpunit/src/Runner/TestResult/Subscriber/TestFinishedSubscriber.php
            786 100%    5.86kB/s    0:00:00              786 100%    5.86kB/s    0:00:00 (xfr#2065, ir-chk=1019/22585)
vendor/phpunit/phpunit/src/Runner/TestResult/Subscriber/TestMarkedIncompleteSubscriber.php
            834 100%    6.22kB/s    0:00:00              834 100%    6.22kB/s    0:00:00 (xfr#2066, ir-chk=1018/22585)
vendor/phpunit/phpunit/src/Runner/TestResult/Subscriber/TestPreparedSubscriber.php
            780 100%    5.81kB/s    0:00:00              780 100%    5.81kB/s    0:00:00 (xfr#2067, ir-chk=1017/22585)
vendor/phpunit/phpunit/src/Runner/TestResult/Subscriber/TestRunnerTriggeredDeprecationSubscriber.php
            882 100%    6.58kB/s    0:00:00              882 100%    6.58kB/s    0:00:00 (xfr#2068, ir-chk=1016/22585)
vendor/phpunit/phpunit/src/Runner/TestResult/Subscriber/TestRunnerTriggeredWarningSubscriber.php
            858 100%    6.40kB/s    0:00:00              858 100%    6.40kB/s    0:00:00 (xfr#2069, ir-chk=1015/22585)
vendor/phpunit/phpunit/src/Runner/TestResult/Subscriber/TestSkippedSubscriber.php
            780 100%    5.81kB/s    0:00:00              780 100%    5.81kB/s    0:00:00 (xfr#2070, ir-chk=1014/22585)
vendor/phpunit/phpunit/src/Runner/TestResult/Subscriber/TestSuiteFinishedSubscriber.php
            806 100%    6.01kB/s    0:00:00              806 100%    6.01kB/s    0:00:00 (xfr#2071, ir-chk=1013/22585)
vendor/phpunit/phpunit/src/Runner/TestResult/Subscriber/TestSuiteSkippedSubscriber.php
            800 100%    5.96kB/s    0:00:00              800 100%    5.96kB/s    0:00:00 (xfr#2072, ir-chk=1012/22585)
vendor/phpunit/phpunit/src/Runner/TestResult/Subscriber/TestSuiteStartedSubscriber.php
            800 100%    5.96kB/s    0:00:00              800 100%    5.96kB/s    0:00:00 (xfr#2073, ir-chk=1011/22585)
vendor/phpunit/phpunit/src/Runner/TestResult/Subscriber/TestTriggeredDeprecationSubscriber.php
            858 100%    6.40kB/s    0:00:00              858 100%    6.40kB/s    0:00:00 (xfr#2074, ir-chk=1010/22585)
vendor/phpunit/phpunit/src/Runner/TestResult/Subscriber/TestTriggeredErrorSubscriber.php
            822 100%    6.13kB/s    0:00:00              822 100%    6.13kB/s    0:00:00 (xfr#2075, ir-chk=1009/22585)
vendor/phpunit/phpunit/src/Runner/TestResult/Subscriber/TestTriggeredNoticeSubscriber.php
            828 100%    6.13kB/s    0:00:00              828 100%    6.13kB/s    0:00:00 (xfr#2076, ir-chk=1008/22585)
vendor/phpunit/phpunit/src/Runner/TestResult/Subscriber/TestTriggeredPhpDeprecationSubscriber.php
            876 100%    6.48kB/s    0:00:00              876 100%    6.48kB/s    0:00:00 (xfr#2077, ir-chk=1007/22585)
vendor/phpunit/phpunit/src/Runner/TestResult/Subscriber/TestTriggeredPhpNoticeSubscriber.php
            846 100%    6.26kB/s    0:00:00              846 100%    6.26kB/s    0:00:00 (xfr#2078, ir-chk=1006/22585)
vendor/phpunit/phpunit/src/Runner/TestResult/Subscriber/TestTriggeredPhpWarningSubscriber.php
            852 100%    6.30kB/s    0:00:00              852 100%    6.30kB/s    0:00:00 (xfr#2079, ir-chk=1005/22585)
vendor/phpunit/phpunit/src/Runner/TestResult/Subscriber/TestTriggeredPhpunitDeprecationSubscriber.php
            900 100%    6.66kB/s    0:00:00              900 100%    6.66kB/s    0:00:00 (xfr#2080, ir-chk=1004/22585)
vendor/phpunit/phpunit/src/Runner/TestResult/Subscriber/TestTriggeredPhpunitErrorSubscriber.php
            864 100%    6.39kB/s    0:00:00              864 100%    6.39kB/s    0:00:00 (xfr#2081, ir-chk=1003/22585)
vendor/phpunit/phpunit/src/Runner/TestResult/Subscriber/TestTriggeredPhpunitWarningSubscriber.php
            876 100%    6.48kB/s    0:00:00              876 100%    6.48kB/s    0:00:00 (xfr#2082, ir-chk=1002/22585)
vendor/phpunit/phpunit/src/Runner/TestResult/Subscriber/TestTriggeredWarningSubscriber.php
            834 100%    6.17kB/s    0:00:00              834 100%    6.17kB/s    0:00:00 (xfr#2083, ir-chk=1001/22585)
vendor/phpunit/phpunit/src/TextUI/
vendor/phpunit/phpunit/src/TextUI/Application.php
         28,978 100%  214.39kB/s    0:00:00           28,978 100%  214.39kB/s    0:00:00 (xfr#2084, ir-chk=1023/22608)
vendor/phpunit/phpunit/src/TextUI/Help.php
         18,977 100%  139.34kB/s    0:00:00           18,977 100%  139.34kB/s    0:00:00 (xfr#2085, ir-chk=1022/22608)
vendor/phpunit/phpunit/src/TextUI/ShellExitCodeCalculator.php
          4,897 100%   35.96kB/s    0:00:00            4,897 100%   35.96kB/s    0:00:00 (xfr#2086, ir-chk=1021/22608)
vendor/phpunit/phpunit/src/TextUI/TestRunner.php
          2,540 100%   18.65kB/s    0:00:00            2,540 100%   18.65kB/s    0:00:00 (xfr#2087, ir-chk=1020/22608)
vendor/phpunit/phpunit/src/TextUI/TestSuiteFilterProcessor.php
          3,129 100%   22.97kB/s    0:00:00            3,129 100%   22.97kB/s    0:00:00 (xfr#2088, ir-chk=1019/22608)
vendor/phpunit/phpunit/src/TextUI/Command/
vendor/phpunit/phpunit/src/TextUI/Command/Command.php
            554 100%    4.07kB/s    0:00:00              554 100%    4.07kB/s    0:00:00 (xfr#2089, ir-chk=1014/22608)
vendor/phpunit/phpunit/src/TextUI/Command/Result.php
          1,230 100%    9.03kB/s    0:00:00            1,230 100%    9.03kB/s    0:00:00 (xfr#2090, ir-chk=1013/22608)
vendor/phpunit/phpunit/src/TextUI/Command/Commands/
vendor/phpunit/phpunit/src/TextUI/Command/Commands/AtLeastVersionCommand.php
            959 100%    7.04kB/s    0:00:00              959 100%    7.04kB/s    0:00:00 (xfr#2091, ir-chk=1013/22610)
vendor/phpunit/phpunit/src/TextUI/Command/Commands/CheckPhpConfigurationCommand.php
          4,941 100%   36.01kB/s    0:00:00            4,941 100%   36.01kB/s    0:00:00 (xfr#2092, ir-chk=1012/22610)
vendor/phpunit/phpunit/src/TextUI/Command/Commands/GenerateConfigurationCommand.php
          3,403 100%   24.80kB/s    0:00:00            3,403 100%   24.80kB/s    0:00:00 (xfr#2093, ir-chk=1011/22610)
vendor/phpunit/phpunit/src/TextUI/Command/Commands/ListGroupsCommand.php
          2,240 100%   16.32kB/s    0:00:00            2,240 100%   16.32kB/s    0:00:00 (xfr#2094, ir-chk=1010/22610)
vendor/phpunit/phpunit/src/TextUI/Command/Commands/ListTestFilesCommand.php
          1,717 100%   12.51kB/s    0:00:00            1,717 100%   12.51kB/s    0:00:00 (xfr#2095, ir-chk=1009/22610)
vendor/phpunit/phpunit/src/TextUI/Command/Commands/ListTestSuitesCommand.php
          3,000 100%   21.86kB/s    0:00:00            3,000 100%   21.86kB/s    0:00:00 (xfr#2096, ir-chk=1008/22610)
vendor/phpunit/phpunit/src/TextUI/Command/Commands/ListTestsAsTextCommand.php
          1,648 100%   12.01kB/s    0:00:00            1,648 100%   12.01kB/s    0:00:00 (xfr#2097, ir-chk=1007/22610)
vendor/phpunit/phpunit/src/TextUI/Command/Commands/ListTestsAsXmlCommand.php
          3,960 100%   28.86kB/s    0:00:00            3,960 100%   28.86kB/s    0:00:00 (xfr#2098, ir-chk=1006/22610)
vendor/phpunit/phpunit/src/TextUI/Command/Commands/MigrateConfigurationCommand.php
          1,765 100%   12.86kB/s    0:00:00            1,765 100%   12.86kB/s    0:00:00 (xfr#2099, ir-chk=1005/22610)
vendor/phpunit/phpunit/src/TextUI/Command/Commands/ShowHelpCommand.php
            884 100%    6.44kB/s    0:00:00              884 100%    6.44kB/s    0:00:00 (xfr#2100, ir-chk=1004/22610)
vendor/phpunit/phpunit/src/TextUI/Command/Commands/ShowVersionCommand.php
            637 100%    4.64kB/s    0:00:00              637 100%    4.64kB/s    0:00:00 (xfr#2101, ir-chk=1003/22610)
vendor/phpunit/phpunit/src/TextUI/Command/Commands/VersionCheckCommand.php
          2,452 100%   17.87kB/s    0:00:00            2,452 100%   17.87kB/s    0:00:00 (xfr#2102, ir-chk=1002/22610)
vendor/phpunit/phpunit/src/TextUI/Command/Commands/WarmCodeCoverageCacheCommand.php
          2,597 100%   18.93kB/s    0:00:00            2,597 100%   18.93kB/s    0:00:00 (xfr#2103, ir-chk=1001/22610)
vendor/phpunit/phpunit/src/TextUI/Configuration/
vendor/phpunit/phpunit/src/TextUI/Configuration/Builder.php
          1,780 100%   12.88kB/s    0:00:00            1,780 100%   12.88kB/s    0:00:00 (xfr#2104, ir-chk=1013/22623)
vendor/phpunit/phpunit/src/TextUI/Configuration/CodeCoverageFilterRegistry.php
          1,923 100%   13.91kB/s    0:00:00            1,923 100%   13.91kB/s    0:00:00 (xfr#2105, ir-chk=1012/22623)
vendor/phpunit/phpunit/src/TextUI/Configuration/Configuration.php
         32,768  73%  237.04kB/s    0:00:00           44,580 100%  322.48kB/s    0:00:00 (xfr#2106, ir-chk=1011/22623)
vendor/phpunit/phpunit/src/TextUI/Configuration/Merger.php
         32,768  80%  237.04kB/s    0:00:00           40,610 100%  291.60kB/s    0:00:00 (xfr#2107, ir-chk=1010/22623)
vendor/phpunit/phpunit/src/TextUI/Configuration/PhpHandler.php
          3,893 100%   27.95kB/s    0:00:00            3,893 100%   27.95kB/s    0:00:00 (xfr#2108, ir-chk=1009/22623)
vendor/phpunit/phpunit/src/TextUI/Configuration/Registry.php
          3,473 100%   24.94kB/s    0:00:00            3,473 100%   24.94kB/s    0:00:00 (xfr#2109, ir-chk=1008/22623)
vendor/phpunit/phpunit/src/TextUI/Configuration/SourceFilter.php
          1,217 100%    8.74kB/s    0:00:00            1,217 100%    8.74kB/s    0:00:00 (xfr#2110, ir-chk=1007/22623)
vendor/phpunit/phpunit/src/TextUI/Configuration/SourceMapper.php
          3,466 100%   24.89kB/s    0:00:00            3,466 100%   24.89kB/s    0:00:00 (xfr#2111, ir-chk=1006/22623)
vendor/phpunit/phpunit/src/TextUI/Configuration/TestSuiteBuilder.php
          4,287 100%   30.56kB/s    0:00:00            4,287 100%   30.56kB/s    0:00:00 (xfr#2112, ir-chk=1005/22623)
vendor/phpunit/phpunit/src/TextUI/Configuration/Cli/
vendor/phpunit/phpunit/src/TextUI/Configuration/Cli/Builder.php
         32,768  78%  233.58kB/s    0:00:00           41,711 100%  297.32kB/s    0:00:00 (xfr#2113, ir-chk=1004/22627)
vendor/phpunit/phpunit/src/TextUI/Configuration/Cli/Configuration.php
         32,768  51%  233.58kB/s    0:00:00           63,731 100%  450.99kB/s    0:00:00 (xfr#2114, ir-chk=1003/22627)
vendor/phpunit/phpunit/src/TextUI/Configuration/Cli/Exception.php
            602 100%    4.26kB/s    0:00:00              602 100%    4.26kB/s    0:00:00 (xfr#2115, ir-chk=1002/22627)
vendor/phpunit/phpunit/src/TextUI/Configuration/Cli/XmlConfigurationFileFinder.php
          2,018 100%   14.28kB/s    0:00:00            2,018 100%   14.28kB/s    0:00:00 (xfr#2116, ir-chk=1001/22627)
vendor/phpunit/phpunit/src/TextUI/Configuration/Exception/
vendor/phpunit/phpunit/src/TextUI/Configuration/Exception/CannotFindSchemaException.php
            657 100%    4.65kB/s    0:00:00              657 100%    4.65kB/s    0:00:00 (xfr#2117, ir-chk=1016/22643)
vendor/phpunit/phpunit/src/TextUI/Configuration/Exception/CodeCoverageReportNotConfiguredException.php
            625 100%    4.42kB/s    0:00:00              625 100%    4.42kB/s    0:00:00 (xfr#2118, ir-chk=1015/22643)
vendor/phpunit/phpunit/src/TextUI/Configuration/Exception/ConfigurationCannotBeBuiltException.php
            620 100%    4.39kB/s    0:00:00              620 100%    4.39kB/s    0:00:00 (xfr#2119, ir-chk=1014/22643)
vendor/phpunit/phpunit/src/TextUI/Configuration/Exception/Exception.php
            561 100%    3.97kB/s    0:00:00              561 100%    3.97kB/s    0:00:00 (xfr#2120, ir-chk=1013/22643)
vendor/phpunit/phpunit/src/TextUI/Configuration/Exception/FilterNotConfiguredException.php
            613 100%    4.34kB/s    0:00:00              613 100%    4.34kB/s    0:00:00 (xfr#2121, ir-chk=1012/22643)
vendor/phpunit/phpunit/src/TextUI/Configuration/Exception/LoggingNotConfiguredException.php
            614 100%    4.34kB/s    0:00:00              614 100%    4.34kB/s    0:00:00 (xfr#2122, ir-chk=1011/22643)
vendor/phpunit/phpunit/src/TextUI/Configuration/Exception/NoBaselineException.php
            604 100%    4.27kB/s    0:00:00              604 100%    4.27kB/s    0:00:00 (xfr#2123, ir-chk=1010/22643)
vendor/phpunit/phpunit/src/TextUI/Configuration/Exception/NoBootstrapException.php
            605 100%    4.28kB/s    0:00:00              605 100%    4.28kB/s    0:00:00 (xfr#2124, ir-chk=1009/22643)
vendor/phpunit/phpunit/src/TextUI/Configuration/Exception/NoCacheDirectoryException.php
            610 100%    4.32kB/s    0:00:00              610 100%    4.32kB/s    0:00:00 (xfr#2125, ir-chk=1008/22643)
vendor/phpunit/phpunit/src/TextUI/Configuration/Exception/NoConfigurationFileException.php
            613 100%    4.34kB/s    0:00:00              613 100%    4.34kB/s    0:00:00 (xfr#2126, ir-chk=1007/22643)
vendor/phpunit/phpunit/src/TextUI/Configuration/Exception/NoCoverageCacheDirectoryException.php
            618 100%    4.37kB/s    0:00:00              618 100%    4.37kB/s    0:00:00 (xfr#2127, ir-chk=1006/22643)
vendor/phpunit/phpunit/src/TextUI/Configuration/Exception/NoCustomCssFileException.php
            609 100%    4.31kB/s    0:00:00              609 100%    4.31kB/s    0:00:00 (xfr#2128, ir-chk=1005/22643)
vendor/phpunit/phpunit/src/TextUI/Configuration/Exception/NoDefaultTestSuiteException.php
            612 100%    4.33kB/s    0:00:00              612 100%    4.33kB/s    0:00:00 (xfr#2129, ir-chk=1004/22643)
vendor/phpunit/phpunit/src/TextUI/Configuration/Exception/NoPharExtensionDirectoryException.php
            618 100%    4.37kB/s    0:00:00              618 100%    4.37kB/s    0:00:00 (xfr#2130, ir-chk=1003/22643)
vendor/phpunit/phpunit/src/TextUI/Configuration/Exception/SpecificDeprecationToStopOnNotConfiguredException.php
            634 100%    4.45kB/s    0:00:00              634 100%    4.45kB/s    0:00:00 (xfr#2131, ir-chk=1002/22643)
vendor/phpunit/phpunit/src/TextUI/Configuration/Value/
vendor/phpunit/phpunit/src/TextUI/Configuration/Value/Constant.php
            815 100%    4.63kB/s    0:00:00              815 100%    4.63kB/s    0:00:00 (xfr#2132, ir-chk=1035/22677)
vendor/phpunit/phpunit/src/TextUI/Configuration/Value/ConstantCollection.php
          1,323 100%    7.51kB/s    0:00:00            1,323 100%    7.51kB/s    0:00:00 (xfr#2133, ir-chk=1034/22677)
vendor/phpunit/phpunit/src/TextUI/Configuration/Value/ConstantCollectionIterator.php
          1,229 100%    6.98kB/s    0:00:00            1,229 100%    6.98kB/s    0:00:00 (xfr#2134, ir-chk=1033/22677)
vendor/phpunit/phpunit/src/TextUI/Configuration/Value/Directory.php
            649 100%    3.68kB/s    0:00:00              649 100%    3.68kB/s    0:00:00 (xfr#2135, ir-chk=1032/22677)
vendor/phpunit/phpunit/src/TextUI/Configuration/Value/DirectoryCollection.php
          1,435 100%    8.15kB/s    0:00:00            1,435 100%    8.15kB/s    0:00:00 (xfr#2136, ir-chk=1031/22677)
vendor/phpunit/phpunit/src/TextUI/Configuration/Value/DirectoryCollectionIterator.php
          1,246 100%    7.07kB/s    0:00:00            1,246 100%    7.03kB/s    0:00:00 (xfr#2137, ir-chk=1030/22677)
vendor/phpunit/phpunit/src/TextUI/Configuration/Value/ExtensionBootstrap.php
          1,171 100%    6.61kB/s    0:00:00            1,171 100%    6.61kB/s    0:00:00 (xfr#2138, ir-chk=1029/22677)
vendor/phpunit/phpunit/src/TextUI/Configuration/Value/ExtensionBootstrapCollection.php
          1,351 100%    7.63kB/s    0:00:00            1,351 100%    7.63kB/s    0:00:00 (xfr#2139, ir-chk=1028/22677)
vendor/phpunit/phpunit/src/TextUI/Configuration/Value/ExtensionBootstrapCollectionIterator.php
          1,339 100%    7.56kB/s    0:00:00            1,339 100%    7.56kB/s    0:00:00 (xfr#2140, ir-chk=1027/22677)
vendor/phpunit/phpunit/src/TextUI/Configuration/Value/File.php
            790 100%    4.46kB/s    0:00:00              790 100%    4.46kB/s    0:00:00 (xfr#2141, ir-chk=1026/22677)
vendor/phpunit/phpunit/src/TextUI/Configuration/Value/FileCollection.php
          1,342 100%    7.58kB/s    0:00:00            1,342 100%    7.58kB/s    0:00:00 (xfr#2142, ir-chk=1025/22677)
vendor/phpunit/phpunit/src/TextUI/Configuration/Value/FileCollectionIterator.php
          1,185 100%    6.69kB/s    0:00:00            1,185 100%    6.69kB/s    0:00:00 (xfr#2143, ir-chk=1024/22677)
vendor/phpunit/phpunit/src/TextUI/Configuration/Value/FilterDirectory.php
          1,117 100%    6.31kB/s    0:00:00            1,117 100%    6.31kB/s    0:00:00 (xfr#2144, ir-chk=1023/22677)
vendor/phpunit/phpunit/src/TextUI/Configuration/Value/FilterDirectoryCollection.php
          1,490 100%    8.41kB/s    0:00:00            1,490 100%    8.41kB/s    0:00:00 (xfr#2145, ir-chk=1022/22677)
vendor/phpunit/phpunit/src/TextUI/Configuration/Value/FilterDirectoryCollectionIterator.php
          1,276 100%    7.20kB/s    0:00:00            1,276 100%    7.20kB/s    0:00:00 (xfr#2146, ir-chk=1021/22677)
vendor/phpunit/phpunit/src/TextUI/Configuration/Value/Group.php
            645 100%    3.64kB/s    0:00:00              645 100%    3.64kB/s    0:00:00 (xfr#2147, ir-chk=1020/22677)
vendor/phpunit/phpunit/src/TextUI/Configuration/Value/GroupCollection.php
          1,474 100%    8.32kB/s    0:00:00            1,474 100%    8.32kB/s    0:00:00 (xfr#2148, ir-chk=1019/22677)
vendor/phpunit/phpunit/src/TextUI/Configuration/Value/GroupCollectionIterator.php
          1,196 100%    6.71kB/s    0:00:00            1,196 100%    6.71kB/s    0:00:00 (xfr#2149, ir-chk=1018/22677)
vendor/phpunit/phpunit/src/TextUI/Configuration/Value/IniSetting.php
            802 100%    4.50kB/s    0:00:00              802 100%    4.50kB/s    0:00:00 (xfr#2150, ir-chk=1017/22677)
vendor/phpunit/phpunit/src/TextUI/Configuration/Value/IniSettingCollection.php
          1,357 100%    7.62kB/s    0:00:00            1,357 100%    7.62kB/s    0:00:00 (xfr#2151, ir-chk=1016/22677)
vendor/phpunit/phpunit/src/TextUI/Configuration/Value/IniSettingCollectionIterator.php
          1,251 100%    7.02kB/s    0:00:00            1,251 100%    7.02kB/s    0:00:00 (xfr#2152, ir-chk=1015/22677)
vendor/phpunit/phpunit/src/TextUI/Configuration/Value/Php.php
          3,130 100%   17.57kB/s    0:00:00            3,130 100%   17.57kB/s    0:00:00 (xfr#2153, ir-chk=1014/22677)
vendor/phpunit/phpunit/src/TextUI/Configuration/Value/Source.php
          6,858 100%   38.49kB/s    0:00:00            6,858 100%   38.49kB/s    0:00:00 (xfr#2154, ir-chk=1013/22677)
vendor/phpunit/phpunit/src/TextUI/Configuration/Value/TestDirectory.php
          1,994 100%   11.19kB/s    0:00:00            1,994 100%   11.19kB/s    0:00:00 (xfr#2155, ir-chk=1012/22677)
vendor/phpunit/phpunit/src/TextUI/Configuration/Value/TestDirectoryCollection.php
          1,467 100%    8.23kB/s    0:00:00            1,467 100%    8.23kB/s    0:00:00 (xfr#2156, ir-chk=1011/22677)
vendor/phpunit/phpunit/src/TextUI/Configuration/Value/TestDirectoryCollectionIterator.php
          1,266 100%    7.11kB/s    0:00:00            1,266 100%    7.11kB/s    0:00:00 (xfr#2157, ir-chk=1010/22677)
vendor/phpunit/phpunit/src/TextUI/Configuration/Value/TestFile.php
          1,651 100%    9.27kB/s    0:00:00            1,651 100%    9.27kB/s    0:00:00 (xfr#2158, ir-chk=1009/22677)
vendor/phpunit/phpunit/src/TextUI/Configuration/Value/TestFileCollection.php
          1,373 100%    7.71kB/s    0:00:00            1,373 100%    7.71kB/s    0:00:00 (xfr#2159, ir-chk=1008/22677)
vendor/phpunit/phpunit/src/TextUI/Configuration/Value/TestFileCollectionIterator.php
          1,205 100%    6.72kB/s    0:00:00            1,205 100%    6.72kB/s    0:00:00 (xfr#2160, ir-chk=1007/22677)
vendor/phpunit/phpunit/src/TextUI/Configuration/Value/TestSuite.php
          1,424 100%    7.95kB/s    0:00:00            1,424 100%    7.95kB/s    0:00:00 (xfr#2161, ir-chk=1006/22677)
vendor/phpunit/phpunit/src/TextUI/Configuration/Value/TestSuiteCollection.php
          1,426 100%    7.96kB/s    0:00:00            1,426 100%    7.96kB/s    0:00:00 (xfr#2162, ir-chk=1005/22677)
vendor/phpunit/phpunit/src/TextUI/Configuration/Value/TestSuiteCollectionIterator.php
          1,240 100%    6.92kB/s    0:00:00            1,240 100%    6.92kB/s    0:00:00 (xfr#2163, ir-chk=1004/22677)
vendor/phpunit/phpunit/src/TextUI/Configuration/Value/Variable.php
            942 100%    5.26kB/s    0:00:00              942 100%    5.26kB/s    0:00:00 (xfr#2164, ir-chk=1003/22677)
vendor/phpunit/phpunit/src/TextUI/Configuration/Value/VariableCollection.php
          1,323 100%    7.38kB/s    0:00:00            1,323 100%    7.38kB/s    0:00:00 (xfr#2165, ir-chk=1002/22677)
vendor/phpunit/phpunit/src/TextUI/Configuration/Value/VariableCollectionIterator.php
          1,229 100%    6.86kB/s    0:00:00            1,229 100%    6.86kB/s    0:00:00 (xfr#2166, ir-chk=1001/22677)
vendor/phpunit/phpunit/src/TextUI/Configuration/Xml/
vendor/phpunit/phpunit/src/TextUI/Configuration/Xml/Configuration.php
          2,712 100%    7.93kB/s    0:00:00            2,712 100%    7.93kB/s    0:00:00 (xfr#2167, ir-chk=1016/22693)
vendor/phpunit/phpunit/src/TextUI/Configuration/Xml/DefaultConfiguration.php
          4,901 100%   14.33kB/s    0:00:00            4,901 100%   14.33kB/s    0:00:00 (xfr#2168, ir-chk=1015/22693)
vendor/phpunit/phpunit/src/TextUI/Configuration/Xml/Exception.php
            606 100%    1.77kB/s    0:00:00              606 100%    1.77kB/s    0:00:00 (xfr#2169, ir-chk=1014/22693)
vendor/phpunit/phpunit/src/TextUI/Configuration/Xml/Generator.php
          2,275 100%    6.65kB/s    0:00:00            2,275 100%    6.65kB/s    0:00:00 (xfr#2170, ir-chk=1013/22693)
vendor/phpunit/phpunit/src/TextUI/Configuration/Xml/Groups.php
          1,217 100%    3.56kB/s    0:00:00            1,217 100%    3.56kB/s    0:00:00 (xfr#2171, ir-chk=1012/22693)
vendor/phpunit/phpunit/src/TextUI/Configuration/Xml/LoadedFromFileConfiguration.php
          2,133 100%    6.22kB/s    0:00:00            2,133 100%    6.22kB/s    0:00:00 (xfr#2172, ir-chk=1011/22693)
vendor/phpunit/phpunit/src/TextUI/Configuration/Xml/Loader.php
         32,768  78%   95.52kB/s    0:00:00           41,973 100%  121.99kB/s    0:00:00 (xfr#2173, ir-chk=1010/22693)
vendor/phpunit/phpunit/src/TextUI/Configuration/Xml/PHPUnit.php
         17,070 100%   49.61kB/s    0:00:00           17,070 100%   49.61kB/s    0:00:00 (xfr#2174, ir-chk=1009/22693)
vendor/phpunit/phpunit/src/TextUI/Configuration/Xml/SchemaFinder.php
          1,983 100%    5.76kB/s    0:00:00            1,983 100%    5.75kB/s    0:00:00 (xfr#2175, ir-chk=1008/22693)
vendor/phpunit/phpunit/src/TextUI/Configuration/Xml/TestSuiteMapper.php
          5,871 100%   17.01kB/s    0:00:00            5,871 100%   17.01kB/s    0:00:00 (xfr#2176, ir-chk=1007/22693)
vendor/phpunit/phpunit/src/TextUI/Configuration/Xml/CodeCoverage/
vendor/phpunit/phpunit/src/TextUI/Configuration/Xml/CodeCoverage/CodeCoverage.php
          5,797 100%   16.80kB/s    0:00:00            5,797 100%   16.80kB/s    0:00:00 (xfr#2177, ir-chk=1001/22693)
vendor/phpunit/phpunit/src/TextUI/Configuration/Xml/CodeCoverage/Report/
vendor/phpunit/phpunit/src/TextUI/Configuration/Xml/CodeCoverage/Report/Clover.php
            807 100%    2.33kB/s    0:00:00              807 100%    2.33kB/s    0:00:00 (xfr#2178, ir-chk=1006/22700)
vendor/phpunit/phpunit/src/TextUI/Configuration/Xml/CodeCoverage/Report/Cobertura.php
            810 100%    2.34kB/s    0:00:00              810 100%    2.34kB/s    0:00:00 (xfr#2179, ir-chk=1005/22700)
vendor/phpunit/phpunit/src/TextUI/Configuration/Xml/CodeCoverage/Report/Crap4j.php
            976 100%    2.82kB/s    0:00:00              976 100%    2.82kB/s    0:00:00 (xfr#2180, ir-chk=1004/22700)
vendor/phpunit/phpunit/src/TextUI/Configuration/Xml/CodeCoverage/Report/Html.php
          2,887 100%    8.34kB/s    0:00:00            2,887 100%    8.34kB/s    0:00:00 (xfr#2181, ir-chk=1003/22700)
vendor/phpunit/phpunit/src/TextUI/Configuration/Xml/CodeCoverage/Report/Php.php
            804 100%    2.32kB/s    0:00:00              804 100%    2.32kB/s    0:00:00 (xfr#2182, ir-chk=1002/22700)
vendor/phpunit/phpunit/src/TextUI/Configuration/Xml/CodeCoverage/Report/Text.php
          1,248 100%    3.61kB/s    0:00:00            1,248 100%    3.61kB/s    0:00:00 (xfr#2183, ir-chk=1001/22700)
vendor/phpunit/phpunit/src/TextUI/Configuration/Xml/CodeCoverage/Report/Xml.php
            824 100%    2.38kB/s    0:00:00              824 100%    2.38kB/s    0:00:00 (xfr#2184, ir-chk=1000/22700)
vendor/phpunit/phpunit/src/TextUI/Configuration/Xml/Logging/
vendor/phpunit/phpunit/src/TextUI/Configuration/Xml/Logging/Junit.php
            794 100%    2.10kB/s    0:00:00              794 100%    2.10kB/s    0:00:00 (xfr#2185, ir-chk=1005/22706)
vendor/phpunit/phpunit/src/TextUI/Configuration/Xml/Logging/Logging.php
          2,594 100%    6.85kB/s    0:00:00            2,594 100%    6.85kB/s    0:00:00 (xfr#2186, ir-chk=1004/22706)
vendor/phpunit/phpunit/src/TextUI/Configuration/Xml/Logging/TeamCity.php
            797 100%    2.10kB/s    0:00:00              797 100%    2.10kB/s    0:00:00 (xfr#2187, ir-chk=1003/22706)
vendor/phpunit/phpunit/src/TextUI/Configuration/Xml/Logging/TestDox/
vendor/phpunit/phpunit/src/TextUI/Configuration/Xml/Logging/TestDox/Html.php
            801 100%    2.11kB/s    0:00:00              801 100%    2.11kB/s    0:00:00 (xfr#2188, ir-chk=1001/22706)
vendor/phpunit/phpunit/src/TextUI/Configuration/Xml/Logging/TestDox/Text.php
            801 100%    2.11kB/s    0:00:00              801 100%    2.11kB/s    0:00:00 (xfr#2189, ir-chk=1000/22706)
vendor/phpunit/phpunit/src/TextUI/Configuration/Xml/Migration/
vendor/phpunit/phpunit/src/TextUI/Configuration/Xml/Migration/MigrationBuilder.php
          3,462 100%    9.11kB/s    0:00:00            3,462 100%    9.11kB/s    0:00:00 (xfr#2190, ir-chk=1006/22713)
vendor/phpunit/phpunit/src/TextUI/Configuration/Xml/Migration/MigrationException.php
            629 100%    1.66kB/s    0:00:00              629 100%    1.66kB/s    0:00:00 (xfr#2191, ir-chk=1005/22713)
vendor/phpunit/phpunit/src/TextUI/Configuration/Xml/Migration/Migrator.php
          1,617 100%    4.26kB/s    0:00:00            1,617 100%    4.26kB/s    0:00:00 (xfr#2192, ir-chk=1004/22713)
vendor/phpunit/phpunit/src/TextUI/Configuration/Xml/Migration/SnapshotNodeList.php
          1,344 100%    3.54kB/s    0:00:00            1,344 100%    3.54kB/s    0:00:00 (xfr#2193, ir-chk=1003/22713)
vendor/phpunit/phpunit/src/TextUI/Configuration/Xml/Migration/Migrations/
vendor/phpunit/phpunit/src/TextUI/Configuration/Xml/Migration/Migrations/ConvertLogTypes.php
          1,641 100%    4.31kB/s    0:00:00            1,641 100%    4.31kB/s    0:00:00 (xfr#2194, ir-chk=1037/22749)
vendor/phpunit/phpunit/src/TextUI/Configuration/Xml/Migration/Migrations/CoverageCloverToReport.php
            940 100%    2.47kB/s    0:00:00              940 100%    2.47kB/s    0:00:00 (xfr#2195, ir-chk=1036/22749)
vendor/phpunit/phpunit/src/TextUI/Configuration/Xml/Migration/Migrations/CoverageCrap4jToReport.php
          1,008 100%    2.65kB/s    0:00:00            1,008 100%    2.65kB/s    0:00:00 (xfr#2196, ir-chk=1035/22749)
vendor/phpunit/phpunit/src/TextUI/Configuration/Xml/Migration/Migrations/CoverageHtmlToReport.php
          1,021 100%    2.67kB/s    0:00:00            1,021 100%    2.67kB/s    0:00:00 (xfr#2197, ir-chk=1034/22749)
vendor/phpunit/phpunit/src/TextUI/Configuration/Xml/Migration/Migrations/CoveragePhpToReport.php
            921 100%    2.41kB/s    0:00:00              921 100%    2.41kB/s    0:00:00 (xfr#2198, ir-chk=1033/22749)
vendor/phpunit/phpunit/src/TextUI/Configuration/Xml/Migration/Migrations/CoverageTextToReport.php
          1,022 100%    2.68kB/s    0:00:00            1,022 100%    2.68kB/s    0:00:00 (xfr#2199, ir-chk=1032/22749)
vendor/phpunit/phpunit/src/TextUI/Configuration/Xml/Migration/Migrations/CoverageXmlToReport.php
            926 100%    2.42kB/s    0:00:00              926 100%    2.42kB/s    0:00:00 (xfr#2200, ir-chk=1031/22749)
vendor/phpunit/phpunit/src/TextUI/Configuration/Xml/Migration/Migrations/IntroduceCacheDirectoryAttribute.php
            945 100%    2.47kB/s    0:00:00              945 100%    2.47kB/s    0:00:00 (xfr#2201, ir-chk=1030/22749)
vendor/phpunit/phpunit/src/TextUI/Configuration/Xml/Migration/Migrations/IntroduceCoverageElement.php
            855 100%    2.24kB/s    0:00:00              855 100%    2.24kB/s    0:00:00 (xfr#2202, ir-chk=1029/22749)
vendor/phpunit/phpunit/src/TextUI/Configuration/Xml/Migration/Migrations/LogToReportMigration.php
          2,495 100%    6.51kB/s    0:00:00            2,495 100%    6.51kB/s    0:00:00 (xfr#2203, ir-chk=1028/22749)
vendor/phpunit/phpunit/src/TextUI/Configuration/Xml/Migration/Migrations/Migration.php
            602 100%    1.57kB/s    0:00:00              602 100%    1.57kB/s    0:00:00 (xfr#2204, ir-chk=1027/22749)
vendor/phpunit/phpunit/src/TextUI/Configuration/Xml/Migration/Migrations/MoveAttributesFromFilterWhitelistToCoverage.php
          1,546 100%    4.04kB/s    0:00:00            1,546 100%    4.04kB/s    0:00:00 (xfr#2205, ir-chk=1026/22749)
vendor/phpunit/phpunit/src/TextUI/Configuration/Xml/Migration/Migrations/MoveAttributesFromRootToCoverage.php
          1,519 100%    3.97kB/s    0:00:00            1,519 100%    3.97kB/s    0:00:00 (xfr#2206, ir-chk=1025/22749)
vendor/phpunit/phpunit/src/TextUI/Configuration/Xml/Migration/Migrations/MoveCoverageDirectoriesToSource.php
          1,752 100%    4.57kB/s    0:00:00            1,752 100%    4.57kB/s    0:00:00 (xfr#2207, ir-chk=1024/22749)
vendor/phpunit/phpunit/src/TextUI/Configuration/Xml/Migration/Migrations/MoveWhitelistExcludesToCoverage.php
          2,234 100%    5.83kB/s    0:00:00            2,234 100%    5.83kB/s    0:00:00 (xfr#2208, ir-chk=1023/22749)
vendor/phpunit/phpunit/src/TextUI/Configuration/Xml/Migration/Migrations/MoveWhitelistIncludesToCoverage.php
          1,548 100%    4.03kB/s    0:00:00            1,548 100%    4.03kB/s    0:00:00 (xfr#2209, ir-chk=1022/22749)
vendor/phpunit/phpunit/src/TextUI/Configuration/Xml/Migration/Migrations/RemoveBeStrictAboutResourceUsageDuringSmallTestsAttribute.php
            994 100%    2.59kB/s    0:00:00              994 100%    2.59kB/s    0:00:00 (xfr#2210, ir-chk=1021/22749)
vendor/phpunit/phpunit/src/TextUI/Configuration/Xml/Migration/Migrations/RemoveBeStrictAboutTodoAnnotatedTestsAttribute.php
            961 100%    2.50kB/s    0:00:00              961 100%    2.50kB/s    0:00:00 (xfr#2211, ir-chk=1020/22749)
vendor/phpunit/phpunit/src/TextUI/Configuration/Xml/Migration/Migrations/RemoveCacheResultFileAttribute.php
            913 100%    2.38kB/s    0:00:00              913 100%    2.38kB/s    0:00:00 (xfr#2212, ir-chk=1019/22749)
vendor/phpunit/phpunit/src/TextUI/Configuration/Xml/Migration/Migrations/RemoveCacheTokensAttribute.php
            901 100%    2.35kB/s    0:00:00              901 100%    2.35kB/s    0:00:00 (xfr#2213, ir-chk=1018/22749)
vendor/phpunit/phpunit/src/TextUI/Configuration/Xml/Migration/Migrations/RemoveConversionToExceptionsAttributes.php
          1,379 100%    3.59kB/s    0:00:00            1,379 100%    3.59kB/s    0:00:00 (xfr#2214, ir-chk=1017/22749)
vendor/phpunit/phpunit/src/TextUI/Configuration/Xml/Migration/Migrations/RemoveCoverageElementCacheDirectoryAttribute.php
            989 100%    2.58kB/s    0:00:00              989 100%    2.58kB/s    0:00:00 (xfr#2215, ir-chk=1016/22749)
vendor/phpunit/phpunit/src/TextUI/Configuration/Xml/Migration/Migrations/RemoveCoverageElementProcessUncoveredFilesAttribute.php
          1,010 100%    2.63kB/s    0:00:00            1,010 100%    2.63kB/s    0:00:00 (xfr#2216, ir-chk=1015/22749)
vendor/phpunit/phpunit/src/TextUI/Configuration/Xml/Migration/Migrations/RemoveEmptyFilter.php
          1,679 100%    4.37kB/s    0:00:00            1,679 100%    4.37kB/s    0:00:00 (xfr#2217, ir-chk=1014/22749)
vendor/phpunit/phpunit/src/TextUI/Configuration/Xml/Migration/Migrations/RemoveListeners.php
            891 100%    2.31kB/s    0:00:00              891 100%    2.31kB/s    0:00:00 (xfr#2218, ir-chk=1013/22749)
vendor/phpunit/phpunit/src/TextUI/Configuration/Xml/Migration/Migrations/RemoveLogTypes.php
          1,181 100%    3.07kB/s    0:00:00            1,181 100%    3.07kB/s    0:00:00 (xfr#2219, ir-chk=1012/22749)
vendor/phpunit/phpunit/src/TextUI/Configuration/Xml/Migration/Migrations/RemoveLoggingElements.php
          1,550 100%    4.03kB/s    0:00:00            1,550 100%    4.03kB/s    0:00:00 (xfr#2220, ir-chk=1011/22749)
vendor/phpunit/phpunit/src/TextUI/Configuration/Xml/Migration/Migrations/RemoveNoInteractionAttribute.php
            907 100%    2.36kB/s    0:00:00              907 100%    2.36kB/s    0:00:00 (xfr#2221, ir-chk=1010/22749)
vendor/phpunit/phpunit/src/TextUI/Configuration/Xml/Migration/Migrations/RemovePrinterAttributes.php
          1,012 100%    2.63kB/s    0:00:00            1,012 100%    2.63kB/s    0:00:00 (xfr#2222, ir-chk=1009/22749)
vendor/phpunit/phpunit/src/TextUI/Configuration/Xml/Migration/Migrations/RemoveRegisterMockObjectsFromTestArgumentsRecursivelyAttribute.php
          1,009 100%    2.62kB/s    0:00:00            1,009 100%    2.62kB/s    0:00:00 (xfr#2223, ir-chk=1008/22749)
vendor/phpunit/phpunit/src/TextUI/Configuration/Xml/Migration/Migrations/RemoveTestDoxGroupsElement.php
            906 100%    2.35kB/s    0:00:00              906 100%    2.35kB/s    0:00:00 (xfr#2224, ir-chk=1007/22749)
vendor/phpunit/phpunit/src/TextUI/Configuration/Xml/Migration/Migrations/RemoveTestSuiteLoaderAttributes.php
          1,052 100%    2.73kB/s    0:00:00            1,052 100%    2.73kB/s    0:00:00 (xfr#2225, ir-chk=1006/22749)
vendor/phpunit/phpunit/src/TextUI/Configuration/Xml/Migration/Migrations/RemoveVerboseAttribute.php
            889 100%    2.31kB/s    0:00:00              889 100%    2.31kB/s    0:00:00 (xfr#2226, ir-chk=1005/22749)
vendor/phpunit/phpunit/src/TextUI/Configuration/Xml/Migration/Migrations/RenameBackupStaticAttributesAttribute.php
          1,146 100%    2.98kB/s    0:00:00            1,146 100%    2.98kB/s    0:00:00 (xfr#2227, ir-chk=1004/22749)
vendor/phpunit/phpunit/src/TextUI/Configuration/Xml/Migration/Migrations/RenameBeStrictAboutCoversAnnotationAttribute.php
          1,188 100%    3.08kB/s    0:00:00            1,188 100%    3.08kB/s    0:00:00 (xfr#2228, ir-chk=1003/22749)
vendor/phpunit/phpunit/src/TextUI/Configuration/Xml/Migration/Migrations/RenameForceCoversAnnotationAttribute.php
          1,144 100%    2.96kB/s    0:00:00            1,144 100%    2.96kB/s    0:00:00 (xfr#2229, ir-chk=1002/22749)
vendor/phpunit/phpunit/src/TextUI/Configuration/Xml/Migration/Migrations/ReplaceRestrictDeprecationsWithIgnoreDeprecations.php
          1,402 100%    3.63kB/s    0:00:00            1,402 100%    3.63kB/s    0:00:00 (xfr#2230, ir-chk=1001/22749)
vendor/phpunit/phpunit/src/TextUI/Configuration/Xml/Migration/Migrations/UpdateSchemaLocation.php
          1,512 100%    3.92kB/s    0:00:00            1,512 100%    3.92kB/s    0:00:00 (xfr#2231, ir-chk=1000/22749)
vendor/phpunit/phpunit/src/TextUI/Configuration/Xml/SchemaDetector/
vendor/phpunit/phpunit/src/TextUI/Configuration/Xml/SchemaDetector/FailedSchemaDetectionResult.php
            602 100%    1.56kB/s    0:00:00              602 100%    1.56kB/s    0:00:00 (xfr#2232, ir-chk=1009/22759)
vendor/phpunit/phpunit/src/TextUI/Configuration/Xml/SchemaDetector/SchemaDetectionResult.php
            924 100%    2.39kB/s    0:00:00              924 100%    2.39kB/s    0:00:00 (xfr#2233, ir-chk=1008/22759)
vendor/phpunit/phpunit/src/TextUI/Configuration/Xml/SchemaDetector/SchemaDetector.php
          1,186 100%    3.07kB/s    0:00:00            1,186 100%    3.07kB/s    0:00:00 (xfr#2234, ir-chk=1007/22759)
vendor/phpunit/phpunit/src/TextUI/Configuration/Xml/SchemaDetector/SuccessfulSchemaDetectionResult.php
          1,034 100%    2.67kB/s    0:00:00            1,034 100%    2.67kB/s    0:00:00 (xfr#2235, ir-chk=1006/22759)
vendor/phpunit/phpunit/src/TextUI/Configuration/Xml/Validator/
vendor/phpunit/phpunit/src/TextUI/Configuration/Xml/Validator/ValidationResult.php
          1,913 100%    4.94kB/s    0:00:00            1,913 100%    4.94kB/s    0:00:00 (xfr#2236, ir-chk=1005/22759)
vendor/phpunit/phpunit/src/TextUI/Configuration/Xml/Validator/Validator.php
          1,209 100%    3.12kB/s    0:00:00            1,209 100%    3.12kB/s    0:00:00 (xfr#2237, ir-chk=1004/22759)
vendor/phpunit/phpunit/src/TextUI/Exception/
vendor/phpunit/phpunit/src/TextUI/Exception/CannotOpenSocketException.php
            861 100%    2.22kB/s    0:00:00              861 100%    2.22kB/s    0:00:00 (xfr#2238, ir-chk=1009/22765)
vendor/phpunit/phpunit/src/TextUI/Exception/Exception.php
            547 100%    1.41kB/s    0:00:00              547 100%    1.41kB/s    0:00:00 (xfr#2239, ir-chk=1008/22765)
vendor/phpunit/phpunit/src/TextUI/Exception/InvalidSocketException.php
            847 100%    2.18kB/s    0:00:00              847 100%    2.18kB/s    0:00:00 (xfr#2240, ir-chk=1007/22765)
vendor/phpunit/phpunit/src/TextUI/Exception/RuntimeException.php
            565 100%    1.46kB/s    0:00:00              565 100%    1.46kB/s    0:00:00 (xfr#2241, ir-chk=1006/22765)
vendor/phpunit/phpunit/src/TextUI/Exception/TestDirectoryNotFoundException.php
            829 100%    2.14kB/s    0:00:00              829 100%    2.14kB/s    0:00:00 (xfr#2242, ir-chk=1005/22765)
vendor/phpunit/phpunit/src/TextUI/Exception/TestFileNotFoundException.php
            819 100%    2.11kB/s    0:00:00              819 100%    2.11kB/s    0:00:00 (xfr#2243, ir-chk=1004/22765)
vendor/phpunit/phpunit/src/TextUI/Output/
vendor/phpunit/phpunit/src/TextUI/Output/Facade.php
          9,564 100%   24.58kB/s    0:00:00            9,564 100%   24.58kB/s    0:00:00 (xfr#2244, ir-chk=1007/22769)
vendor/phpunit/phpunit/src/TextUI/Output/SummaryPrinter.php
          5,457 100%   14.02kB/s    0:00:00            5,457 100%   14.02kB/s    0:00:00 (xfr#2245, ir-chk=1006/22769)
vendor/phpunit/phpunit/src/TextUI/Output/Default/
vendor/phpunit/phpunit/src/TextUI/Output/Default/ResultPrinter.php
         21,388 100%   54.82kB/s    0:00:00           21,388 100%   54.82kB/s    0:00:00 (xfr#2246, ir-chk=1002/22769)
vendor/phpunit/phpunit/src/TextUI/Output/Default/UnexpectedOutputPrinter.php
          1,190 100%    3.05kB/s    0:00:00            1,190 100%    3.05kB/s    0:00:00 (xfr#2247, ir-chk=1001/22769)
vendor/phpunit/phpunit/src/TextUI/Output/Default/ProgressPrinter/
vendor/phpunit/phpunit/src/TextUI/Output/Default/ProgressPrinter/ProgressPrinter.php
         13,043 100%   33.43kB/s    0:00:00           13,043 100%   33.43kB/s    0:00:00 (xfr#2248, ir-chk=1009/22779)
vendor/phpunit/phpunit/src/TextUI/Output/Default/ProgressPrinter/Subscriber/
vendor/phpunit/phpunit/src/TextUI/Output/Default/ProgressPrinter/Subscriber/BeforeTestClassMethodErroredSubscriber.php
            906 100%    2.32kB/s    0:00:00              906 100%    2.32kB/s    0:00:00 (xfr#2249, ir-chk=1020/22792)
vendor/phpunit/phpunit/src/TextUI/Output/Default/ProgressPrinter/Subscriber/Subscriber.php
            793 100%    2.03kB/s    0:00:00              793 100%    2.03kB/s    0:00:00 (xfr#2250, ir-chk=1019/22792)
vendor/phpunit/phpunit/src/TextUI/Output/Default/ProgressPrinter/Subscriber/TestConsideredRiskySubscriber.php
            836 100%    2.14kB/s    0:00:00              836 100%    2.14kB/s    0:00:00 (xfr#2251, ir-chk=1018/22792)
vendor/phpunit/phpunit/src/TextUI/Output/Default/ProgressPrinter/Subscriber/TestErroredSubscriber.php
            794 100%    2.03kB/s    0:00:00              794 100%    2.03kB/s    0:00:00 (xfr#2252, ir-chk=1017/22792)
vendor/phpunit/phpunit/src/TextUI/Output/Default/ProgressPrinter/Subscriber/TestFailedSubscriber.php
            782 100%    2.00kB/s    0:00:00              782 100%    2.00kB/s    0:00:00 (xfr#2253, ir-chk=1016/22792)
vendor/phpunit/phpunit/src/TextUI/Output/Default/ProgressPrinter/Subscriber/TestFinishedSubscriber.php
            794 100%    2.02kB/s    0:00:00              794 100%    2.02kB/s    0:00:00 (xfr#2254, ir-chk=1015/22792)
vendor/phpunit/phpunit/src/TextUI/Output/Default/ProgressPrinter/Subscriber/TestMarkedIncompleteSubscriber.php
            842 100%    2.15kB/s    0:00:00              842 100%    2.15kB/s    0:00:00 (xfr#2255, ir-chk=1014/22792)
vendor/phpunit/phpunit/src/TextUI/Output/Default/ProgressPrinter/Subscriber/TestPreparedSubscriber.php
            794 100%    2.02kB/s    0:00:00              794 100%    2.02kB/s    0:00:00 (xfr#2256, ir-chk=1013/22792)
vendor/phpunit/phpunit/src/TextUI/Output/Default/ProgressPrinter/Subscriber/TestRunnerExecutionStartedSubscriber.php
            872 100%    2.22kB/s    0:00:00              872 100%    2.22kB/s    0:00:00 (xfr#2257, ir-chk=1012/22792)
vendor/phpunit/phpunit/src/TextUI/Output/Default/ProgressPrinter/Subscriber/TestSkippedSubscriber.php
            788 100%    2.01kB/s    0:00:00              788 100%    2.01kB/s    0:00:00 (xfr#2258, ir-chk=1011/22792)
vendor/phpunit/phpunit/src/TextUI/Output/Default/ProgressPrinter/Subscriber/TestTriggeredDeprecationSubscriber.php
            872 100%    2.22kB/s    0:00:00              872 100%    2.22kB/s    0:00:00 (xfr#2259, ir-chk=1010/22792)
vendor/phpunit/phpunit/src/TextUI/Output/Default/ProgressPrinter/Subscriber/TestTriggeredErrorSubscriber.php
            836 100%    2.13kB/s    0:00:00              836 100%    2.13kB/s    0:00:00 (xfr#2260, ir-chk=1009/22792)
vendor/phpunit/phpunit/src/TextUI/Output/Default/ProgressPrinter/Subscriber/TestTriggeredNoticeSubscriber.php
            842 100%    2.14kB/s    0:00:00              842 100%    2.14kB/s    0:00:00 (xfr#2261, ir-chk=1008/22792)
vendor/phpunit/phpunit/src/TextUI/Output/Default/ProgressPrinter/Subscriber/TestTriggeredPhpDeprecationSubscriber.php
            890 100%    2.26kB/s    0:00:00              890 100%    2.26kB/s    0:00:00 (xfr#2262, ir-chk=1007/22792)
vendor/phpunit/phpunit/src/TextUI/Output/Default/ProgressPrinter/Subscriber/TestTriggeredPhpNoticeSubscriber.php
            860 100%    2.19kB/s    0:00:00              860 100%    2.19kB/s    0:00:00 (xfr#2263, ir-chk=1006/22792)
vendor/phpunit/phpunit/src/TextUI/Output/Default/ProgressPrinter/Subscriber/TestTriggeredPhpWarningSubscriber.php
            866 100%    2.20kB/s    0:00:00              866 100%    2.20kB/s    0:00:00 (xfr#2264, ir-chk=1005/22792)
vendor/phpunit/phpunit/src/TextUI/Output/Default/ProgressPrinter/Subscriber/TestTriggeredPhpunitDeprecationSubscriber.php
            908 100%    2.31kB/s    0:00:00              908 100%    2.31kB/s    0:00:00 (xfr#2265, ir-chk=1004/22792)
vendor/phpunit/phpunit/src/TextUI/Output/Default/ProgressPrinter/Subscriber/TestTriggeredPhpunitWarningSubscriber.php
            884 100%    2.25kB/s    0:00:00              884 100%    2.25kB/s    0:00:00 (xfr#2266, ir-chk=1003/22792)
vendor/phpunit/phpunit/src/TextUI/Output/Default/ProgressPrinter/Subscriber/TestTriggeredWarningSubscriber.php
            848 100%    2.16kB/s    0:00:00              848 100%    2.16kB/s    0:00:00 (xfr#2267, ir-chk=1002/22792)
vendor/phpunit/phpunit/src/TextUI/Output/Printer/
vendor/phpunit/phpunit/src/TextUI/Output/Printer/DefaultPrinter.php
          3,197 100%    8.11kB/s    0:00:00            3,197 100%    8.11kB/s    0:00:00 (xfr#2268, ir-chk=1003/22794)
vendor/phpunit/phpunit/src/TextUI/Output/Printer/NullPrinter.php
            655 100%    1.66kB/s    0:00:00              655 100%    1.66kB/s    0:00:00 (xfr#2269, ir-chk=1002/22794)
vendor/phpunit/phpunit/src/TextUI/Output/Printer/Printer.php
            603 100%    1.53kB/s    0:00:00              603 100%    1.53kB/s    0:00:00 (xfr#2270, ir-chk=1001/22794)
vendor/phpunit/phpunit/src/TextUI/Output/TestDox/
vendor/phpunit/phpunit/src/TextUI/Output/TestDox/ResultPrinter.php
         13,864 100%   35.08kB/s    0:00:00           13,864 100%   35.08kB/s    0:00:00 (xfr#2271, ir-chk=1000/22794)
vendor/phpunit/phpunit/src/Util/
vendor/phpunit/phpunit/src/Util/Cloner.php
            911 100%    2.30kB/s    0:00:00              911 100%    2.30kB/s    0:00:00 (xfr#2272, ir-chk=1019/22814)
vendor/phpunit/phpunit/src/Util/Color.php
          5,011 100%   12.64kB/s    0:00:00            5,011 100%   12.64kB/s    0:00:00 (xfr#2273, ir-chk=1018/22814)
vendor/phpunit/phpunit/src/Util/ExcludeList.php
          5,909 100%   14.91kB/s    0:00:00            5,909 100%   14.91kB/s    0:00:00 (xfr#2274, ir-chk=1017/22814)
vendor/phpunit/phpunit/src/Util/Exporter.php
          1,382 100%    3.48kB/s    0:00:00            1,382 100%    3.48kB/s    0:00:00 (xfr#2275, ir-chk=1016/22814)
vendor/phpunit/phpunit/src/Util/Filesystem.php
          1,364 100%    3.43kB/s    0:00:00            1,364 100%    3.43kB/s    0:00:00 (xfr#2276, ir-chk=1015/22814)
vendor/phpunit/phpunit/src/Util/Filter.php
          4,128 100%   10.39kB/s    0:00:00            4,128 100%   10.39kB/s    0:00:00 (xfr#2277, ir-chk=1014/22814)
vendor/phpunit/phpunit/src/Util/GlobalState.php
          9,308 100%   23.43kB/s    0:00:00            9,308 100%   23.43kB/s    0:00:00 (xfr#2278, ir-chk=1013/22814)
vendor/phpunit/phpunit/src/Util/Json.php
          3,088 100%    7.75kB/s    0:00:00            3,088 100%    7.75kB/s    0:00:00 (xfr#2279, ir-chk=1012/22814)
vendor/phpunit/phpunit/src/Util/Reflection.php
          3,235 100%    8.12kB/s    0:00:00            3,235 100%    8.12kB/s    0:00:00 (xfr#2280, ir-chk=1011/22814)
vendor/phpunit/phpunit/src/Util/Test.php
          1,707 100%    4.29kB/s    0:00:00            1,707 100%    4.29kB/s    0:00:00 (xfr#2281, ir-chk=1010/22814)
vendor/phpunit/phpunit/src/Util/ThrowableToStringMapper.php
          1,457 100%    3.66kB/s    0:00:00            1,457 100%    3.66kB/s    0:00:00 (xfr#2282, ir-chk=1009/22814)
vendor/phpunit/phpunit/src/Util/VersionComparisonOperator.php
          1,543 100%    3.87kB/s    0:00:00            1,543 100%    3.87kB/s    0:00:00 (xfr#2283, ir-chk=1008/22814)
vendor/phpunit/phpunit/src/Util/Exception/
vendor/phpunit/phpunit/src/Util/Exception/Exception.php
            545 100%    1.36kB/s    0:00:00              545 100%    1.36kB/s    0:00:00 (xfr#2284, ir-chk=1008/22819)
vendor/phpunit/phpunit/src/Util/Exception/InvalidDirectoryException.php
            826 100%    2.07kB/s    0:00:00              826 100%    2.07kB/s    0:00:00 (xfr#2285, ir-chk=1007/22819)
vendor/phpunit/phpunit/src/Util/Exception/InvalidJsonException.php
            589 100%    1.47kB/s    0:00:00              589 100%    1.47kB/s    0:00:00 (xfr#2286, ir-chk=1006/22819)
vendor/phpunit/phpunit/src/Util/Exception/InvalidVersionOperatorException.php
            853 100%    2.14kB/s    0:00:00              853 100%    2.14kB/s    0:00:00 (xfr#2287, ir-chk=1005/22819)
vendor/phpunit/phpunit/src/Util/Exception/PhpProcessException.php
            620 100%    1.55kB/s    0:00:00              620 100%    1.55kB/s    0:00:00 (xfr#2288, ir-chk=1004/22819)
vendor/phpunit/phpunit/src/Util/Exception/XmlException.php
            613 100%    1.53kB/s    0:00:00              613 100%    1.53kB/s    0:00:00 (xfr#2289, ir-chk=1003/22819)
vendor/phpunit/phpunit/src/Util/Http/
vendor/phpunit/phpunit/src/Util/Http/Downloader.php
            622 100%    1.56kB/s    0:00:00              622 100%    1.56kB/s    0:00:00 (xfr#2290, ir-chk=1002/22819)
vendor/phpunit/phpunit/src/Util/Http/PhpDownloader.php
            759 100%    1.90kB/s    0:00:00              759 100%    1.90kB/s    0:00:00 (xfr#2291, ir-chk=1001/22819)
vendor/phpunit/phpunit/src/Util/PHP/
vendor/phpunit/phpunit/src/Util/PHP/DefaultJobRunner.php
          6,381 100%   15.94kB/s    0:00:00            6,381 100%   15.94kB/s    0:00:00 (xfr#2292, ir-chk=1012/22831)
vendor/phpunit/phpunit/src/Util/PHP/Job.php
          3,173 100%    7.92kB/s    0:00:00            3,173 100%    7.92kB/s    0:00:00 (xfr#2293, ir-chk=1011/22831)
vendor/phpunit/phpunit/src/Util/PHP/JobRunner.php
          1,647 100%    4.10kB/s    0:00:00            1,647 100%    4.10kB/s    0:00:00 (xfr#2294, ir-chk=1010/22831)
vendor/phpunit/phpunit/src/Util/PHP/JobRunnerRegistry.php
          1,643 100%    4.09kB/s    0:00:00            1,643 100%    4.09kB/s    0:00:00 (xfr#2295, ir-chk=1009/22831)
vendor/phpunit/phpunit/src/Util/PHP/Result.php
            895 100%    2.23kB/s    0:00:00              895 100%    2.23kB/s    0:00:00 (xfr#2296, ir-chk=1008/22831)
vendor/phpunit/phpunit/src/Util/Xml/
vendor/phpunit/phpunit/src/Util/Xml/Loader.php
          2,401 100%    5.98kB/s    0:00:00            2,401 100%    5.98kB/s    0:00:00 (xfr#2297, ir-chk=1007/22831)
vendor/phpunit/phpunit/src/Util/Xml/Xml.php
          2,206 100%    5.50kB/s    0:00:00            2,206 100%    5.50kB/s    0:00:00 (xfr#2298, ir-chk=1006/22831)
vendor/pragmarx/
vendor/pragmarx/google2fa/
vendor/pragmarx/google2fa/.github/
vendor/pragmarx/google2fa/.github/workflows/
vendor/pragmarx/google2fa/src/
vendor/pragmarx/google2fa/src/Exceptions/
vendor/pragmarx/google2fa/src/Exceptions/Contracts/
vendor/pragmarx/google2fa/src/Support/
vendor/propaganistas/
vendor/propaganistas/laravel-phone/
vendor/propaganistas/laravel-phone/src/
vendor/propaganistas/laravel-phone/src/Casts/
vendor/propaganistas/laravel-phone/src/Concerns/
vendor/propaganistas/laravel-phone/src/Exceptions/
vendor/propaganistas/laravel-phone/src/Rules/
vendor/psr/
vendor/psr/cache/
vendor/psr/cache/src/
vendor/psr/clock/
vendor/psr/clock/src/
vendor/psr/container/
vendor/psr/container/src/
vendor/psr/event-dispatcher/
vendor/psr/event-dispatcher/src/
vendor/psr/http-client/
vendor/psr/http-client/src/
vendor/psr/http-factory/
vendor/psr/http-factory/src/
vendor/psr/http-message/
vendor/psr/http-message/docs/
vendor/psr/http-message/src/
vendor/psr/log/
vendor/psr/log/src/
vendor/psr/simple-cache/
vendor/psr/simple-cache/src/
vendor/psy/
vendor/psy/psysh/
vendor/psy/psysh/bin/
vendor/psy/psysh/src/
vendor/psy/psysh/src/CodeCleaner/
vendor/psy/psysh/src/Command/
vendor/psy/psysh/src/Command/ListCommand/
vendor/psy/psysh/src/Command/TimeitCommand/
vendor/psy/psysh/src/Exception/
vendor/psy/psysh/src/ExecutionLoop/
vendor/psy/psysh/src/Formatter/
vendor/psy/psysh/src/Input/
vendor/psy/psysh/src/Output/
vendor/psy/psysh/src/Readline/
vendor/psy/psysh/src/Readline/Hoa/
vendor/psy/psysh/src/Readline/Hoa/Terminfo/
vendor/psy/psysh/src/Readline/Hoa/Terminfo/77/
vendor/psy/psysh/src/Readline/Hoa/Terminfo/78/
vendor/psy/psysh/src/Reflection/
vendor/psy/psysh/src/Sudo/
vendor/psy/psysh/src/TabCompletion/
vendor/psy/psysh/src/TabCompletion/Matcher/
vendor/psy/psysh/src/Util/
vendor/psy/psysh/src/VarDumper/
vendor/psy/psysh/src/VersionUpdater/
vendor/psy/psysh/src/VersionUpdater/Downloader/
vendor/pusher/
vendor/pusher/pusher-php-server/
vendor/pusher/pusher-php-server/src/
vendor/ralouphie/
vendor/ralouphie/getallheaders/
vendor/ralouphie/getallheaders/src/
vendor/ramsey/
vendor/ramsey/collection/
vendor/ramsey/collection/src/
vendor/ramsey/collection/src/Exception/
vendor/ramsey/collection/src/Map/
vendor/ramsey/collection/src/Tool/
vendor/ramsey/uuid/
vendor/ramsey/uuid/src/
vendor/ramsey/uuid/src/Builder/
vendor/ramsey/uuid/src/Codec/
vendor/ramsey/uuid/src/Converter/
vendor/ramsey/uuid/src/Converter/Number/
vendor/ramsey/uuid/src/Converter/Time/
vendor/ramsey/uuid/src/Exception/
vendor/ramsey/uuid/src/Fields/
vendor/ramsey/uuid/src/Generator/
vendor/ramsey/uuid/src/Guid/
vendor/ramsey/uuid/src/Lazy/
vendor/ramsey/uuid/src/Math/
vendor/ramsey/uuid/src/Nonstandard/
vendor/ramsey/uuid/src/Provider/
vendor/ramsey/uuid/src/Provider/Dce/
vendor/ramsey/uuid/src/Provider/Node/
vendor/ramsey/uuid/src/Provider/Time/
vendor/ramsey/uuid/src/Rfc4122/
vendor/ramsey/uuid/src/Type/
vendor/ramsey/uuid/src/Validator/
vendor/rap2hpoutre/
vendor/rap2hpoutre/laravel-log-viewer/
vendor/rap2hpoutre/laravel-log-viewer/.github/
vendor/rap2hpoutre/laravel-log-viewer/.github/workflows/
vendor/rap2hpoutre/laravel-log-viewer/src/
vendor/rap2hpoutre/laravel-log-viewer/src/Rap2hpoutre/
vendor/rap2hpoutre/laravel-log-viewer/src/Rap2hpoutre/LaravelLogViewer/
vendor/rap2hpoutre/laravel-log-viewer/src/config/
vendor/rap2hpoutre/laravel-log-viewer/src/controllers/
vendor/rap2hpoutre/laravel-log-viewer/src/views/
vendor/rap2hpoutre/laravel-log-viewer/tests/
vendor/rize/
vendor/rize/uri-template/
vendor/rize/uri-template/src/
vendor/rize/uri-template/src/Rize/
vendor/rize/uri-template/src/Rize/UriTemplate/
vendor/rize/uri-template/src/Rize/UriTemplate/Node/
vendor/rize/uri-template/src/Rize/UriTemplate/Operator/
vendor/rize/uri-template/tests/
vendor/rize/uri-template/tests/Rize/
vendor/rize/uri-template/tests/Rize/Uri/
vendor/rize/uri-template/tests/Rize/Uri/Node/
vendor/rize/uri-template/tests/fixtures/
vendor/sabberworm/
vendor/sabberworm/php-css-parser/
vendor/sabberworm/php-css-parser/src/
vendor/sabberworm/php-css-parser/src/CSSList/
vendor/sabberworm/php-css-parser/src/Comment/
vendor/sabberworm/php-css-parser/src/Parsing/
vendor/sabberworm/php-css-parser/src/Position/
vendor/sabberworm/php-css-parser/src/Property/
vendor/sabberworm/php-css-parser/src/Property/Selector/
vendor/sabberworm/php-css-parser/src/Rule/
vendor/sabberworm/php-css-parser/src/RuleSet/
vendor/sabberworm/php-css-parser/src/Value/
vendor/sebastian/
vendor/sebastian/cli-parser/
vendor/sebastian/cli-parser/ChangeLog.md
          1,360 100%    2.60kB/s    0:00:00            1,360 100%    2.60kB/s    0:00:00 (xfr#2299, ir-chk=1011/23554)
vendor/sebastian/cli-parser/LICENSE
          1,531 100%    2.93kB/s    0:00:00            1,531 100%    2.93kB/s    0:00:00 (xfr#2300, ir-chk=1010/23554)
vendor/sebastian/cli-parser/README.md
            919 100%    1.76kB/s    0:00:00              919 100%    1.76kB/s    0:00:00 (xfr#2301, ir-chk=1009/23554)
vendor/sebastian/cli-parser/SECURITY.md
          1,909 100%    3.65kB/s    0:00:00            1,909 100%    3.65kB/s    0:00:00 (xfr#2302, ir-chk=1008/23554)
vendor/sebastian/cli-parser/composer.json
          1,013 100%    1.94kB/s    0:00:00            1,013 100%    1.94kB/s    0:00:00 (xfr#2303, ir-chk=1007/23554)
vendor/sebastian/cli-parser/src/
vendor/sebastian/cli-parser/src/Parser.php
          6,235 100%   11.92kB/s    0:00:00            6,235 100%   11.92kB/s    0:00:00 (xfr#2304, ir-chk=1005/23554)
vendor/sebastian/cli-parser/src/exceptions/
vendor/sebastian/cli-parser/src/exceptions/AmbiguousOptionException.php
            643 100%    1.23kB/s    0:00:00              643 100%    1.23kB/s    0:00:00 (xfr#2305, ir-chk=1006/23557)
vendor/sebastian/cli-parser/src/exceptions/Exception.php
            364 100%    0.69kB/s    0:00:00              364 100%    0.69kB/s    0:00:00 (xfr#2306, ir-chk=1005/23557)
vendor/sebastian/cli-parser/src/exceptions/OptionDoesNotAllowArgumentException.php
            668 100%    1.27kB/s    0:00:00              668 100%    1.27kB/s    0:00:00 (xfr#2307, ir-chk=1004/23557)
vendor/sebastian/cli-parser/src/exceptions/RequiredOptionArgumentMissingException.php
            677 100%    1.29kB/s    0:00:00              677 100%    1.29kB/s    0:00:00 (xfr#2308, ir-chk=1003/23557)
vendor/sebastian/cli-parser/src/exceptions/UnknownOptionException.php
            636 100%    1.21kB/s    0:00:00              636 100%    1.21kB/s    0:00:00 (xfr#2309, ir-chk=1002/23557)
vendor/sebastian/code-unit-reverse-lookup/
vendor/sebastian/code-unit-reverse-lookup/ChangeLog.md
          1,601 100%    3.05kB/s    0:00:00            1,601 100%    3.05kB/s    0:00:00 (xfr#2310, ir-chk=1005/23561)
vendor/sebastian/code-unit-reverse-lookup/LICENSE
          1,531 100%    2.91kB/s    0:00:00            1,531 100%    2.91kB/s    0:00:00 (xfr#2311, ir-chk=1004/23561)
vendor/sebastian/code-unit-reverse-lookup/README.md
          1,032 100%    1.96kB/s    0:00:00            1,032 100%    1.96kB/s    0:00:00 (xfr#2312, ir-chk=1003/23561)
vendor/sebastian/code-unit-reverse-lookup/SECURITY.md
          1,909 100%    3.63kB/s    0:00:00            1,909 100%    3.63kB/s    0:00:00 (xfr#2313, ir-chk=1002/23561)
vendor/sebastian/code-unit-reverse-lookup/composer.json
          1,047 100%    1.99kB/s    0:00:00            1,047 100%    1.99kB/s    0:00:00 (xfr#2314, ir-chk=1001/23561)
vendor/sebastian/code-unit-reverse-lookup/src/
vendor/sebastian/code-unit-reverse-lookup/src/Wizard.php
          3,607 100%    6.85kB/s    0:00:00            3,607 100%    6.85kB/s    0:00:00 (xfr#2315, ir-chk=1003/23565)
vendor/sebastian/code-unit/
vendor/sebastian/code-unit/ChangeLog.md
          3,404 100%    6.47kB/s    0:00:00            3,404 100%    6.47kB/s    0:00:00 (xfr#2316, ir-chk=1005/23568)
vendor/sebastian/code-unit/LICENSE
          1,531 100%    2.91kB/s    0:00:00            1,531 100%    2.91kB/s    0:00:00 (xfr#2317, ir-chk=1004/23568)
vendor/sebastian/code-unit/README.md
          1,147 100%    2.17kB/s    0:00:00            1,147 100%    2.17kB/s    0:00:00 (xfr#2318, ir-chk=1003/23568)
vendor/sebastian/code-unit/SECURITY.md
          1,909 100%    3.62kB/s    0:00:00            1,909 100%    3.62kB/s    0:00:00 (xfr#2319, ir-chk=1002/23568)
vendor/sebastian/code-unit/composer.json
          1,307 100%    2.48kB/s    0:00:00            1,307 100%    2.48kB/s    0:00:00 (xfr#2320, ir-chk=1001/23568)
vendor/sebastian/code-unit/src/
vendor/sebastian/code-unit/src/ClassMethodUnit.php
            459 100%    0.87kB/s    0:00:00              459 100%    0.87kB/s    0:00:00 (xfr#2321, ir-chk=1013/23582)
vendor/sebastian/code-unit/src/ClassUnit.php
            447 100%    0.85kB/s    0:00:00              447 100%    0.85kB/s    0:00:00 (xfr#2322, ir-chk=1012/23582)
vendor/sebastian/code-unit/src/CodeUnit.php
         13,745 100%   26.01kB/s    0:00:00           13,745 100%   26.01kB/s    0:00:00 (xfr#2323, ir-chk=1011/23582)
vendor/sebastian/code-unit/src/CodeUnitCollection.php
          1,584 100%    3.00kB/s    0:00:00            1,584 100%    3.00kB/s    0:00:00 (xfr#2324, ir-chk=1010/23582)
vendor/sebastian/code-unit/src/CodeUnitCollectionIterator.php
          1,103 100%    2.09kB/s    0:00:00            1,103 100%    2.09kB/s    0:00:00 (xfr#2325, ir-chk=1009/23582)
vendor/sebastian/code-unit/src/FileUnit.php
            445 100%    0.84kB/s    0:00:00              445 100%    0.84kB/s    0:00:00 (xfr#2326, ir-chk=1008/23582)
vendor/sebastian/code-unit/src/FunctionUnit.php
            453 100%    0.86kB/s    0:00:00              453 100%    0.86kB/s    0:00:00 (xfr#2327, ir-chk=1007/23582)
vendor/sebastian/code-unit/src/InterfaceMethodUnit.php
            467 100%    0.88kB/s    0:00:00              467 100%    0.88kB/s    0:00:00 (xfr#2328, ir-chk=1006/23582)
vendor/sebastian/code-unit/src/InterfaceUnit.php
            455 100%    0.86kB/s    0:00:00              455 100%    0.86kB/s    0:00:00 (xfr#2329, ir-chk=1005/23582)
vendor/sebastian/code-unit/src/Mapper.php
          5,701 100%   10.79kB/s    0:00:00            5,701 100%   10.79kB/s    0:00:00 (xfr#2330, ir-chk=1004/23582)
vendor/sebastian/code-unit/src/TraitMethodUnit.php
            459 100%    0.87kB/s    0:00:00              459 100%    0.87kB/s    0:00:00 (xfr#2331, ir-chk=1003/23582)
vendor/sebastian/code-unit/src/TraitUnit.php
            447 100%    0.84kB/s    0:00:00              447 100%    0.84kB/s    0:00:00 (xfr#2332, ir-chk=1002/23582)
vendor/sebastian/code-unit/src/exceptions/
vendor/sebastian/code-unit/src/exceptions/Exception.php
            362 100%    0.68kB/s    0:00:00              362 100%    0.68kB/s    0:00:00 (xfr#2333, ir-chk=1010/23592)
vendor/sebastian/code-unit/src/exceptions/InvalidCodeUnitException.php
            414 100%    0.78kB/s    0:00:00              414 100%    0.78kB/s    0:00:00 (xfr#2334, ir-chk=1009/23592)
vendor/sebastian/code-unit/src/exceptions/NoTraitException.php
            406 100%    0.77kB/s    0:00:00              406 100%    0.77kB/s    0:00:00 (xfr#2335, ir-chk=1008/23592)
vendor/sebastian/code-unit/src/exceptions/ReflectionException.php
            409 100%    0.77kB/s    0:00:00              409 100%    0.77kB/s    0:00:00 (xfr#2336, ir-chk=1007/23592)
vendor/sebastian/comparator/
vendor/sebastian/comparator/ChangeLog.md
          8,072 100%   15.25kB/s    0:00:00            8,072 100%   15.25kB/s    0:00:00 (xfr#2337, ir-chk=1006/23592)
vendor/sebastian/comparator/LICENSE
          1,531 100%    2.89kB/s    0:00:00            1,531 100%    2.89kB/s    0:00:00 (xfr#2338, ir-chk=1005/23592)
vendor/sebastian/comparator/README.md
          1,436 100%    2.71kB/s    0:00:00            1,436 100%    2.71kB/s    0:00:00 (xfr#2339, ir-chk=1004/23592)
vendor/sebastian/comparator/SECURITY.md
          1,909 100%    3.60kB/s    0:00:00            1,909 100%    3.60kB/s    0:00:00 (xfr#2340, ir-chk=1003/23592)
vendor/sebastian/comparator/composer.json
          1,656 100%    3.12kB/s    0:00:00            1,656 100%    3.12kB/s    0:00:00 (xfr#2341, ir-chk=1002/23592)
vendor/sebastian/comparator/src/
vendor/sebastian/comparator/src/ArrayComparator.php
          3,999 100%    7.54kB/s    0:00:00            3,999 100%    7.54kB/s    0:00:00 (xfr#2342, ir-chk=1031/23623)
vendor/sebastian/comparator/src/Comparator.php
            838 100%    1.58kB/s    0:00:00              838 100%    1.58kB/s    0:00:00 (xfr#2343, ir-chk=1030/23623)
vendor/sebastian/comparator/src/ComparisonFailure.php
          1,794 100%    3.38kB/s    0:00:00            1,794 100%    3.38kB/s    0:00:00 (xfr#2344, ir-chk=1029/23623)
vendor/sebastian/comparator/src/DOMNodeComparator.php
          2,673 100%    5.03kB/s    0:00:00            2,673 100%    5.03kB/s    0:00:00 (xfr#2345, ir-chk=1028/23623)
vendor/sebastian/comparator/src/DateTimeComparator.php
          2,091 100%    3.93kB/s    0:00:00            2,091 100%    3.93kB/s    0:00:00 (xfr#2346, ir-chk=1027/23623)
vendor/sebastian/comparator/src/EnumerationComparator.php
          1,384 100%    2.60kB/s    0:00:00            1,384 100%    2.60kB/s    0:00:00 (xfr#2347, ir-chk=1026/23623)
vendor/sebastian/comparator/src/ExceptionComparator.php
          1,021 100%    1.92kB/s    0:00:00            1,021 100%    1.92kB/s    0:00:00 (xfr#2348, ir-chk=1025/23623)
vendor/sebastian/comparator/src/Factory.php
          3,745 100%    7.05kB/s    0:00:00            3,745 100%    7.05kB/s    0:00:00 (xfr#2349, ir-chk=1024/23623)
vendor/sebastian/comparator/src/MockObjectComparator.php
          1,124 100%    2.11kB/s    0:00:00            1,124 100%    2.11kB/s    0:00:00 (xfr#2350, ir-chk=1023/23623)
vendor/sebastian/comparator/src/NumberComparator.php
          1,940 100%    3.64kB/s    0:00:00            1,940 100%    3.64kB/s    0:00:00 (xfr#2351, ir-chk=1022/23623)
vendor/sebastian/comparator/src/NumericComparator.php
          2,234 100%    4.20kB/s    0:00:00            2,234 100%    4.20kB/s    0:00:00 (xfr#2352, ir-chk=1021/23623)
vendor/sebastian/comparator/src/ObjectComparator.php
          2,974 100%    5.59kB/s    0:00:00            2,974 100%    5.59kB/s    0:00:00 (xfr#2353, ir-chk=1020/23623)
vendor/sebastian/comparator/src/ResourceComparator.php
          1,156 100%    2.17kB/s    0:00:00            1,156 100%    2.17kB/s    0:00:00 (xfr#2354, ir-chk=1019/23623)
vendor/sebastian/comparator/src/ScalarComparator.php
          5,355 100%   10.06kB/s    0:00:00            5,355 100%   10.06kB/s    0:00:00 (xfr#2355, ir-chk=1018/23623)
vendor/sebastian/comparator/src/SplObjectStorageComparator.php
          1,789 100%    3.36kB/s    0:00:00            1,789 100%    3.36kB/s    0:00:00 (xfr#2356, ir-chk=1017/23623)
vendor/sebastian/comparator/src/TypeComparator.php
          1,208 100%    2.27kB/s    0:00:00            1,208 100%    2.27kB/s    0:00:00 (xfr#2357, ir-chk=1016/23623)
vendor/sebastian/comparator/src/exceptions/
vendor/sebastian/comparator/src/exceptions/Exception.php
            365 100%    0.69kB/s    0:00:00              365 100%    0.69kB/s    0:00:00 (xfr#2358, ir-chk=1014/23623)
vendor/sebastian/comparator/src/exceptions/RuntimeException.php
            387 100%    0.73kB/s    0:00:00              387 100%    0.73kB/s    0:00:00 (xfr#2359, ir-chk=1013/23623)
vendor/sebastian/complexity/
vendor/sebastian/complexity/ChangeLog.md
          2,364 100%    4.43kB/s    0:00:00            2,364 100%    4.43kB/s    0:00:00 (xfr#2360, ir-chk=1012/23623)
vendor/sebastian/complexity/LICENSE
          1,531 100%    2.87kB/s    0:00:00            1,531 100%    2.87kB/s    0:00:00 (xfr#2361, ir-chk=1011/23623)
vendor/sebastian/complexity/README.md
            903 100%    1.69kB/s    0:00:00              903 100%    1.69kB/s    0:00:00 (xfr#2362, ir-chk=1010/23623)
vendor/sebastian/complexity/SECURITY.md
          1,909 100%    3.58kB/s    0:00:00            1,909 100%    3.58kB/s    0:00:00 (xfr#2363, ir-chk=1009/23623)
vendor/sebastian/complexity/composer.json
          1,074 100%    2.01kB/s    0:00:00            1,074 100%    2.01kB/s    0:00:00 (xfr#2364, ir-chk=1008/23623)
vendor/sebastian/complexity/src/
vendor/sebastian/complexity/src/Calculator.php
          2,637 100%    4.94kB/s    0:00:00            2,637 100%    4.94kB/s    0:00:00 (xfr#2365, ir-chk=1006/23623)
vendor/sebastian/complexity/src/Complexity/
vendor/sebastian/complexity/src/Complexity/Complexity.php
          1,301 100%    2.44kB/s    0:00:00            1,301 100%    2.44kB/s    0:00:00 (xfr#2366, ir-chk=1002/23623)
vendor/sebastian/complexity/src/Complexity/ComplexityCollection.php
          2,957 100%    5.54kB/s    0:00:00            2,957 100%    5.54kB/s    0:00:00 (xfr#2367, ir-chk=1001/23623)
vendor/sebastian/complexity/src/Complexity/ComplexityCollectionIterator.php
          1,099 100%    2.06kB/s    0:00:00            1,099 100%    2.06kB/s    0:00:00 (xfr#2368, ir-chk=1000/23623)
vendor/sebastian/complexity/src/Exception/
vendor/sebastian/complexity/src/Exception/Exception.php
            365 100%    0.68kB/s    0:00:00              365 100%    0.68kB/s    0:00:00 (xfr#2369, ir-chk=1009/23633)
vendor/sebastian/complexity/src/Exception/RuntimeException.php
            387 100%    0.72kB/s    0:00:00              387 100%    0.72kB/s    0:00:00 (xfr#2370, ir-chk=1008/23633)
vendor/sebastian/complexity/src/Visitor/
vendor/sebastian/complexity/src/Visitor/ComplexityCalculatingVisitor.php
          3,513 100%    6.57kB/s    0:00:00            3,513 100%    6.57kB/s    0:00:00 (xfr#2371, ir-chk=1007/23633)
vendor/sebastian/complexity/src/Visitor/CyclomaticComplexityCalculatingVisitor.php
          1,696 100%    3.17kB/s    0:00:00            1,696 100%    3.17kB/s    0:00:00 (xfr#2372, ir-chk=1006/23633)
vendor/sebastian/diff/
vendor/sebastian/diff/ChangeLog.md
          6,058 100%   11.33kB/s    0:00:00            6,058 100%   11.33kB/s    0:00:00 (xfr#2373, ir-chk=1005/23633)
vendor/sebastian/diff/LICENSE
          1,531 100%    2.86kB/s    0:00:00            1,531 100%    2.86kB/s    0:00:00 (xfr#2374, ir-chk=1004/23633)
vendor/sebastian/diff/README.md
          8,176 100%   15.27kB/s    0:00:00            8,176 100%   15.27kB/s    0:00:00 (xfr#2375, ir-chk=1003/23633)
vendor/sebastian/diff/SECURITY.md
          1,909 100%    3.56kB/s    0:00:00            1,909 100%    3.56kB/s    0:00:00 (xfr#2376, ir-chk=1002/23633)
vendor/sebastian/diff/composer.json
          1,214 100%    2.27kB/s    0:00:00            1,214 100%    2.27kB/s    0:00:00 (xfr#2377, ir-chk=1001/23633)
vendor/sebastian/diff/src/
vendor/sebastian/diff/src/Chunk.php
          1,838 100%    3.43kB/s    0:00:00            1,838 100%    3.43kB/s    0:00:00 (xfr#2378, ir-chk=1013/23647)
vendor/sebastian/diff/src/Diff.php
          1,609 100%    3.00kB/s    0:00:00            1,609 100%    3.00kB/s    0:00:00 (xfr#2379, ir-chk=1012/23647)
vendor/sebastian/diff/src/Differ.php
          6,921 100%   12.90kB/s    0:00:00            6,921 100%   12.90kB/s    0:00:00 (xfr#2380, ir-chk=1011/23647)
vendor/sebastian/diff/src/Line.php
          1,073 100%    2.00kB/s    0:00:00            1,073 100%    2.00kB/s    0:00:00 (xfr#2381, ir-chk=1010/23647)
vendor/sebastian/diff/src/LongestCommonSubsequenceCalculator.php
            486 100%    0.91kB/s    0:00:00              486 100%    0.91kB/s    0:00:00 (xfr#2382, ir-chk=1009/23647)
vendor/sebastian/diff/src/MemoryEfficientLongestCommonSubsequenceCalculator.php
          2,675 100%    4.99kB/s    0:00:00            2,675 100%    4.99kB/s    0:00:00 (xfr#2383, ir-chk=1008/23647)
vendor/sebastian/diff/src/Parser.php
          3,182 100%    5.93kB/s    0:00:00            3,182 100%    5.93kB/s    0:00:00 (xfr#2384, ir-chk=1007/23647)
vendor/sebastian/diff/src/TimeEfficientLongestCommonSubsequenceCalculator.php
          2,368 100%    4.40kB/s    0:00:00            2,368 100%    4.40kB/s    0:00:00 (xfr#2385, ir-chk=1006/23647)
vendor/sebastian/diff/src/Exception/
vendor/sebastian/diff/src/Exception/ConfigurationException.php
            925 100%    1.72kB/s    0:00:00              925 100%    1.72kB/s    0:00:00 (xfr#2386, ir-chk=1003/23647)
vendor/sebastian/diff/src/Exception/Exception.php
            353 100%    0.66kB/s    0:00:00              353 100%    0.66kB/s    0:00:00 (xfr#2387, ir-chk=1002/23647)
vendor/sebastian/diff/src/Exception/InvalidArgumentException.php
            385 100%    0.72kB/s    0:00:00              385 100%    0.72kB/s    0:00:00 (xfr#2388, ir-chk=1001/23647)
vendor/sebastian/diff/src/Output/
vendor/sebastian/diff/src/Output/AbstractChunkOutputBuilder.php
          1,538 100%    2.86kB/s    0:00:00            1,538 100%    2.86kB/s    0:00:00 (xfr#2389, ir-chk=1007/23654)
vendor/sebastian/diff/src/Output/DiffOnlyOutputBuilder.php
          2,097 100%    3.90kB/s    0:00:00            2,097 100%    3.90kB/s    0:00:00 (xfr#2390, ir-chk=1006/23654)
vendor/sebastian/diff/src/Output/DiffOutputBuilderInterface.php
            521 100%    0.97kB/s    0:00:00              521 100%    0.97kB/s    0:00:00 (xfr#2391, ir-chk=1005/23654)
vendor/sebastian/diff/src/Output/StrictUnifiedDiffOutputBuilder.php
         10,912 100%   20.26kB/s    0:00:00           10,912 100%   20.26kB/s    0:00:00 (xfr#2392, ir-chk=1004/23654)
vendor/sebastian/diff/src/Output/UnifiedDiffOutputBuilder.php
          8,375 100%   15.55kB/s    0:00:00            8,375 100%   15.55kB/s    0:00:00 (xfr#2393, ir-chk=1003/23654)
vendor/sebastian/environment/
vendor/sebastian/environment/ChangeLog.md
          8,293 100%   15.40kB/s    0:00:00            8,293 100%   15.40kB/s    0:00:00 (xfr#2394, ir-chk=1005/23657)
vendor/sebastian/environment/LICENSE
          1,531 100%    2.84kB/s    0:00:00            1,531 100%    2.84kB/s    0:00:00 (xfr#2395, ir-chk=1004/23657)
vendor/sebastian/environment/README.md
            965 100%    1.79kB/s    0:00:00              965 100%    1.79kB/s    0:00:00 (xfr#2396, ir-chk=1003/23657)
vendor/sebastian/environment/SECURITY.md
          1,909 100%    3.54kB/s    0:00:00            1,909 100%    3.54kB/s    0:00:00 (xfr#2397, ir-chk=1002/23657)
vendor/sebastian/environment/composer.json
          1,087 100%    2.01kB/s    0:00:00            1,087 100%    2.01kB/s    0:00:00 (xfr#2398, ir-chk=1001/23657)
vendor/sebastian/environment/src/
vendor/sebastian/environment/src/Console.php
          5,598 100%   10.37kB/s    0:00:00            5,598 100%   10.37kB/s    0:00:00 (xfr#2399, ir-chk=1002/23660)
vendor/sebastian/environment/src/Runtime.php
          7,053 100%   13.04kB/s    0:00:00            7,053 100%   13.04kB/s    0:00:00 (xfr#2400, ir-chk=1001/23660)
vendor/sebastian/exporter/
vendor/sebastian/exporter/ChangeLog.md
          6,191 100%   11.43kB/s    0:00:00            6,191 100%   11.43kB/s    0:00:00 (xfr#2401, ir-chk=1005/23665)
vendor/sebastian/exporter/LICENSE
          1,531 100%    2.83kB/s    0:00:00            1,531 100%    2.83kB/s    0:00:00 (xfr#2402, ir-chk=1004/23665)
vendor/sebastian/exporter/README.md
          3,144 100%    5.80kB/s    0:00:00            3,144 100%    5.80kB/s    0:00:00 (xfr#2403, ir-chk=1003/23665)
vendor/sebastian/exporter/SECURITY.md
          1,909 100%    3.52kB/s    0:00:00            1,909 100%    3.52kB/s    0:00:00 (xfr#2404, ir-chk=1002/23665)
vendor/sebastian/exporter/composer.json
          1,601 100%    2.96kB/s    0:00:00            1,601 100%    2.96kB/s    0:00:00 (xfr#2405, ir-chk=1001/23665)
vendor/sebastian/exporter/src/
vendor/sebastian/exporter/src/Exporter.php
         13,448 100%   24.78kB/s    0:00:00           13,448 100%   24.78kB/s    0:00:00 (xfr#2406, ir-chk=1000/23666)
vendor/sebastian/global-state/
vendor/sebastian/global-state/ChangeLog.md
          4,183 100%    7.69kB/s    0:00:00            4,183 100%    7.69kB/s    0:00:00 (xfr#2407, ir-chk=1008/23675)
vendor/sebastian/global-state/LICENSE
          1,531 100%    2.82kB/s    0:00:00            1,531 100%    2.82kB/s    0:00:00 (xfr#2408, ir-chk=1007/23675)
vendor/sebastian/global-state/README.md
            947 100%    1.74kB/s    0:00:00              947 100%    1.74kB/s    0:00:00 (xfr#2409, ir-chk=1006/23675)
vendor/sebastian/global-state/SECURITY.md
          1,909 100%    3.51kB/s    0:00:00            1,909 100%    3.51kB/s    0:00:00 (xfr#2410, ir-chk=1005/23675)
vendor/sebastian/global-state/composer.json
          1,294 100%    2.38kB/s    0:00:00            1,294 100%    2.38kB/s    0:00:00 (xfr#2411, ir-chk=1004/23675)
vendor/sebastian/global-state/src/
vendor/sebastian/global-state/src/CodeExporter.php
          2,672 100%    4.90kB/s    0:00:00            2,672 100%    4.90kB/s    0:00:00 (xfr#2412, ir-chk=1007/23680)
vendor/sebastian/global-state/src/ExcludeList.php
          3,350 100%    6.15kB/s    0:00:00            3,350 100%    6.15kB/s    0:00:00 (xfr#2413, ir-chk=1006/23680)
vendor/sebastian/global-state/src/Restorer.php
          3,520 100%    6.46kB/s    0:00:00            3,520 100%    6.46kB/s    0:00:00 (xfr#2414, ir-chk=1005/23680)
vendor/sebastian/global-state/src/Snapshot.php
         11,528 100%   21.12kB/s    0:00:00           11,528 100%   21.12kB/s    0:00:00 (xfr#2415, ir-chk=1004/23680)
vendor/sebastian/global-state/src/exceptions/
vendor/sebastian/global-state/src/exceptions/Exception.php
            368 100%    0.67kB/s    0:00:00              368 100%    0.67kB/s    0:00:00 (xfr#2416, ir-chk=1002/23680)
vendor/sebastian/global-state/src/exceptions/RuntimeException.php
            390 100%    0.71kB/s    0:00:00              390 100%    0.71kB/s    0:00:00 (xfr#2417, ir-chk=1001/23680)
vendor/sebastian/lines-of-code/
vendor/sebastian/lines-of-code/ChangeLog.md
          1,930 100%    3.54kB/s    0:00:00            1,930 100%    3.53kB/s    0:00:00 (xfr#2418, ir-chk=1014/23694)
vendor/sebastian/lines-of-code/LICENSE
          1,531 100%    2.80kB/s    0:00:00            1,531 100%    2.80kB/s    0:00:00 (xfr#2419, ir-chk=1013/23694)
vendor/sebastian/lines-of-code/README.md
            931 100%    1.70kB/s    0:00:00              931 100%    1.70kB/s    0:00:00 (xfr#2420, ir-chk=1012/23694)
vendor/sebastian/lines-of-code/SECURITY.md
          1,909 100%    3.49kB/s    0:00:00            1,909 100%    3.49kB/s    0:00:00 (xfr#2421, ir-chk=1011/23694)
vendor/sebastian/lines-of-code/composer.json
          1,085 100%    1.98kB/s    0:00:00            1,085 100%    1.98kB/s    0:00:00 (xfr#2422, ir-chk=1010/23694)
vendor/sebastian/lines-of-code/src/
vendor/sebastian/lines-of-code/src/Counter.php
          2,351 100%    4.30kB/s    0:00:00            2,351 100%    4.30kB/s    0:00:00 (xfr#2423, ir-chk=1008/23694)
vendor/sebastian/lines-of-code/src/LineCountingVisitor.php
          2,278 100%    4.16kB/s    0:00:00            2,278 100%    4.16kB/s    0:00:00 (xfr#2424, ir-chk=1007/23694)
vendor/sebastian/lines-of-code/src/LinesOfCode.php
          3,293 100%    6.01kB/s    0:00:00            3,293 100%    6.01kB/s    0:00:00 (xfr#2425, ir-chk=1006/23694)
vendor/sebastian/lines-of-code/src/Exception/
vendor/sebastian/lines-of-code/src/Exception/Exception.php
            369 100%    0.67kB/s    0:00:00              369 100%    0.67kB/s    0:00:00 (xfr#2426, ir-chk=1004/23694)
vendor/sebastian/lines-of-code/src/Exception/IllogicalValuesException.php
            417 100%    0.76kB/s    0:00:00              417 100%    0.76kB/s    0:00:00 (xfr#2427, ir-chk=1003/23694)
vendor/sebastian/lines-of-code/src/Exception/NegativeValueException.php
            435 100%    0.79kB/s    0:00:00              435 100%    0.79kB/s    0:00:00 (xfr#2428, ir-chk=1002/23694)
vendor/sebastian/lines-of-code/src/Exception/RuntimeException.php
            391 100%    0.71kB/s    0:00:00              391 100%    0.71kB/s    0:00:00 (xfr#2429, ir-chk=1001/23694)
vendor/sebastian/object-enumerator/
vendor/sebastian/object-enumerator/ChangeLog.md
          2,919 100%    5.32kB/s    0:00:00            2,919 100%    5.32kB/s    0:00:00 (xfr#2430, ir-chk=1008/23702)
vendor/sebastian/object-enumerator/LICENSE
          1,531 100%    2.79kB/s    0:00:00            1,531 100%    2.79kB/s    0:00:00 (xfr#2431, ir-chk=1007/23702)
vendor/sebastian/object-enumerator/README.md
            990 100%    1.80kB/s    0:00:00              990 100%    1.80kB/s    0:00:00 (xfr#2432, ir-chk=1006/23702)
vendor/sebastian/object-enumerator/SECURITY.md
          1,909 100%    3.48kB/s    0:00:00            1,909 100%    3.48kB/s    0:00:00 (xfr#2433, ir-chk=1005/23702)
vendor/sebastian/object-enumerator/composer.json
          1,224 100%    2.23kB/s    0:00:00            1,224 100%    2.23kB/s    0:00:00 (xfr#2434, ir-chk=1004/23702)
vendor/sebastian/object-enumerator/src/
vendor/sebastian/object-enumerator/src/Enumerator.php
          1,935 100%    3.53kB/s    0:00:00            1,935 100%    3.53kB/s    0:00:00 (xfr#2435, ir-chk=1002/23702)
vendor/sebastian/object-reflector/
vendor/sebastian/object-reflector/ChangeLog.md
          2,316 100%    4.21kB/s    0:00:00            2,316 100%    4.21kB/s    0:00:00 (xfr#2436, ir-chk=1008/23709)
vendor/sebastian/object-reflector/LICENSE
          1,531 100%    2.78kB/s    0:00:00            1,531 100%    2.78kB/s    0:00:00 (xfr#2437, ir-chk=1007/23709)
vendor/sebastian/object-reflector/README.md
            998 100%    1.81kB/s    0:00:00              998 100%    1.81kB/s    0:00:00 (xfr#2438, ir-chk=1006/23709)
vendor/sebastian/object-reflector/SECURITY.md
          1,909 100%    3.47kB/s    0:00:00            1,909 100%    3.47kB/s    0:00:00 (xfr#2439, ir-chk=1005/23709)
vendor/sebastian/object-reflector/composer.json
          1,126 100%    2.05kB/s    0:00:00            1,126 100%    2.05kB/s    0:00:00 (xfr#2440, ir-chk=1004/23709)
vendor/sebastian/object-reflector/src/
vendor/sebastian/object-reflector/src/ObjectReflector.php
          1,009 100%    1.83kB/s    0:00:00            1,009 100%    1.83kB/s    0:00:00 (xfr#2441, ir-chk=1002/23709)
vendor/sebastian/recursion-context/
vendor/sebastian/recursion-context/ChangeLog.md
          2,495 100%    4.53kB/s    0:00:00            2,495 100%    4.53kB/s    0:00:00 (xfr#2442, ir-chk=1005/23713)
vendor/sebastian/recursion-context/LICENSE
          1,531 100%    2.78kB/s    0:00:00            1,531 100%    2.78kB/s    0:00:00 (xfr#2443, ir-chk=1004/23713)
vendor/sebastian/recursion-context/README.md
            896 100%    1.63kB/s    0:00:00              896 100%    1.63kB/s    0:00:00 (xfr#2444, ir-chk=1003/23713)
vendor/sebastian/recursion-context/SECURITY.md
          1,909 100%    3.47kB/s    0:00:00            1,909 100%    3.47kB/s    0:00:00 (xfr#2445, ir-chk=1002/23713)
vendor/sebastian/recursion-context/composer.json
          1,213 100%    2.20kB/s    0:00:00            1,213 100%    2.20kB/s    0:00:00 (xfr#2446, ir-chk=1001/23713)
vendor/sebastian/recursion-context/src/
vendor/sebastian/recursion-context/src/Context.php
          4,012 100%    7.28kB/s    0:00:00            4,012 100%    7.27kB/s    0:00:00 (xfr#2447, ir-chk=1002/23716)
vendor/sebastian/type/
vendor/sebastian/type/ChangeLog.md
          7,043 100%   12.76kB/s    0:00:00            7,043 100%   12.76kB/s    0:00:00 (xfr#2448, ir-chk=1005/23720)
vendor/sebastian/type/LICENSE
          1,531 100%    2.77kB/s    0:00:00            1,531 100%    2.77kB/s    0:00:00 (xfr#2449, ir-chk=1004/23720)
vendor/sebastian/type/README.md
            857 100%    1.55kB/s    0:00:00              857 100%    1.55kB/s    0:00:00 (xfr#2450, ir-chk=1003/23720)
vendor/sebastian/type/SECURITY.md
          1,909 100%    3.46kB/s    0:00:00            1,909 100%    3.46kB/s    0:00:00 (xfr#2451, ir-chk=1002/23720)
vendor/sebastian/type/composer.json
          1,274 100%    2.30kB/s    0:00:00            1,274 100%    2.30kB/s    0:00:00 (xfr#2452, ir-chk=1001/23720)
vendor/sebastian/type/src/
vendor/sebastian/type/src/Parameter.php
            923 100%    1.67kB/s    0:00:00              923 100%    1.67kB/s    0:00:00 (xfr#2453, ir-chk=1007/23728)
vendor/sebastian/type/src/ReflectionMapper.php
          6,789 100%   12.28kB/s    0:00:00            6,789 100%   12.28kB/s    0:00:00 (xfr#2454, ir-chk=1006/23728)
vendor/sebastian/type/src/TypeName.php
          2,434 100%    4.40kB/s    0:00:00            2,434 100%    4.40kB/s    0:00:00 (xfr#2455, ir-chk=1005/23728)
vendor/sebastian/type/src/exception/
vendor/sebastian/type/src/exception/Exception.php
            471 100%    0.85kB/s    0:00:00              471 100%    0.85kB/s    0:00:00 (xfr#2456, ir-chk=1002/23728)
vendor/sebastian/type/src/exception/RuntimeException.php
            493 100%    0.89kB/s    0:00:00              493 100%    0.89kB/s    0:00:00 (xfr#2457, ir-chk=1001/23728)
vendor/sebastian/type/src/type/
vendor/sebastian/type/src/type/CallableType.php
          4,278 100%    7.72kB/s    0:00:00            4,278 100%    7.72kB/s    0:00:00 (xfr#2458, ir-chk=1021/23749)
vendor/sebastian/type/src/type/FalseType.php
            976 100%    1.76kB/s    0:00:00              976 100%    1.76kB/s    0:00:00 (xfr#2459, ir-chk=1020/23749)
vendor/sebastian/type/src/type/GenericObjectType.php
          1,134 100%    2.04kB/s    0:00:00            1,134 100%    2.04kB/s    0:00:00 (xfr#2460, ir-chk=1019/23749)
vendor/sebastian/type/src/type/IntersectionType.php
          2,964 100%    5.34kB/s    0:00:00            2,964 100%    5.34kB/s    0:00:00 (xfr#2461, ir-chk=1018/23749)
vendor/sebastian/type/src/type/IterableType.php
          1,603 100%    2.89kB/s    0:00:00            1,603 100%    2.89kB/s    0:00:00 (xfr#2462, ir-chk=1017/23749)
vendor/sebastian/type/src/type/MixedType.php
            929 100%    1.67kB/s    0:00:00              929 100%    1.67kB/s    0:00:00 (xfr#2463, ir-chk=1016/23749)
vendor/sebastian/type/src/type/NeverType.php
            810 100%    1.46kB/s    0:00:00              810 100%    1.46kB/s    0:00:00 (xfr#2464, ir-chk=1015/23749)
vendor/sebastian/type/src/type/NullType.php
            925 100%    1.67kB/s    0:00:00              925 100%    1.67kB/s    0:00:00 (xfr#2465, ir-chk=1014/23749)
vendor/sebastian/type/src/type/ObjectType.php
          1,667 100%    3.00kB/s    0:00:00            1,667 100%    3.00kB/s    0:00:00 (xfr#2466, ir-chk=1013/23749)
vendor/sebastian/type/src/type/SimpleType.php
          2,140 100%    3.85kB/s    0:00:00            2,140 100%    3.85kB/s    0:00:00 (xfr#2467, ir-chk=1012/23749)
vendor/sebastian/type/src/type/StaticType.php
          1,560 100%    2.81kB/s    0:00:00            1,560 100%    2.81kB/s    0:00:00 (xfr#2468, ir-chk=1011/23749)
vendor/sebastian/type/src/type/TrueType.php
            971 100%    1.75kB/s    0:00:00              971 100%    1.75kB/s    0:00:00 (xfr#2469, ir-chk=1010/23749)
vendor/sebastian/type/src/type/Type.php
          4,586 100%    8.25kB/s    0:00:00            4,586 100%    8.25kB/s    0:00:00 (xfr#2470, ir-chk=1009/23749)
vendor/sebastian/type/src/type/UnionType.php
          3,157 100%    5.68kB/s    0:00:00            3,157 100%    5.68kB/s    0:00:00 (xfr#2471, ir-chk=1008/23749)
vendor/sebastian/type/src/type/UnknownType.php
            914 100%    1.64kB/s    0:00:00              914 100%    1.64kB/s    0:00:00 (xfr#2472, ir-chk=1007/23749)
vendor/sebastian/type/src/type/VoidType.php
            806 100%    1.45kB/s    0:00:00              806 100%    1.45kB/s    0:00:00 (xfr#2473, ir-chk=1006/23749)
vendor/sebastian/version/
vendor/sebastian/version/ChangeLog.md
          1,711 100%    3.07kB/s    0:00:00            1,711 100%    3.07kB/s    0:00:00 (xfr#2474, ir-chk=1005/23749)
vendor/sebastian/version/LICENSE
          1,531 100%    2.75kB/s    0:00:00            1,531 100%    2.75kB/s    0:00:00 (xfr#2475, ir-chk=1004/23749)
vendor/sebastian/version/README.md
          2,193 100%    3.94kB/s    0:00:00            2,193 100%    3.94kB/s    0:00:00 (xfr#2476, ir-chk=1003/23749)
vendor/sebastian/version/SECURITY.md
          1,909 100%    3.43kB/s    0:00:00            1,909 100%    3.43kB/s    0:00:00 (xfr#2477, ir-chk=1002/23749)
vendor/sebastian/version/composer.json
            962 100%    1.73kB/s    0:00:00              962 100%    1.73kB/s    0:00:00 (xfr#2478, ir-chk=1001/23749)
vendor/sebastian/version/src/
vendor/sebastian/version/src/Version.php
          2,436 100%    4.36kB/s    0:00:00            2,436 100%    4.36kB/s    0:00:00 (xfr#2479, ir-chk=1000/23750)
vendor/socialiteproviders/
vendor/socialiteproviders/apple/
vendor/socialiteproviders/manager/
vendor/socialiteproviders/manager/.github/
vendor/socialiteproviders/manager/.github/workflows/
vendor/socialiteproviders/manager/src/
vendor/socialiteproviders/manager/src/Contracts/
vendor/socialiteproviders/manager/src/Contracts/Helpers/
vendor/socialiteproviders/manager/src/Contracts/OAuth1/
vendor/socialiteproviders/manager/src/Contracts/OAuth2/
vendor/socialiteproviders/manager/src/Exception/
vendor/socialiteproviders/manager/src/Helpers/
vendor/socialiteproviders/manager/src/OAuth1/
vendor/socialiteproviders/manager/src/OAuth2/
vendor/spatie/
vendor/spatie/backtrace/
vendor/spatie/backtrace/LICENSE.md
          1,090 100%    1.81kB/s    0:00:00            1,090 100%    1.81kB/s    0:00:00 (xfr#2480, ir-chk=1014/23815)
vendor/spatie/backtrace/README.md
          7,467 100%   12.40kB/s    0:00:00            7,467 100%   12.40kB/s    0:00:00 (xfr#2481, ir-chk=1013/23815)
vendor/spatie/backtrace/composer.json
          1,540 100%    2.56kB/s    0:00:00            1,540 100%    2.56kB/s    0:00:00 (xfr#2482, ir-chk=1012/23815)
vendor/spatie/backtrace/src/
vendor/spatie/backtrace/src/Backtrace.php
          7,778 100%   12.90kB/s    0:00:00            7,778 100%   12.90kB/s    0:00:00 (xfr#2483, ir-chk=1010/23815)
vendor/spatie/backtrace/src/Frame.php
          2,725 100%    4.52kB/s    0:00:00            2,725 100%    4.52kB/s    0:00:00 (xfr#2484, ir-chk=1009/23815)
vendor/spatie/backtrace/src/Arguments/
vendor/spatie/backtrace/src/Arguments/ArgumentReducers.php
          2,852 100%    4.73kB/s    0:00:00            2,852 100%    4.73kB/s    0:00:00 (xfr#2485, ir-chk=1006/23815)
vendor/spatie/backtrace/src/Arguments/ProvidedArgument.php
          3,145 100%    5.21kB/s    0:00:00            3,145 100%    5.21kB/s    0:00:00 (xfr#2486, ir-chk=1005/23815)
vendor/spatie/backtrace/src/Arguments/ReduceArgumentPayloadAction.php
          1,206 100%    2.00kB/s    0:00:00            1,206 100%    2.00kB/s    0:00:00 (xfr#2487, ir-chk=1004/23815)
vendor/spatie/backtrace/src/Arguments/ReduceArgumentsAction.php
          3,740 100%    6.19kB/s    0:00:00            3,740 100%    6.19kB/s    0:00:00 (xfr#2488, ir-chk=1003/23815)
vendor/spatie/backtrace/src/Arguments/ReducedArgument/
vendor/spatie/backtrace/src/Arguments/ReducedArgument/ReducedArgument.php
            426 100%    0.71kB/s    0:00:00              426 100%    0.71kB/s    0:00:00 (xfr#2489, ir-chk=1005/23820)
vendor/spatie/backtrace/src/Arguments/ReducedArgument/ReducedArgumentContract.php
            101 100%    0.17kB/s    0:00:00              101 100%    0.17kB/s    0:00:00 (xfr#2490, ir-chk=1004/23820)
vendor/spatie/backtrace/src/Arguments/ReducedArgument/TruncatedReducedArgument.php
            122 100%    0.20kB/s    0:00:00              122 100%    0.20kB/s    0:00:00 (xfr#2491, ir-chk=1003/23820)
vendor/spatie/backtrace/src/Arguments/ReducedArgument/UnReducedArgument.php
            423 100%    0.70kB/s    0:00:00              423 100%    0.70kB/s    0:00:00 (xfr#2492, ir-chk=1002/23820)
vendor/spatie/backtrace/src/Arguments/ReducedArgument/VariadicReducedArgument.php
            505 100%    0.83kB/s    0:00:00              505 100%    0.83kB/s    0:00:00 (xfr#2493, ir-chk=1001/23820)
vendor/spatie/backtrace/src/Arguments/Reducers/
vendor/spatie/backtrace/src/Arguments/Reducers/ArgumentReducer.php
            269 100%    0.44kB/s    0:00:00              269 100%    0.44kB/s    0:00:00 (xfr#2494, ir-chk=1011/23831)
vendor/spatie/backtrace/src/Arguments/Reducers/ArrayArgumentReducer.php
          1,656 100%    2.74kB/s    0:00:00            1,656 100%    2.74kB/s    0:00:00 (xfr#2495, ir-chk=1010/23831)
vendor/spatie/backtrace/src/Arguments/Reducers/BaseTypeArgumentReducer.php
            709 100%    1.17kB/s    0:00:00              709 100%    1.17kB/s    0:00:00 (xfr#2496, ir-chk=1009/23831)
vendor/spatie/backtrace/src/Arguments/Reducers/ClosureArgumentReducer.php
            973 100%    1.61kB/s    0:00:00              973 100%    1.61kB/s    0:00:00 (xfr#2497, ir-chk=1008/23831)
vendor/spatie/backtrace/src/Arguments/Reducers/DateTimeArgumentReducer.php
            662 100%    1.09kB/s    0:00:00              662 100%    1.09kB/s    0:00:00 (xfr#2498, ir-chk=1007/23831)
vendor/spatie/backtrace/src/Arguments/Reducers/DateTimeZoneArgumentReducer.php
            642 100%    1.06kB/s    0:00:00              642 100%    1.06kB/s    0:00:00 (xfr#2499, ir-chk=1006/23831)
vendor/spatie/backtrace/src/Arguments/Reducers/EnumArgumentReducer.php
            647 100%    1.07kB/s    0:00:00              647 100%    1.07kB/s    0:00:00 (xfr#2500, ir-chk=1005/23831)
vendor/spatie/backtrace/src/Arguments/Reducers/MinimalArrayArgumentReducer.php
            611 100%    1.01kB/s    0:00:00              611 100%    1.01kB/s    0:00:00 (xfr#2501, ir-chk=1004/23831)
vendor/spatie/backtrace/src/Arguments/Reducers/SensitiveParameterArrayReducer.php
            714 100%    1.18kB/s    0:00:00              714 100%    1.18kB/s    0:00:00 (xfr#2502, ir-chk=1003/23831)
vendor/spatie/backtrace/src/Arguments/Reducers/StdClassArgumentReducer.php
            528 100%    0.87kB/s    0:00:00              528 100%    0.87kB/s    0:00:00 (xfr#2503, ir-chk=1002/23831)
vendor/spatie/backtrace/src/Arguments/Reducers/StringableArgumentReducer.php
            634 100%    1.05kB/s    0:00:00              634 100%    1.05kB/s    0:00:00 (xfr#2504, ir-chk=1001/23831)
vendor/spatie/backtrace/src/Arguments/Reducers/SymphonyRequestArgumentReducer.php
            696 100%    1.15kB/s    0:00:00              696 100%    1.15kB/s    0:00:00 (xfr#2505, ir-chk=1000/23831)
vendor/spatie/backtrace/src/CodeSnippets/
vendor/spatie/backtrace/src/CodeSnippets/CodeSnippet.php
          1,974 100%    3.25kB/s    0:00:00            1,974 100%    3.25kB/s    0:00:00 (xfr#2506, ir-chk=1004/23836)
vendor/spatie/backtrace/src/CodeSnippets/FileSnippetProvider.php
            789 100%    1.30kB/s    0:00:00              789 100%    1.30kB/s    0:00:00 (xfr#2507, ir-chk=1003/23836)
vendor/spatie/backtrace/src/CodeSnippets/LaravelSerializableClosureSnippetProvider.php
          1,537 100%    2.53kB/s    0:00:00            1,537 100%    2.53kB/s    0:00:00 (xfr#2508, ir-chk=1002/23836)
vendor/spatie/backtrace/src/CodeSnippets/NullSnippetProvider.php
            393 100%    0.65kB/s    0:00:00              393 100%    0.65kB/s    0:00:00 (xfr#2509, ir-chk=1001/23836)
vendor/spatie/backtrace/src/CodeSnippets/SnippetProvider.php
            228 100%    0.37kB/s    0:00:00              228 100%    0.37kB/s    0:00:00 (xfr#2510, ir-chk=1000/23836)
vendor/spatie/error-solutions/
vendor/spatie/error-solutions/.php_cs.php
          1,149 100%    1.89kB/s    0:00:00            1,149 100%    1.89kB/s    0:00:00 (xfr#2511, ir-chk=1013/23850)
vendor/spatie/error-solutions/CHANGELOG.md
          2,732 100%    4.49kB/s    0:00:00            2,732 100%    4.49kB/s    0:00:00 (xfr#2512, ir-chk=1012/23850)
vendor/spatie/error-solutions/LICENSE.md
          1,086 100%    1.78kB/s    0:00:00            1,086 100%    1.78kB/s    0:00:00 (xfr#2513, ir-chk=1011/23850)
vendor/spatie/error-solutions/README.md
          2,354 100%    3.86kB/s    0:00:00            2,354 100%    3.86kB/s    0:00:00 (xfr#2514, ir-chk=1010/23850)
vendor/spatie/error-solutions/composer.json
          2,176 100%    3.57kB/s    0:00:00            2,176 100%    3.57kB/s    0:00:00 (xfr#2515, ir-chk=1009/23850)
vendor/spatie/error-solutions/phpstan-baseline.neon
          8,851 100%   14.53kB/s    0:00:00            8,851 100%   14.53kB/s    0:00:00 (xfr#2516, ir-chk=1008/23850)
vendor/spatie/error-solutions/phpstan.neon.dist
            157 100%    0.26kB/s    0:00:00              157 100%    0.26kB/s    0:00:00 (xfr#2517, ir-chk=1007/23850)
vendor/spatie/error-solutions/legacy/
vendor/spatie/error-solutions/legacy/ignition/
vendor/spatie/error-solutions/legacy/ignition/Contracts/
vendor/spatie/error-solutions/legacy/ignition/Contracts/BaseSolution.php
            142 100%    0.23kB/s    0:00:00              142 100%    0.23kB/s    0:00:00 (xfr#2518, ir-chk=1009/23860)
vendor/spatie/error-solutions/legacy/ignition/Contracts/HasSolutionsForThrowable.php
            150 100%    0.25kB/s    0:00:00              150 100%    0.25kB/s    0:00:00 (xfr#2519, ir-chk=1008/23860)
vendor/spatie/error-solutions/legacy/ignition/Contracts/ProvidesSolution.php
            134 100%    0.22kB/s    0:00:00              134 100%    0.22kB/s    0:00:00 (xfr#2520, ir-chk=1007/23860)
vendor/spatie/error-solutions/legacy/ignition/Contracts/RunnableSolution.php
            397 100%    0.65kB/s    0:00:00              397 100%    0.65kB/s    0:00:00 (xfr#2521, ir-chk=1006/23860)
vendor/spatie/error-solutions/legacy/ignition/Contracts/Solution.php
            118 100%    0.19kB/s    0:00:00              118 100%    0.19kB/s    0:00:00 (xfr#2522, ir-chk=1005/23860)
vendor/spatie/error-solutions/legacy/ignition/Contracts/SolutionProviderRepository.php
            155 100%    0.25kB/s    0:00:00              155 100%    0.25kB/s    0:00:00 (xfr#2523, ir-chk=1004/23860)
vendor/spatie/error-solutions/legacy/ignition/Solutions/
vendor/spatie/error-solutions/legacy/ignition/Solutions/SolutionTransformer.php
            136 100%    0.22kB/s    0:00:00              136 100%    0.22kB/s    0:00:00 (xfr#2524, ir-chk=1011/23868)
vendor/spatie/error-solutions/legacy/ignition/Solutions/SuggestCorrectVariableNameSolution.php
            322 100%    0.53kB/s    0:00:00              322 100%    0.53kB/s    0:00:00 (xfr#2525, ir-chk=1010/23868)
vendor/spatie/error-solutions/legacy/ignition/Solutions/SuggestImportSolution.php
            271 100%    0.44kB/s    0:00:00              271 100%    0.44kB/s    0:00:00 (xfr#2526, ir-chk=1009/23868)
vendor/spatie/error-solutions/legacy/ignition/Solutions/OpenAi/
vendor/spatie/error-solutions/legacy/ignition/Solutions/OpenAi/DummyCache.php
            133 100%    0.22kB/s    0:00:00              133 100%    0.22kB/s    0:00:00 (xfr#2527, ir-chk=1006/23868)
vendor/spatie/error-solutions/legacy/ignition/Solutions/OpenAi/OpenAiPromptViewModel.php
            154 100%    0.25kB/s    0:00:00              154 100%    0.25kB/s    0:00:00 (xfr#2528, ir-chk=1005/23868)
vendor/spatie/error-solutions/legacy/ignition/Solutions/OpenAi/OpenAiSolution.php
            202 100%    0.33kB/s    0:00:00              202 100%    0.33kB/s    0:00:00 (xfr#2529, ir-chk=1004/23868)
vendor/spatie/error-solutions/legacy/ignition/Solutions/OpenAi/OpenAiSolutionProvider.php
            250 100%    0.41kB/s    0:00:00              250 100%    0.41kB/s    0:00:00 (xfr#2530, ir-chk=1003/23868)
vendor/spatie/error-solutions/legacy/ignition/Solutions/OpenAi/OpenAiSolutionResponse.php
            157 100%    0.26kB/s    0:00:00              157 100%    0.26kB/s    0:00:00 (xfr#2531, ir-chk=1002/23868)
vendor/spatie/error-solutions/legacy/ignition/Solutions/SolutionProviders/
vendor/spatie/error-solutions/legacy/ignition/Solutions/SolutionProviders/BadMethodCallSolutionProvider.php
            360 100%    0.59kB/s    0:00:00              360 100%    0.59kB/s    0:00:00 (xfr#2532, ir-chk=1004/23871)
vendor/spatie/error-solutions/legacy/ignition/Solutions/SolutionProviders/MergeConflictSolutionProvider.php
            360 100%    0.59kB/s    0:00:00              360 100%    0.59kB/s    0:00:00 (xfr#2533, ir-chk=1003/23871)
vendor/spatie/error-solutions/legacy/ignition/Solutions/SolutionProviders/SolutionProviderRepository.php
            380 100%    0.62kB/s    0:00:00              380 100%    0.62kB/s    0:00:00 (xfr#2534, ir-chk=1002/23871)
vendor/spatie/error-solutions/legacy/ignition/Solutions/SolutionProviders/UndefinedPropertySolutionProvider.php
            377 100%    0.62kB/s    0:00:00              377 100%    0.62kB/s    0:00:00 (xfr#2535, ir-chk=1001/23871)
vendor/spatie/error-solutions/legacy/laravel-ignition/
vendor/spatie/error-solutions/legacy/laravel-ignition/Solutions/
vendor/spatie/error-solutions/legacy/laravel-ignition/Solutions/GenerateAppKeySolution.php
            290 100%    0.47kB/s    0:00:00              290 100%    0.47kB/s    0:00:00 (xfr#2536, ir-chk=1031/23904)
vendor/spatie/error-solutions/legacy/laravel-ignition/Solutions/LivewireDiscoverSolution.php
            299 100%    0.49kB/s    0:00:00              299 100%    0.49kB/s    0:00:00 (xfr#2537, ir-chk=1030/23904)
vendor/spatie/error-solutions/legacy/laravel-ignition/Solutions/MakeViewVariableOptionalSolution.php
            330 100%    0.54kB/s    0:00:00              330 100%    0.54kB/s    0:00:00 (xfr#2538, ir-chk=1029/23904)
vendor/spatie/error-solutions/legacy/laravel-ignition/Solutions/RunMigrationsSolution.php
            286 100%    0.47kB/s    0:00:00              286 100%    0.47kB/s    0:00:00 (xfr#2539, ir-chk=1028/23904)
vendor/spatie/error-solutions/legacy/laravel-ignition/Solutions/SuggestCorrectVariableNameSolution.php
            330 100%    0.54kB/s    0:00:00              330 100%    0.54kB/s    0:00:00 (xfr#2540, ir-chk=1027/23904)
vendor/spatie/error-solutions/legacy/laravel-ignition/Solutions/SuggestImportSolution.php
            279 100%    0.45kB/s    0:00:00              279 100%    0.45kB/s    0:00:00 (xfr#2541, ir-chk=1026/23904)
vendor/spatie/error-solutions/legacy/laravel-ignition/Solutions/SuggestLivewireMethodNameSolution.php
            333 100%    0.54kB/s    0:00:00              333 100%    0.54kB/s    0:00:00 (xfr#2542, ir-chk=1025/23904)
vendor/spatie/error-solutions/legacy/laravel-ignition/Solutions/SuggestLivewirePropertyNameSolution.php
            342 100%    0.56kB/s    0:00:00              342 100%    0.56kB/s    0:00:00 (xfr#2543, ir-chk=1024/23904)
vendor/spatie/error-solutions/legacy/laravel-ignition/Solutions/SuggestUsingCorrectDbNameSolution.php
            335 100%    0.55kB/s    0:00:00              335 100%    0.55kB/s    0:00:00 (xfr#2544, ir-chk=1023/23904)
vendor/spatie/error-solutions/legacy/laravel-ignition/Solutions/SuggestUsingMariadbDatabaseSolution.php
            342 100%    0.56kB/s    0:00:00              342 100%    0.56kB/s    0:00:00 (xfr#2545, ir-chk=1022/23904)
vendor/spatie/error-solutions/legacy/laravel-ignition/Solutions/SuggestUsingMysql8DatabaseSolution.php
            338 100%    0.55kB/s    0:00:00              338 100%    0.55kB/s    0:00:00 (xfr#2546, ir-chk=1021/23904)
vendor/spatie/error-solutions/legacy/laravel-ignition/Solutions/UseDefaultValetDbCredentialsSolution.php
            346 100%    0.56kB/s    0:00:00              346 100%    0.56kB/s    0:00:00 (xfr#2547, ir-chk=1020/23904)
vendor/spatie/error-solutions/legacy/laravel-ignition/Solutions/SolutionProviders/
vendor/spatie/error-solutions/legacy/laravel-ignition/Solutions/SolutionProviders/DefaultDbNameSolutionProvider.php
            376 100%    0.61kB/s    0:00:00              376 100%    0.61kB/s    0:00:00 (xfr#2548, ir-chk=1024/23910)
vendor/spatie/error-solutions/legacy/laravel-ignition/Solutions/SolutionProviders/GenericLaravelExceptionSolutionProvider.php
            416 100%    0.68kB/s    0:00:00              416 100%    0.68kB/s    0:00:00 (xfr#2549, ir-chk=1023/23910)
vendor/spatie/error-solutions/legacy/laravel-ignition/Solutions/SolutionProviders/IncorrectValetDbCredentialsSolutionProvider.php
            432 100%    0.70kB/s    0:00:00              432 100%    0.70kB/s    0:00:00 (xfr#2550, ir-chk=1022/23910)
vendor/spatie/error-solutions/legacy/laravel-ignition/Solutions/SolutionProviders/InvalidRouteActionSolutionProvider.php
            397 100%    0.65kB/s    0:00:00              397 100%    0.65kB/s    0:00:00 (xfr#2551, ir-chk=1021/23910)
vendor/spatie/error-solutions/legacy/laravel-ignition/Solutions/SolutionProviders/LazyLoadingViolationSolutionProvider.php
            404 100%    0.66kB/s    0:00:00              404 100%    0.66kB/s    0:00:00 (xfr#2552, ir-chk=1020/23910)
vendor/spatie/error-solutions/legacy/laravel-ignition/Solutions/SolutionProviders/MissingAppKeySolutionProvider.php
            377 100%    0.61kB/s    0:00:00              377 100%    0.61kB/s    0:00:00 (xfr#2553, ir-chk=1019/23910)
vendor/spatie/error-solutions/legacy/laravel-ignition/Solutions/SolutionProviders/MissingColumnSolutionProvider.php
            377 100%    0.61kB/s    0:00:00              377 100%    0.61kB/s    0:00:00 (xfr#2554, ir-chk=1018/23910)
vendor/spatie/error-solutions/legacy/laravel-ignition/Solutions/SolutionProviders/MissingImportSolutionProvider.php
            378 100%    0.61kB/s    0:00:00              378 100%    0.61kB/s    0:00:00 (xfr#2555, ir-chk=1017/23910)
vendor/spatie/error-solutions/legacy/laravel-ignition/Solutions/SolutionProviders/MissingLivewireComponentSolutionProvider.php
            421 100%    0.68kB/s    0:00:00              421 100%    0.68kB/s    0:00:00 (xfr#2556, ir-chk=1016/23910)
vendor/spatie/error-solutions/legacy/laravel-ignition/Solutions/SolutionProviders/MissingMixManifestSolutionProvider.php
            396 100%    0.64kB/s    0:00:00              396 100%    0.64kB/s    0:00:00 (xfr#2557, ir-chk=1015/23910)
vendor/spatie/error-solutions/legacy/laravel-ignition/Solutions/SolutionProviders/MissingViteManifestSolutionProvider.php
            400 100%    0.65kB/s    0:00:00              400 100%    0.65kB/s    0:00:00 (xfr#2558, ir-chk=1014/23910)
vendor/spatie/error-solutions/legacy/laravel-ignition/Solutions/SolutionProviders/OpenAiSolutionProvider.php
            348 100%    0.56kB/s    0:00:00              348 100%    0.56kB/s    0:00:00 (xfr#2559, ir-chk=1013/23910)
vendor/spatie/error-solutions/legacy/laravel-ignition/Solutions/SolutionProviders/RouteNotDefinedSolutionProvider.php
            384 100%    0.62kB/s    0:00:00              384 100%    0.62kB/s    0:00:00 (xfr#2560, ir-chk=1012/23910)
vendor/spatie/error-solutions/legacy/laravel-ignition/Solutions/SolutionProviders/RunningLaravelDuskInProductionProvider.php
            412 100%    0.67kB/s    0:00:00              412 100%    0.67kB/s    0:00:00 (xfr#2561, ir-chk=1011/23910)
vendor/spatie/error-solutions/legacy/laravel-ignition/Solutions/SolutionProviders/SailNetworkSolutionProvider.php
            368 100%    0.60kB/s    0:00:00              368 100%    0.60kB/s    0:00:00 (xfr#2562, ir-chk=1010/23910)
vendor/spatie/error-solutions/legacy/laravel-ignition/Solutions/SolutionProviders/SolutionProviderRepository.php
            388 100%    0.63kB/s    0:00:00              388 100%    0.63kB/s    0:00:00 (xfr#2563, ir-chk=1009/23910)
vendor/spatie/error-solutions/legacy/laravel-ignition/Solutions/SolutionProviders/TableNotFoundSolutionProvider.php
            376 100%    0.61kB/s    0:00:00              376 100%    0.61kB/s    0:00:00 (xfr#2564, ir-chk=1008/23910)
vendor/spatie/error-solutions/legacy/laravel-ignition/Solutions/SolutionProviders/UndefinedLivewireMethodSolutionProvider.php
            416 100%    0.67kB/s    0:00:00              416 100%    0.67kB/s    0:00:00 (xfr#2565, ir-chk=1007/23910)
vendor/spatie/error-solutions/legacy/laravel-ignition/Solutions/SolutionProviders/UndefinedLivewirePropertySolutionProvider.php
            424 100%    0.69kB/s    0:00:00              424 100%    0.69kB/s    0:00:00 (xfr#2566, ir-chk=1006/23910)
vendor/spatie/error-solutions/legacy/laravel-ignition/Solutions/SolutionProviders/UndefinedViewVariableSolutionProvider.php
            408 100%    0.66kB/s    0:00:00              408 100%    0.66kB/s    0:00:00 (xfr#2567, ir-chk=1005/23910)
vendor/spatie/error-solutions/legacy/laravel-ignition/Solutions/SolutionProviders/UnknownMariadbCollationSolutionProvider.php
            416 100%    0.67kB/s    0:00:00              416 100%    0.67kB/s    0:00:00 (xfr#2568, ir-chk=1004/23910)
vendor/spatie/error-solutions/legacy/laravel-ignition/Solutions/SolutionProviders/UnknownMysql8CollationSolutionProvider.php
            412 100%    0.67kB/s    0:00:00              412 100%    0.67kB/s    0:00:00 (xfr#2569, ir-chk=1003/23910)
vendor/spatie/error-solutions/legacy/laravel-ignition/Solutions/SolutionProviders/UnknownValidationSolutionProvider.php
            392 100%    0.63kB/s    0:00:00              392 100%    0.63kB/s    0:00:00 (xfr#2570, ir-chk=1002/23910)
vendor/spatie/error-solutions/legacy/laravel-ignition/Solutions/SolutionProviders/ViewNotFoundSolutionProvider.php
            373 100%    0.60kB/s    0:00:00              373 100%    0.60kB/s    0:00:00 (xfr#2571, ir-chk=1001/23910)
vendor/spatie/error-solutions/legacy/laravel-ignition/Support/
vendor/spatie/error-solutions/legacy/laravel-ignition/Support/StringComparator.php
            192 100%    0.31kB/s    0:00:00              192 100%    0.31kB/s    0:00:00 (xfr#2572, ir-chk=1000/23910)
vendor/spatie/error-solutions/resources/
vendor/spatie/error-solutions/resources/views/
vendor/spatie/error-solutions/resources/views/aiPrompt.php
          1,001 100%    1.62kB/s    0:00:00            1,001 100%    1.62kB/s    0:00:00 (xfr#2573, ir-chk=1000/23912)
vendor/spatie/error-solutions/src/
vendor/spatie/error-solutions/src/DiscoverSolutionProviders.php
          2,250 100%    3.64kB/s    0:00:00            2,250 100%    3.64kB/s    0:00:00 (xfr#2574, ir-chk=1008/23921)
vendor/spatie/error-solutions/src/SolutionProviderRepository.php
          3,741 100%    6.04kB/s    0:00:00            3,741 100%    6.04kB/s    0:00:00 (xfr#2575, ir-chk=1007/23921)
vendor/spatie/error-solutions/src/Contracts/
vendor/spatie/error-solutions/src/Contracts/BaseSolution.php
          1,396 100%    2.25kB/s    0:00:00            1,396 100%    2.25kB/s    0:00:00 (xfr#2576, ir-chk=1014/23933)
vendor/spatie/error-solutions/src/Contracts/HasSolutionsForThrowable.php
            317 100%    0.51kB/s    0:00:00              317 100%    0.51kB/s    0:00:00 (xfr#2577, ir-chk=1013/23933)
vendor/spatie/error-solutions/src/Contracts/ProvidesSolution.php
            206 100%    0.33kB/s    0:00:00              206 100%    0.33kB/s    0:00:00 (xfr#2578, ir-chk=1012/23933)
vendor/spatie/error-solutions/src/Contracts/RunnableSolution.php
            403 100%    0.65kB/s    0:00:00              403 100%    0.65kB/s    0:00:00 (xfr#2579, ir-chk=1011/23933)
vendor/spatie/error-solutions/src/Contracts/Solution.php
            271 100%    0.44kB/s    0:00:00              271 100%    0.44kB/s    0:00:00 (xfr#2580, ir-chk=1010/23933)
vendor/spatie/error-solutions/src/Contracts/SolutionProviderRepository.php
            904 100%    1.46kB/s    0:00:00              904 100%    1.46kB/s    0:00:00 (xfr#2581, ir-chk=1009/23933)
vendor/spatie/error-solutions/src/SolutionProviders/
vendor/spatie/error-solutions/src/SolutionProviders/BadMethodCallSolutionProvider.php
          2,723 100%    4.39kB/s    0:00:00            2,723 100%    4.39kB/s    0:00:00 (xfr#2582, ir-chk=1008/23933)
vendor/spatie/error-solutions/src/SolutionProviders/MergeConflictSolutionProvider.php
          2,112 100%    3.40kB/s    0:00:00            2,112 100%    3.40kB/s    0:00:00 (xfr#2583, ir-chk=1007/23933)
vendor/spatie/error-solutions/src/SolutionProviders/UndefinedPropertySolutionProvider.php
          3,550 100%    5.72kB/s    0:00:00            3,550 100%    5.72kB/s    0:00:00 (xfr#2584, ir-chk=1006/23933)
vendor/spatie/error-solutions/src/SolutionProviders/Laravel/
vendor/spatie/error-solutions/src/SolutionProviders/Laravel/DefaultDbNameSolutionProvider.php
            922 100%    1.48kB/s    0:00:00              922 100%    1.48kB/s    0:00:00 (xfr#2585, ir-chk=1022/23951)
vendor/spatie/error-solutions/src/SolutionProviders/Laravel/GenericLaravelExceptionSolutionProvider.php
          1,831 100%    2.95kB/s    0:00:00            1,831 100%    2.95kB/s    0:00:00 (xfr#2586, ir-chk=1021/23951)
vendor/spatie/error-solutions/src/SolutionProviders/Laravel/IncorrectValetDbCredentialsSolutionProvider.php
          1,644 100%    2.64kB/s    0:00:00            1,644 100%    2.64kB/s    0:00:00 (xfr#2587, ir-chk=1020/23951)
vendor/spatie/error-solutions/src/SolutionProviders/Laravel/InvalidRouteActionSolutionProvider.php
          3,056 100%    4.91kB/s    0:00:00            3,056 100%    4.91kB/s    0:00:00 (xfr#2588, ir-chk=1019/23951)
vendor/spatie/error-solutions/src/SolutionProviders/Laravel/LazyLoadingViolationSolutionProvider.php
          1,419 100%    2.28kB/s    0:00:00            1,419 100%    2.28kB/s    0:00:00 (xfr#2589, ir-chk=1018/23951)
vendor/spatie/error-solutions/src/SolutionProviders/Laravel/MissingAppKeySolutionProvider.php
            692 100%    1.11kB/s    0:00:00              692 100%    1.11kB/s    0:00:00 (xfr#2590, ir-chk=1017/23951)
vendor/spatie/error-solutions/src/SolutionProviders/Laravel/MissingColumnSolutionProvider.php
            995 100%    1.60kB/s    0:00:00              995 100%    1.60kB/s    0:00:00 (xfr#2591, ir-chk=1016/23951)
vendor/spatie/error-solutions/src/SolutionProviders/Laravel/MissingImportSolutionProvider.php
          1,455 100%    2.34kB/s    0:00:00            1,455 100%    2.34kB/s    0:00:00 (xfr#2592, ir-chk=1015/23951)
vendor/spatie/error-solutions/src/SolutionProviders/Laravel/MissingLivewireComponentSolutionProvider.php
          1,112 100%    1.78kB/s    0:00:00            1,112 100%    1.78kB/s    0:00:00 (xfr#2593, ir-chk=1014/23951)
vendor/spatie/error-solutions/src/SolutionProviders/Laravel/MissingMixManifestSolutionProvider.php
            720 100%    1.15kB/s    0:00:00              720 100%    1.15kB/s    0:00:00 (xfr#2594, ir-chk=1013/23951)
vendor/spatie/error-solutions/src/SolutionProviders/Laravel/MissingViteManifestSolutionProvider.php
          2,014 100%    3.23kB/s    0:00:00            2,014 100%    3.23kB/s    0:00:00 (xfr#2595, ir-chk=1012/23951)
vendor/spatie/error-solutions/src/SolutionProviders/Laravel/OpenAiSolutionProvider.php
          1,196 100%    1.92kB/s    0:00:00            1,196 100%    1.92kB/s    0:00:00 (xfr#2596, ir-chk=1011/23951)
vendor/spatie/error-solutions/src/SolutionProviders/Laravel/RouteNotDefinedSolutionProvider.php
          1,670 100%    2.68kB/s    0:00:00            1,670 100%    2.68kB/s    0:00:00 (xfr#2597, ir-chk=1010/23951)
vendor/spatie/error-solutions/src/SolutionProviders/Laravel/RunningLaravelDuskInProductionProvider.php
          1,115 100%    1.79kB/s    0:00:00            1,115 100%    1.79kB/s    0:00:00 (xfr#2598, ir-chk=1009/23951)
vendor/spatie/error-solutions/src/SolutionProviders/Laravel/SailNetworkSolutionProvider.php
          1,048 100%    1.68kB/s    0:00:00            1,048 100%    1.68kB/s    0:00:00 (xfr#2599, ir-chk=1008/23951)
vendor/spatie/error-solutions/src/SolutionProviders/Laravel/TableNotFoundSolutionProvider.php
            994 100%    1.59kB/s    0:00:00              994 100%    1.59kB/s    0:00:00 (xfr#2600, ir-chk=1007/23951)
vendor/spatie/error-solutions/src/SolutionProviders/Laravel/UndefinedLivewireMethodSolutionProvider.php
          1,630 100%    2.61kB/s    0:00:00            1,630 100%    2.61kB/s    0:00:00 (xfr#2601, ir-chk=1006/23951)
vendor/spatie/error-solutions/src/SolutionProviders/Laravel/UndefinedLivewirePropertySolutionProvider.php
          1,692 100%    2.71kB/s    0:00:00            1,692 100%    2.71kB/s    0:00:00 (xfr#2602, ir-chk=1005/23951)
vendor/spatie/error-solutions/src/SolutionProviders/Laravel/UndefinedViewVariableSolutionProvider.php
          3,773 100%    6.04kB/s    0:00:00            3,773 100%    6.04kB/s    0:00:00 (xfr#2603, ir-chk=1004/23951)
vendor/spatie/error-solutions/src/SolutionProviders/Laravel/UnknownMariadbCollationSolutionProvider.php
            945 100%    1.51kB/s    0:00:00              945 100%    1.51kB/s    0:00:00 (xfr#2604, ir-chk=1003/23951)
vendor/spatie/error-solutions/src/SolutionProviders/Laravel/UnknownMysql8CollationSolutionProvider.php
            939 100%    1.50kB/s    0:00:00              939 100%    1.50kB/s    0:00:00 (xfr#2605, ir-chk=1002/23951)
vendor/spatie/error-solutions/src/SolutionProviders/Laravel/UnknownValidationSolutionProvider.php
          2,540 100%    4.06kB/s    0:00:00            2,540 100%    4.06kB/s    0:00:00 (xfr#2606, ir-chk=1001/23951)
vendor/spatie/error-solutions/src/SolutionProviders/Laravel/ViewNotFoundSolutionProvider.php
          3,894 100%    6.22kB/s    0:00:00            3,894 100%    6.22kB/s    0:00:00 (xfr#2607, ir-chk=1000/23951)
vendor/spatie/error-solutions/src/Solutions/
vendor/spatie/error-solutions/src/Solutions/SolutionTransformer.php
            900 100%    1.44kB/s    0:00:00              900 100%    1.44kB/s    0:00:00 (xfr#2608, ir-chk=1035/23987)
vendor/spatie/error-solutions/src/Solutions/SuggestCorrectVariableNameSolution.php
          1,001 100%    1.60kB/s    0:00:00            1,001 100%    1.60kB/s    0:00:00 (xfr#2609, ir-chk=1034/23987)
vendor/spatie/error-solutions/src/Solutions/SuggestImportSolution.php
            712 100%    1.14kB/s    0:00:00              712 100%    1.14kB/s    0:00:00 (xfr#2610, ir-chk=1033/23987)
vendor/spatie/error-solutions/src/Solutions/Concerns/
vendor/spatie/error-solutions/src/Solutions/Concerns/IsProvidedByFlare.php
            281 100%    0.45kB/s    0:00:00              281 100%    0.45kB/s    0:00:00 (xfr#2611, ir-chk=1029/23987)
vendor/spatie/error-solutions/src/Solutions/Laravel/
vendor/spatie/error-solutions/src/Solutions/Laravel/GenerateAppKeySolution.php
          1,164 100%    1.85kB/s    0:00:00            1,164 100%    1.85kB/s    0:00:00 (xfr#2612, ir-chk=1028/23987)
vendor/spatie/error-solutions/src/Solutions/Laravel/LivewireDiscoverSolution.php
          1,364 100%    2.17kB/s    0:00:00            1,364 100%    2.17kB/s    0:00:00 (xfr#2613, ir-chk=1027/23987)
vendor/spatie/error-solutions/src/Solutions/Laravel/MakeViewVariableOptionalSolution.php
          3,968 100%    6.32kB/s    0:00:00            3,968 100%    6.32kB/s    0:00:00 (xfr#2614, ir-chk=1026/23987)
vendor/spatie/error-solutions/src/Solutions/Laravel/RunMigrationsSolution.php
          1,326 100%    2.11kB/s    0:00:00            1,326 100%    2.11kB/s    0:00:00 (xfr#2615, ir-chk=1025/23987)
vendor/spatie/error-solutions/src/Solutions/Laravel/SuggestLivewireMethodNameSolution.php
            865 100%    1.38kB/s    0:00:00              865 100%    1.38kB/s    0:00:00 (xfr#2616, ir-chk=1024/23987)
vendor/spatie/error-solutions/src/Solutions/Laravel/SuggestLivewirePropertyNameSolution.php
            818 100%    1.30kB/s    0:00:00              818 100%    1.30kB/s    0:00:00 (xfr#2617, ir-chk=1023/23987)
vendor/spatie/error-solutions/src/Solutions/Laravel/SuggestUsingCorrectDbNameSolution.php
            921 100%    1.46kB/s    0:00:00              921 100%    1.46kB/s    0:00:00 (xfr#2618, ir-chk=1022/23987)
vendor/spatie/error-solutions/src/Solutions/Laravel/SuggestUsingMariadbDatabaseSolution.php
            944 100%    1.50kB/s    0:00:00              944 100%    1.50kB/s    0:00:00 (xfr#2619, ir-chk=1021/23987)
vendor/spatie/error-solutions/src/Solutions/Laravel/SuggestUsingMysql8DatabaseSolution.php
            955 100%    1.52kB/s    0:00:00              955 100%    1.52kB/s    0:00:00 (xfr#2620, ir-chk=1020/23987)
vendor/spatie/error-solutions/src/Solutions/Laravel/UseDefaultValetDbCredentialsSolution.php
          1,745 100%    2.78kB/s    0:00:00            1,745 100%    2.78kB/s    0:00:00 (xfr#2621, ir-chk=1019/23987)
vendor/spatie/error-solutions/src/Solutions/OpenAi/
vendor/spatie/error-solutions/src/Solutions/OpenAi/DummyCache.php
            925 100%    1.47kB/s    0:00:00              925 100%    1.47kB/s    0:00:00 (xfr#2622, ir-chk=1018/23987)
vendor/spatie/error-solutions/src/Solutions/OpenAi/OpenAiPromptViewModel.php
            910 100%    1.45kB/s    0:00:00              910 100%    1.45kB/s    0:00:00 (xfr#2623, ir-chk=1017/23987)
vendor/spatie/error-solutions/src/Solutions/OpenAi/OpenAiSolution.php
          3,494 100%    5.55kB/s    0:00:00            3,494 100%    5.55kB/s    0:00:00 (xfr#2624, ir-chk=1016/23987)
vendor/spatie/error-solutions/src/Solutions/OpenAi/OpenAiSolutionProvider.php
          1,699 100%    2.70kB/s    0:00:00            1,699 100%    2.70kB/s    0:00:00 (xfr#2625, ir-chk=1015/23987)
vendor/spatie/error-solutions/src/Solutions/OpenAi/OpenAiSolutionResponse.php
          1,617 100%    2.57kB/s    0:00:00            1,617 100%    2.57kB/s    0:00:00 (xfr#2626, ir-chk=1014/23987)
vendor/spatie/error-solutions/src/Support/
vendor/spatie/error-solutions/src/Support/AiPromptRenderer.php
            574 100%    0.91kB/s    0:00:00              574 100%    0.91kB/s    0:00:00 (xfr#2627, ir-chk=1013/23987)
vendor/spatie/error-solutions/src/Support/Laravel/
vendor/spatie/error-solutions/src/Support/Laravel/LaravelVersion.php
            187 100%    0.30kB/s    0:00:00              187 100%    0.30kB/s    0:00:00 (xfr#2628, ir-chk=1011/23987)
vendor/spatie/error-solutions/src/Support/Laravel/LivewireComponentParser.php
          3,221 100%    5.11kB/s    0:00:00            3,221 100%    5.11kB/s    0:00:00 (xfr#2629, ir-chk=1010/23987)
vendor/spatie/error-solutions/src/Support/Laravel/StringComparator.php
          1,576 100%    2.50kB/s    0:00:00            1,576 100%    2.50kB/s    0:00:00 (xfr#2630, ir-chk=1009/23987)
vendor/spatie/error-solutions/src/Support/Laravel/Composer/
vendor/spatie/error-solutions/src/Support/Laravel/Composer/Composer.php
            341 100%    0.54kB/s    0:00:00              341 100%    0.54kB/s    0:00:00 (xfr#2631, ir-chk=1007/23987)
vendor/spatie/error-solutions/src/Support/Laravel/Composer/ComposerClassMap.php
          3,835 100%    6.08kB/s    0:00:00            3,835 100%    6.08kB/s    0:00:00 (xfr#2632, ir-chk=1006/23987)
vendor/spatie/error-solutions/src/Support/Laravel/Composer/FakeComposer.php
            451 100%    0.71kB/s    0:00:00              451 100%    0.71kB/s    0:00:00 (xfr#2633, ir-chk=1005/23987)
vendor/spatie/flare-client-php/
vendor/spatie/flare-client-php/LICENSE.md
          1,090 100%    1.73kB/s    0:00:00            1,090 100%    1.73kB/s    0:00:00 (xfr#2634, ir-chk=1004/23987)
vendor/spatie/flare-client-php/README.md
         15,552 100%   24.62kB/s    0:00:00           15,552 100%   24.62kB/s    0:00:00 (xfr#2635, ir-chk=1003/23987)
vendor/spatie/flare-client-php/composer.json
          1,838 100%    2.91kB/s    0:00:00            1,838 100%    2.91kB/s    0:00:00 (xfr#2636, ir-chk=1002/23987)
vendor/spatie/flare-client-php/src/
vendor/spatie/flare-client-php/src/Api.php
          1,862 100%    2.94kB/s    0:00:00            1,862 100%    2.94kB/s    0:00:00 (xfr#2637, ir-chk=1017/24004)
vendor/spatie/flare-client-php/src/Flare.php
         13,260 100%   20.92kB/s    0:00:00           13,260 100%   20.92kB/s    0:00:00 (xfr#2638, ir-chk=1016/24004)
vendor/spatie/flare-client-php/src/Frame.php
            753 100%    1.19kB/s    0:00:00              753 100%    1.19kB/s    0:00:00 (xfr#2639, ir-chk=1015/24004)
vendor/spatie/flare-client-php/src/Report.php
         12,056 100%   19.02kB/s    0:00:00           12,056 100%   19.02kB/s    0:00:00 (xfr#2640, ir-chk=1014/24004)
vendor/spatie/flare-client-php/src/View.php
          1,442 100%    2.27kB/s    0:00:00            1,442 100%    2.27kB/s    0:00:00 (xfr#2641, ir-chk=1013/24004)
vendor/spatie/flare-client-php/src/helpers.php
            678 100%    1.07kB/s    0:00:00              678 100%    1.07kB/s    0:00:00 (xfr#2642, ir-chk=1012/24004)
vendor/spatie/flare-client-php/src/Concerns/
vendor/spatie/flare-client-php/src/Concerns/HasContext.php
          1,345 100%    2.12kB/s    0:00:00            1,345 100%    2.12kB/s    0:00:00 (xfr#2643, ir-chk=1012/24016)
vendor/spatie/flare-client-php/src/Concerns/UsesTime.php
            411 100%    0.65kB/s    0:00:00              411 100%    0.65kB/s    0:00:00 (xfr#2644, ir-chk=1011/24016)
vendor/spatie/flare-client-php/src/Context/
vendor/spatie/flare-client-php/src/Context/BaseContextProviderDetector.php
            699 100%    1.10kB/s    0:00:00              699 100%    1.10kB/s    0:00:00 (xfr#2645, ir-chk=1010/24016)
vendor/spatie/flare-client-php/src/Context/ConsoleContextProvider.php
            540 100%    0.85kB/s    0:00:00              540 100%    0.85kB/s    0:00:00 (xfr#2646, ir-chk=1009/24016)
vendor/spatie/flare-client-php/src/Context/ContextProvider.php
            170 100%    0.27kB/s    0:00:00              170 100%    0.27kB/s    0:00:00 (xfr#2647, ir-chk=1008/24016)
vendor/spatie/flare-client-php/src/Context/ContextProviderDetector.php
            145 100%    0.23kB/s    0:00:00              145 100%    0.23kB/s    0:00:00 (xfr#2648, ir-chk=1007/24016)
vendor/spatie/flare-client-php/src/Context/RequestContextProvider.php
          4,443 100%    6.99kB/s    0:00:00            4,443 100%    6.99kB/s    0:00:00 (xfr#2649, ir-chk=1006/24016)
vendor/spatie/flare-client-php/src/Contracts/
vendor/spatie/flare-client-php/src/Contracts/ProvidesFlareContext.php
            177 100%    0.28kB/s    0:00:00              177 100%    0.28kB/s    0:00:00 (xfr#2650, ir-chk=1005/24016)
vendor/spatie/flare-client-php/src/Enums/
vendor/spatie/flare-client-php/src/Enums/MessageLevels.php
            211 100%    0.33kB/s    0:00:00              211 100%    0.33kB/s    0:00:00 (xfr#2651, ir-chk=1004/24016)
vendor/spatie/flare-client-php/src/Enums/OverriddenGrouping.php
            237 100%    0.37kB/s    0:00:00              237 100%    0.37kB/s    0:00:00 (xfr#2652, ir-chk=1003/24016)
vendor/spatie/flare-client-php/src/FlareMiddleware/
vendor/spatie/flare-client-php/src/FlareMiddleware/AddDocumentationLinks.php
          1,347 100%    2.11kB/s    0:00:00            1,347 100%    2.11kB/s    0:00:00 (xfr#2653, ir-chk=1016/24030)
vendor/spatie/flare-client-php/src/FlareMiddleware/AddEnvironmentInformation.php
            351 100%    0.55kB/s    0:00:00              351 100%    0.55kB/s    0:00:00 (xfr#2654, ir-chk=1015/24030)
vendor/spatie/flare-client-php/src/FlareMiddleware/AddGitInformation.php
          2,107 100%    3.31kB/s    0:00:00            2,107 100%    3.31kB/s    0:00:00 (xfr#2655, ir-chk=1014/24030)
vendor/spatie/flare-client-php/src/FlareMiddleware/AddGlows.php
            583 100%    0.92kB/s    0:00:00              583 100%    0.92kB/s    0:00:00 (xfr#2656, ir-chk=1013/24030)
vendor/spatie/flare-client-php/src/FlareMiddleware/AddNotifierName.php
            337 100%    0.53kB/s    0:00:00              337 100%    0.53kB/s    0:00:00 (xfr#2657, ir-chk=1012/24030)
vendor/spatie/flare-client-php/src/FlareMiddleware/AddSolutions.php
            998 100%    1.56kB/s    0:00:00              998 100%    1.56kB/s    0:00:00 (xfr#2658, ir-chk=1011/24030)
vendor/spatie/flare-client-php/src/FlareMiddleware/CensorRequestBodyFields.php
            701 100%    1.10kB/s    0:00:00              701 100%    1.10kB/s    0:00:00 (xfr#2659, ir-chk=1010/24030)
vendor/spatie/flare-client-php/src/FlareMiddleware/CensorRequestHeaders.php
            692 100%    1.08kB/s    0:00:00              692 100%    1.08kB/s    0:00:00 (xfr#2660, ir-chk=1009/24030)
vendor/spatie/flare-client-php/src/FlareMiddleware/FlareMiddleware.php
            188 100%    0.29kB/s    0:00:00              188 100%    0.29kB/s    0:00:00 (xfr#2661, ir-chk=1008/24030)
vendor/spatie/flare-client-php/src/FlareMiddleware/RemoveRequestIp.php
            367 100%    0.58kB/s    0:00:00              367 100%    0.58kB/s    0:00:00 (xfr#2662, ir-chk=1007/24030)
vendor/spatie/flare-client-php/src/Glows/
vendor/spatie/flare-client-php/src/Glows/Glow.php
          1,267 100%    1.99kB/s    0:00:00            1,267 100%    1.99kB/s    0:00:00 (xfr#2663, ir-chk=1006/24030)
vendor/spatie/flare-client-php/src/Glows/GlowRecorder.php
            534 100%    0.84kB/s    0:00:00              534 100%    0.84kB/s    0:00:00 (xfr#2664, ir-chk=1005/24030)
vendor/spatie/flare-client-php/src/Http/
vendor/spatie/flare-client-php/src/Http/Client.php
          6,069 100%    9.50kB/s    0:00:00            6,069 100%    9.50kB/s    0:00:00 (xfr#2665, ir-chk=1004/24030)
vendor/spatie/flare-client-php/src/Http/Response.php
            861 100%    1.35kB/s    0:00:00              861 100%    1.35kB/s    0:00:00 (xfr#2666, ir-chk=1003/24030)
vendor/spatie/flare-client-php/src/Http/Exceptions/
vendor/spatie/flare-client-php/src/Http/Exceptions/BadResponse.php
            427 100%    0.67kB/s    0:00:00              427 100%    0.67kB/s    0:00:00 (xfr#2667, ir-chk=1012/24041)
vendor/spatie/flare-client-php/src/Http/Exceptions/BadResponseCode.php
            798 100%    1.25kB/s    0:00:00              798 100%    1.25kB/s    0:00:00 (xfr#2668, ir-chk=1011/24041)
vendor/spatie/flare-client-php/src/Http/Exceptions/InvalidData.php
            265 100%    0.41kB/s    0:00:00              265 100%    0.41kB/s    0:00:00 (xfr#2669, ir-chk=1010/24041)
vendor/spatie/flare-client-php/src/Http/Exceptions/MissingParameter.php
            259 100%    0.40kB/s    0:00:00              259 100%    0.40kB/s    0:00:00 (xfr#2670, ir-chk=1009/24041)
vendor/spatie/flare-client-php/src/Http/Exceptions/NotFound.php
            253 100%    0.40kB/s    0:00:00              253 100%    0.40kB/s    0:00:00 (xfr#2671, ir-chk=1008/24041)
vendor/spatie/flare-client-php/src/Solutions/
vendor/spatie/flare-client-php/src/Solutions/ReportSolution.php
          1,378 100%    2.15kB/s    0:00:00            1,378 100%    2.15kB/s    0:00:00 (xfr#2672, ir-chk=1007/24041)
vendor/spatie/flare-client-php/src/Support/
vendor/spatie/flare-client-php/src/Support/PhpStackFrameArgumentsFixer.php
            517 100%    0.81kB/s    0:00:00              517 100%    0.81kB/s    0:00:00 (xfr#2673, ir-chk=1006/24041)
vendor/spatie/flare-client-php/src/Time/
vendor/spatie/flare-client-php/src/Time/SystemTime.php
            216 100%    0.34kB/s    0:00:00              216 100%    0.34kB/s    0:00:00 (xfr#2674, ir-chk=1005/24041)
vendor/spatie/flare-client-php/src/Time/Time.php
            105 100%    0.16kB/s    0:00:00              105 100%    0.16kB/s    0:00:00 (xfr#2675, ir-chk=1004/24041)
vendor/spatie/flare-client-php/src/Truncation/
vendor/spatie/flare-client-php/src/Truncation/AbstractTruncationStrategy.php
            291 100%    0.45kB/s    0:00:00              291 100%    0.45kB/s    0:00:00 (xfr#2676, ir-chk=1005/24043)
vendor/spatie/flare-client-php/src/Truncation/ReportTrimmer.php
          1,285 100%    2.00kB/s    0:00:00            1,285 100%    2.00kB/s    0:00:00 (xfr#2677, ir-chk=1004/24043)
vendor/spatie/flare-client-php/src/Truncation/TrimContextItemsStrategy.php
          1,458 100%    2.27kB/s    0:00:00            1,458 100%    2.27kB/s    0:00:00 (xfr#2678, ir-chk=1003/24043)
vendor/spatie/flare-client-php/src/Truncation/TrimStackFrameArgumentsStrategy.php
            345 100%    0.54kB/s    0:00:00              345 100%    0.54kB/s    0:00:00 (xfr#2679, ir-chk=1002/24043)
vendor/spatie/flare-client-php/src/Truncation/TrimStringsStrategy.php
          1,184 100%    1.84kB/s    0:00:00            1,184 100%    1.84kB/s    0:00:00 (xfr#2680, ir-chk=1001/24043)
vendor/spatie/flare-client-php/src/Truncation/TruncationStrategy.php
            245 100%    0.38kB/s    0:00:00              245 100%    0.38kB/s    0:00:00 (xfr#2681, ir-chk=1000/24043)
vendor/spatie/ignition/
vendor/spatie/ignition/LICENSE.md
          1,085 100%    1.69kB/s    0:00:00            1,085 100%    1.69kB/s    0:00:00 (xfr#2682, ir-chk=1014/24058)
vendor/spatie/ignition/README.md
         14,738 100%   22.92kB/s    0:00:00           14,738 100%   22.92kB/s    0:00:00 (xfr#2683, ir-chk=1013/24058)
vendor/spatie/ignition/composer.json
          2,527 100%    3.93kB/s    0:00:00            2,527 100%    3.93kB/s    0:00:00 (xfr#2684, ir-chk=1012/24058)
vendor/spatie/ignition/resources/
vendor/spatie/ignition/resources/compiled/
vendor/spatie/ignition/resources/compiled/.gitignore
             41 100%    0.06kB/s    0:00:00               41 100%    0.06kB/s    0:00:00 (xfr#2685, ir-chk=1007/24058)
vendor/spatie/ignition/resources/compiled/ignition.css
         32,768  68%   50.87kB/s    0:00:00           47,535 100%   73.68kB/s    0:00:00 (xfr#2686, ir-chk=1006/24058)
vendor/spatie/ignition/resources/compiled/ignition.js
         32,768   3%   50.79kB/s    0:00:16          875,674 100%    1.26MB/s    0:00:00 (xfr#2687, ir-chk=1005/24058)
vendor/spatie/ignition/resources/views/
vendor/spatie/ignition/resources/views/aiPrompt.php
            992 100%    1.47kB/s    0:00:00              992 100%    1.47kB/s    0:00:00 (xfr#2688, ir-chk=1004/24058)
vendor/spatie/ignition/resources/views/errorPage.php
          2,130 100%    3.15kB/s    0:00:00            2,130 100%    3.15kB/s    0:00:00 (xfr#2689, ir-chk=1003/24058)
vendor/spatie/ignition/src/
vendor/spatie/ignition/src/Ignition.php
         10,667 100%   15.74kB/s    0:00:00           10,667 100%   15.74kB/s    0:00:00 (xfr#2690, ir-chk=1014/24070)
vendor/spatie/ignition/src/Config/
vendor/spatie/ignition/src/Config/FileConfigManager.php
          3,519 100%    5.19kB/s    0:00:00            3,519 100%    5.19kB/s    0:00:00 (xfr#2691, ir-chk=1010/24070)
vendor/spatie/ignition/src/Config/IgnitionConfig.php
          7,006 100%   10.32kB/s    0:00:00            7,006 100%   10.32kB/s    0:00:00 (xfr#2692, ir-chk=1009/24070)
vendor/spatie/ignition/src/Contracts/
vendor/spatie/ignition/src/Contracts/ConfigManager.php
            334 100%    0.49kB/s    0:00:00              334 100%    0.49kB/s    0:00:00 (xfr#2693, ir-chk=1008/24070)
vendor/spatie/ignition/src/ErrorPage/
vendor/spatie/ignition/src/ErrorPage/ErrorPageViewModel.php
          3,468 100%    5.11kB/s    0:00:00            3,468 100%    5.11kB/s    0:00:00 (xfr#2694, ir-chk=1007/24070)
vendor/spatie/ignition/src/ErrorPage/Renderer.php
            505 100%    0.74kB/s    0:00:00              505 100%    0.74kB/s    0:00:00 (xfr#2695, ir-chk=1006/24070)
vendor/spatie/laravel-google-cloud-storage/
vendor/spatie/laravel-google-cloud-storage/src/
vendor/spatie/laravel-ignition/
vendor/spatie/laravel-ignition/LICENSE.md
          1,085 100%    1.60kB/s    0:00:00            1,085 100%    1.60kB/s    0:00:00 (xfr#2696, ir-chk=1011/24084)
vendor/spatie/laravel-ignition/README.md
          2,824 100%    4.15kB/s    0:00:00            2,824 100%    4.15kB/s    0:00:00 (xfr#2697, ir-chk=1010/24084)
vendor/spatie/laravel-ignition/composer.json
          2,751 100%    4.04kB/s    0:00:00            2,751 100%    4.04kB/s    0:00:00 (xfr#2698, ir-chk=1009/24084)
vendor/spatie/laravel-ignition/config/
vendor/spatie/laravel-ignition/config/flare.php
          2,957 100%    4.34kB/s    0:00:00            2,957 100%    4.34kB/s    0:00:00 (xfr#2699, ir-chk=1006/24084)
vendor/spatie/laravel-ignition/config/ignition.php
         12,036 100%   17.68kB/s    0:00:00           12,036 100%   17.68kB/s    0:00:00 (xfr#2700, ir-chk=1005/24084)
vendor/spatie/laravel-ignition/src/
vendor/spatie/laravel-ignition/src/IgnitionServiceProvider.php
         11,750 100%   17.23kB/s    0:00:00           11,750 100%   17.23kB/s    0:00:00 (xfr#2701, ir-chk=1035/24115)
vendor/spatie/laravel-ignition/src/helpers.php
            507 100%    0.74kB/s    0:00:00              507 100%    0.74kB/s    0:00:00 (xfr#2702, ir-chk=1034/24115)
vendor/spatie/laravel-ignition/src/ignition-routes.php
            779 100%    1.14kB/s    0:00:00              779 100%    1.14kB/s    0:00:00 (xfr#2703, ir-chk=1033/24115)
vendor/spatie/laravel-ignition/src/ArgumentReducers/
vendor/spatie/laravel-ignition/src/ArgumentReducers/CollectionArgumentReducer.php
            632 100%    0.93kB/s    0:00:00              632 100%    0.93kB/s    0:00:00 (xfr#2704, ir-chk=1020/24115)
vendor/spatie/laravel-ignition/src/ArgumentReducers/ModelArgumentReducer.php
            745 100%    1.09kB/s    0:00:00              745 100%    1.09kB/s    0:00:00 (xfr#2705, ir-chk=1019/24115)
vendor/spatie/laravel-ignition/src/Commands/
vendor/spatie/laravel-ignition/src/Commands/SolutionMakeCommand.php
            876 100%    1.28kB/s    0:00:00              876 100%    1.28kB/s    0:00:00 (xfr#2706, ir-chk=1018/24115)
vendor/spatie/laravel-ignition/src/Commands/SolutionProviderMakeCommand.php
            579 100%    0.85kB/s    0:00:00              579 100%    0.85kB/s    0:00:00 (xfr#2707, ir-chk=1017/24115)
vendor/spatie/laravel-ignition/src/Commands/TestCommand.php
          4,776 100%    6.98kB/s    0:00:00            4,776 100%    6.98kB/s    0:00:00 (xfr#2708, ir-chk=1016/24115)
vendor/spatie/laravel-ignition/src/Commands/stubs/
vendor/spatie/laravel-ignition/src/Commands/stubs/runnable-solution.stub
            704 100%    1.03kB/s    0:00:00              704 100%    1.03kB/s    0:00:00 (xfr#2709, ir-chk=1014/24115)
vendor/spatie/laravel-ignition/src/Commands/stubs/solution-provider.stub
            354 100%    0.52kB/s    0:00:00              354 100%    0.52kB/s    0:00:00 (xfr#2710, ir-chk=1013/24115)
vendor/spatie/laravel-ignition/src/Commands/stubs/solution.stub
            368 100%    0.54kB/s    0:00:00              368 100%    0.54kB/s    0:00:00 (xfr#2711, ir-chk=1012/24115)
vendor/spatie/laravel-ignition/src/ContextProviders/
vendor/spatie/laravel-ignition/src/ContextProviders/LaravelConsoleContextProvider.php
            186 100%    0.27kB/s    0:00:00              186 100%    0.27kB/s    0:00:00 (xfr#2712, ir-chk=1011/24115)
vendor/spatie/laravel-ignition/src/ContextProviders/LaravelContextProviderDetector.php
            926 100%    1.35kB/s    0:00:00              926 100%    1.35kB/s    0:00:00 (xfr#2713, ir-chk=1010/24115)
vendor/spatie/laravel-ignition/src/ContextProviders/LaravelLivewireRequestContextProvider.php
          3,818 100%    5.57kB/s    0:00:00            3,818 100%    5.57kB/s    0:00:00 (xfr#2714, ir-chk=1009/24115)
vendor/spatie/laravel-ignition/src/ContextProviders/LaravelRequestContextProvider.php
          2,764 100%    4.03kB/s    0:00:00            2,764 100%    4.03kB/s    0:00:00 (xfr#2715, ir-chk=1008/24115)
vendor/spatie/laravel-ignition/src/Exceptions/
vendor/spatie/laravel-ignition/src/Exceptions/CannotExecuteSolutionForNonLocalIp.php
            850 100%    1.24kB/s    0:00:00              850 100%    1.24kB/s    0:00:00 (xfr#2716, ir-chk=1007/24115)
vendor/spatie/laravel-ignition/src/Exceptions/InvalidConfig.php
            976 100%    1.42kB/s    0:00:00              976 100%    1.42kB/s    0:00:00 (xfr#2717, ir-chk=1006/24115)
vendor/spatie/laravel-ignition/src/Exceptions/ViewException.php
          1,223 100%    1.78kB/s    0:00:00            1,223 100%    1.78kB/s    0:00:00 (xfr#2718, ir-chk=1005/24115)
vendor/spatie/laravel-ignition/src/Exceptions/ViewExceptionWithSolution.php
            471 100%    0.69kB/s    0:00:00              471 100%    0.69kB/s    0:00:00 (xfr#2719, ir-chk=1004/24115)
vendor/spatie/laravel-ignition/src/Facades/
vendor/spatie/laravel-ignition/src/Facades/Flare.php
            678 100%    0.99kB/s    0:00:00              678 100%    0.99kB/s    0:00:00 (xfr#2720, ir-chk=1003/24115)
vendor/spatie/laravel-ignition/src/FlareMiddleware/
vendor/spatie/laravel-ignition/src/FlareMiddleware/AddContext.php
            626 100%    0.91kB/s    0:00:00              626 100%    0.91kB/s    0:00:00 (xfr#2721, ir-chk=1013/24126)
vendor/spatie/laravel-ignition/src/FlareMiddleware/AddDumps.php
            583 100%    0.85kB/s    0:00:00              583 100%    0.85kB/s    0:00:00 (xfr#2722, ir-chk=1012/24126)
vendor/spatie/laravel-ignition/src/FlareMiddleware/AddEnvironmentInformation.php
            731 100%    1.06kB/s    0:00:00              731 100%    1.06kB/s    0:00:00 (xfr#2723, ir-chk=1011/24126)
vendor/spatie/laravel-ignition/src/FlareMiddleware/AddExceptionHandledStatus.php
          1,359 100%    1.98kB/s    0:00:00            1,359 100%    1.98kB/s    0:00:00 (xfr#2724, ir-chk=1010/24126)
vendor/spatie/laravel-ignition/src/FlareMiddleware/AddExceptionInformation.php
          1,487 100%    2.16kB/s    0:00:00            1,487 100%    2.16kB/s    0:00:00 (xfr#2725, ir-chk=1009/24126)
vendor/spatie/laravel-ignition/src/FlareMiddleware/AddJobs.php
            591 100%    0.86kB/s    0:00:00              591 100%    0.86kB/s    0:00:00 (xfr#2726, ir-chk=1008/24126)
vendor/spatie/laravel-ignition/src/FlareMiddleware/AddLogs.php
            559 100%    0.81kB/s    0:00:00              559 100%    0.81kB/s    0:00:00 (xfr#2727, ir-chk=1007/24126)
vendor/spatie/laravel-ignition/src/FlareMiddleware/AddNotifierName.php
            399 100%    0.58kB/s    0:00:00              399 100%    0.58kB/s    0:00:00 (xfr#2728, ir-chk=1006/24126)
vendor/spatie/laravel-ignition/src/FlareMiddleware/AddQueries.php
            492 100%    0.71kB/s    0:00:00              492 100%    0.71kB/s    0:00:00 (xfr#2729, ir-chk=1005/24126)
vendor/spatie/laravel-ignition/src/Http/
vendor/spatie/laravel-ignition/src/Http/Controllers/
vendor/spatie/laravel-ignition/src/Http/Controllers/ExecuteSolutionController.php
          1,451 100%    2.11kB/s    0:00:00            1,451 100%    2.11kB/s    0:00:00 (xfr#2730, ir-chk=1005/24130)
vendor/spatie/laravel-ignition/src/Http/Controllers/HealthCheckController.php
            503 100%    0.73kB/s    0:00:00              503 100%    0.73kB/s    0:00:00 (xfr#2731, ir-chk=1004/24130)
vendor/spatie/laravel-ignition/src/Http/Controllers/UpdateConfigController.php
            389 100%    0.57kB/s    0:00:00              389 100%    0.57kB/s    0:00:00 (xfr#2732, ir-chk=1003/24130)
vendor/spatie/laravel-ignition/src/Http/Middleware/
vendor/spatie/laravel-ignition/src/Http/Middleware/RunnableSolutionsEnabled.php
            346 100%    0.50kB/s    0:00:00              346 100%    0.50kB/s    0:00:00 (xfr#2733, ir-chk=1002/24130)
vendor/spatie/laravel-ignition/src/Http/Requests/
vendor/spatie/laravel-ignition/src/Http/Requests/ExecuteSolutionRequest.php
          1,017 100%    1.48kB/s    0:00:00            1,017 100%    1.48kB/s    0:00:00 (xfr#2734, ir-chk=1001/24130)
vendor/spatie/laravel-ignition/src/Http/Requests/UpdateConfigRequest.php
            428 100%    0.62kB/s    0:00:00              428 100%    0.62kB/s    0:00:00 (xfr#2735, ir-chk=1000/24130)
vendor/spatie/laravel-ignition/src/Recorders/
vendor/spatie/laravel-ignition/src/Recorders/DumpRecorder/
vendor/spatie/laravel-ignition/src/Recorders/DumpRecorder/Dump.php
            785 100%    1.14kB/s    0:00:00              785 100%    1.14kB/s    0:00:00 (xfr#2736, ir-chk=1014/24149)
vendor/spatie/laravel-ignition/src/Recorders/DumpRecorder/DumpHandler.php
            452 100%    0.65kB/s    0:00:00              452 100%    0.65kB/s    0:00:00 (xfr#2737, ir-chk=1013/24149)
vendor/spatie/laravel-ignition/src/Recorders/DumpRecorder/DumpRecorder.php
          3,860 100%    5.59kB/s    0:00:00            3,860 100%    5.59kB/s    0:00:00 (xfr#2738, ir-chk=1012/24149)
vendor/spatie/laravel-ignition/src/Recorders/DumpRecorder/HtmlDumper.php
            915 100%    1.33kB/s    0:00:00              915 100%    1.33kB/s    0:00:00 (xfr#2739, ir-chk=1011/24149)
vendor/spatie/laravel-ignition/src/Recorders/DumpRecorder/MultiDumpHandler.php
            541 100%    0.78kB/s    0:00:00              541 100%    0.78kB/s    0:00:00 (xfr#2740, ir-chk=1010/24149)
vendor/spatie/laravel-ignition/src/Recorders/JobRecorder/
vendor/spatie/laravel-ignition/src/Recorders/JobRecorder/JobRecorder.php
          5,220 100%    7.55kB/s    0:00:00            5,220 100%    7.55kB/s    0:00:00 (xfr#2741, ir-chk=1009/24149)
vendor/spatie/laravel-ignition/src/Recorders/LogRecorder/
vendor/spatie/laravel-ignition/src/Recorders/LogRecorder/LogMessage.php
          1,268 100%    1.83kB/s    0:00:00            1,268 100%    1.83kB/s    0:00:00 (xfr#2742, ir-chk=1008/24149)
vendor/spatie/laravel-ignition/src/Recorders/LogRecorder/LogRecorder.php
          2,008 100%    2.91kB/s    0:00:00            2,008 100%    2.91kB/s    0:00:00 (xfr#2743, ir-chk=1007/24149)
vendor/spatie/laravel-ignition/src/Recorders/QueryRecorder/
vendor/spatie/laravel-ignition/src/Recorders/QueryRecorder/Query.php
          1,647 100%    2.38kB/s    0:00:00            1,647 100%    2.38kB/s    0:00:00 (xfr#2744, ir-chk=1006/24149)
vendor/spatie/laravel-ignition/src/Recorders/QueryRecorder/QueryRecorder.php
          1,970 100%    2.85kB/s    0:00:00            1,970 100%    2.85kB/s    0:00:00 (xfr#2745, ir-chk=1005/24149)
vendor/spatie/laravel-ignition/src/Renderers/
vendor/spatie/laravel-ignition/src/Renderers/ErrorPageRenderer.php
          1,516 100%    2.19kB/s    0:00:00            1,516 100%    2.19kB/s    0:00:00 (xfr#2746, ir-chk=1004/24149)
vendor/spatie/laravel-ignition/src/Renderers/IgnitionExceptionRenderer.php
            517 100%    0.75kB/s    0:00:00              517 100%    0.75kB/s    0:00:00 (xfr#2747, ir-chk=1003/24149)
vendor/spatie/laravel-ignition/src/Solutions/
vendor/spatie/laravel-ignition/src/Solutions/SolutionTransformers/
vendor/spatie/laravel-ignition/src/Solutions/SolutionTransformers/LaravelSolutionTransformer.php
          1,746 100%    2.52kB/s    0:00:00            1,746 100%    2.52kB/s    0:00:00 (xfr#2748, ir-chk=1001/24149)
vendor/spatie/laravel-ignition/src/Support/
vendor/spatie/laravel-ignition/src/Support/FlareLogHandler.php
          2,835 100%    4.09kB/s    0:00:00            2,835 100%    4.09kB/s    0:00:00 (xfr#2749, ir-chk=1013/24162)
vendor/spatie/laravel-ignition/src/Support/LaravelDocumentationLinkFinder.php
          2,124 100%    3.06kB/s    0:00:00            2,124 100%    3.06kB/s    0:00:00 (xfr#2750, ir-chk=1012/24162)
vendor/spatie/laravel-ignition/src/Support/LaravelVersion.php
            180 100%    0.26kB/s    0:00:00              180 100%    0.26kB/s    0:00:00 (xfr#2751, ir-chk=1011/24162)
vendor/spatie/laravel-ignition/src/Support/RunnableSolutionsGuard.php
          1,067 100%    1.54kB/s    0:00:00            1,067 100%    1.54kB/s    0:00:00 (xfr#2752, ir-chk=1010/24162)
vendor/spatie/laravel-ignition/src/Support/SentReports.php
          1,146 100%    1.65kB/s    0:00:00            1,146 100%    1.65kB/s    0:00:00 (xfr#2753, ir-chk=1009/24162)
vendor/spatie/laravel-ignition/src/Views/
vendor/spatie/laravel-ignition/src/Views/BladeSourceMapCompiler.php
          4,528 100%    6.52kB/s    0:00:00            4,528 100%    6.52kB/s    0:00:00 (xfr#2754, ir-chk=1008/24162)
vendor/spatie/laravel-ignition/src/Views/ViewExceptionMapper.php
          6,517 100%    9.39kB/s    0:00:00            6,517 100%    9.39kB/s    0:00:00 (xfr#2755, ir-chk=1007/24162)
vendor/staabm/
vendor/staabm/side-effects-detector/
vendor/staabm/side-effects-detector/LICENSE
          1,069 100%    1.54kB/s    0:00:00            1,069 100%    1.54kB/s    0:00:00 (xfr#2756, ir-chk=1005/24162)
vendor/staabm/side-effects-detector/README.md
          1,755 100%    2.53kB/s    0:00:00            1,755 100%    2.53kB/s    0:00:00 (xfr#2757, ir-chk=1004/24162)
vendor/staabm/side-effects-detector/composer.json
            994 100%    1.43kB/s    0:00:00              994 100%    1.43kB/s    0:00:00 (xfr#2758, ir-chk=1003/24162)
vendor/staabm/side-effects-detector/lib/
vendor/staabm/side-effects-detector/lib/SideEffect.php
            827 100%    1.19kB/s    0:00:00              827 100%    1.19kB/s    0:00:00 (xfr#2759, ir-chk=1004/24165)
vendor/staabm/side-effects-detector/lib/SideEffectsDetector.php
         10,378 100%   14.93kB/s    0:00:00           10,378 100%   14.93kB/s    0:00:00 (xfr#2760, ir-chk=1003/24165)
vendor/staabm/side-effects-detector/lib/functionMetadata.php
         32,768  37%   47.13kB/s    0:00:01           88,540 100%  126.97kB/s    0:00:00 (xfr#2761, ir-chk=1002/24165)
vendor/stripe/
vendor/stripe/stripe-php/
vendor/stripe/stripe-php/data/
vendor/stripe/stripe-php/lib/
vendor/stripe/stripe-php/lib/ApiOperations/
vendor/stripe/stripe-php/lib/BillingPortal/
vendor/stripe/stripe-php/lib/Checkout/
vendor/stripe/stripe-php/lib/Exception/
vendor/stripe/stripe-php/lib/Exception/OAuth/
vendor/stripe/stripe-php/lib/FinancialConnections/
vendor/stripe/stripe-php/lib/HttpClient/
vendor/stripe/stripe-php/lib/Identity/
vendor/stripe/stripe-php/lib/Issuing/
vendor/stripe/stripe-php/lib/Radar/
vendor/stripe/stripe-php/lib/Reporting/
vendor/stripe/stripe-php/lib/Service/
vendor/stripe/stripe-php/lib/Service/BillingPortal/
vendor/stripe/stripe-php/lib/Service/Checkout/
vendor/stripe/stripe-php/lib/Service/FinancialConnections/
vendor/stripe/stripe-php/lib/Service/Identity/
vendor/stripe/stripe-php/lib/Service/Issuing/
vendor/stripe/stripe-php/lib/Service/Radar/
vendor/stripe/stripe-php/lib/Service/Reporting/
vendor/stripe/stripe-php/lib/Service/Sigma/
vendor/stripe/stripe-php/lib/Service/Terminal/
vendor/stripe/stripe-php/lib/Service/TestHelpers/
vendor/stripe/stripe-php/lib/Service/TestHelpers/Terminal/
vendor/stripe/stripe-php/lib/Sigma/
vendor/stripe/stripe-php/lib/Terminal/
vendor/stripe/stripe-php/lib/TestHelpers/
vendor/stripe/stripe-php/lib/Util/
vendor/symfony/
vendor/symfony/clock/
vendor/symfony/clock/Resources/
vendor/symfony/clock/Test/
vendor/symfony/console/
vendor/symfony/console/Attribute/
vendor/symfony/console/CI/
vendor/symfony/console/Command/
vendor/symfony/console/CommandLoader/
vendor/symfony/console/Completion/
vendor/symfony/console/Completion/Output/
vendor/symfony/console/DataCollector/
vendor/symfony/console/Debug/
vendor/symfony/console/DependencyInjection/
vendor/symfony/console/Descriptor/
vendor/symfony/console/Event/
vendor/symfony/console/EventListener/
vendor/symfony/console/Exception/
vendor/symfony/console/Formatter/
vendor/symfony/console/Helper/
vendor/symfony/console/Input/
vendor/symfony/console/Logger/
vendor/symfony/console/Messenger/
vendor/symfony/console/Output/
vendor/symfony/console/Question/
vendor/symfony/console/Resources/
vendor/symfony/console/Resources/bin/
vendor/symfony/console/SignalRegistry/
vendor/symfony/console/Style/
vendor/symfony/console/Tester/
vendor/symfony/console/Tester/Constraint/
vendor/symfony/css-selector/
vendor/symfony/css-selector/Exception/
vendor/symfony/css-selector/Node/
vendor/symfony/css-selector/Parser/
vendor/symfony/css-selector/Parser/Handler/
vendor/symfony/css-selector/Parser/Shortcut/
vendor/symfony/css-selector/Parser/Tokenizer/
vendor/symfony/css-selector/XPath/
vendor/symfony/css-selector/XPath/Extension/
vendor/symfony/deprecation-contracts/
vendor/symfony/error-handler/
vendor/symfony/error-handler/Command/
vendor/symfony/error-handler/Error/
vendor/symfony/error-handler/ErrorEnhancer/
vendor/symfony/error-handler/ErrorRenderer/
vendor/symfony/error-handler/Exception/
vendor/symfony/error-handler/Internal/
vendor/symfony/error-handler/Resources/
vendor/symfony/error-handler/Resources/assets/
vendor/symfony/error-handler/Resources/assets/css/
vendor/symfony/error-handler/Resources/assets/images/
vendor/symfony/error-handler/Resources/assets/js/
vendor/symfony/error-handler/Resources/bin/
vendor/symfony/error-handler/Resources/views/
vendor/symfony/event-dispatcher-contracts/
vendor/symfony/event-dispatcher/
vendor/symfony/event-dispatcher/Attribute/
vendor/symfony/event-dispatcher/Debug/
vendor/symfony/event-dispatcher/DependencyInjection/
vendor/symfony/finder/
vendor/symfony/finder/Comparator/
vendor/symfony/finder/Exception/
vendor/symfony/finder/Iterator/
vendor/symfony/http-client-contracts/
vendor/symfony/http-client-contracts/Exception/
vendor/symfony/http-client-contracts/Test/
vendor/symfony/http-client-contracts/Test/Fixtures/
vendor/symfony/http-client-contracts/Test/Fixtures/web/
vendor/symfony/http-client/
vendor/symfony/http-client/Chunk/
vendor/symfony/http-client/DataCollector/
vendor/symfony/http-client/DependencyInjection/
vendor/symfony/http-client/Exception/
vendor/symfony/http-client/Internal/
vendor/symfony/http-client/Messenger/
vendor/symfony/http-client/Response/
vendor/symfony/http-client/Retry/
vendor/symfony/http-client/Test/
vendor/symfony/http-foundation/
vendor/symfony/http-foundation/Exception/
vendor/symfony/http-foundation/File/
vendor/symfony/http-foundation/File/Exception/
vendor/symfony/http-foundation/RateLimiter/
vendor/symfony/http-foundation/RequestMatcher/
vendor/symfony/http-foundation/Session/
vendor/symfony/http-foundation/Session/Attribute/
vendor/symfony/http-foundation/Session/Flash/
vendor/symfony/http-foundation/Session/Storage/
vendor/symfony/http-foundation/Session/Storage/Handler/
vendor/symfony/http-foundation/Session/Storage/Proxy/
vendor/symfony/http-foundation/Test/
vendor/symfony/http-foundation/Test/Constraint/
vendor/symfony/http-kernel/
vendor/symfony/http-kernel/Attribute/
vendor/symfony/http-kernel/Bundle/
vendor/symfony/http-kernel/CacheClearer/
vendor/symfony/http-kernel/CacheWarmer/
vendor/symfony/http-kernel/Config/
vendor/symfony/http-kernel/Controller/
vendor/symfony/http-kernel/Controller/ArgumentResolver/
vendor/symfony/http-kernel/ControllerMetadata/
vendor/symfony/http-kernel/DataCollector/
vendor/symfony/http-kernel/Debug/
vendor/symfony/http-kernel/DependencyInjection/
vendor/symfony/http-kernel/Event/
vendor/symfony/http-kernel/EventListener/
vendor/symfony/http-kernel/Exception/
vendor/symfony/http-kernel/Fragment/
vendor/symfony/http-kernel/HttpCache/
vendor/symfony/http-kernel/Log/
vendor/symfony/http-kernel/Profiler/
vendor/symfony/http-kernel/Resources/
vendor/symfony/mailer/
vendor/symfony/mailer/Command/
vendor/symfony/mailer/DataCollector/
vendor/symfony/mailer/Event/
vendor/symfony/mailer/EventListener/
vendor/symfony/mailer/Exception/
vendor/symfony/mailer/Header/
vendor/symfony/mailer/Messenger/
vendor/symfony/mailer/Test/
vendor/symfony/mailer/Test/Constraint/
vendor/symfony/mailer/Transport/
vendor/symfony/mailer/Transport/Smtp/
vendor/symfony/mailer/Transport/Smtp/Auth/
vendor/symfony/mailer/Transport/Smtp/Stream/
vendor/symfony/mailgun-mailer/
vendor/symfony/mailgun-mailer/RemoteEvent/
vendor/symfony/mailgun-mailer/Transport/
vendor/symfony/mailgun-mailer/Webhook/
vendor/symfony/mime/
vendor/symfony/mime/Crypto/
vendor/symfony/mime/DependencyInjection/
vendor/symfony/mime/Encoder/
vendor/symfony/mime/Exception/
vendor/symfony/mime/Header/
vendor/symfony/mime/HtmlToTextConverter/
vendor/symfony/mime/Part/
vendor/symfony/mime/Part/Multipart/
vendor/symfony/mime/Resources/
vendor/symfony/mime/Resources/bin/
vendor/symfony/mime/Test/
vendor/symfony/mime/Test/Constraint/
vendor/symfony/polyfill-ctype/
vendor/symfony/polyfill-intl-grapheme/
vendor/symfony/polyfill-intl-idn/
vendor/symfony/polyfill-intl-idn/Resources/
vendor/symfony/polyfill-intl-idn/Resources/unidata/
vendor/symfony/polyfill-intl-normalizer/
vendor/symfony/polyfill-intl-normalizer/Resources/
vendor/symfony/polyfill-intl-normalizer/Resources/stubs/
vendor/symfony/polyfill-intl-normalizer/Resources/unidata/
vendor/symfony/polyfill-mbstring/
vendor/symfony/polyfill-mbstring/Resources/
vendor/symfony/polyfill-mbstring/Resources/unidata/
vendor/symfony/polyfill-php80/
vendor/symfony/polyfill-php80/Resources/
vendor/symfony/polyfill-php80/Resources/stubs/
vendor/symfony/polyfill-php83/
vendor/symfony/polyfill-php83/Resources/
vendor/symfony/polyfill-php83/Resources/stubs/
vendor/symfony/polyfill-php84/
vendor/symfony/polyfill-php84/Resources/
vendor/symfony/polyfill-php84/Resources/stubs/
vendor/symfony/polyfill-php85/
vendor/symfony/polyfill-php85/Resources/
vendor/symfony/polyfill-php85/Resources/stubs/
vendor/symfony/polyfill-uuid/
vendor/symfony/postmark-mailer/
vendor/symfony/postmark-mailer/RemoteEvent/
vendor/symfony/postmark-mailer/Transport/
vendor/symfony/postmark-mailer/Webhook/
vendor/symfony/process/
vendor/symfony/process/Exception/
vendor/symfony/process/Messenger/
vendor/symfony/process/Pipes/
vendor/symfony/routing/
vendor/symfony/routing/Annotation/
vendor/symfony/routing/Attribute/
vendor/symfony/routing/DependencyInjection/
vendor/symfony/routing/Exception/
vendor/symfony/routing/Generator/
vendor/symfony/routing/Generator/Dumper/
vendor/symfony/routing/Loader/
vendor/symfony/routing/Loader/Configurator/
vendor/symfony/routing/Loader/Configurator/Traits/
vendor/symfony/routing/Loader/schema/
vendor/symfony/routing/Loader/schema/routing/
vendor/symfony/routing/Matcher/
vendor/symfony/routing/Matcher/Dumper/
vendor/symfony/routing/Requirement/
vendor/symfony/service-contracts/
vendor/symfony/service-contracts/Attribute/
vendor/symfony/service-contracts/Test/
vendor/symfony/string/
vendor/symfony/string/Exception/
vendor/symfony/string/Inflector/
vendor/symfony/string/Resources/
vendor/symfony/string/Resources/bin/
vendor/symfony/string/Resources/data/
vendor/symfony/string/Slugger/
vendor/symfony/translation-contracts/
vendor/symfony/translation-contracts/Test/
vendor/symfony/translation/
vendor/symfony/translation/Catalogue/
vendor/symfony/translation/Command/
vendor/symfony/translation/DataCollector/
vendor/symfony/translation/DependencyInjection/
vendor/symfony/translation/Dumper/
vendor/symfony/translation/Exception/
vendor/symfony/translation/Extractor/
vendor/symfony/translation/Extractor/Visitor/
vendor/symfony/translation/Formatter/
vendor/symfony/translation/Loader/
vendor/symfony/translation/Provider/
vendor/symfony/translation/Reader/
vendor/symfony/translation/Resources/
vendor/symfony/translation/Resources/bin/
vendor/symfony/translation/Resources/data/
vendor/symfony/translation/Resources/schemas/
vendor/symfony/translation/Test/
vendor/symfony/translation/Util/
vendor/symfony/translation/Writer/
vendor/symfony/uid/
vendor/symfony/uid/Command/
vendor/symfony/uid/Exception/
vendor/symfony/uid/Factory/
vendor/symfony/var-dumper/
vendor/symfony/var-dumper/Caster/
vendor/symfony/var-dumper/Cloner/
vendor/symfony/var-dumper/Cloner/Internal/
vendor/symfony/var-dumper/Command/
vendor/symfony/var-dumper/Command/Descriptor/
vendor/symfony/var-dumper/Dumper/
vendor/symfony/var-dumper/Dumper/ContextProvider/
vendor/symfony/var-dumper/Exception/
vendor/symfony/var-dumper/Resources/
vendor/symfony/var-dumper/Resources/bin/
vendor/symfony/var-dumper/Resources/css/
vendor/symfony/var-dumper/Resources/functions/
vendor/symfony/var-dumper/Resources/js/
vendor/symfony/var-dumper/Server/
vendor/symfony/var-dumper/Test/
vendor/symfony/yaml/
vendor/symfony/yaml/CHANGELOG.md
          7,921 100%    7.11kB/s    0:00:00            7,921 100%    7.11kB/s    0:00:01 (xfr#2762, to-chk=700/25714)
vendor/symfony/yaml/Dumper.php
          8,176 100%    7.33kB/s    0:00:00            8,176 100%    7.33kB/s    0:00:01 (xfr#2763, to-chk=699/25714)
vendor/symfony/yaml/Escaper.php
          3,426 100%    3.07kB/s    0:00:00            3,426 100%    3.07kB/s    0:00:01 (xfr#2764, to-chk=698/25714)
vendor/symfony/yaml/Inline.php
         32,768  89%   29.38kB/s    0:00:00           36,454 100%   32.66kB/s    0:00:00           36,454 100%   32.66kB/s    0:00:01 (xfr#2765, to-chk=697/25714)
vendor/symfony/yaml/LICENSE
          1,068 100%    1.02MB/s    0:00:00            1,068 100%    1.02MB/s    0:00:00 (xfr#2766, to-chk=696/25714)
vendor/symfony/yaml/Parser.php
         32,768  63%   31.25MB/s    0:00:00           51,913 100%   49.51MB/s    0:00:00 (xfr#2767, to-chk=695/25714)
vendor/symfony/yaml/README.md
            452 100%  441.41kB/s    0:00:00              452 100%  441.41kB/s    0:00:00 (xfr#2768, to-chk=694/25714)
vendor/symfony/yaml/Unescaper.php
          3,125 100%    2.98MB/s    0:00:00            3,125 100%    2.98MB/s    0:00:00 (xfr#2769, to-chk=693/25714)
vendor/symfony/yaml/Yaml.php
          3,264 100%    1.56MB/s    0:00:00            3,264 100%    1.56MB/s    0:00:00 (xfr#2770, to-chk=692/25714)
vendor/symfony/yaml/composer.json
            933 100%  455.57kB/s    0:00:00              933 100%  455.57kB/s    0:00:00 (xfr#2771, to-chk=691/25714)
vendor/symfony/yaml/Command/
vendor/symfony/yaml/Command/LintCommand.php
         10,126 100%    4.83MB/s    0:00:00           10,126 100%    4.83MB/s    0:00:00 (xfr#2772, to-chk=686/25714)
vendor/symfony/yaml/Exception/
vendor/symfony/yaml/Exception/DumpException.php
            455 100%  148.11kB/s    0:00:00              455 100%  148.11kB/s    0:00:00 (xfr#2773, to-chk=685/25714)
vendor/symfony/yaml/Exception/ExceptionInterface.php
            462 100%  150.39kB/s    0:00:00              462 100%  150.39kB/s    0:00:00 (xfr#2774, to-chk=684/25714)
vendor/symfony/yaml/Exception/ParseException.php
          2,969 100%  966.47kB/s    0:00:00            2,969 100%  966.47kB/s    0:00:00 (xfr#2775, to-chk=683/25714)
vendor/symfony/yaml/Exception/RuntimeException.php
            485 100%  157.88kB/s    0:00:00              485 100%  157.88kB/s    0:00:00 (xfr#2776, to-chk=682/25714)
vendor/symfony/yaml/Resources/
vendor/symfony/yaml/Resources/bin/
vendor/symfony/yaml/Resources/bin/yaml-lint
          1,250 100%  406.90kB/s    0:00:00            1,250 100%  406.90kB/s    0:00:00 (xfr#2777, to-chk=680/25714)
vendor/symfony/yaml/Tag/
vendor/symfony/yaml/Tag/TaggedValue.php
            660 100%  214.84kB/s    0:00:00              660 100%  214.84kB/s    0:00:00 (xfr#2778, to-chk=679/25714)
vendor/thecodingmachine/
vendor/thecodingmachine/safe/
vendor/thecodingmachine/safe/generated/
vendor/thecodingmachine/safe/generated/8.1/
vendor/thecodingmachine/safe/generated/8.2/
vendor/thecodingmachine/safe/generated/8.3/
vendor/thecodingmachine/safe/generated/8.4/
vendor/thecodingmachine/safe/generated/8.5/
vendor/thecodingmachine/safe/generated/8.6/
vendor/thecodingmachine/safe/generated/Exceptions/
vendor/thecodingmachine/safe/lib/
vendor/thecodingmachine/safe/lib/Exceptions/
vendor/theseer/
vendor/theseer/tokenizer/
vendor/theseer/tokenizer/CHANGELOG.md
          2,111 100%   60.63kB/s    0:00:00            2,111 100%   60.63kB/s    0:00:00 (xfr#2779, to-chk=348/25714)
vendor/theseer/tokenizer/LICENSE
          1,532 100%   44.00kB/s    0:00:00            1,532 100%   44.00kB/s    0:00:00 (xfr#2780, to-chk=347/25714)
vendor/theseer/tokenizer/README.md
          1,451 100%   41.68kB/s    0:00:00            1,451 100%   41.68kB/s    0:00:00 (xfr#2781, to-chk=346/25714)
vendor/theseer/tokenizer/composer.json
            562 100%   15.68kB/s    0:00:00              562 100%   15.68kB/s    0:00:00 (xfr#2782, to-chk=345/25714)
vendor/theseer/tokenizer/composer.lock
            655 100%   18.28kB/s    0:00:00              655 100%   18.28kB/s    0:00:00 (xfr#2783, to-chk=344/25714)
vendor/theseer/tokenizer/src/
vendor/theseer/tokenizer/src/Exception.php
            102 100%    2.85kB/s    0:00:00              102 100%    2.85kB/s    0:00:00 (xfr#2784, to-chk=342/25714)
vendor/theseer/tokenizer/src/NamespaceUri.php
            595 100%   16.60kB/s    0:00:00              595 100%   16.60kB/s    0:00:00 (xfr#2785, to-chk=341/25714)
vendor/theseer/tokenizer/src/NamespaceUriException.php
            113 100%    3.15kB/s    0:00:00              113 100%    3.15kB/s    0:00:00 (xfr#2786, to-chk=340/25714)
vendor/theseer/tokenizer/src/Token.php
            644 100%   17.97kB/s    0:00:00              644 100%   17.97kB/s    0:00:00 (xfr#2787, to-chk=339/25714)
vendor/theseer/tokenizer/src/TokenCollection.php
          2,238 100%   60.71kB/s    0:00:00            2,238 100%   60.71kB/s    0:00:00 (xfr#2788, to-chk=338/25714)
vendor/theseer/tokenizer/src/TokenCollectionException.php
            116 100%    3.15kB/s    0:00:00              116 100%    3.15kB/s    0:00:00 (xfr#2789, to-chk=337/25714)
vendor/theseer/tokenizer/src/Tokenizer.php
          3,581 100%   97.14kB/s    0:00:00            3,581 100%   97.14kB/s    0:00:00 (xfr#2790, to-chk=336/25714)
vendor/theseer/tokenizer/src/XMLSerializer.php
          2,287 100%   62.04kB/s    0:00:00            2,287 100%   62.04kB/s    0:00:00 (xfr#2791, to-chk=335/25714)
vendor/tijsverkoyen/
vendor/tijsverkoyen/css-to-inline-styles/
vendor/tijsverkoyen/css-to-inline-styles/src/
vendor/tijsverkoyen/css-to-inline-styles/src/Css/
vendor/tijsverkoyen/css-to-inline-styles/src/Css/Property/
vendor/tijsverkoyen/css-to-inline-styles/src/Css/Rule/
vendor/ua-parser/
vendor/ua-parser/uap-php/
vendor/ua-parser/uap-php/.github/
vendor/ua-parser/uap-php/.github/workflows/
vendor/ua-parser/uap-php/bin/
vendor/ua-parser/uap-php/ci/
vendor/ua-parser/uap-php/resources/
vendor/ua-parser/uap-php/src/
vendor/ua-parser/uap-php/src/Command/
vendor/ua-parser/uap-php/src/Exception/
vendor/ua-parser/uap-php/src/Result/
vendor/ua-parser/uap-php/src/Util/
vendor/ua-parser/uap-php/src/Util/Logfile/
vendor/ua-parser/uap-php/uap-core/
vendor/vlucas/
vendor/vlucas/phpdotenv/
vendor/vlucas/phpdotenv/src/
vendor/vlucas/phpdotenv/src/Exception/
vendor/vlucas/phpdotenv/src/Loader/
vendor/vlucas/phpdotenv/src/Parser/
vendor/vlucas/phpdotenv/src/Repository/
vendor/vlucas/phpdotenv/src/Repository/Adapter/
vendor/vlucas/phpdotenv/src/Store/
vendor/vlucas/phpdotenv/src/Store/File/
vendor/vlucas/phpdotenv/src/Util/
vendor/voku/
vendor/voku/portable-ascii/
vendor/voku/portable-ascii/src/
vendor/voku/portable-ascii/src/voku/
vendor/voku/portable-ascii/src/voku/helper/
vendor/voku/portable-ascii/src/voku/helper/data/
vendor/webmozart/
vendor/webmozart/assert/
vendor/webmozart/assert/src/
✓ bc-cms synced

→ Step 4: Writing server .env...
✓ .env written

→ Step 5: Setting up MySQL database and user...
✓ Database 'tsoka_portal' ready, user 'tsoka_portal_user' provisioned

→ Step 6: Running composer install on server...
Composer plugins have been disabled for safety in this non-interactive session.
Set COMPOSER_ALLOW_SUPERUSER=1 if you want to allow plugins to run as root/super user.
Do not run Composer as root/super user! See https://getcomposer.org/root for details
Installing dependencies from lock file
Verifying lock file contents can be installed on current platform.
Package operations: 0 installs, 0 updates, 41 removals
  - Removing theseer/tokenizer (1.2.3)
  - Removing symfony/yaml (v7.3.2)
  - Removing staabm/side-effects-detector (1.0.5)
  - Removing spatie/laravel-ignition (2.9.1)
  - Removing spatie/ignition (1.15.1)
  - Removing spatie/flare-client-php (1.10.1)
  - Removing spatie/error-solutions (1.1.3)
  - Removing spatie/backtrace (1.7.4)
  - Removing sebastian/version (5.0.2)
  - Removing sebastian/type (5.1.3)
  - Removing sebastian/recursion-context (6.0.3)
  - Removing sebastian/object-reflector (4.0.1)
  - Removing sebastian/object-enumerator (6.0.1)
  - Removing sebastian/lines-of-code (3.0.1)
  - Removing sebastian/global-state (7.0.2)
  - Removing sebastian/exporter (6.3.0)
  - Removing sebastian/environment (7.2.1)
  - Removing sebastian/diff (6.0.2)
  - Removing sebastian/complexity (4.0.1)
  - Removing sebastian/comparator (6.3.2)
  - Removing sebastian/code-unit-reverse-lookup (4.0.1)
  - Removing sebastian/code-unit (3.0.3)
  - Removing sebastian/cli-parser (3.0.2)
  - Removing phpunit/phpunit (11.5.34)
  - Removing phpunit/php-timer (7.0.1)
  - Removing phpunit/php-text-template (4.0.1)
  - Removing phpunit/php-invoker (5.0.1)
  - Removing phpunit/php-file-iterator (5.1.0)
  - Removing phpunit/php-code-coverage (11.0.10)
  - Removing php-debugbar/php-debugbar (v2.2.4)
  - Removing phar-io/version (3.2.1)
  - Removing phar-io/manifest (2.0.4)
  - Removing nunomaduro/collision (v8.8.2)
  - Removing myclabs/deep-copy (1.13.4)
  - Removing mockery/mockery (1.6.12)
  - Removing laravel/sail (v1.44.0)
  - Removing laravel/pint (v1.24.0)
  - Removing hamcrest/hamcrest-php (v2.1.1)
  - Removing filp/whoops (2.18.4)
  - Removing fakerphp/faker (v1.24.1)
  - Removing barryvdh/laravel-debugbar (v3.16.0)
  0/31 [>---------------------------]   0%
 10/31 [=========>------------------]  32%
 20/31 [==================>---------]  64%
 30/31 [===========================>]  96%
 31/31 [============================] 100%
Package php-http/message-factory is abandoned, you should avoid using it. Use psr/http-factory instead.
Generating optimized autoload files
Class Themes\Tsoka\Database\Seeders\General located in ./themes/GoTrip/Database/Seeders/General.php does not comply with psr-4 autoloading standard (rule: Themes\ => ./themes). Skipping.
Class GoTripCustomFields located in ./themes/GoTrip/Database/Migrations/2022_09_08_035712_gotrip_custom_fields.php does not comply with psr-4 autoloading standard (rule: Themes\ => ./themes). Skipping.
Class Update242To243 located in ./themes/Base/Database/Migrations/2022_03_23_042635_update_242_to_243.php does not comply with psr-4 autoloading standard (rule: Themes\ => ./themes). Skipping.
Class AddPricingToCoreVendorPlans located in ./themes/Base/Database/Migrations/2026_05_25_000001_add_pricing_to_core_vendor_plans.php does not comply with psr-4 autoloading standard (rule: Themes\ => ./themes). Skipping.
Class AddActiveStatusToUsers located in ./themes/Base/Database/Migrations/2022_02_28_999999_add_active_status_to_users.php does not comply with psr-4 autoloading standard (rule: Themes\ => ./themes). Skipping.
Class CreateJobsTable located in ./themes/Base/Database/Migrations/2021_09_28_174324_create_jobs_table.php does not comply with psr-4 autoloading standard (rule: Themes\ => ./themes). Skipping.
Class CreateInboxTable located in ./themes/Base/Database/Migrations/2019_08_09_163909_create_inbox_table.php does not comply with psr-4 autoloading standard (rule: Themes\ => ./themes). Skipping.
Class UpdateFrom151To160 located in ./themes/Base/Database/Migrations/2020_03_09_102753_update_from_151_to_160.php does not comply with psr-4 autoloading standard (rule: Themes\ => ./themes). Skipping.
Class BravoTourCategory located in ./themes/Base/Database/Migrations/2019_04_03_073553_bravo_tour_category.php does not comply with psr-4 autoloading standard (rule: Themes\ => ./themes). Skipping.
Class CreateBravoToursMetaTable located in ./themes/Base/Database/Migrations/2019_04_18_152537_create_bravo_tours_meta_table.php does not comply with psr-4 autoloading standard (rule: Themes\ => ./themes). Skipping.
Class UpdateFrom130To140 located in ./themes/Base/Database/Migrations/2019_09_13_070650_update_from_130_to_140.php does not comply with psr-4 autoloading standard (rule: Themes\ => ./themes). Skipping.
Class CreateVendorsPlanPayments located in ./themes/Base/Database/Migrations/2019_07_08_083733_create_vendors_plan_payments.php does not comply with psr-4 autoloading standard (rule: Themes\ => ./themes). Skipping.
Class UpdateFrom10To11 located in ./themes/Base/Database/Migrations/2019_07_03_070406_update_from_1_0_to_1_1.php does not comply with psr-4 autoloading standard (rule: Themes\ => ./themes). Skipping.
Class UpdateFrom160To170 located in ./themes/Base/Database/Migrations/2020_05_16_073120_update_from_160_to_170.php does not comply with psr-4 autoloading standard (rule: Themes\ => ./themes). Skipping.
Class UpdateFrom120To130 located in ./themes/Base/Database/Migrations/2019_08_16_094354_update_from_120_to_130.php does not comply with psr-4 autoloading standard (rule: Themes\ => ./themes). Skipping.
Class UpdateFrom110To120 located in ./themes/Base/Database/Migrations/2019_07_11_083501_update_from_110_to_120.php does not comply with psr-4 autoloading standard (rule: Themes\ => ./themes). Skipping.
Class CreateBravoTours located in ./themes/Base/Database/Migrations/2019_03_20_072502_create_bravo_tours.php does not comply with psr-4 autoloading standard (rule: Themes\ => ./themes). Skipping.
Class AddVendorPlanToUsers located in ./themes/Base/Database/Migrations/2026_05_25_000002_add_vendor_plan_to_users.php does not comply with psr-4 autoloading standard (rule: Themes\ => ./themes). Skipping.
Class Update241To242 located in ./themes/Base/Database/Migrations/2022_03_15_040235_update_241_to_242.php does not comply with psr-4 autoloading standard (rule: Themes\ => ./themes). Skipping.
Class CreateMessagesTable located in ./themes/Base/Database/Migrations/2022_02_28_999999_create_messages_table.php does not comply with psr-4 autoloading standard (rule: Themes\ => ./themes). Skipping.
Class UpdateFrom150To151 located in ./themes/Base/Database/Migrations/2019_11_18_085024_update_from_150_to_151.php does not comply with psr-4 autoloading standard (rule: Themes\ => ./themes). Skipping.
Class CreateVendorTeam located in ./themes/Base/Database/Migrations/2022_07_25_132120_create_vendor_team.php does not comply with psr-4 autoloading standard (rule: Themes\ => ./themes). Skipping.
Class CreatePersonalAccessTokensTable located in ./themes/Base/Database/Migrations/2019_12_14_000001_create_personal_access_tokens_table.php does not comply with psr-4 autoloading standard (rule: Themes\ => ./themes). Skipping.
Class CreateCoreVendorPlans located in ./themes/Base/Database/Migrations/2019_07_08_075436_create_core_vendor_plans.php does not comply with psr-4 autoloading standard (rule: Themes\ => ./themes). Skipping.
Class UpdateFrom190To200 located in ./themes/Base/Database/Migrations/2021_04_20_102158_update_from_190_to_200.php does not comply with psr-4 autoloading standard (rule: Themes\ => ./themes). Skipping.
Class UpdateUserTable located in ./themes/Base/Database/Migrations/2022_03_01_002101_update_user_table.php does not comply with psr-4 autoloading standard (rule: Themes\ => ./themes). Skipping.
Class CreateBookingMetaTable located in ./themes/Base/Database/Migrations/2019_03_28_165911_create_booking_meta_table.php does not comply with psr-4 autoloading standard (rule: Themes\ => ./themes). Skipping.
Class CreateFavoritesTable located in ./themes/Base/Database/Migrations/2022_02_28_999999_create_favorites_table.php does not comply with psr-4 autoloading standard (rule: Themes\ => ./themes). Skipping.
Class AddMessengerColorToUsers located in ./themes/Base/Database/Migrations/2022_02_28_999999_add_messenger_color_to_users.php does not comply with psr-4 autoloading standard (rule: Themes\ => ./themes). Skipping.
Class UpdateFrom140To150 located in ./themes/Base/Database/Migrations/2019_11_05_092516_update_from_140_to_150.php does not comply with psr-4 autoloading standard (rule: Themes\ => ./themes). Skipping.
Class AddDarkModeToUsers located in ./themes/Base/Database/Migrations/2022_02_28_999999_add_dark_mode_to_users.php does not comply with psr-4 autoloading standard (rule: Themes\ => ./themes). Skipping.
Class CreateCoreVendorPlanMetaTable located in ./themes/Base/Database/Migrations/2019_08_05_031018_create_core_vendor_plan_meta_table.php does not comply with psr-4 autoloading standard (rule: Themes\ => ./themes). Skipping.
Class Update190 located in ./themes/Base/Database/Migrations/2021_03_19_102157_update_190.php does not comply with psr-4 autoloading standard (rule: Themes\ => ./themes). Skipping.
Class CreateVendorSubscriptions located in ./themes/Base/Database/Migrations/2026_05_25_000003_create_vendor_subscriptions.php does not comply with psr-4 autoloading standard (rule: Themes\ => ./themes). Skipping.
Class CreateBravoBookingTable located in ./themes/Base/Database/Migrations/2019_03_28_101009_create_bravo_booking_table.php does not comply with psr-4 autoloading standard (rule: Themes\ => ./themes). Skipping.
Class UpdateBookingsTable located in ./themes/Base/Database/Migrations/2019_03_29_093236_update_bookings_table.php does not comply with psr-4 autoloading standard (rule: Themes\ => ./themes). Skipping.
Class UpdateTo250 located in ./themes/Base/Database/Migrations/2022_07_31_132706_update_to_250.php does not comply with psr-4 autoloading standard (rule: Themes\ => ./themes). Skipping.
Class CreateIntegrationsTable located in ./pro/Integrations/Migrations/2024_01_01_000003_create_integrations_table.php does not comply with psr-4 autoloading standard (rule: Pro\ => ./pro). Skipping.
Class AddAuthorIdToIntegrations located in ./pro/Integrations/Migrations/2024_01_01_000004_add_author_id_to_integrations.php does not comply with psr-4 autoloading standard (rule: Pro\ => ./pro). Skipping.
Class AddVendorIdToConciergeConversations located in ./pro/Concierge/Migrations/2026_05_25_000001_add_vendor_id_to_concierge_conversations.php does not comply with psr-4 autoloading standard (rule: Pro\ => ./pro). Skipping.
Class CreateConciergeTables located in ./pro/Concierge/Migrations/2024_01_01_000002_create_concierge_tables.php does not comply with psr-4 autoloading standard (rule: Pro\ => ./pro). Skipping.
Class FillTanovaMissingFields located in ./pro/Tanova/Migrations/2024_01_02_000005_fill_tanova_missing_fields.php does not comply with psr-4 autoloading standard (rule: Pro\ => ./pro). Skipping.
Class SeedTanovaMissingData located in ./pro/Tanova/Migrations/2024_01_02_000004_seed_tanova_missing_data.php does not comply with psr-4 autoloading standard (rule: Pro\ => ./pro). Skipping.
Class AddAvailabilityToBcTours located in ./pro/Tanova/Migrations/2024_01_02_000009_add_availability_to_bc_tours.php does not comply with psr-4 autoloading standard (rule: Pro\ => ./pro). Skipping.
Class CreateTanovaTripsTable located in ./pro/Tanova/Migrations/2024_01_01_000001_create_tanova_trips_table.php does not comply with psr-4 autoloading standard (rule: Pro\ => ./pro). Skipping.
Class CreateBcTanovaAccommodationsTable located in ./pro/Tanova/Migrations/2024_01_02_000003_create_bc_tanova_accommodations_table.php does not comply with psr-4 autoloading standard (rule: Pro\ => ./pro). Skipping.
Class CreateBcTanovaRestaurantsTable located in ./pro/Tanova/Migrations/2024_01_02_000002_create_bc_tanova_restaurants_table.php does not comply with psr-4 autoloading standard (rule: Pro\ => ./pro). Skipping.
Class DropBcTanovaRestaurantsTable located in ./pro/Tanova/Migrations/2024_01_02_000008_drop_bc_tanova_restaurants_table.php does not comply with psr-4 autoloading standard (rule: Pro\ => ./pro). Skipping.
Class AddTanovaImportFields located in ./pro/Tanova/Migrations/2024_01_02_000001_add_tanova_import_fields.php does not comply with psr-4 autoloading standard (rule: Pro\ => ./pro). Skipping.
Class CreateCouponTable located in ./modules/Coupon/Migrations/2021_09_16_072809_create_coupon_table.php does not comply with psr-4 autoloading standard (rule: Modules\ => ./modules). Skipping.
Class CreateSpaceTable located in ./modules/Space/Migrations/2019_07_30_072809_create_space_table.php does not comply with psr-4 autoloading standard (rule: Modules\ => ./modules). Skipping.
Class CreateEventTable located in ./modules/Event/Migrations/2020_04_05_101016_create_event_table.php does not comply with psr-4 autoloading standard (rule: Modules\ => ./modules). Skipping.
Class CreateBoatTable located in ./modules/Boat/Migrations/2021_10_26_151319_create_boat_table.php does not comply with psr-4 autoloading standard (rule: Modules\ => ./modules). Skipping.
Class BravoPropertyCategory located in ./modules/Property/Migrations/2020_08_13_073553_bravo_property_category.php does not comply with psr-4 autoloading standard (rule: Modules\ => ./modules). Skipping.
Class CreatePropertyTable located in ./modules/Property/Migrations/2019_07_30_072810_create_property_table.php does not comply with psr-4 autoloading standard (rule: Modules\ => ./modules). Skipping.
Class CreateTourpayInvoiceItemsTable located in ./modules/TourPay/Migrations/2026_05_23_000002_create_tourpay_invoice_items_table.php does not comply with psr-4 autoloading standard (rule: Modules\ => ./modules). Skipping.
Class CreateTourpayInvoicesTable located in ./modules/TourPay/Migrations/2026_05_23_000001_create_tourpay_invoices_table.php does not comply with psr-4 autoloading standard (rule: Modules\ => ./modules). Skipping.
Class CreateOrderTable located in ./modules/Order/Migrations/2021_09_24_195241_create_order_table.php does not comply with psr-4 autoloading standard (rule: Modules\ => ./modules). Skipping.
Class CreateFlightTable located in ./modules/Flight/Migrations/2019_07_30_072809_create_flight_table.php does not comply with psr-4 autoloading standard (rule: Modules\ => ./modules). Skipping.
Class CreateTourDatesTable located in ./modules/Tour/Migrations/2019_07_30_072809_create_tour_dates_table.php does not comply with psr-4 autoloading standard (rule: Modules\ => ./modules). Skipping.
Class CreateSocialTable located in ./modules/Social/Migrations/2019_10_22_151319_create_social_table.php does not comply with psr-4 autoloading standard (rule: Modules\ => ./modules). Skipping.
Class CreateCarTable located in ./modules/Car/Migrations/2019_10_22_151319_create_car_table.php does not comply with psr-4 autoloading standard (rule: Modules\ => ./modules). Skipping.
Class CreatePopupTable located in ./modules/Popup/Migrations/2022_02_08_072809_create_popup_table.php does not comply with psr-4 autoloading standard (rule: Modules\ => ./modules). Skipping.
Class CreateMediaFolderTable located in ./modules/Media/Database/Migrations/2022_07_13_082318_create_media_folder_table.php does not comply with psr-4 autoloading standard (rule: Modules\ => ./modules). Skipping.
Class CreateAgenciesAgentTable located in ./modules/Agency/Migrations/2020_08_01_024545_create_agencies_agent_table.php does not comply with psr-4 autoloading standard (rule: Modules\ => ./modules). Skipping.
Class CreateAgenciesTable located in ./modules/Agency/Migrations/2020_07_06_162319_create_agencies_table.php does not comply with psr-4 autoloading standard (rule: Modules\ => ./modules). Skipping.
Class CreateBravoContactObjectTable located in ./modules/Agency/Migrations/2020_08_15_072835_create_bravo_contact_object_table.php does not comply with psr-4 autoloading standard (rule: Modules\ => ./modules). Skipping.
Class CreateHotelTable located in ./modules/Hotel/Migrations/2019_09_20_072809_create_hotel_table.php does not comply with psr-4 autoloading standard (rule: Modules\ => ./modules). Skipping.
Class CreateRoleTable located in ./modules/User/Migrations/2021_08_22_173931_create_role_table.php does not comply with psr-4 autoloading standard (rule: Modules\ => ./modules). Skipping.
Class CreateCourseTable located in ./modules/Course/Migrations/2020_03_06_060837_create_course_table.php does not comply with psr-4 autoloading standard (rule: Modules\ => ./modules). Skipping.
Class CreateEnquiryReplyTable located in ./modules/Booking/Database/Migrations/2022_07_11_085656_create_enquiry_reply_table.php does not comply with psr-4 autoloading standard (rule: Modules\ => ./modules). Skipping.
Class CreateBravoBookingPaymentMeta located in ./modules/Booking/Database/Migrations/2022_02_14_134137_create_bravo_booking_payment_meta.php does not comply with psr-4 autoloading standard (rule: Modules\ => ./modules). Skipping.
> Illuminate\Foundation\ComposerScripts::postAutoloadDump
> @php artisan package:discover --ansi

  [37;44m INFO [39;49m Discovering packages.  

  bc/installer [90m.[39m[90m.[39m[90m.[39m[90m.[39m[90m.[39m[90m.[39m[90m.[39m[90m.[39m[90m.[39m[90m.[39m[90m.[39m[90m.[39m[90m.[39m[90m.[39m[90m.[39m[90m.[39m[90m.[39m[90m.[39m[90m.[39m[90m.[39m[90m.[39m[90m.[39m[90m.[39m[90m.[39m[90m.[39m[90m.[39m[90m.[39m[90m.[39m[90m.[39m[90m.[39m[90m.[39m[90m.[39m[90m.[39m[90m.[39m[90m.[39m[90m.[39m[90m.[39m[90m.[39m[90m.[39m[90m.[39m[90m.[39m[90m.[39m[90m.[39m[90m.[39m[90m.[39m[90m.[39m[90m.[39m[90m.[39m[90m.[39m[90m.[39m[90m.[39m[90m.[39m[90m.[39m[90m.[39m[90m.[39m[90m.[39m[90m.[39m[90m.[39m [32;1mDONE[39;22m
  bc/laravel-paystack [90m.[39m[90m.[39m[90m.[39m[90m.[39m[90m.[39m[90m.[39m[90m.[39m[90m.[39m[90m.[39m[90m.[39m[90m.[39m[90m.[39m[90m.[39m[90m.[39m[90m.[39m[90m.[39m[90m.[39m[90m.[39m[90m.[39m[90m.[39m[90m.[39m[90m.[39m[90m.[39m[90m.[39m[90m.[39m[90m.[39m[90m.[39m[90m.[39m[90m.[39m[90m.[39m[90m.[39m[90m.[39m[90m.[39m[90m.[39m[90m.[39m[90m.[39m[90m.[39m[90m.[39m[90m.[39m[90m.[39m[90m.[39m[90m.[39m[90m.[39m[90m.[39m[90m.[39m[90m.[39m[90m.[39m[90m.[39m[90m.[39m[90m.[39m[90m.[39m [32;1mDONE[39;22m
  bc/qrcode [90m.[39m[90m.[39m[90m.[39m[90m.[39m[90m.[39m[90m.[39m[90m.[39m[90m.[39m[90m.[39m[90m.[39m[90m.[39m[90m.[39m[90m.[39m[90m.[39m[90m.[39m[90m.[39m[90m.[39m[90m.[39m[90m.[39m[90m.[39m[90m.[39m[90m.[39m[90m.[39m[90m.[39m[90m.[39m[90m.[39m[90m.[39m[90m.[39m[90m.[39m[90m.[39m[90m.[39m[90m.[39m[90m.[39m[90m.[39m[90m.[39m[90m.[39m[90m.[39m[90m.[39m[90m.[39m[90m.[39m[90m.[39m[90m.[39m[90m.[39m[90m.[39m[90m.[39m[90m.[39m[90m.[39m[90m.[39m[90m.[39m[90m.[39m[90m.[39m[90m.[39m[90m.[39m[90m.[39m[90m.[39m[90m.[39m[90m.[39m[90m.[39m[90m.[39m[90m.[39m[90m.[39m [32;1mDONE[39;22m
  kalnoy/nestedset [90m.[39m[90m.[39m[90m.[39m[90m.[39m[90m.[39m[90m.[39m[90m.[39m[90m.[39m[90m.[39m[90m.[39m[90m.[39m[90m.[39m[90m.[39m[90m.[39m[90m.[39m[90m.[39m[90m.[39m[90m.[39m[90m.[39m[90m.[39m[90m.[39m[90m.[39m[90m.[39m[90m.[39m[90m.[39m[90m.[39m[90m.[39m[90m.[39m[90m.[39m[90m.[39m[90m.[39m[90m.[39m[90m.[39m[90m.[39m[90m.[39m[90m.[39m[90m.[39m[90m.[39m[90m.[39m[90m.[39m[90m.[39m[90m.[39m[90m.[39m[90m.[39m[90m.[39m[90m.[39m[90m.[39m[90m.[39m[90m.[39m[90m.[39m[90m.[39m[90m.[39m[90m.[39m[90m.[39m [32;1mDONE[39;22m
  laravel/fortify [90m.[39m[90m.[39m[90m.[39m[90m.[39m[90m.[39m[90m.[39m[90m.[39m[90m.[39m[90m.[39m[90m.[39m[90m.[39m[90m.[39m[90m.[39m[90m.[39m[90m.[39m[90m.[39m[90m.[39m[90m.[39m[90m.[39m[90m.[39m[90m.[39m[90m.[39m[90m.[39m[90m.[39m[90m.[39m[90m.[39m[90m.[39m[90m.[39m[90m.[39m[90m.[39m[90m.[39m[90m.[39m[90m.[39m[90m.[39m[90m.[39m[90m.[39m[90m.[39m[90m.[39m[90m.[39m[90m.[39m[90m.[39m[90m.[39m[90m.[39m[90m.[39m[90m.[39m[90m.[39m[90m.[39m[90m.[39m[90m.[39m[90m.[39m[90m.[39m[90m.[39m[90m.[39m[90m.[39m[90m.[39m [32;1mDONE[39;22m
  laravel/sanctum [90m.[39m[90m.[39m[90m.[39m[90m.[39m[90m.[39m[90m.[39m[90m.[39m[90m.[39m[90m.[39m[90m.[39m[90m.[39m[90m.[39m[90m.[39m[90m.[39m[90m.[39m[90m.[39m[90m.[39m[90m.[39m[90m.[39m[90m.[39m[90m.[39m[90m.[39m[90m.[39m[90m.[39m[90m.[39m[90m.[39m[90m.[39m[90m.[39m[90m.[39m[90m.[39m[90m.[39m[90m.[39m[90m.[39m[90m.[39m[90m.[39m[90m.[39m[90m.[39m[90m.[39m[90m.[39m[90m.[39m[90m.[39m[90m.[39m[90m.[39m[90m.[39m[90m.[39m[90m.[39m[90m.[39m[90m.[39m[90m.[39m[90m.[39m[90m.[39m[90m.[39m[90m.[39m[90m.[39m[90m.[39m [32;1mDONE[39;22m
  laravel/socialite [90m.[39m[90m.[39m[90m.[39m[90m.[39m[90m.[39m[90m.[39m[90m.[39m[90m.[39m[90m.[39m[90m.[39m[90m.[39m[90m.[39m[90m.[39m[90m.[39m[90m.[39m[90m.[39m[90m.[39m[90m.[39m[90m.[39m[90m.[39m[90m.[39m[90m.[39m[90m.[39m[90m.[39m[90m.[39m[90m.[39m[90m.[39m[90m.[39m[90m.[39m[90m.[39m[90m.[39m[90m.[39m[90m.[39m[90m.[39m[90m.[39m[90m.[39m[90m.[39m[90m.[39m[90m.[39m[90m.[39m[90m.[39m[90m.[39m[90m.[39m[90m.[39m[90m.[39m[90m.[39m[90m.[39m[90m.[39m[90m.[39m[90m.[39m[90m.[39m[90m.[39m[90m.[39m [32;1mDONE[39;22m
  laravel/tinker [90m.[39m[90m.[39m[90m.[39m[90m.[39m[90m.[39m[90m.[39m[90m.[39m[90m.[39m[90m.[39m[90m.[39m[90m.[39m[90m.[39m[90m.[39m[90m.[39m[90m.[39m[90m.[39m[90m.[39m[90m.[39m[90m.[39m[90m.[39m[90m.[39m[90m.[39m[90m.[39m[90m.[39m[90m.[39m[90m.[39m[90m.[39m[90m.[39m[90m.[39m[90m.[39m[90m.[39m[90m.[39m[90m.[39m[90m.[39m[90m.[39m[90m.[39m[90m.[39m[90m.[39m[90m.[39m[90m.[39m[90m.[39m[90m.[39m[90m.[39m[90m.[39m[90m.[39m[90m.[39m[90m.[39m[90m.[39m[90m.[39m[90m.[39m[90m.[39m[90m.[39m[90m.[39m[90m.[39m[90m.[39m[90m.[39m [32;1mDONE[39;22m
  laravel/ui [90m.[39m[90m.[39m[90m.[39m[90m.[39m[90m.[39m[90m.[39m[90m.[39m[90m.[39m[90m.[39m[90m.[39m[90m.[39m[90m.[39m[90m.[39m[90m.[39m[90m.[39m[90m.[39m[90m.[39m[90m.[39m[90m.[39m[90m.[39m[90m.[39m[90m.[39m[90m.[39m[90m.[39m[90m.[39m[90m.[39m[90m.[39m[90m.[39m[90m.[39m[90m.[39m[90m.[39m[90m.[39m[90m.[39m[90m.[39m[90m.[39m[90m.[39m[90m.[39m[90m.[39m[90m.[39m[90m.[39m[90m.[39m[90m.[39m[90m.[39m[90m.[39m[90m.[39m[90m.[39m[90m.[39m[90m.[39m[90m.[39m[90m.[39m[90m.[39m[90m.[39m[90m.[39m[90m.[39m[90m.[39m[90m.[39m[90m.[39m[90m.[39m[90m.[39m[90m.[39m [32;1mDONE[39;22m
  livewire/livewire [90m.[39m[90m.[39m[90m.[39m[90m.[39m[90m.[39m[90m.[39m[90m.[39m[90m.[39m[90m.[39m[90m.[39m[90m.[39m[90m.[39m[90m.[39m[90m.[39m[90m.[39m[90m.[39m[90m.[39m[90m.[39m[90m.[39m[90m.[39m[90m.[39m[90m.[39m[90m.[39m[90m.[39m[90m.[39m[90m.[39m[90m.[39m[90m.[39m[90m.[39m[90m.[39m[90m.[39m[90m.[39m[90m.[39m[90m.[39m[90m.[39m[90m.[39m[90m.[39m[90m.[39m[90m.[39m[90m.[39m[90m.[39m[90m.[39m[90m.[39m[90m.[39m[90m.[39m[90m.[39m[90m.[39m[90m.[39m[90m.[39m[90m.[39m[90m.[39m[90m.[39m[90m.[39m [32;1mDONE[39;22m
  maatwebsite/excel [90m.[39m[90m.[39m[90m.[39m[90m.[39m[90m.[39m[90m.[39m[90m.[39m[90m.[39m[90m.[39m[90m.[39m[90m.[39m[90m.[39m[90m.[39m[90m.[39m[90m.[39m[90m.[39m[90m.[39m[90m.[39m[90m.[39m[90m.[39m[90m.[39m[90m.[39m[90m.[39m[90m.[39m[90m.[39m[90m.[39m[90m.[39m[90m.[39m[90m.[39m[90m.[39m[90m.[39m[90m.[39m[90m.[39m[90m.[39m[90m.[39m[90m.[39m[90m.[39m[90m.[39m[90m.[39m[90m.[39m[90m.[39m[90m.[39m[90m.[39m[90m.[39m[90m.[39m[90m.[39m[90m.[39m[90m.[39m[90m.[39m[90m.[39m[90m.[39m[90m.[39m[90m.[39m [32;1mDONE[39;22m
  mews/purifier [90m.[39m[90m.[39m[90m.[39m[90m.[39m[90m.[39m[90m.[39m[90m.[39m[90m.[39m[90m.[39m[90m.[39m[90m.[39m[90m.[39m[90m.[39m[90m.[39m[90m.[39m[90m.[39m[90m.[39m[90m.[39m[90m.[39m[90m.[39m[90m.[39m[90m.[39m[90m.[39m[90m.[39m[90m.[39m[90m.[39m[90m.[39m[90m.[39m[90m.[39m[90m.[39m[90m.[39m[90m.[39m[90m.[39m[90m.[39m[90m.[39m[90m.[39m[90m.[39m[90m.[39m[90m.[39m[90m.[39m[90m.[39m[90m.[39m[90m.[39m[90m.[39m[90m.[39m[90m.[39m[90m.[39m[90m.[39m[90m.[39m[90m.[39m[90m.[39m[90m.[39m[90m.[39m[90m.[39m[90m.[39m[90m.[39m[90m.[39m [32;1mDONE[39;22m
  munafio/chatify [90m.[39m[90m.[39m[90m.[39m[90m.[39m[90m.[39m[90m.[39m[90m.[39m[90m.[39m[90m.[39m[90m.[39m[90m.[39m[90m.[39m[90m.[39m[90m.[39m[90m.[39m[90m.[39m[90m.[39m[90m.[39m[90m.[39m[90m.[39m[90m.[39m[90m.[39m[90m.[39m[90m.[39m[90m.[39m[90m.[39m[90m.[39m[90m.[39m[90m.[39m[90m.[39m[90m.[39m[90m.[39m[90m.[39m[90m.[39m[90m.[39m[90m.[39m[90m.[39m[90m.[39m[90m.[39m[90m.[39m[90m.[39m[90m.[39m[90m.[39m[90m.[39m[90m.[39m[90m.[39m[90m.[39m[90m.[39m[90m.[39m[90m.[39m[90m.[39m[90m.[39m[90m.[39m[90m.[39m[90m.[39m [32;1mDONE[39;22m
  nesbot/carbon [90m.[39m[90m.[39m[90m.[39m[90m.[39m[90m.[39m[90m.[39m[90m.[39m[90m.[39m[90m.[39m[90m.[39m[90m.[39m[90m.[39m[90m.[39m[90m.[39m[90m.[39m[90m.[39m[90m.[39m[90m.[39m[90m.[39m[90m.[39m[90m.[39m[90m.[39m[90m.[39m[90m.[39m[90m.[39m[90m.[39m[90m.[39m[90m.[39m[90m.[39m[90m.[39m[90m.[39m[90m.[39m[90m.[39m[90m.[39m[90m.[39m[90m.[39m[90m.[39m[90m.[39m[90m.[39m[90m.[39m[90m.[39m[90m.[39m[90m.[39m[90m.[39m[90m.[39m[90m.[39m[90m.[39m[90m.[39m[90m.[39m[90m.[39m[90m.[39m[90m.[39m[90m.[39m[90m.[39m[90m.[39m[90m.[39m[90m.[39m [32;1mDONE[39;22m
  nunomaduro/termwind [90m.[39m[90m.[39m[90m.[39m[90m.[39m[90m.[39m[90m.[39m[90m.[39m[90m.[39m[90m.[39m[90m.[39m[90m.[39m[90m.[39m[90m.[39m[90m.[39m[90m.[39m[90m.[39m[90m.[39m[90m.[39m[90m.[39m[90m.[39m[90m.[39m[90m.[39m[90m.[39m[90m.[39m[90m.[39m[90m.[39m[90m.[39m[90m.[39m[90m.[39m[90m.[39m[90m.[39m[90m.[39m[90m.[39m[90m.[39m[90m.[39m[90m.[39m[90m.[39m[90m.[39m[90m.[39m[90m.[39m[90m.[39m[90m.[39m[90m.[39m[90m.[39m[90m.[39m[90m.[39m[90m.[39m[90m.[39m[90m.[39m[90m.[39m[90m.[39m [32;1mDONE[39;22m
  propaganistas/laravel-phone [90m.[39m[90m.[39m[90m.[39m[90m.[39m[90m.[39m[90m.[39m[90m.[39m[90m.[39m[90m.[39m[90m.[39m[90m.[39m[90m.[39m[90m.[39m[90m.[39m[90m.[39m[90m.[39m[90m.[39m[90m.[39m[90m.[39m[90m.[39m[90m.[39m[90m.[39m[90m.[39m[90m.[39m[90m.[39m[90m.[39m[90m.[39m[90m.[39m[90m.[39m[90m.[39m[90m.[39m[90m.[39m[90m.[39m[90m.[39m[90m.[39m[90m.[39m[90m.[39m[90m.[39m[90m.[39m[90m.[39m[90m.[39m[90m.[39m[90m.[39m [32;1mDONE[39;22m
  rap2hpoutre/laravel-log-viewer [90m.[39m[90m.[39m[90m.[39m[90m.[39m[90m.[39m[90m.[39m[90m.[39m[90m.[39m[90m.[39m[90m.[39m[90m.[39m[90m.[39m[90m.[39m[90m.[39m[90m.[39m[90m.[39m[90m.[39m[90m.[39m[90m.[39m[90m.[39m[90m.[39m[90m.[39m[90m.[39m[90m.[39m[90m.[39m[90m.[39m[90m.[39m[90m.[39m[90m.[39m[90m.[39m[90m.[39m[90m.[39m[90m.[39m[90m.[39m[90m.[39m[90m.[39m[90m.[39m[90m.[39m[90m.[39m[90m.[39m [32;1mDONE[39;22m
  socialiteproviders/manager [90m.[39m[90m.[39m[90m.[39m[90m.[39m[90m.[39m[90m.[39m[90m.[39m[90m.[39m[90m.[39m[90m.[39m[90m.[39m[90m.[39m[90m.[39m[90m.[39m[90m.[39m[90m.[39m[90m.[39m[90m.[39m[90m.[39m[90m.[39m[90m.[39m[90m.[39m[90m.[39m[90m.[39m[90m.[39m[90m.[39m[90m.[39m[90m.[39m[90m.[39m[90m.[39m[90m.[39m[90m.[39m[90m.[39m[90m.[39m[90m.[39m[90m.[39m[90m.[39m[90m.[39m[90m.[39m[90m.[39m[90m.[39m[90m.[39m[90m.[39m[90m.[39m [32;1mDONE[39;22m
  spatie/laravel-google-cloud-storage [90m.[39m[90m.[39m[90m.[39m[90m.[39m[90m.[39m[90m.[39m[90m.[39m[90m.[39m[90m.[39m[90m.[39m[90m.[39m[90m.[39m[90m.[39m[90m.[39m[90m.[39m[90m.[39m[90m.[39m[90m.[39m[90m.[39m[90m.[39m[90m.[39m[90m.[39m[90m.[39m[90m.[39m[90m.[39m[90m.[39m[90m.[39m[90m.[39m[90m.[39m[90m.[39m[90m.[39m[90m.[39m[90m.[39m[90m.[39m[90m.[39m [32;1mDONE[39;22m

74 packages you are using are looking for funding.
Use the `composer fund` command to find out more!
✓ Composer done

→ Step 7: Running artisan commands...

   INFO  Configuration cache cleared successfully.  


   INFO  Application cache cleared successfully.  


   INFO  Route cache cleared successfully.  


   INFO  Compiled views cleared successfully.  


   INFO  Running migrations.  

  2026_05_30_210143_add_vendor_id_to_tanova_trips ................ 9.32ms FAIL

In Connection.php line 824:
                                                                               
  SQLSTATE[42S21]: Column already exists: 1060 Duplicate column name 'vendor_  
  id' (Connection: mysql, SQL: alter table `bc_tanova_trips` add `vendor_id`   
  bigint unsigned null comment 'Vendor who created/owns this trip' after `use  
  r_id`)                                                                       
                                                                               

In Connection.php line 570:
                                                                               
  SQLSTATE[42S21]: Column already exists: 1060 Duplicate column name 'vendor_  
  id'                                                                          
                                                                               


In Filesystem.php line 204:
                                                                               
  file_put_contents(/var/www/tsoka-portal/bc-cms/bootstrap/cache/config.php):  
   Failed to open stream: Permission denied                                    
                                                                               


In Filesystem.php line 204:
                                                                               
  file_put_contents(/var/www/tsoka-portal/bc-cms/bootstrap/cache/routes-v7.ph  
  p): Failed to open stream: Permission denied                                 
                                                                               

  ⚠ route:cache skipped (duplicate route name in base — non-fatal)


   INFO  Blade templates cached successfully.  

✓ Artisan done

→ Step 7b: Restarting PHP-FPM to flush OPcache...
✓ PHP-FPM restarted

→ Step 8: Setting permissions...
✓ Permissions set

→ Step 9: Deploying nginx config...
✓ Symlink created

→ Step 10: Obtaining SSL certificate for portal.tsokatravel.com...
  (Requires DNS A record pointing portal.tsokatravel.com → 169.239.182.80)
  Certificate already exists — skipping certbot

→ Step 11: Testing and reloading nginx...
2026/05/31 09:54:30 [warn] 2310976#2310976: protocol options redefined for 0.0.0.0:443 in /etc/nginx/sites-enabled/chefalbert.net:10
2026/05/31 09:54:30 [warn] 2310976#2310976: protocol options redefined for [::]:443 in /etc/nginx/sites-enabled/chefalbert.net:11
2026/05/31 09:54:30 [warn] 2310976#2310976: "ssl_stapling" ignored, issuer certificate not found for certificate "/etc/nginx/ssl/default.crt"
2026/05/31 09:54:30 [warn] 2310976#2310976: "ssl_stapling" ignored, no OCSP responder URL in the certificate "/etc/letsencrypt/live/avance.co.zw/fullchain.pem"
2026/05/31 09:54:30 [warn] 2310976#2310976: "ssl_stapling" ignored, no OCSP responder URL in the certificate "/etc/letsencrypt/live/chefalbert.net/fullchain.pem"
2026/05/31 09:54:30 [warn] 2310976#2310976: "ssl_stapling" ignored, no OCSP responder URL in the certificate "/etc/letsencrypt/live/cloudtax.co.zw/fullchain.pem"
2026/05/31 09:54:30 [warn] 2310976#2310976: "ssl_stapling" ignored, no OCSP responder URL in the certificate "/etc/letsencrypt/live/innwrk.com/fullchain.pem"
2026/05/31 09:54:30 [warn] 2310976#2310976: "ssl_stapling" ignored, issuer certificate not found for certificate "/etc/nginx/ssl/jnitravel/fullchain.pem"
2026/05/31 09:54:30 [warn] 2310976#2310976: "ssl_stapling" ignored, no OCSP responder URL in the certificate "/etc/letsencrypt/live/luxsav.com/fullchain.pem"
2026/05/31 09:54:30 [warn] 2310976#2310976: "ssl_stapling" ignored, no OCSP responder URL in the certificate "/etc/letsencrypt/live/noseasafaris.com/fullchain.pem"
2026/05/31 09:54:30 [warn] 2310976#2310976: "ssl_stapling" ignored, no OCSP responder URL in the certificate "/etc/letsencrypt/live/peachpy.cloud/fullchain.pem"
2026/05/31 09:54:30 [warn] 2310976#2310976: "ssl_stapling" ignored, no OCSP responder URL in the certificate "/etc/letsencrypt/live/portal.tsokatravel.com/fullchain.pem"
2026/05/31 09:54:30 [warn] 2310976#2310976: "ssl_stapling" ignored, no OCSP responder URL in the certificate "/etc/letsencrypt/live/snappyfresh.net/fullchain.pem"
2026/05/31 09:54:30 [warn] 2310976#2310976: "ssl_stapling" ignored, no OCSP responder URL in the certificate "/etc/letsencrypt/live/tsokatravel.com/fullchain.pem"
2026/05/31 09:54:30 [warn] 2310976#2310976: "ssl_stapling" ignored, no OCSP responder URL in the certificate "/etc/letsencrypt/live/tsokax.com/fullchain.pem"
nginx: the configuration file /etc/nginx/nginx.conf syntax is ok
nginx: configuration file /etc/nginx/nginx.conf test is successful
✓ Nginx reloaded — all sites safe

============================================================
  ✓  portal.tsokatravel.com deployed!
============================================================

  Live:     https://portal.tsokatravel.com
  Folder:   /var/www/tsoka-portal
  DB:       tsoka_portal  (user: tsoka_portal_user)
  DB pass:  mdYsh8COIORxzuozuZkCBbyTnYyT  ← also saved in .deploy-db-pass

  Other sites on this server are UNTOUCHED:
    tsokatravel.com   /var/www/tsokatravel  (Next.js, PM2 port 3333)
    luxsav.com        /var/www/luxsav        (Laravel, port 9002)
    innwrk.com        /var/www/innwrk        (Laravel, port 9001)
    peachpy.cloud     /var/www/peachpy       (Laravel, socket)
    tsokax.com        /var/www/tsokax        (Laravel, port 9004)
    snappyfresh.net   /var/www/snappyfresh   (Next.js, port 3000)

  Logs:
    App:   ssh root@169.239.182.80 tail -f /var/www/tsoka-portal/bc-cms/storage/logs/laravel-$(date +%Y-%m-%d).log
    Nginx: ssh root@169.239.182.80 tail -f /var/log/nginx/portal.tsokatravel.com-error.log

  Re-deploy any time:
    bash deploy-portal.sh

