[2026-05-24 08:35:40] production.ERROR: SQLSTATE[42S22]: Column not found: 1054 Unknown column 'zone' in 'bc_tours' (Connection: mysql, SQL: alter table `bc_tours` add `activity_type` varchar(100) null after `zone`) {"exception":"[object] (Illuminate\\Database\\QueryException(code: 42S22): SQLSTATE[42S22]: Column not found: 1054 Unknown column 'zone' in 'bc_tours' (Connection: mysql, SQL: alter table `bc_tours` add `activity_type` varchar(100) null after `zone`) at /home/lionel/Documents/Junkyard/gotrip/bc-cms/vendor/laravel/framework/src/Illuminate/Database/Connection.php:824)
[stacktrace]
#0 /home/lionel/Documents/Junkyard/gotrip/bc-cms/vendor/laravel/framework/src/Illuminate/Database/Connection.php(778): Illuminate\\Database\\Connection->runQueryCallback()
#1 /home/lionel/Documents/Junkyard/gotrip/bc-cms/vendor/laravel/framework/src/Illuminate/Database/Connection.php(559): Illuminate\\Database\\Connection->run()
#2 /home/lionel/Documents/Junkyard/gotrip/bc-cms/vendor/laravel/framework/src/Illuminate/Database/Schema/Blueprint.php(121): Illuminate\\Database\\Connection->statement()
#3 /home/lionel/Documents/Junkyard/gotrip/bc-cms/vendor/laravel/framework/src/Illuminate/Database/Schema/Builder.php(618): Illuminate\\Database\\Schema\\Blueprint->build()
#4 /home/lionel/Documents/Junkyard/gotrip/bc-cms/vendor/laravel/framework/src/Illuminate/Database/Schema/Builder.php(460): Illuminate\\Database\\Schema\\Builder->build()
#5 /home/lionel/Documents/Junkyard/gotrip/bc-cms/vendor/laravel/framework/src/Illuminate/Support/Facades/Facade.php(363): Illuminate\\Database\\Schema\\Builder->table()
#6 /home/lionel/Documents/Junkyard/gotrip/bc-cms/pro/Tanova/Migrations/2024_01_02_000001_add_tanova_import_fields.php(15): Illuminate\\Support\\Facades\\Facade::__callStatic()
#7 /home/lionel/Documents/Junkyard/gotrip/bc-cms/vendor/laravel/framework/src/Illuminate/Database/Migrations/Migrator.php(514): AddTanovaImportFields->up()
#8 /home/lionel/Documents/Junkyard/gotrip/bc-cms/vendor/laravel/framework/src/Illuminate/Database/Migrations/Migrator.php(439): Illuminate\\Database\\Migrations\\Migrator->runMethod()
#9 /home/lionel/Documents/Junkyard/gotrip/bc-cms/vendor/laravel/framework/src/Illuminate/Database/Migrations/Migrator.php(448): Illuminate\\Database\\Migrations\\Migrator->{closure:Illuminate\\Database\\Migrations\\Migrator::runMigration():435}()
#10 /home/lionel/Documents/Junkyard/gotrip/bc-cms/vendor/laravel/framework/src/Illuminate/Database/Migrations/Migrator.php(250): Illuminate\\Database\\Migrations\\Migrator->runMigration()
#11 /home/lionel/Documents/Junkyard/gotrip/bc-cms/vendor/laravel/framework/src/Illuminate/Console/View/Components/Task.php(41): Illuminate\\Database\\Migrations\\Migrator->{closure:Illuminate\\Database\\Migrations\\Migrator::runUp():250}()
#12 /home/lionel/Documents/Junkyard/gotrip/bc-cms/vendor/laravel/framework/src/Illuminate/Database/Migrations/Migrator.php(809): Illuminate\\Console\\View\\Components\\Task->render()
#13 /home/lionel/Documents/Junkyard/gotrip/bc-cms/vendor/laravel/framework/src/Illuminate/Database/Migrations/Migrator.php(250): Illuminate\\Database\\Migrations\\Migrator->write()
#14 /home/lionel/Documents/Junkyard/gotrip/bc-cms/vendor/laravel/framework/src/Illuminate/Database/Migrations/Migrator.php(210): Illuminate\\Database\\Migrations\\Migrator->runUp()
#15 /home/lionel/Documents/Junkyard/gotrip/bc-cms/vendor/laravel/framework/src/Illuminate/Database/Migrations/Migrator.php(137): Illuminate\\Database\\Migrations\\Migrator->runPending()
#16 /home/lionel/Documents/Junkyard/gotrip/bc-cms/vendor/laravel/framework/src/Illuminate/Database/Console/Migrations/MigrateCommand.php(116): Illuminate\\Database\\Migrations\\Migrator->run()
#17 /home/lionel/Documents/Junkyard/gotrip/bc-cms/vendor/laravel/framework/src/Illuminate/Database/Migrations/Migrator.php(666): Illuminate\\Database\\Console\\Migrations\\MigrateCommand->{closure:Illuminate\\Database\\Console\\Migrations\\MigrateCommand::runMigrations():109}()
#18 /home/lionel/Documents/Junkyard/gotrip/bc-cms/vendor/laravel/framework/src/Illuminate/Database/Console/Migrations/MigrateCommand.php(109): Illuminate\\Database\\Migrations\\Migrator->usingConnection()
#19 /home/lionel/Documents/Junkyard/gotrip/bc-cms/vendor/laravel/framework/src/Illuminate/Database/Console/Migrations/MigrateCommand.php(88): Illuminate\\Database\\Console\\Migrations\\MigrateCommand->runMigrations()
#20 /home/lionel/Documents/Junkyard/gotrip/bc-cms/vendor/laravel/framework/src/Illuminate/Container/BoundMethod.php(36): Illuminate\\Database\\Console\\Migrations\\MigrateCommand->handle()
#21 /home/lionel/Documents/Junkyard/gotrip/bc-cms/vendor/laravel/framework/src/Illuminate/Container/Util.php(43): Illuminate\\Container\\BoundMethod::{closure:Illuminate\\Container\\BoundMethod::call():35}()
#22 /home/lionel/Documents/Junkyard/gotrip/bc-cms/vendor/laravel/framework/src/Illuminate/Container/BoundMethod.php(96): Illuminate\\Container\\Util::unwrapIfClosure()
#23 /home/lionel/Documents/Junkyard/gotrip/bc-cms/vendor/laravel/framework/src/Illuminate/Container/BoundMethod.php(35): Illuminate\\Container\\BoundMethod::callBoundMethod()
#24 /home/lionel/Documents/Junkyard/gotrip/bc-cms/vendor/laravel/framework/src/Illuminate/Container/Container.php(835): Illuminate\\Container\\BoundMethod::call()
#25 /home/lionel/Documents/Junkyard/gotrip/bc-cms/vendor/laravel/framework/src/Illuminate/Console/Command.php(211): Illuminate\\Container\\Container->call()
#26 /home/lionel/Documents/Junkyard/gotrip/bc-cms/vendor/symfony/console/Command/Command.php(318): Illuminate\\Console\\Command->execute()
#27 /home/lionel/Documents/Junkyard/gotrip/bc-cms/vendor/laravel/framework/src/Illuminate/Console/Command.php(180): Symfony\\Component\\Console\\Command\\Command->run()
#28 /home/lionel/Documents/Junkyard/gotrip/bc-cms/vendor/symfony/console/Application.php(1092): Illuminate\\Console\\Command->run()
#29 /home/lionel/Documents/Junkyard/gotrip/bc-cms/vendor/symfony/console/Application.php(341): Symfony\\Component\\Console\\Application->doRunCommand()
#30 /home/lionel/Documents/Junkyard/gotrip/bc-cms/vendor/symfony/console/Application.php(192): Symfony\\Component\\Console\\Application->doRun()
#31 /home/lionel/Documents/Junkyard/gotrip/bc-cms/vendor/laravel/framework/src/Illuminate/Foundation/Console/Kernel.php(197): Symfony\\Component\\Console\\Application->run()
#32 /home/lionel/Documents/Junkyard/gotrip/bc-cms/vendor/laravel/framework/src/Illuminate/Foundation/Application.php(1234): Illuminate\\Foundation\\Console\\Kernel->handle()
#33 /home/lionel/Documents/Junkyard/gotrip/bc-cms/artisan(19): Illuminate\\Foundation\\Application->handleCommand()
#34 {main}

[previous exception] [object] (PDOException(code: 42S22): SQLSTATE[42S22]: Column not found: 1054 Unknown column 'zone' in 'bc_tours' at /home/lionel/Documents/Junkyard/gotrip/bc-cms/vendor/laravel/framework/src/Illuminate/Database/Connection.php:570)
[stacktrace]
#0 /home/lionel/Documents/Junkyard/gotrip/bc-cms/vendor/laravel/framework/src/Illuminate/Database/Connection.php(570): PDOStatement->execute()
#1 /home/lionel/Documents/Junkyard/gotrip/bc-cms/vendor/laravel/framework/src/Illuminate/Database/Connection.php(811): Illuminate\\Database\\Connection->{closure:Illuminate\\Database\\Connection::statement():559}()
#2 /home/lionel/Documents/Junkyard/gotrip/bc-cms/vendor/laravel/framework/src/Illuminate/Database/Connection.php(778): Illuminate\\Database\\Connection->runQueryCallback()
#3 /home/lionel/Documents/Junkyard/gotrip/bc-cms/vendor/laravel/framework/src/Illuminate/Database/Connection.php(559): Illuminate\\Database\\Connection->run()
#4 /home/lionel/Documents/Junkyard/gotrip/bc-cms/vendor/laravel/framework/src/Illuminate/Database/Schema/Blueprint.php(121): Illuminate\\Database\\Connection->statement()
#5 /home/lionel/Documents/Junkyard/gotrip/bc-cms/vendor/laravel/framework/src/Illuminate/Database/Schema/Builder.php(618): Illuminate\\Database\\Schema\\Blueprint->build()
#6 /home/lionel/Documents/Junkyard/gotrip/bc-cms/vendor/laravel/framework/src/Illuminate/Database/Schema/Builder.php(460): Illuminate\\Database\\Schema\\Builder->build()
#7 /home/lionel/Documents/Junkyard/gotrip/bc-cms/vendor/laravel/framework/src/Illuminate/Support/Facades/Facade.php(363): Illuminate\\Database\\Schema\\Builder->table()
#8 /home/lionel/Documents/Junkyard/gotrip/bc-cms/pro/Tanova/Migrations/2024_01_02_000001_add_tanova_import_fields.php(15): Illuminate\\Support\\Facades\\Facade::__callStatic()
#9 /home/lionel/Documents/Junkyard/gotrip/bc-cms/vendor/laravel/framework/src/Illuminate/Database/Migrations/Migrator.php(514): AddTanovaImportFields->up()
#10 /home/lionel/Documents/Junkyard/gotrip/bc-cms/vendor/laravel/framework/src/Illuminate/Database/Migrations/Migrator.php(439): Illuminate\\Database\\Migrations\\Migrator->runMethod()
#11 /home/lionel/Documents/Junkyard/gotrip/bc-cms/vendor/laravel/framework/src/Illuminate/Database/Migrations/Migrator.php(448): Illuminate\\Database\\Migrations\\Migrator->{closure:Illuminate\\Database\\Migrations\\Migrator::runMigration():435}()
#12 /home/lionel/Documents/Junkyard/gotrip/bc-cms/vendor/laravel/framework/src/Illuminate/Database/Migrations/Migrator.php(250): Illuminate\\Database\\Migrations\\Migrator->runMigration()
#13 /home/lionel/Documents/Junkyard/gotrip/bc-cms/vendor/laravel/framework/src/Illuminate/Console/View/Components/Task.php(41): Illuminate\\Database\\Migrations\\Migrator->{closure:Illuminate\\Database\\Migrations\\Migrator::runUp():250}()
#14 /home/lionel/Documents/Junkyard/gotrip/bc-cms/vendor/laravel/framework/src/Illuminate/Database/Migrations/Migrator.php(809): Illuminate\\Console\\View\\Components\\Task->render()
#15 /home/lionel/Documents/Junkyard/gotrip/bc-cms/vendor/laravel/framework/src/Illuminate/Database/Migrations/Migrator.php(250): Illuminate\\Database\\Migrations\\Migrator->write()
#16 /home/lionel/Documents/Junkyard/gotrip/bc-cms/vendor/laravel/framework/src/Illuminate/Database/Migrations/Migrator.php(210): Illuminate\\Database\\Migrations\\Migrator->runUp()
#17 /home/lionel/Documents/Junkyard/gotrip/bc-cms/vendor/laravel/framework/src/Illuminate/Database/Migrations/Migrator.php(137): Illuminate\\Database\\Migrations\\Migrator->runPending()
#18 /home/lionel/Documents/Junkyard/gotrip/bc-cms/vendor/laravel/framework/src/Illuminate/Database/Console/Migrations/MigrateCommand.php(116): Illuminate\\Database\\Migrations\\Migrator->run()
#19 /home/lionel/Documents/Junkyard/gotrip/bc-cms/vendor/laravel/framework/src/Illuminate/Database/Migrations/Migrator.php(666): Illuminate\\Database\\Console\\Migrations\\MigrateCommand->{closure:Illuminate\\Database\\Console\\Migrations\\MigrateCommand::runMigrations():109}()
#20 /home/lionel/Documents/Junkyard/gotrip/bc-cms/vendor/laravel/framework/src/Illuminate/Database/Console/Migrations/MigrateCommand.php(109): Illuminate\\Database\\Migrations\\Migrator->usingConnection()
#21 /home/lionel/Documents/Junkyard/gotrip/bc-cms/vendor/laravel/framework/src/Illuminate/Database/Console/Migrations/MigrateCommand.php(88): Illuminate\\Database\\Console\\Migrations\\MigrateCommand->runMigrations()
#22 /home/lionel/Documents/Junkyard/gotrip/bc-cms/vendor/laravel/framework/src/Illuminate/Container/BoundMethod.php(36): Illuminate\\Database\\Console\\Migrations\\MigrateCommand->handle()
#23 /home/lionel/Documents/Junkyard/gotrip/bc-cms/vendor/laravel/framework/src/Illuminate/Container/Util.php(43): Illuminate\\Container\\BoundMethod::{closure:Illuminate\\Container\\BoundMethod::call():35}()
#24 /home/lionel/Documents/Junkyard/gotrip/bc-cms/vendor/laravel/framework/src/Illuminate/Container/BoundMethod.php(96): Illuminate\\Container\\Util::unwrapIfClosure()
#25 /home/lionel/Documents/Junkyard/gotrip/bc-cms/vendor/laravel/framework/src/Illuminate/Container/BoundMethod.php(35): Illuminate\\Container\\BoundMethod::callBoundMethod()
#26 /home/lionel/Documents/Junkyard/gotrip/bc-cms/vendor/laravel/framework/src/Illuminate/Container/Container.php(835): Illuminate\\Container\\BoundMethod::call()
#27 /home/lionel/Documents/Junkyard/gotrip/bc-cms/vendor/laravel/framework/src/Illuminate/Console/Command.php(211): Illuminate\\Container\\Container->call()
#28 /home/lionel/Documents/Junkyard/gotrip/bc-cms/vendor/symfony/console/Command/Command.php(318): Illuminate\\Console\\Command->execute()
#29 /home/lionel/Documents/Junkyard/gotrip/bc-cms/vendor/laravel/framework/src/Illuminate/Console/Command.php(180): Symfony\\Component\\Console\\Command\\Command->run()
#30 /home/lionel/Documents/Junkyard/gotrip/bc-cms/vendor/symfony/console/Application.php(1092): Illuminate\\Console\\Command->run()
#31 /home/lionel/Documents/Junkyard/gotrip/bc-cms/vendor/symfony/console/Application.php(341): Symfony\\Component\\Console\\Application->doRunCommand()
#32 /home/lionel/Documents/Junkyard/gotrip/bc-cms/vendor/symfony/console/Application.php(192): Symfony\\Component\\Console\\Application->doRun()
#33 /home/lionel/Documents/Junkyard/gotrip/bc-cms/vendor/laravel/framework/src/Illuminate/Foundation/Console/Kernel.php(197): Symfony\\Component\\Console\\Application->run()
#34 /home/lionel/Documents/Junkyard/gotrip/bc-cms/vendor/laravel/framework/src/Illuminate/Foundation/Application.php(1234): Illuminate\\Foundation\\Console\\Kernel->handle()
#35 /home/lionel/Documents/Junkyard/gotrip/bc-cms/artisan(19): Illuminate\\Foundation\\Application->handleCommand()
#36 {main}
"} 
[2026-05-24 15:06:01] local.ERROR: SQLSTATE[42S22]: Column not found: 1054 Unknown column 'customer_name' in 'field list' (Connection: mysql, SQL: insert into `bc_bookings` (`object_model`, `object_id`, `start_date`, `end_date`, `total`, `currency`, `status`, `customer_name`, `customer_email`, `code`, `create_user`, `updated_at`, `created_at`) values (tanova_trip, 1, 2026-05-26 00:00:00, 2026-05-30 00:00:00, 1347.04, USD, processing, Tsoka Travel, lionel@tsokatravel.com, 8058c0c8b303bf2b0f0658ecd3424e19, 6, 2026-05-24 15:06:01, 2026-05-24 15:06:01)) {"userId":6,"exception":"[object] (Illuminate\\Database\\QueryException(code: 42S22): SQLSTATE[42S22]: Column not found: 1054 Unknown column 'customer_name' in 'field list' (Connection: mysql, SQL: insert into `bc_bookings` (`object_model`, `object_id`, `start_date`, `end_date`, `total`, `currency`, `status`, `customer_name`, `customer_email`, `code`, `create_user`, `updated_at`, `created_at`) values (tanova_trip, 1, 2026-05-26 00:00:00, 2026-05-30 00:00:00, 1347.04, USD, processing, Tsoka Travel, lionel@tsokatravel.com, 8058c0c8b303bf2b0f0658ecd3424e19, 6, 2026-05-24 15:06:01, 2026-05-24 15:06:01)) at /home/lionel/Documents/Junkyard/gotrip/bc-cms/vendor/laravel/framework/src/Illuminate/Database/Connection.php:824)
[stacktrace]
#0 /home/lionel/Documents/Junkyard/gotrip/bc-cms/vendor/laravel/framework/src/Illuminate/Database/Connection.php(778): Illuminate\\Database\\Connection->runQueryCallback()
#1 /home/lionel/Documents/Junkyard/gotrip/bc-cms/vendor/laravel/framework/src/Illuminate/Database/MySqlConnection.php(42): Illuminate\\Database\\Connection->run()
#2 /home/lionel/Documents/Junkyard/gotrip/bc-cms/vendor/laravel/framework/src/Illuminate/Database/Query/Processors/MySqlProcessor.php(35): Illuminate\\Database\\MySqlConnection->insert()
#3 /home/lionel/Documents/Junkyard/gotrip/bc-cms/vendor/laravel/framework/src/Illuminate/Database/Query/Builder.php(3853): Illuminate\\Database\\Query\\Processors\\MySqlProcessor->processInsertGetId()
#4 /home/lionel/Documents/Junkyard/gotrip/bc-cms/vendor/laravel/framework/src/Illuminate/Database/Eloquent/Builder.php(2220): Illuminate\\Database\\Query\\Builder->insertGetId()
#5 /home/lionel/Documents/Junkyard/gotrip/bc-cms/vendor/laravel/framework/src/Illuminate/Database/Eloquent/Model.php(1434): Illuminate\\Database\\Eloquent\\Builder->__call()
#6 /home/lionel/Documents/Junkyard/gotrip/bc-cms/vendor/laravel/framework/src/Illuminate/Database/Eloquent/Model.php(1399): Illuminate\\Database\\Eloquent\\Model->insertAndSetId()
#7 /home/lionel/Documents/Junkyard/gotrip/bc-cms/vendor/laravel/framework/src/Illuminate/Database/Eloquent/Model.php(1238): Illuminate\\Database\\Eloquent\\Model->performInsert()
#8 /home/lionel/Documents/Junkyard/gotrip/bc-cms/app/BaseModel.php(60): Illuminate\\Database\\Eloquent\\Model->save()
#9 /home/lionel/Documents/Junkyard/gotrip/bc-cms/modules/Booking/Models/Booking.php(203): App\\BaseModel->save()
#10 /home/lionel/Documents/Junkyard/gotrip/bc-cms/pro/Tanova/Controllers/TanovaAdminController.php(112): Modules\\Booking\\Models\\Booking->save()
#11 /home/lionel/Documents/Junkyard/gotrip/bc-cms/vendor/laravel/framework/src/Illuminate/Routing/Controller.php(54): Pro\\Tanova\\Controllers\\TanovaAdminController->moveToBookings()
#12 /home/lionel/Documents/Junkyard/gotrip/bc-cms/vendor/laravel/framework/src/Illuminate/Routing/ControllerDispatcher.php(43): Illuminate\\Routing\\Controller->callAction()
#13 /home/lionel/Documents/Junkyard/gotrip/bc-cms/vendor/laravel/framework/src/Illuminate/Routing/Route.php(265): Illuminate\\Routing\\ControllerDispatcher->dispatch()
#14 /home/lionel/Documents/Junkyard/gotrip/bc-cms/vendor/laravel/framework/src/Illuminate/Routing/Route.php(211): Illuminate\\Routing\\Route->runController()
#15 /home/lionel/Documents/Junkyard/gotrip/bc-cms/vendor/laravel/framework/src/Illuminate/Routing/Router.php(822): Illuminate\\Routing\\Route->run()
#16 /home/lionel/Documents/Junkyard/gotrip/bc-cms/vendor/laravel/framework/src/Illuminate/Pipeline/Pipeline.php(180): Illuminate\\Routing\\Router->{closure:Illuminate\\Routing\\Router::runRouteWithinStack():821}()
#17 /home/lionel/Documents/Junkyard/gotrip/bc-cms/vendor/laravel/framework/src/Illuminate/Auth/Middleware/EnsureEmailIsVerified.php(41): Illuminate\\Pipeline\\Pipeline->{closure:Illuminate\\Pipeline\\Pipeline::prepareDestination():178}()
#18 /home/lionel/Documents/Junkyard/gotrip/bc-cms/vendor/laravel/framework/src/Illuminate/Pipeline/Pipeline.php(219): Illuminate\\Auth\\Middleware\\EnsureEmailIsVerified->handle()
#19 /home/lionel/Documents/Junkyard/gotrip/bc-cms/vendor/barryvdh/laravel-debugbar/src/Middleware/InjectDebugbar.php(66): Illuminate\\Pipeline\\Pipeline->{closure:{closure:Illuminate\\Pipeline\\Pipeline::carry():194}:195}()
#20 /home/lionel/Documents/Junkyard/gotrip/bc-cms/vendor/laravel/framework/src/Illuminate/Pipeline/Pipeline.php(219): Barryvdh\\Debugbar\\Middleware\\InjectDebugbar->handle()
#21 /home/lionel/Documents/Junkyard/gotrip/bc-cms/app/Http/Middleware/RequireChangePassword.php(41): Illuminate\\Pipeline\\Pipeline->{closure:{closure:Illuminate\\Pipeline\\Pipeline::carry():194}:195}()
#22 /home/lionel/Documents/Junkyard/gotrip/bc-cms/vendor/laravel/framework/src/Illuminate/Pipeline/Pipeline.php(219): App\\Http\\Middleware\\RequireChangePassword->handle()
#23 /home/lionel/Documents/Junkyard/gotrip/bc-cms/app/Http/Middleware/SetCurrentCurrency.php(48): Illuminate\\Pipeline\\Pipeline->{closure:{closure:Illuminate\\Pipeline\\Pipeline::carry():194}:195}()
#24 /home/lionel/Documents/Junkyard/gotrip/bc-cms/vendor/laravel/framework/src/Illuminate/Pipeline/Pipeline.php(219): App\\Http\\Middleware\\SetCurrentCurrency->handle()
#25 /home/lionel/Documents/Junkyard/gotrip/bc-cms/app/Http/Middleware/SetLanguageForAdmin.php(37): Illuminate\\Pipeline\\Pipeline->{closure:{closure:Illuminate\\Pipeline\\Pipeline::carry():194}:195}()
#26 /home/lionel/Documents/Junkyard/gotrip/bc-cms/vendor/laravel/framework/src/Illuminate/Pipeline/Pipeline.php(219): App\\Http\\Middleware\\SetLanguageForAdmin->handle()
#27 /home/lionel/Documents/Junkyard/gotrip/bc-cms/app/Http/Middleware/RedirectForMultiLanguage.php(58): Illuminate\\Pipeline\\Pipeline->{closure:{closure:Illuminate\\Pipeline\\Pipeline::carry():194}:195}()
#28 /home/lionel/Documents/Junkyard/gotrip/bc-cms/vendor/laravel/framework/src/Illuminate/Pipeline/Pipeline.php(219): App\\Http\\Middleware\\RedirectForMultiLanguage->handle()
#29 /home/lionel/Documents/Junkyard/gotrip/bc-cms/app/Http/Middleware/FrontendGuard.php(67): Illuminate\\Pipeline\\Pipeline->{closure:{closure:Illuminate\\Pipeline\\Pipeline::carry():194}:195}()
#30 /home/lionel/Documents/Junkyard/gotrip/bc-cms/vendor/laravel/framework/src/Illuminate/Pipeline/Pipeline.php(219): App\\Http\\Middleware\\FrontendGuard->handle()
#31 /home/lionel/Documents/Junkyard/gotrip/bc-cms/vendor/laravel/framework/src/Illuminate/Routing/Middleware/SubstituteBindings.php(50): Illuminate\\Pipeline\\Pipeline->{closure:{closure:Illuminate\\Pipeline\\Pipeline::carry():194}:195}()
#32 /home/lionel/Documents/Junkyard/gotrip/bc-cms/vendor/laravel/framework/src/Illuminate/Pipeline/Pipeline.php(219): Illuminate\\Routing\\Middleware\\SubstituteBindings->handle()
#33 /home/lionel/Documents/Junkyard/gotrip/bc-cms/vendor/laravel/framework/src/Illuminate/Auth/Middleware/Authenticate.php(63): Illuminate\\Pipeline\\Pipeline->{closure:{closure:Illuminate\\Pipeline\\Pipeline::carry():194}:195}()
#34 /home/lionel/Documents/Junkyard/gotrip/bc-cms/vendor/laravel/framework/src/Illuminate/Pipeline/Pipeline.php(219): Illuminate\\Auth\\Middleware\\Authenticate->handle()
#35 /home/lionel/Documents/Junkyard/gotrip/bc-cms/vendor/laravel/framework/src/Illuminate/Foundation/Http/Middleware/VerifyCsrfToken.php(87): Illuminate\\Pipeline\\Pipeline->{closure:{closure:Illuminate\\Pipeline\\Pipeline::carry():194}:195}()
#36 /home/lionel/Documents/Junkyard/gotrip/bc-cms/vendor/laravel/framework/src/Illuminate/Pipeline/Pipeline.php(219): Illuminate\\Foundation\\Http\\Middleware\\VerifyCsrfToken->handle()
#37 /home/lionel/Documents/Junkyard/gotrip/bc-cms/vendor/laravel/framework/src/Illuminate/View/Middleware/ShareErrorsFromSession.php(48): Illuminate\\Pipeline\\Pipeline->{closure:{closure:Illuminate\\Pipeline\\Pipeline::carry():194}:195}()
#38 /home/lionel/Documents/Junkyard/gotrip/bc-cms/vendor/laravel/framework/src/Illuminate/Pipeline/Pipeline.php(219): Illuminate\\View\\Middleware\\ShareErrorsFromSession->handle()
#39 /home/lionel/Documents/Junkyard/gotrip/bc-cms/vendor/laravel/framework/src/Illuminate/Session/Middleware/StartSession.php(120): Illuminate\\Pipeline\\Pipeline->{closure:{closure:Illuminate\\Pipeline\\Pipeline::carry():194}:195}()
#40 /home/lionel/Documents/Junkyard/gotrip/bc-cms/vendor/laravel/framework/src/Illuminate/Session/Middleware/StartSession.php(63): Illuminate\\Session\\Middleware\\StartSession->handleStatefulRequest()
#41 /home/lionel/Documents/Junkyard/gotrip/bc-cms/vendor/laravel/framework/src/Illuminate/Pipeline/Pipeline.php(219): Illuminate\\Session\\Middleware\\StartSession->handle()
#42 /home/lionel/Documents/Junkyard/gotrip/bc-cms/vendor/laravel/framework/src/Illuminate/Cookie/Middleware/AddQueuedCookiesToResponse.php(36): Illuminate\\Pipeline\\Pipeline->{closure:{closure:Illuminate\\Pipeline\\Pipeline::carry():194}:195}()
#43 /home/lionel/Documents/Junkyard/gotrip/bc-cms/vendor/laravel/framework/src/Illuminate/Pipeline/Pipeline.php(219): Illuminate\\Cookie\\Middleware\\AddQueuedCookiesToResponse->handle()
#44 /home/lionel/Documents/Junkyard/gotrip/bc-cms/vendor/laravel/framework/src/Illuminate/Cookie/Middleware/EncryptCookies.php(74): Illuminate\\Pipeline\\Pipeline->{closure:{closure:Illuminate\\Pipeline\\Pipeline::carry():194}:195}()
#45 /home/lionel/Documents/Junkyard/gotrip/bc-cms/vendor/laravel/framework/src/Illuminate/Pipeline/Pipeline.php(219): Illuminate\\Cookie\\Middleware\\EncryptCookies->handle()
#46 /home/lionel/Documents/Junkyard/gotrip/bc-cms/vendor/laravel/framework/src/Illuminate/Pipeline/Pipeline.php(137): Illuminate\\Pipeline\\Pipeline->{closure:{closure:Illuminate\\Pipeline\\Pipeline::carry():194}:195}()
#47 /home/lionel/Documents/Junkyard/gotrip/bc-cms/vendor/laravel/framework/src/Illuminate/Routing/Router.php(821): Illuminate\\Pipeline\\Pipeline->then()
#48 /home/lionel/Documents/Junkyard/gotrip/bc-cms/vendor/laravel/framework/src/Illuminate/Routing/Router.php(800): Illuminate\\Routing\\Router->runRouteWithinStack()
#49 /home/lionel/Documents/Junkyard/gotrip/bc-cms/vendor/laravel/framework/src/Illuminate/Routing/Router.php(764): Illuminate\\Routing\\Router->runRoute()
#50 /home/lionel/Documents/Junkyard/gotrip/bc-cms/vendor/laravel/framework/src/Illuminate/Routing/Router.php(753): Illuminate\\Routing\\Router->dispatchToRoute()
#51 /home/lionel/Documents/Junkyard/gotrip/bc-cms/vendor/laravel/framework/src/Illuminate/Foundation/Http/Kernel.php(200): Illuminate\\Routing\\Router->dispatch()
#52 /home/lionel/Documents/Junkyard/gotrip/bc-cms/vendor/laravel/framework/src/Illuminate/Pipeline/Pipeline.php(180): Illuminate\\Foundation\\Http\\Kernel->{closure:Illuminate\\Foundation\\Http\\Kernel::dispatchToRouter():197}()
#53 /home/lionel/Documents/Junkyard/gotrip/bc-cms/themes/Base/Core/Middleware/RunUpdater.php(77): Illuminate\\Pipeline\\Pipeline->{closure:Illuminate\\Pipeline\\Pipeline::prepareDestination():178}()
#54 /home/lionel/Documents/Junkyard/gotrip/bc-cms/vendor/laravel/framework/src/Illuminate/Pipeline/Pipeline.php(219): Themes\\Base\\Core\\Middleware\\RunUpdater->handle()
#55 /home/lionel/Documents/Junkyard/gotrip/bc-cms/vendor/livewire/livewire/src/Features/SupportDisablingBackButtonCache/DisableBackButtonCacheMiddleware.php(19): Illuminate\\Pipeline\\Pipeline->{closure:{closure:Illuminate\\Pipeline\\Pipeline::carry():194}:195}()
#56 /home/lionel/Documents/Junkyard/gotrip/bc-cms/vendor/laravel/framework/src/Illuminate/Pipeline/Pipeline.php(219): Livewire\\Features\\SupportDisablingBackButtonCache\\DisableBackButtonCacheMiddleware->handle()
#57 /home/lionel/Documents/Junkyard/gotrip/bc-cms/vendor/barryvdh/laravel-debugbar/src/Middleware/InjectDebugbar.php(66): Illuminate\\Pipeline\\Pipeline->{closure:{closure:Illuminate\\Pipeline\\Pipeline::carry():194}:195}()
#58 /home/lionel/Documents/Junkyard/gotrip/bc-cms/vendor/laravel/framework/src/Illuminate/Pipeline/Pipeline.php(219): Barryvdh\\Debugbar\\Middleware\\InjectDebugbar->handle()
#59 /home/lionel/Documents/Junkyard/gotrip/bc-cms/app/Http/Middleware/RedirectToInstaller.php(40): Illuminate\\Pipeline\\Pipeline->{closure:{closure:Illuminate\\Pipeline\\Pipeline::carry():194}:195}()
#60 /home/lionel/Documents/Junkyard/gotrip/bc-cms/vendor/laravel/framework/src/Illuminate/Pipeline/Pipeline.php(219): App\\Http\\Middleware\\RedirectToInstaller->handle()
#61 /home/lionel/Documents/Junkyard/gotrip/bc-cms/vendor/laravel/framework/src/Illuminate/Foundation/Http/Middleware/TransformsRequest.php(21): Illuminate\\Pipeline\\Pipeline->{closure:{closure:Illuminate\\Pipeline\\Pipeline::carry():194}:195}()
#62 /home/lionel/Documents/Junkyard/gotrip/bc-cms/vendor/laravel/framework/src/Illuminate/Foundation/Http/Middleware/ConvertEmptyStringsToNull.php(31): Illuminate\\Foundation\\Http\\Middleware\\TransformsRequest->handle()
#63 /home/lionel/Documents/Junkyard/gotrip/bc-cms/vendor/laravel/framework/src/Illuminate/Pipeline/Pipeline.php(219): Illuminate\\Foundation\\Http\\Middleware\\ConvertEmptyStringsToNull->handle()
#64 /home/lionel/Documents/Junkyard/gotrip/bc-cms/vendor/laravel/framework/src/Illuminate/Foundation/Http/Middleware/TransformsRequest.php(21): Illuminate\\Pipeline\\Pipeline->{closure:{closure:Illuminate\\Pipeline\\Pipeline::carry():194}:195}()
#65 /home/lionel/Documents/Junkyard/gotrip/bc-cms/vendor/laravel/framework/src/Illuminate/Foundation/Http/Middleware/TrimStrings.php(51): Illuminate\\Foundation\\Http\\Middleware\\TransformsRequest->handle()
#66 /home/lionel/Documents/Junkyard/gotrip/bc-cms/vendor/laravel/framework/src/Illuminate/Pipeline/Pipeline.php(219): Illuminate\\Foundation\\Http\\Middleware\\TrimStrings->handle()
#67 /home/lionel/Documents/Junkyard/gotrip/bc-cms/vendor/laravel/framework/src/Illuminate/Http/Middleware/ValidatePostSize.php(27): Illuminate\\Pipeline\\Pipeline->{closure:{closure:Illuminate\\Pipeline\\Pipeline::carry():194}:195}()
#68 /home/lionel/Documents/Junkyard/gotrip/bc-cms/vendor/laravel/framework/src/Illuminate/Pipeline/Pipeline.php(219): Illuminate\\Http\\Middleware\\ValidatePostSize->handle()
#69 /home/lionel/Documents/Junkyard/gotrip/bc-cms/vendor/laravel/framework/src/Illuminate/Foundation/Http/Middleware/PreventRequestsDuringMaintenance.php(109): Illuminate\\Pipeline\\Pipeline->{closure:{closure:Illuminate\\Pipeline\\Pipeline::carry():194}:195}()
#70 /home/lionel/Documents/Junkyard/gotrip/bc-cms/vendor/laravel/framework/src/Illuminate/Pipeline/Pipeline.php(219): Illuminate\\Foundation\\Http\\Middleware\\PreventRequestsDuringMaintenance->handle()
#71 /home/lionel/Documents/Junkyard/gotrip/bc-cms/vendor/laravel/framework/src/Illuminate/Http/Middleware/HandleCors.php(48): Illuminate\\Pipeline\\Pipeline->{closure:{closure:Illuminate\\Pipeline\\Pipeline::carry():194}:195}()
#72 /home/lionel/Documents/Junkyard/gotrip/bc-cms/vendor/laravel/framework/src/Illuminate/Pipeline/Pipeline.php(219): Illuminate\\Http\\Middleware\\HandleCors->handle()
#73 /home/lionel/Documents/Junkyard/gotrip/bc-cms/vendor/laravel/framework/src/Illuminate/Http/Middleware/TrustProxies.php(58): Illuminate\\Pipeline\\Pipeline->{closure:{closure:Illuminate\\Pipeline\\Pipeline::carry():194}:195}()
#74 /home/lionel/Documents/Junkyard/gotrip/bc-cms/vendor/laravel/framework/src/Illuminate/Pipeline/Pipeline.php(219): Illuminate\\Http\\Middleware\\TrustProxies->handle()
#75 /home/lionel/Documents/Junkyard/gotrip/bc-cms/vendor/laravel/framework/src/Illuminate/Foundation/Http/Middleware/InvokeDeferredCallbacks.php(22): Illuminate\\Pipeline\\Pipeline->{closure:{closure:Illuminate\\Pipeline\\Pipeline::carry():194}:195}()
#76 /home/lionel/Documents/Junkyard/gotrip/bc-cms/vendor/laravel/framework/src/Illuminate/Pipeline/Pipeline.php(219): Illuminate\\Foundation\\Http\\Middleware\\InvokeDeferredCallbacks->handle()
#77 /home/lionel/Documents/Junkyard/gotrip/bc-cms/vendor/laravel/framework/src/Illuminate/Http/Middleware/ValidatePathEncoding.php(26): Illuminate\\Pipeline\\Pipeline->{closure:{closure:Illuminate\\Pipeline\\Pipeline::carry():194}:195}()
#78 /home/lionel/Documents/Junkyard/gotrip/bc-cms/vendor/laravel/framework/src/Illuminate/Pipeline/Pipeline.php(219): Illuminate\\Http\\Middleware\\ValidatePathEncoding->handle()
#79 /home/lionel/Documents/Junkyard/gotrip/bc-cms/vendor/laravel/framework/src/Illuminate/Pipeline/Pipeline.php(137): Illuminate\\Pipeline\\Pipeline->{closure:{closure:Illuminate\\Pipeline\\Pipeline::carry():194}:195}()
#80 /home/lionel/Documents/Junkyard/gotrip/bc-cms/vendor/laravel/framework/src/Illuminate/Foundation/Http/Kernel.php(175): Illuminate\\Pipeline\\Pipeline->then()
#81 /home/lionel/Documents/Junkyard/gotrip/bc-cms/vendor/laravel/framework/src/Illuminate/Foundation/Http/Kernel.php(144): Illuminate\\Foundation\\Http\\Kernel->sendRequestThroughRouter()
#82 /home/lionel/Documents/Junkyard/gotrip/bc-cms/vendor/laravel/framework/src/Illuminate/Foundation/Application.php(1219): Illuminate\\Foundation\\Http\\Kernel->handle()
#83 /home/lionel/Documents/Junkyard/gotrip/public_html/index.php(84): Illuminate\\Foundation\\Application->handleRequest()
#84 /home/lionel/Documents/Junkyard/gotrip/bc-cms/server.php(21): require_once('...')
#85 {main}

[previous exception] [object] (PDOException(code: 42S22): SQLSTATE[42S22]: Column not found: 1054 Unknown column 'customer_name' in 'field list' at /home/lionel/Documents/Junkyard/gotrip/bc-cms/vendor/laravel/framework/src/Illuminate/Database/MySqlConnection.php:47)
[stacktrace]
#0 /home/lionel/Documents/Junkyard/gotrip/bc-cms/vendor/laravel/framework/src/Illuminate/Database/MySqlConnection.php(47): PDO->prepare()
#1 /home/lionel/Documents/Junkyard/gotrip/bc-cms/vendor/laravel/framework/src/Illuminate/Database/Connection.php(811): Illuminate\\Database\\MySqlConnection->{closure:Illuminate\\Database\\MySqlConnection::insert():42}()
#2 /home/lionel/Documents/Junkyard/gotrip/bc-cms/vendor/laravel/framework/src/Illuminate/Database/Connection.php(778): Illuminate\\Database\\Connection->runQueryCallback()
#3 /home/lionel/Documents/Junkyard/gotrip/bc-cms/vendor/laravel/framework/src/Illuminate/Database/MySqlConnection.php(42): Illuminate\\Database\\Connection->run()
#4 /home/lionel/Documents/Junkyard/gotrip/bc-cms/vendor/laravel/framework/src/Illuminate/Database/Query/Processors/MySqlProcessor.php(35): Illuminate\\Database\\MySqlConnection->insert()
#5 /home/lionel/Documents/Junkyard/gotrip/bc-cms/vendor/laravel/framework/src/Illuminate/Database/Query/Builder.php(3853): Illuminate\\Database\\Query\\Processors\\MySqlProcessor->processInsertGetId()
#6 /home/lionel/Documents/Junkyard/gotrip/bc-cms/vendor/laravel/framework/src/Illuminate/Database/Eloquent/Builder.php(2220): Illuminate\\Database\\Query\\Builder->insertGetId()
#7 /home/lionel/Documents/Junkyard/gotrip/bc-cms/vendor/laravel/framework/src/Illuminate/Database/Eloquent/Model.php(1434): Illuminate\\Database\\Eloquent\\Builder->__call()
#8 /home/lionel/Documents/Junkyard/gotrip/bc-cms/vendor/laravel/framework/src/Illuminate/Database/Eloquent/Model.php(1399): Illuminate\\Database\\Eloquent\\Model->insertAndSetId()
#9 /home/lionel/Documents/Junkyard/gotrip/bc-cms/vendor/laravel/framework/src/Illuminate/Database/Eloquent/Model.php(1238): Illuminate\\Database\\Eloquent\\Model->performInsert()
#10 /home/lionel/Documents/Junkyard/gotrip/bc-cms/app/BaseModel.php(60): Illuminate\\Database\\Eloquent\\Model->save()
#11 /home/lionel/Documents/Junkyard/gotrip/bc-cms/modules/Booking/Models/Booking.php(203): App\\BaseModel->save()
#12 /home/lionel/Documents/Junkyard/gotrip/bc-cms/pro/Tanova/Controllers/TanovaAdminController.php(112): Modules\\Booking\\Models\\Booking->save()
#13 /home/lionel/Documents/Junkyard/gotrip/bc-cms/vendor/laravel/framework/src/Illuminate/Routing/Controller.php(54): Pro\\Tanova\\Controllers\\TanovaAdminController->moveToBookings()
#14 /home/lionel/Documents/Junkyard/gotrip/bc-cms/vendor/laravel/framework/src/Illuminate/Routing/ControllerDispatcher.php(43): Illuminate\\Routing\\Controller->callAction()
#15 /home/lionel/Documents/Junkyard/gotrip/bc-cms/vendor/laravel/framework/src/Illuminate/Routing/Route.php(265): Illuminate\\Routing\\ControllerDispatcher->dispatch()
#16 /home/lionel/Documents/Junkyard/gotrip/bc-cms/vendor/laravel/framework/src/Illuminate/Routing/Route.php(211): Illuminate\\Routing\\Route->runController()
#17 /home/lionel/Documents/Junkyard/gotrip/bc-cms/vendor/laravel/framework/src/Illuminate/Routing/Router.php(822): Illuminate\\Routing\\Route->run()
#18 /home/lionel/Documents/Junkyard/gotrip/bc-cms/vendor/laravel/framework/src/Illuminate/Pipeline/Pipeline.php(180): Illuminate\\Routing\\Router->{closure:Illuminate\\Routing\\Router::runRouteWithinStack():821}()
#19 /home/lionel/Documents/Junkyard/gotrip/bc-cms/vendor/laravel/framework/src/Illuminate/Auth/Middleware/EnsureEmailIsVerified.php(41): Illuminate\\Pipeline\\Pipeline->{closure:Illuminate\\Pipeline\\Pipeline::prepareDestination():178}()
#20 /home/lionel/Documents/Junkyard/gotrip/bc-cms/vendor/laravel/framework/src/Illuminate/Pipeline/Pipeline.php(219): Illuminate\\Auth\\Middleware\\EnsureEmailIsVerified->handle()
#21 /home/lionel/Documents/Junkyard/gotrip/bc-cms/vendor/barryvdh/laravel-debugbar/src/Middleware/InjectDebugbar.php(66): Illuminate\\Pipeline\\Pipeline->{closure:{closure:Illuminate\\Pipeline\\Pipeline::carry():194}:195}()
#22 /home/lionel/Documents/Junkyard/gotrip/bc-cms/vendor/laravel/framework/src/Illuminate/Pipeline/Pipeline.php(219): Barryvdh\\Debugbar\\Middleware\\InjectDebugbar->handle()
#23 /home/lionel/Documents/Junkyard/gotrip/bc-cms/app/Http/Middleware/RequireChangePassword.php(41): Illuminate\\Pipeline\\Pipeline->{closure:{closure:Illuminate\\Pipeline\\Pipeline::carry():194}:195}()
#24 /home/lionel/Documents/Junkyard/gotrip/bc-cms/vendor/laravel/framework/src/Illuminate/Pipeline/Pipeline.php(219): App\\Http\\Middleware\\RequireChangePassword->handle()
#25 /home/lionel/Documents/Junkyard/gotrip/bc-cms/app/Http/Middleware/SetCurrentCurrency.php(48): Illuminate\\Pipeline\\Pipeline->{closure:{closure:Illuminate\\Pipeline\\Pipeline::carry():194}:195}()
#26 /home/lionel/Documents/Junkyard/gotrip/bc-cms/vendor/laravel/framework/src/Illuminate/Pipeline/Pipeline.php(219): App\\Http\\Middleware\\SetCurrentCurrency->handle()
#27 /home/lionel/Documents/Junkyard/gotrip/bc-cms/app/Http/Middleware/SetLanguageForAdmin.php(37): Illuminate\\Pipeline\\Pipeline->{closure:{closure:Illuminate\\Pipeline\\Pipeline::carry():194}:195}()
#28 /home/lionel/Documents/Junkyard/gotrip/bc-cms/vendor/laravel/framework/src/Illuminate/Pipeline/Pipeline.php(219): App\\Http\\Middleware\\SetLanguageForAdmin->handle()
#29 /home/lionel/Documents/Junkyard/gotrip/bc-cms/app/Http/Middleware/RedirectForMultiLanguage.php(58): Illuminate\\Pipeline\\Pipeline->{closure:{closure:Illuminate\\Pipeline\\Pipeline::carry():194}:195}()
#30 /home/lionel/Documents/Junkyard/gotrip/bc-cms/vendor/laravel/framework/src/Illuminate/Pipeline/Pipeline.php(219): App\\Http\\Middleware\\RedirectForMultiLanguage->handle()
#31 /home/lionel/Documents/Junkyard/gotrip/bc-cms/app/Http/Middleware/FrontendGuard.php(67): Illuminate\\Pipeline\\Pipeline->{closure:{closure:Illuminate\\Pipeline\\Pipeline::carry():194}:195}()
#32 /home/lionel/Documents/Junkyard/gotrip/bc-cms/vendor/laravel/framework/src/Illuminate/Pipeline/Pipeline.php(219): App\\Http\\Middleware\\FrontendGuard->handle()
#33 /home/lionel/Documents/Junkyard/gotrip/bc-cms/vendor/laravel/framework/src/Illuminate/Routing/Middleware/SubstituteBindings.php(50): Illuminate\\Pipeline\\Pipeline->{closure:{closure:Illuminate\\Pipeline\\Pipeline::carry():194}:195}()
#34 /home/lionel/Documents/Junkyard/gotrip/bc-cms/vendor/laravel/framework/src/Illuminate/Pipeline/Pipeline.php(219): Illuminate\\Routing\\Middleware\\SubstituteBindings->handle()
#35 /home/lionel/Documents/Junkyard/gotrip/bc-cms/vendor/laravel/framework/src/Illuminate/Auth/Middleware/Authenticate.php(63): Illuminate\\Pipeline\\Pipeline->{closure:{closure:Illuminate\\Pipeline\\Pipeline::carry():194}:195}()
#36 /home/lionel/Documents/Junkyard/gotrip/bc-cms/vendor/laravel/framework/src/Illuminate/Pipeline/Pipeline.php(219): Illuminate\\Auth\\Middleware\\Authenticate->handle()
#37 /home/lionel/Documents/Junkyard/gotrip/bc-cms/vendor/laravel/framework/src/Illuminate/Foundation/Http/Middleware/VerifyCsrfToken.php(87): Illuminate\\Pipeline\\Pipeline->{closure:{closure:Illuminate\\Pipeline\\Pipeline::carry():194}:195}()
#38 /home/lionel/Documents/Junkyard/gotrip/bc-cms/vendor/laravel/framework/src/Illuminate/Pipeline/Pipeline.php(219): Illuminate\\Foundation\\Http\\Middleware\\VerifyCsrfToken->handle()
#39 /home/lionel/Documents/Junkyard/gotrip/bc-cms/vendor/laravel/framework/src/Illuminate/View/Middleware/ShareErrorsFromSession.php(48): Illuminate\\Pipeline\\Pipeline->{closure:{closure:Illuminate\\Pipeline\\Pipeline::carry():194}:195}()
#40 /home/lionel/Documents/Junkyard/gotrip/bc-cms/vendor/laravel/framework/src/Illuminate/Pipeline/Pipeline.php(219): Illuminate\\View\\Middleware\\ShareErrorsFromSession->handle()
#41 /home/lionel/Documents/Junkyard/gotrip/bc-cms/vendor/laravel/framework/src/Illuminate/Session/Middleware/StartSession.php(120): Illuminate\\Pipeline\\Pipeline->{closure:{closure:Illuminate\\Pipeline\\Pipeline::carry():194}:195}()
#42 /home/lionel/Documents/Junkyard/gotrip/bc-cms/vendor/laravel/framework/src/Illuminate/Session/Middleware/StartSession.php(63): Illuminate\\Session\\Middleware\\StartSession->handleStatefulRequest()
#43 /home/lionel/Documents/Junkyard/gotrip/bc-cms/vendor/laravel/framework/src/Illuminate/Pipeline/Pipeline.php(219): Illuminate\\Session\\Middleware\\StartSession->handle()
#44 /home/lionel/Documents/Junkyard/gotrip/bc-cms/vendor/laravel/framework/src/Illuminate/Cookie/Middleware/AddQueuedCookiesToResponse.php(36): Illuminate\\Pipeline\\Pipeline->{closure:{closure:Illuminate\\Pipeline\\Pipeline::carry():194}:195}()
#45 /home/lionel/Documents/Junkyard/gotrip/bc-cms/vendor/laravel/framework/src/Illuminate/Pipeline/Pipeline.php(219): Illuminate\\Cookie\\Middleware\\AddQueuedCookiesToResponse->handle()
#46 /home/lionel/Documents/Junkyard/gotrip/bc-cms/vendor/laravel/framework/src/Illuminate/Cookie/Middleware/EncryptCookies.php(74): Illuminate\\Pipeline\\Pipeline->{closure:{closure:Illuminate\\Pipeline\\Pipeline::carry():194}:195}()
#47 /home/lionel/Documents/Junkyard/gotrip/bc-cms/vendor/laravel/framework/src/Illuminate/Pipeline/Pipeline.php(219): Illuminate\\Cookie\\Middleware\\EncryptCookies->handle()
#48 /home/lionel/Documents/Junkyard/gotrip/bc-cms/vendor/laravel/framework/src/Illuminate/Pipeline/Pipeline.php(137): Illuminate\\Pipeline\\Pipeline->{closure:{closure:Illuminate\\Pipeline\\Pipeline::carry():194}:195}()
#49 /home/lionel/Documents/Junkyard/gotrip/bc-cms/vendor/laravel/framework/src/Illuminate/Routing/Router.php(821): Illuminate\\Pipeline\\Pipeline->then()
#50 /home/lionel/Documents/Junkyard/gotrip/bc-cms/vendor/laravel/framework/src/Illuminate/Routing/Router.php(800): Illuminate\\Routing\\Router->runRouteWithinStack()
#51 /home/lionel/Documents/Junkyard/gotrip/bc-cms/vendor/laravel/framework/src/Illuminate/Routing/Router.php(764): Illuminate\\Routing\\Router->runRoute()
#52 /home/lionel/Documents/Junkyard/gotrip/bc-cms/vendor/laravel/framework/src/Illuminate/Routing/Router.php(753): Illuminate\\Routing\\Router->dispatchToRoute()
#53 /home/lionel/Documents/Junkyard/gotrip/bc-cms/vendor/laravel/framework/src/Illuminate/Foundation/Http/Kernel.php(200): Illuminate\\Routing\\Router->dispatch()
#54 /home/lionel/Documents/Junkyard/gotrip/bc-cms/vendor/laravel/framework/src/Illuminate/Pipeline/Pipeline.php(180): Illuminate\\Foundation\\Http\\Kernel->{closure:Illuminate\\Foundation\\Http\\Kernel::dispatchToRouter():197}()
#55 /home/lionel/Documents/Junkyard/gotrip/bc-cms/themes/Base/Core/Middleware/RunUpdater.php(77): Illuminate\\Pipeline\\Pipeline->{closure:Illuminate\\Pipeline\\Pipeline::prepareDestination():178}()
#56 /home/lionel/Documents/Junkyard/gotrip/bc-cms/vendor/laravel/framework/src/Illuminate/Pipeline/Pipeline.php(219): Themes\\Base\\Core\\Middleware\\RunUpdater->handle()
#57 /home/lionel/Documents/Junkyard/gotrip/bc-cms/vendor/livewire/livewire/src/Features/SupportDisablingBackButtonCache/DisableBackButtonCacheMiddleware.php(19): Illuminate\\Pipeline\\Pipeline->{closure:{closure:Illuminate\\Pipeline\\Pipeline::carry():194}:195}()
#58 /home/lionel/Documents/Junkyard/gotrip/bc-cms/vendor/laravel/framework/src/Illuminate/Pipeline/Pipeline.php(219): Livewire\\Features\\SupportDisablingBackButtonCache\\DisableBackButtonCacheMiddleware->handle()
#59 /home/lionel/Documents/Junkyard/gotrip/bc-cms/vendor/barryvdh/laravel-debugbar/src/Middleware/InjectDebugbar.php(66): Illuminate\\Pipeline\\Pipeline->{closure:{closure:Illuminate\\Pipeline\\Pipeline::carry():194}:195}()
#60 /home/lionel/Documents/Junkyard/gotrip/bc-cms/vendor/laravel/framework/src/Illuminate/Pipeline/Pipeline.php(219): Barryvdh\\Debugbar\\Middleware\\InjectDebugbar->handle()
#61 /home/lionel/Documents/Junkyard/gotrip/bc-cms/app/Http/Middleware/RedirectToInstaller.php(40): Illuminate\\Pipeline\\Pipeline->{closure:{closure:Illuminate\\Pipeline\\Pipeline::carry():194}:195}()
#62 /home/lionel/Documents/Junkyard/gotrip/bc-cms/vendor/laravel/framework/src/Illuminate/Pipeline/Pipeline.php(219): App\\Http\\Middleware\\RedirectToInstaller->handle()
#63 /home/lionel/Documents/Junkyard/gotrip/bc-cms/vendor/laravel/framework/src/Illuminate/Foundation/Http/Middleware/TransformsRequest.php(21): Illuminate\\Pipeline\\Pipeline->{closure:{closure:Illuminate\\Pipeline\\Pipeline::carry():194}:195}()
#64 /home/lionel/Documents/Junkyard/gotrip/bc-cms/vendor/laravel/framework/src/Illuminate/Foundation/Http/Middleware/ConvertEmptyStringsToNull.php(31): Illuminate\\Foundation\\Http\\Middleware\\TransformsRequest->handle()
#65 /home/lionel/Documents/Junkyard/gotrip/bc-cms/vendor/laravel/framework/src/Illuminate/Pipeline/Pipeline.php(219): Illuminate\\Foundation\\Http\\Middleware\\ConvertEmptyStringsToNull->handle()
#66 /home/lionel/Documents/Junkyard/gotrip/bc-cms/vendor/laravel/framework/src/Illuminate/Foundation/Http/Middleware/TransformsRequest.php(21): Illuminate\\Pipeline\\Pipeline->{closure:{closure:Illuminate\\Pipeline\\Pipeline::carry():194}:195}()
#67 /home/lionel/Documents/Junkyard/gotrip/bc-cms/vendor/laravel/framework/src/Illuminate/Foundation/Http/Middleware/TrimStrings.php(51): Illuminate\\Foundation\\Http\\Middleware\\TransformsRequest->handle()
#68 /home/lionel/Documents/Junkyard/gotrip/bc-cms/vendor/laravel/framework/src/Illuminate/Pipeline/Pipeline.php(219): Illuminate\\Foundation\\Http\\Middleware\\TrimStrings->handle()
#69 /home/lionel/Documents/Junkyard/gotrip/bc-cms/vendor/laravel/framework/src/Illuminate/Http/Middleware/ValidatePostSize.php(27): Illuminate\\Pipeline\\Pipeline->{closure:{closure:Illuminate\\Pipeline\\Pipeline::carry():194}:195}()
#70 /home/lionel/Documents/Junkyard/gotrip/bc-cms/vendor/laravel/framework/src/Illuminate/Pipeline/Pipeline.php(219): Illuminate\\Http\\Middleware\\ValidatePostSize->handle()
#71 /home/lionel/Documents/Junkyard/gotrip/bc-cms/vendor/laravel/framework/src/Illuminate/Foundation/Http/Middleware/PreventRequestsDuringMaintenance.php(109): Illuminate\\Pipeline\\Pipeline->{closure:{closure:Illuminate\\Pipeline\\Pipeline::carry():194}:195}()
#72 /home/lionel/Documents/Junkyard/gotrip/bc-cms/vendor/laravel/framework/src/Illuminate/Pipeline/Pipeline.php(219): Illuminate\\Foundation\\Http\\Middleware\\PreventRequestsDuringMaintenance->handle()
#73 /home/lionel/Documents/Junkyard/gotrip/bc-cms/vendor/laravel/framework/src/Illuminate/Http/Middleware/HandleCors.php(48): Illuminate\\Pipeline\\Pipeline->{closure:{closure:Illuminate\\Pipeline\\Pipeline::carry():194}:195}()
#74 /home/lionel/Documents/Junkyard/gotrip/bc-cms/vendor/laravel/framework/src/Illuminate/Pipeline/Pipeline.php(219): Illuminate\\Http\\Middleware\\HandleCors->handle()
#75 /home/lionel/Documents/Junkyard/gotrip/bc-cms/vendor/laravel/framework/src/Illuminate/Http/Middleware/TrustProxies.php(58): Illuminate\\Pipeline\\Pipeline->{closure:{closure:Illuminate\\Pipeline\\Pipeline::carry():194}:195}()
#76 /home/lionel/Documents/Junkyard/gotrip/bc-cms/vendor/laravel/framework/src/Illuminate/Pipeline/Pipeline.php(219): Illuminate\\Http\\Middleware\\TrustProxies->handle()
#77 /home/lionel/Documents/Junkyard/gotrip/bc-cms/vendor/laravel/framework/src/Illuminate/Foundation/Http/Middleware/InvokeDeferredCallbacks.php(22): Illuminate\\Pipeline\\Pipeline->{closure:{closure:Illuminate\\Pipeline\\Pipeline::carry():194}:195}()
#78 /home/lionel/Documents/Junkyard/gotrip/bc-cms/vendor/laravel/framework/src/Illuminate/Pipeline/Pipeline.php(219): Illuminate\\Foundation\\Http\\Middleware\\InvokeDeferredCallbacks->handle()
#79 /home/lionel/Documents/Junkyard/gotrip/bc-cms/vendor/laravel/framework/src/Illuminate/Http/Middleware/ValidatePathEncoding.php(26): Illuminate\\Pipeline\\Pipeline->{closure:{closure:Illuminate\\Pipeline\\Pipeline::carry():194}:195}()
#80 /home/lionel/Documents/Junkyard/gotrip/bc-cms/vendor/laravel/framework/src/Illuminate/Pipeline/Pipeline.php(219): Illuminate\\Http\\Middleware\\ValidatePathEncoding->handle()
#81 /home/lionel/Documents/Junkyard/gotrip/bc-cms/vendor/laravel/framework/src/Illuminate/Pipeline/Pipeline.php(137): Illuminate\\Pipeline\\Pipeline->{closure:{closure:Illuminate\\Pipeline\\Pipeline::carry():194}:195}()
#82 /home/lionel/Documents/Junkyard/gotrip/bc-cms/vendor/laravel/framework/src/Illuminate/Foundation/Http/Kernel.php(175): Illuminate\\Pipeline\\Pipeline->then()
#83 /home/lionel/Documents/Junkyard/gotrip/bc-cms/vendor/laravel/framework/src/Illuminate/Foundation/Http/Kernel.php(144): Illuminate\\Foundation\\Http\\Kernel->sendRequestThroughRouter()
#84 /home/lionel/Documents/Junkyard/gotrip/bc-cms/vendor/laravel/framework/src/Illuminate/Foundation/Application.php(1219): Illuminate\\Foundation\\Http\\Kernel->handle()
#85 /home/lionel/Documents/Junkyard/gotrip/public_html/index.php(84): Illuminate\\Foundation\\Application->handleRequest()
#86 /home/lionel/Documents/Junkyard/gotrip/bc-cms/server.php(21): require_once('...')
#87 {main}
"} 
[2026-05-24 15:10:05] local.ERROR: Route [admin.booking.detail] not defined. {"userId":6,"exception":"[object] (Symfony\\Component\\Routing\\Exception\\RouteNotFoundException(code: 0): Route [admin.booking.detail] not defined. at /home/lionel/Documents/Junkyard/gotrip/bc-cms/vendor/laravel/framework/src/Illuminate/Routing/UrlGenerator.php:526)
[stacktrace]
#0 /home/lionel/Documents/Junkyard/gotrip/bc-cms/vendor/laravel/framework/src/Illuminate/Routing/Redirector.php(153): Illuminate\\Routing\\UrlGenerator->route()
#1 /home/lionel/Documents/Junkyard/gotrip/bc-cms/pro/Tanova/Controllers/TanovaAdminController.php(120): Illuminate\\Routing\\Redirector->route()
#2 /home/lionel/Documents/Junkyard/gotrip/bc-cms/vendor/laravel/framework/src/Illuminate/Routing/Controller.php(54): Pro\\Tanova\\Controllers\\TanovaAdminController->moveToBookings()
#3 /home/lionel/Documents/Junkyard/gotrip/bc-cms/vendor/laravel/framework/src/Illuminate/Routing/ControllerDispatcher.php(43): Illuminate\\Routing\\Controller->callAction()
#4 /home/lionel/Documents/Junkyard/gotrip/bc-cms/vendor/laravel/framework/src/Illuminate/Routing/Route.php(265): Illuminate\\Routing\\ControllerDispatcher->dispatch()
#5 /home/lionel/Documents/Junkyard/gotrip/bc-cms/vendor/laravel/framework/src/Illuminate/Routing/Route.php(211): Illuminate\\Routing\\Route->runController()
#6 /home/lionel/Documents/Junkyard/gotrip/bc-cms/vendor/laravel/framework/src/Illuminate/Routing/Router.php(822): Illuminate\\Routing\\Route->run()
#7 /home/lionel/Documents/Junkyard/gotrip/bc-cms/vendor/laravel/framework/src/Illuminate/Pipeline/Pipeline.php(180): Illuminate\\Routing\\Router->{closure:Illuminate\\Routing\\Router::runRouteWithinStack():821}()
#8 /home/lionel/Documents/Junkyard/gotrip/bc-cms/vendor/laravel/framework/src/Illuminate/Auth/Middleware/EnsureEmailIsVerified.php(41): Illuminate\\Pipeline\\Pipeline->{closure:Illuminate\\Pipeline\\Pipeline::prepareDestination():178}()
#9 /home/lionel/Documents/Junkyard/gotrip/bc-cms/vendor/laravel/framework/src/Illuminate/Pipeline/Pipeline.php(219): Illuminate\\Auth\\Middleware\\EnsureEmailIsVerified->handle()
#10 /home/lionel/Documents/Junkyard/gotrip/bc-cms/vendor/barryvdh/laravel-debugbar/src/Middleware/InjectDebugbar.php(66): Illuminate\\Pipeline\\Pipeline->{closure:{closure:Illuminate\\Pipeline\\Pipeline::carry():194}:195}()
#11 /home/lionel/Documents/Junkyard/gotrip/bc-cms/vendor/laravel/framework/src/Illuminate/Pipeline/Pipeline.php(219): Barryvdh\\Debugbar\\Middleware\\InjectDebugbar->handle()
#12 /home/lionel/Documents/Junkyard/gotrip/bc-cms/app/Http/Middleware/RequireChangePassword.php(41): Illuminate\\Pipeline\\Pipeline->{closure:{closure:Illuminate\\Pipeline\\Pipeline::carry():194}:195}()
#13 /home/lionel/Documents/Junkyard/gotrip/bc-cms/vendor/laravel/framework/src/Illuminate/Pipeline/Pipeline.php(219): App\\Http\\Middleware\\RequireChangePassword->handle()
#14 /home/lionel/Documents/Junkyard/gotrip/bc-cms/app/Http/Middleware/SetCurrentCurrency.php(48): Illuminate\\Pipeline\\Pipeline->{closure:{closure:Illuminate\\Pipeline\\Pipeline::carry():194}:195}()
#15 /home/lionel/Documents/Junkyard/gotrip/bc-cms/vendor/laravel/framework/src/Illuminate/Pipeline/Pipeline.php(219): App\\Http\\Middleware\\SetCurrentCurrency->handle()
#16 /home/lionel/Documents/Junkyard/gotrip/bc-cms/app/Http/Middleware/SetLanguageForAdmin.php(37): Illuminate\\Pipeline\\Pipeline->{closure:{closure:Illuminate\\Pipeline\\Pipeline::carry():194}:195}()
#17 /home/lionel/Documents/Junkyard/gotrip/bc-cms/vendor/laravel/framework/src/Illuminate/Pipeline/Pipeline.php(219): App\\Http\\Middleware\\SetLanguageForAdmin->handle()
#18 /home/lionel/Documents/Junkyard/gotrip/bc-cms/app/Http/Middleware/RedirectForMultiLanguage.php(58): Illuminate\\Pipeline\\Pipeline->{closure:{closure:Illuminate\\Pipeline\\Pipeline::carry():194}:195}()
#19 /home/lionel/Documents/Junkyard/gotrip/bc-cms/vendor/laravel/framework/src/Illuminate/Pipeline/Pipeline.php(219): App\\Http\\Middleware\\RedirectForMultiLanguage->handle()
#20 /home/lionel/Documents/Junkyard/gotrip/bc-cms/app/Http/Middleware/FrontendGuard.php(67): Illuminate\\Pipeline\\Pipeline->{closure:{closure:Illuminate\\Pipeline\\Pipeline::carry():194}:195}()
#21 /home/lionel/Documents/Junkyard/gotrip/bc-cms/vendor/laravel/framework/src/Illuminate/Pipeline/Pipeline.php(219): App\\Http\\Middleware\\FrontendGuard->handle()
#22 /home/lionel/Documents/Junkyard/gotrip/bc-cms/vendor/laravel/framework/src/Illuminate/Routing/Middleware/SubstituteBindings.php(50): Illuminate\\Pipeline\\Pipeline->{closure:{closure:Illuminate\\Pipeline\\Pipeline::carry():194}:195}()
#23 /home/lionel/Documents/Junkyard/gotrip/bc-cms/vendor/laravel/framework/src/Illuminate/Pipeline/Pipeline.php(219): Illuminate\\Routing\\Middleware\\SubstituteBindings->handle()
#24 /home/lionel/Documents/Junkyard/gotrip/bc-cms/vendor/laravel/framework/src/Illuminate/Auth/Middleware/Authenticate.php(63): Illuminate\\Pipeline\\Pipeline->{closure:{closure:Illuminate\\Pipeline\\Pipeline::carry():194}:195}()
#25 /home/lionel/Documents/Junkyard/gotrip/bc-cms/vendor/laravel/framework/src/Illuminate/Pipeline/Pipeline.php(219): Illuminate\\Auth\\Middleware\\Authenticate->handle()
#26 /home/lionel/Documents/Junkyard/gotrip/bc-cms/vendor/laravel/framework/src/Illuminate/Foundation/Http/Middleware/VerifyCsrfToken.php(87): Illuminate\\Pipeline\\Pipeline->{closure:{closure:Illuminate\\Pipeline\\Pipeline::carry():194}:195}()
#27 /home/lionel/Documents/Junkyard/gotrip/bc-cms/vendor/laravel/framework/src/Illuminate/Pipeline/Pipeline.php(219): Illuminate\\Foundation\\Http\\Middleware\\VerifyCsrfToken->handle()
#28 /home/lionel/Documents/Junkyard/gotrip/bc-cms/vendor/laravel/framework/src/Illuminate/View/Middleware/ShareErrorsFromSession.php(48): Illuminate\\Pipeline\\Pipeline->{closure:{closure:Illuminate\\Pipeline\\Pipeline::carry():194}:195}()
#29 /home/lionel/Documents/Junkyard/gotrip/bc-cms/vendor/laravel/framework/src/Illuminate/Pipeline/Pipeline.php(219): Illuminate\\View\\Middleware\\ShareErrorsFromSession->handle()
#30 /home/lionel/Documents/Junkyard/gotrip/bc-cms/vendor/laravel/framework/src/Illuminate/Session/Middleware/StartSession.php(120): Illuminate\\Pipeline\\Pipeline->{closure:{closure:Illuminate\\Pipeline\\Pipeline::carry():194}:195}()
#31 /home/lionel/Documents/Junkyard/gotrip/bc-cms/vendor/laravel/framework/src/Illuminate/Session/Middleware/StartSession.php(63): Illuminate\\Session\\Middleware\\StartSession->handleStatefulRequest()
#32 /home/lionel/Documents/Junkyard/gotrip/bc-cms/vendor/laravel/framework/src/Illuminate/Pipeline/Pipeline.php(219): Illuminate\\Session\\Middleware\\StartSession->handle()
#33 /home/lionel/Documents/Junkyard/gotrip/bc-cms/vendor/laravel/framework/src/Illuminate/Cookie/Middleware/AddQueuedCookiesToResponse.php(36): Illuminate\\Pipeline\\Pipeline->{closure:{closure:Illuminate\\Pipeline\\Pipeline::carry():194}:195}()
#34 /home/lionel/Documents/Junkyard/gotrip/bc-cms/vendor/laravel/framework/src/Illuminate/Pipeline/Pipeline.php(219): Illuminate\\Cookie\\Middleware\\AddQueuedCookiesToResponse->handle()
#35 /home/lionel/Documents/Junkyard/gotrip/bc-cms/vendor/laravel/framework/src/Illuminate/Cookie/Middleware/EncryptCookies.php(74): Illuminate\\Pipeline\\Pipeline->{closure:{closure:Illuminate\\Pipeline\\Pipeline::carry():194}:195}()
#36 /home/lionel/Documents/Junkyard/gotrip/bc-cms/vendor/laravel/framework/src/Illuminate/Pipeline/Pipeline.php(219): Illuminate\\Cookie\\Middleware\\EncryptCookies->handle()
#37 /home/lionel/Documents/Junkyard/gotrip/bc-cms/vendor/laravel/framework/src/Illuminate/Pipeline/Pipeline.php(137): Illuminate\\Pipeline\\Pipeline->{closure:{closure:Illuminate\\Pipeline\\Pipeline::carry():194}:195}()
#38 /home/lionel/Documents/Junkyard/gotrip/bc-cms/vendor/laravel/framework/src/Illuminate/Routing/Router.php(821): Illuminate\\Pipeline\\Pipeline->then()
#39 /home/lionel/Documents/Junkyard/gotrip/bc-cms/vendor/laravel/framework/src/Illuminate/Routing/Router.php(800): Illuminate\\Routing\\Router->runRouteWithinStack()
#40 /home/lionel/Documents/Junkyard/gotrip/bc-cms/vendor/laravel/framework/src/Illuminate/Routing/Router.php(764): Illuminate\\Routing\\Router->runRoute()
#41 /home/lionel/Documents/Junkyard/gotrip/bc-cms/vendor/laravel/framework/src/Illuminate/Routing/Router.php(753): Illuminate\\Routing\\Router->dispatchToRoute()
#42 /home/lionel/Documents/Junkyard/gotrip/bc-cms/vendor/laravel/framework/src/Illuminate/Foundation/Http/Kernel.php(200): Illuminate\\Routing\\Router->dispatch()
#43 /home/lionel/Documents/Junkyard/gotrip/bc-cms/vendor/laravel/framework/src/Illuminate/Pipeline/Pipeline.php(180): Illuminate\\Foundation\\Http\\Kernel->{closure:Illuminate\\Foundation\\Http\\Kernel::dispatchToRouter():197}()
#44 /home/lionel/Documents/Junkyard/gotrip/bc-cms/themes/Base/Core/Middleware/RunUpdater.php(77): Illuminate\\Pipeline\\Pipeline->{closure:Illuminate\\Pipeline\\Pipeline::prepareDestination():178}()
#45 /home/lionel/Documents/Junkyard/gotrip/bc-cms/vendor/laravel/framework/src/Illuminate/Pipeline/Pipeline.php(219): Themes\\Base\\Core\\Middleware\\RunUpdater->handle()
#46 /home/lionel/Documents/Junkyard/gotrip/bc-cms/vendor/livewire/livewire/src/Features/SupportDisablingBackButtonCache/DisableBackButtonCacheMiddleware.php(19): Illuminate\\Pipeline\\Pipeline->{closure:{closure:Illuminate\\Pipeline\\Pipeline::carry():194}:195}()
#47 /home/lionel/Documents/Junkyard/gotrip/bc-cms/vendor/laravel/framework/src/Illuminate/Pipeline/Pipeline.php(219): Livewire\\Features\\SupportDisablingBackButtonCache\\DisableBackButtonCacheMiddleware->handle()
#48 /home/lionel/Documents/Junkyard/gotrip/bc-cms/vendor/barryvdh/laravel-debugbar/src/Middleware/InjectDebugbar.php(66): Illuminate\\Pipeline\\Pipeline->{closure:{closure:Illuminate\\Pipeline\\Pipeline::carry():194}:195}()
#49 /home/lionel/Documents/Junkyard/gotrip/bc-cms/vendor/laravel/framework/src/Illuminate/Pipeline/Pipeline.php(219): Barryvdh\\Debugbar\\Middleware\\InjectDebugbar->handle()
#50 /home/lionel/Documents/Junkyard/gotrip/bc-cms/app/Http/Middleware/RedirectToInstaller.php(40): Illuminate\\Pipeline\\Pipeline->{closure:{closure:Illuminate\\Pipeline\\Pipeline::carry():194}:195}()
#51 /home/lionel/Documents/Junkyard/gotrip/bc-cms/vendor/laravel/framework/src/Illuminate/Pipeline/Pipeline.php(219): App\\Http\\Middleware\\RedirectToInstaller->handle()
#52 /home/lionel/Documents/Junkyard/gotrip/bc-cms/vendor/laravel/framework/src/Illuminate/Foundation/Http/Middleware/TransformsRequest.php(21): Illuminate\\Pipeline\\Pipeline->{closure:{closure:Illuminate\\Pipeline\\Pipeline::carry():194}:195}()
#53 /home/lionel/Documents/Junkyard/gotrip/bc-cms/vendor/laravel/framework/src/Illuminate/Foundation/Http/Middleware/ConvertEmptyStringsToNull.php(31): Illuminate\\Foundation\\Http\\Middleware\\TransformsRequest->handle()
#54 /home/lionel/Documents/Junkyard/gotrip/bc-cms/vendor/laravel/framework/src/Illuminate/Pipeline/Pipeline.php(219): Illuminate\\Foundation\\Http\\Middleware\\ConvertEmptyStringsToNull->handle()
#55 /home/lionel/Documents/Junkyard/gotrip/bc-cms/vendor/laravel/framework/src/Illuminate/Foundation/Http/Middleware/TransformsRequest.php(21): Illuminate\\Pipeline\\Pipeline->{closure:{closure:Illuminate\\Pipeline\\Pipeline::carry():194}:195}()
#56 /home/lionel/Documents/Junkyard/gotrip/bc-cms/vendor/laravel/framework/src/Illuminate/Foundation/Http/Middleware/TrimStrings.php(51): Illuminate\\Foundation\\Http\\Middleware\\TransformsRequest->handle()
#57 /home/lionel/Documents/Junkyard/gotrip/bc-cms/vendor/laravel/framework/src/Illuminate/Pipeline/Pipeline.php(219): Illuminate\\Foundation\\Http\\Middleware\\TrimStrings->handle()
#58 /home/lionel/Documents/Junkyard/gotrip/bc-cms/vendor/laravel/framework/src/Illuminate/Http/Middleware/ValidatePostSize.php(27): Illuminate\\Pipeline\\Pipeline->{closure:{closure:Illuminate\\Pipeline\\Pipeline::carry():194}:195}()
#59 /home/lionel/Documents/Junkyard/gotrip/bc-cms/vendor/laravel/framework/src/Illuminate/Pipeline/Pipeline.php(219): Illuminate\\Http\\Middleware\\ValidatePostSize->handle()
#60 /home/lionel/Documents/Junkyard/gotrip/bc-cms/vendor/laravel/framework/src/Illuminate/Foundation/Http/Middleware/PreventRequestsDuringMaintenance.php(109): Illuminate\\Pipeline\\Pipeline->{closure:{closure:Illuminate\\Pipeline\\Pipeline::carry():194}:195}()
#61 /home/lionel/Documents/Junkyard/gotrip/bc-cms/vendor/laravel/framework/src/Illuminate/Pipeline/Pipeline.php(219): Illuminate\\Foundation\\Http\\Middleware\\PreventRequestsDuringMaintenance->handle()
#62 /home/lionel/Documents/Junkyard/gotrip/bc-cms/vendor/laravel/framework/src/Illuminate/Http/Middleware/HandleCors.php(48): Illuminate\\Pipeline\\Pipeline->{closure:{closure:Illuminate\\Pipeline\\Pipeline::carry():194}:195}()
#63 /home/lionel/Documents/Junkyard/gotrip/bc-cms/vendor/laravel/framework/src/Illuminate/Pipeline/Pipeline.php(219): Illuminate\\Http\\Middleware\\HandleCors->handle()
#64 /home/lionel/Documents/Junkyard/gotrip/bc-cms/vendor/laravel/framework/src/Illuminate/Http/Middleware/TrustProxies.php(58): Illuminate\\Pipeline\\Pipeline->{closure:{closure:Illuminate\\Pipeline\\Pipeline::carry():194}:195}()
#65 /home/lionel/Documents/Junkyard/gotrip/bc-cms/vendor/laravel/framework/src/Illuminate/Pipeline/Pipeline.php(219): Illuminate\\Http\\Middleware\\TrustProxies->handle()
#66 /home/lionel/Documents/Junkyard/gotrip/bc-cms/vendor/laravel/framework/src/Illuminate/Foundation/Http/Middleware/InvokeDeferredCallbacks.php(22): Illuminate\\Pipeline\\Pipeline->{closure:{closure:Illuminate\\Pipeline\\Pipeline::carry():194}:195}()
#67 /home/lionel/Documents/Junkyard/gotrip/bc-cms/vendor/laravel/framework/src/Illuminate/Pipeline/Pipeline.php(219): Illuminate\\Foundation\\Http\\Middleware\\InvokeDeferredCallbacks->handle()
#68 /home/lionel/Documents/Junkyard/gotrip/bc-cms/vendor/laravel/framework/src/Illuminate/Http/Middleware/ValidatePathEncoding.php(26): Illuminate\\Pipeline\\Pipeline->{closure:{closure:Illuminate\\Pipeline\\Pipeline::carry():194}:195}()
#69 /home/lionel/Documents/Junkyard/gotrip/bc-cms/vendor/laravel/framework/src/Illuminate/Pipeline/Pipeline.php(219): Illuminate\\Http\\Middleware\\ValidatePathEncoding->handle()
#70 /home/lionel/Documents/Junkyard/gotrip/bc-cms/vendor/laravel/framework/src/Illuminate/Pipeline/Pipeline.php(137): Illuminate\\Pipeline\\Pipeline->{closure:{closure:Illuminate\\Pipeline\\Pipeline::carry():194}:195}()
#71 /home/lionel/Documents/Junkyard/gotrip/bc-cms/vendor/laravel/framework/src/Illuminate/Foundation/Http/Kernel.php(175): Illuminate\\Pipeline\\Pipeline->then()
#72 /home/lionel/Documents/Junkyard/gotrip/bc-cms/vendor/laravel/framework/src/Illuminate/Foundation/Http/Kernel.php(144): Illuminate\\Foundation\\Http\\Kernel->sendRequestThroughRouter()
#73 /home/lionel/Documents/Junkyard/gotrip/bc-cms/vendor/laravel/framework/src/Illuminate/Foundation/Application.php(1219): Illuminate\\Foundation\\Http\\Kernel->handle()
#74 /home/lionel/Documents/Junkyard/gotrip/public_html/index.php(84): Illuminate\\Foundation\\Application->handleRequest()
#75 /home/lionel/Documents/Junkyard/gotrip/bc-cms/server.php(21): require_once('...')
#76 {main}
"} 
[2026-05-24 15:13:33] local.ERROR: Route [admin.booking.detail] not defined. {"view":{"view":"/home/lionel/Documents/Junkyard/gotrip/bc-cms/pro/Tanova/Views/admin/detail.blade.php","data":[]},"userId":6,"exception":"[object] (Spatie\\LaravelIgnition\\Exceptions\\ViewException(code: 0): Route [admin.booking.detail] not defined. at /home/lionel/Documents/Junkyard/gotrip/bc-cms/vendor/laravel/framework/src/Illuminate/Routing/UrlGenerator.php:526)
[stacktrace]
#0 /home/lionel/Documents/Junkyard/gotrip/bc-cms/vendor/laravel/framework/src/Illuminate/Foundation/helpers.php(885): Illuminate\\Routing\\UrlGenerator->route()
#1 /home/lionel/Documents/Junkyard/gotrip/bc-cms/pro/Tanova/Views/admin/detail.blade.php(260): route()
#2 /home/lionel/Documents/Junkyard/gotrip/bc-cms/vendor/laravel/framework/src/Illuminate/Filesystem/Filesystem.php(123): require('...')
#3 /home/lionel/Documents/Junkyard/gotrip/bc-cms/vendor/laravel/framework/src/Illuminate/Filesystem/Filesystem.php(124): Illuminate\\Filesystem\\Filesystem::{closure:Illuminate\\Filesystem\\Filesystem::getRequire():120}()
#4 /home/lionel/Documents/Junkyard/gotrip/bc-cms/vendor/laravel/framework/src/Illuminate/View/Engines/PhpEngine.php(57): Illuminate\\Filesystem\\Filesystem->getRequire()
#5 /home/lionel/Documents/Junkyard/gotrip/bc-cms/vendor/livewire/livewire/src/Mechanisms/ExtendBlade/ExtendedCompilerEngine.php(22): Illuminate\\View\\Engines\\PhpEngine->evaluatePath()
#6 /home/lionel/Documents/Junkyard/gotrip/bc-cms/vendor/laravel/framework/src/Illuminate/View/Engines/CompilerEngine.php(76): Livewire\\Mechanisms\\ExtendBlade\\ExtendedCompilerEngine->evaluatePath()
#7 /home/lionel/Documents/Junkyard/gotrip/bc-cms/vendor/livewire/livewire/src/Mechanisms/ExtendBlade/ExtendedCompilerEngine.php(10): Illuminate\\View\\Engines\\CompilerEngine->get()
#8 /home/lionel/Documents/Junkyard/gotrip/bc-cms/vendor/laravel/framework/src/Illuminate/View/View.php(208): Livewire\\Mechanisms\\ExtendBlade\\ExtendedCompilerEngine->get()
#9 /home/lionel/Documents/Junkyard/gotrip/bc-cms/vendor/laravel/framework/src/Illuminate/View/View.php(191): Illuminate\\View\\View->getContents()
#10 /home/lionel/Documents/Junkyard/gotrip/bc-cms/vendor/laravel/framework/src/Illuminate/View/View.php(160): Illuminate\\View\\View->renderContents()
#11 /home/lionel/Documents/Junkyard/gotrip/bc-cms/vendor/laravel/framework/src/Illuminate/Http/Response.php(78): Illuminate\\View\\View->render()
#12 /home/lionel/Documents/Junkyard/gotrip/bc-cms/vendor/laravel/framework/src/Illuminate/Http/Response.php(34): Illuminate\\Http\\Response->setContent()
#13 /home/lionel/Documents/Junkyard/gotrip/bc-cms/vendor/laravel/framework/src/Illuminate/Routing/Router.php(939): Illuminate\\Http\\Response->__construct()
#14 /home/lionel/Documents/Junkyard/gotrip/bc-cms/vendor/laravel/framework/src/Illuminate/Routing/Router.php(906): Illuminate\\Routing\\Router::toResponse()
#15 /home/lionel/Documents/Junkyard/gotrip/bc-cms/vendor/laravel/framework/src/Illuminate/Routing/Router.php(821): Illuminate\\Routing\\Router->prepareResponse()
#16 /home/lionel/Documents/Junkyard/gotrip/bc-cms/vendor/laravel/framework/src/Illuminate/Pipeline/Pipeline.php(180): Illuminate\\Routing\\Router->{closure:Illuminate\\Routing\\Router::runRouteWithinStack():821}()
#17 /home/lionel/Documents/Junkyard/gotrip/bc-cms/vendor/laravel/framework/src/Illuminate/Auth/Middleware/EnsureEmailIsVerified.php(41): Illuminate\\Pipeline\\Pipeline->{closure:Illuminate\\Pipeline\\Pipeline::prepareDestination():178}()
#18 /home/lionel/Documents/Junkyard/gotrip/bc-cms/vendor/laravel/framework/src/Illuminate/Pipeline/Pipeline.php(219): Illuminate\\Auth\\Middleware\\EnsureEmailIsVerified->handle()
#19 /home/lionel/Documents/Junkyard/gotrip/bc-cms/vendor/barryvdh/laravel-debugbar/src/Middleware/InjectDebugbar.php(66): Illuminate\\Pipeline\\Pipeline->{closure:{closure:Illuminate\\Pipeline\\Pipeline::carry():194}:195}()
#20 /home/lionel/Documents/Junkyard/gotrip/bc-cms/vendor/laravel/framework/src/Illuminate/Pipeline/Pipeline.php(219): Barryvdh\\Debugbar\\Middleware\\InjectDebugbar->handle()
#21 /home/lionel/Documents/Junkyard/gotrip/bc-cms/app/Http/Middleware/RequireChangePassword.php(41): Illuminate\\Pipeline\\Pipeline->{closure:{closure:Illuminate\\Pipeline\\Pipeline::carry():194}:195}()
#22 /home/lionel/Documents/Junkyard/gotrip/bc-cms/vendor/laravel/framework/src/Illuminate/Pipeline/Pipeline.php(219): App\\Http\\Middleware\\RequireChangePassword->handle()
#23 /home/lionel/Documents/Junkyard/gotrip/bc-cms/app/Http/Middleware/SetCurrentCurrency.php(48): Illuminate\\Pipeline\\Pipeline->{closure:{closure:Illuminate\\Pipeline\\Pipeline::carry():194}:195}()
#24 /home/lionel/Documents/Junkyard/gotrip/bc-cms/vendor/laravel/framework/src/Illuminate/Pipeline/Pipeline.php(219): App\\Http\\Middleware\\SetCurrentCurrency->handle()
#25 /home/lionel/Documents/Junkyard/gotrip/bc-cms/app/Http/Middleware/SetLanguageForAdmin.php(37): Illuminate\\Pipeline\\Pipeline->{closure:{closure:Illuminate\\Pipeline\\Pipeline::carry():194}:195}()
#26 /home/lionel/Documents/Junkyard/gotrip/bc-cms/vendor/laravel/framework/src/Illuminate/Pipeline/Pipeline.php(219): App\\Http\\Middleware\\SetLanguageForAdmin->handle()
#27 /home/lionel/Documents/Junkyard/gotrip/bc-cms/app/Http/Middleware/RedirectForMultiLanguage.php(58): Illuminate\\Pipeline\\Pipeline->{closure:{closure:Illuminate\\Pipeline\\Pipeline::carry():194}:195}()
#28 /home/lionel/Documents/Junkyard/gotrip/bc-cms/vendor/laravel/framework/src/Illuminate/Pipeline/Pipeline.php(219): App\\Http\\Middleware\\RedirectForMultiLanguage->handle()
#29 /home/lionel/Documents/Junkyard/gotrip/bc-cms/app/Http/Middleware/FrontendGuard.php(67): Illuminate\\Pipeline\\Pipeline->{closure:{closure:Illuminate\\Pipeline\\Pipeline::carry():194}:195}()
#30 /home/lionel/Documents/Junkyard/gotrip/bc-cms/vendor/laravel/framework/src/Illuminate/Pipeline/Pipeline.php(219): App\\Http\\Middleware\\FrontendGuard->handle()
#31 /home/lionel/Documents/Junkyard/gotrip/bc-cms/vendor/laravel/framework/src/Illuminate/Routing/Middleware/SubstituteBindings.php(50): Illuminate\\Pipeline\\Pipeline->{closure:{closure:Illuminate\\Pipeline\\Pipeline::carry():194}:195}()
#32 /home/lionel/Documents/Junkyard/gotrip/bc-cms/vendor/laravel/framework/src/Illuminate/Pipeline/Pipeline.php(219): Illuminate\\Routing\\Middleware\\SubstituteBindings->handle()
#33 /home/lionel/Documents/Junkyard/gotrip/bc-cms/vendor/laravel/framework/src/Illuminate/Auth/Middleware/Authenticate.php(63): Illuminate\\Pipeline\\Pipeline->{closure:{closure:Illuminate\\Pipeline\\Pipeline::carry():194}:195}()
#34 /home/lionel/Documents/Junkyard/gotrip/bc-cms/vendor/laravel/framework/src/Illuminate/Pipeline/Pipeline.php(219): Illuminate\\Auth\\Middleware\\Authenticate->handle()
#35 /home/lionel/Documents/Junkyard/gotrip/bc-cms/vendor/laravel/framework/src/Illuminate/Foundation/Http/Middleware/VerifyCsrfToken.php(87): Illuminate\\Pipeline\\Pipeline->{closure:{closure:Illuminate\\Pipeline\\Pipeline::carry():194}:195}()
#36 /home/lionel/Documents/Junkyard/gotrip/bc-cms/vendor/laravel/framework/src/Illuminate/Pipeline/Pipeline.php(219): Illuminate\\Foundation\\Http\\Middleware\\VerifyCsrfToken->handle()
#37 /home/lionel/Documents/Junkyard/gotrip/bc-cms/vendor/laravel/framework/src/Illuminate/View/Middleware/ShareErrorsFromSession.php(48): Illuminate\\Pipeline\\Pipeline->{closure:{closure:Illuminate\\Pipeline\\Pipeline::carry():194}:195}()
#38 /home/lionel/Documents/Junkyard/gotrip/bc-cms/vendor/laravel/framework/src/Illuminate/Pipeline/Pipeline.php(219): Illuminate\\View\\Middleware\\ShareErrorsFromSession->handle()
#39 /home/lionel/Documents/Junkyard/gotrip/bc-cms/vendor/laravel/framework/src/Illuminate/Session/Middleware/StartSession.php(120): Illuminate\\Pipeline\\Pipeline->{closure:{closure:Illuminate\\Pipeline\\Pipeline::carry():194}:195}()
#40 /home/lionel/Documents/Junkyard/gotrip/bc-cms/vendor/laravel/framework/src/Illuminate/Session/Middleware/StartSession.php(63): Illuminate\\Session\\Middleware\\StartSession->handleStatefulRequest()
#41 /home/lionel/Documents/Junkyard/gotrip/bc-cms/vendor/laravel/framework/src/Illuminate/Pipeline/Pipeline.php(219): Illuminate\\Session\\Middleware\\StartSession->handle()
#42 /home/lionel/Documents/Junkyard/gotrip/bc-cms/vendor/laravel/framework/src/Illuminate/Cookie/Middleware/AddQueuedCookiesToResponse.php(36): Illuminate\\Pipeline\\Pipeline->{closure:{closure:Illuminate\\Pipeline\\Pipeline::carry():194}:195}()
#43 /home/lionel/Documents/Junkyard/gotrip/bc-cms/vendor/laravel/framework/src/Illuminate/Pipeline/Pipeline.php(219): Illuminate\\Cookie\\Middleware\\AddQueuedCookiesToResponse->handle()
#44 /home/lionel/Documents/Junkyard/gotrip/bc-cms/vendor/laravel/framework/src/Illuminate/Cookie/Middleware/EncryptCookies.php(74): Illuminate\\Pipeline\\Pipeline->{closure:{closure:Illuminate\\Pipeline\\Pipeline::carry():194}:195}()
#45 /home/lionel/Documents/Junkyard/gotrip/bc-cms/vendor/laravel/framework/src/Illuminate/Pipeline/Pipeline.php(219): Illuminate\\Cookie\\Middleware\\EncryptCookies->handle()
#46 /home/lionel/Documents/Junkyard/gotrip/bc-cms/vendor/laravel/framework/src/Illuminate/Pipeline/Pipeline.php(137): Illuminate\\Pipeline\\Pipeline->{closure:{closure:Illuminate\\Pipeline\\Pipeline::carry():194}:195}()
#47 /home/lionel/Documents/Junkyard/gotrip/bc-cms/vendor/laravel/framework/src/Illuminate/Routing/Router.php(821): Illuminate\\Pipeline\\Pipeline->then()
#48 /home/lionel/Documents/Junkyard/gotrip/bc-cms/vendor/laravel/framework/src/Illuminate/Routing/Router.php(800): Illuminate\\Routing\\Router->runRouteWithinStack()
#49 /home/lionel/Documents/Junkyard/gotrip/bc-cms/vendor/laravel/framework/src/Illuminate/Routing/Router.php(764): Illuminate\\Routing\\Router->runRoute()
#50 /home/lionel/Documents/Junkyard/gotrip/bc-cms/vendor/laravel/framework/src/Illuminate/Routing/Router.php(753): Illuminate\\Routing\\Router->dispatchToRoute()
#51 /home/lionel/Documents/Junkyard/gotrip/bc-cms/vendor/laravel/framework/src/Illuminate/Foundation/Http/Kernel.php(200): Illuminate\\Routing\\Router->dispatch()
#52 /home/lionel/Documents/Junkyard/gotrip/bc-cms/vendor/laravel/framework/src/Illuminate/Pipeline/Pipeline.php(180): Illuminate\\Foundation\\Http\\Kernel->{closure:Illuminate\\Foundation\\Http\\Kernel::dispatchToRouter():197}()
#53 /home/lionel/Documents/Junkyard/gotrip/bc-cms/themes/Base/Core/Middleware/RunUpdater.php(77): Illuminate\\Pipeline\\Pipeline->{closure:Illuminate\\Pipeline\\Pipeline::prepareDestination():178}()
#54 /home/lionel/Documents/Junkyard/gotrip/bc-cms/vendor/laravel/framework/src/Illuminate/Pipeline/Pipeline.php(219): Themes\\Base\\Core\\Middleware\\RunUpdater->handle()
#55 /home/lionel/Documents/Junkyard/gotrip/bc-cms/vendor/livewire/livewire/src/Features/SupportDisablingBackButtonCache/DisableBackButtonCacheMiddleware.php(19): Illuminate\\Pipeline\\Pipeline->{closure:{closure:Illuminate\\Pipeline\\Pipeline::carry():194}:195}()
#56 /home/lionel/Documents/Junkyard/gotrip/bc-cms/vendor/laravel/framework/src/Illuminate/Pipeline/Pipeline.php(219): Livewire\\Features\\SupportDisablingBackButtonCache\\DisableBackButtonCacheMiddleware->handle()
#57 /home/lionel/Documents/Junkyard/gotrip/bc-cms/vendor/barryvdh/laravel-debugbar/src/Middleware/InjectDebugbar.php(66): Illuminate\\Pipeline\\Pipeline->{closure:{closure:Illuminate\\Pipeline\\Pipeline::carry():194}:195}()
#58 /home/lionel/Documents/Junkyard/gotrip/bc-cms/vendor/laravel/framework/src/Illuminate/Pipeline/Pipeline.php(219): Barryvdh\\Debugbar\\Middleware\\InjectDebugbar->handle()
#59 /home/lionel/Documents/Junkyard/gotrip/bc-cms/app/Http/Middleware/RedirectToInstaller.php(40): Illuminate\\Pipeline\\Pipeline->{closure:{closure:Illuminate\\Pipeline\\Pipeline::carry():194}:195}()
#60 /home/lionel/Documents/Junkyard/gotrip/bc-cms/vendor/laravel/framework/src/Illuminate/Pipeline/Pipeline.php(219): App\\Http\\Middleware\\RedirectToInstaller->handle()
#61 /home/lionel/Documents/Junkyard/gotrip/bc-cms/vendor/laravel/framework/src/Illuminate/Foundation/Http/Middleware/TransformsRequest.php(21): Illuminate\\Pipeline\\Pipeline->{closure:{closure:Illuminate\\Pipeline\\Pipeline::carry():194}:195}()
#62 /home/lionel/Documents/Junkyard/gotrip/bc-cms/vendor/laravel/framework/src/Illuminate/Foundation/Http/Middleware/ConvertEmptyStringsToNull.php(31): Illuminate\\Foundation\\Http\\Middleware\\TransformsRequest->handle()
#63 /home/lionel/Documents/Junkyard/gotrip/bc-cms/vendor/laravel/framework/src/Illuminate/Pipeline/Pipeline.php(219): Illuminate\\Foundation\\Http\\Middleware\\ConvertEmptyStringsToNull->handle()
#64 /home/lionel/Documents/Junkyard/gotrip/bc-cms/vendor/laravel/framework/src/Illuminate/Foundation/Http/Middleware/TransformsRequest.php(21): Illuminate\\Pipeline\\Pipeline->{closure:{closure:Illuminate\\Pipeline\\Pipeline::carry():194}:195}()
#65 /home/lionel/Documents/Junkyard/gotrip/bc-cms/vendor/laravel/framework/src/Illuminate/Foundation/Http/Middleware/TrimStrings.php(51): Illuminate\\Foundation\\Http\\Middleware\\TransformsRequest->handle()
#66 /home/lionel/Documents/Junkyard/gotrip/bc-cms/vendor/laravel/framework/src/Illuminate/Pipeline/Pipeline.php(219): Illuminate\\Foundation\\Http\\Middleware\\TrimStrings->handle()
#67 /home/lionel/Documents/Junkyard/gotrip/bc-cms/vendor/laravel/framework/src/Illuminate/Http/Middleware/ValidatePostSize.php(27): Illuminate\\Pipeline\\Pipeline->{closure:{closure:Illuminate\\Pipeline\\Pipeline::carry():194}:195}()
#68 /home/lionel/Documents/Junkyard/gotrip/bc-cms/vendor/laravel/framework/src/Illuminate/Pipeline/Pipeline.php(219): Illuminate\\Http\\Middleware\\ValidatePostSize->handle()
#69 /home/lionel/Documents/Junkyard/gotrip/bc-cms/vendor/laravel/framework/src/Illuminate/Foundation/Http/Middleware/PreventRequestsDuringMaintenance.php(109): Illuminate\\Pipeline\\Pipeline->{closure:{closure:Illuminate\\Pipeline\\Pipeline::carry():194}:195}()
#70 /home/lionel/Documents/Junkyard/gotrip/bc-cms/vendor/laravel/framework/src/Illuminate/Pipeline/Pipeline.php(219): Illuminate\\Foundation\\Http\\Middleware\\PreventRequestsDuringMaintenance->handle()
#71 /home/lionel/Documents/Junkyard/gotrip/bc-cms/vendor/laravel/framework/src/Illuminate/Http/Middleware/HandleCors.php(48): Illuminate\\Pipeline\\Pipeline->{closure:{closure:Illuminate\\Pipeline\\Pipeline::carry():194}:195}()
#72 /home/lionel/Documents/Junkyard/gotrip/bc-cms/vendor/laravel/framework/src/Illuminate/Pipeline/Pipeline.php(219): Illuminate\\Http\\Middleware\\HandleCors->handle()
#73 /home/lionel/Documents/Junkyard/gotrip/bc-cms/vendor/laravel/framework/src/Illuminate/Http/Middleware/TrustProxies.php(58): Illuminate\\Pipeline\\Pipeline->{closure:{closure:Illuminate\\Pipeline\\Pipeline::carry():194}:195}()
#74 /home/lionel/Documents/Junkyard/gotrip/bc-cms/vendor/laravel/framework/src/Illuminate/Pipeline/Pipeline.php(219): Illuminate\\Http\\Middleware\\TrustProxies->handle()
#75 /home/lionel/Documents/Junkyard/gotrip/bc-cms/vendor/laravel/framework/src/Illuminate/Foundation/Http/Middleware/InvokeDeferredCallbacks.php(22): Illuminate\\Pipeline\\Pipeline->{closure:{closure:Illuminate\\Pipeline\\Pipeline::carry():194}:195}()
#76 /home/lionel/Documents/Junkyard/gotrip/bc-cms/vendor/laravel/framework/src/Illuminate/Pipeline/Pipeline.php(219): Illuminate\\Foundation\\Http\\Middleware\\InvokeDeferredCallbacks->handle()
#77 /home/lionel/Documents/Junkyard/gotrip/bc-cms/vendor/laravel/framework/src/Illuminate/Http/Middleware/ValidatePathEncoding.php(26): Illuminate\\Pipeline\\Pipeline->{closure:{closure:Illuminate\\Pipeline\\Pipeline::carry():194}:195}()
#78 /home/lionel/Documents/Junkyard/gotrip/bc-cms/vendor/laravel/framework/src/Illuminate/Pipeline/Pipeline.php(219): Illuminate\\Http\\Middleware\\ValidatePathEncoding->handle()
#79 /home/lionel/Documents/Junkyard/gotrip/bc-cms/vendor/laravel/framework/src/Illuminate/Pipeline/Pipeline.php(137): Illuminate\\Pipeline\\Pipeline->{closure:{closure:Illuminate\\Pipeline\\Pipeline::carry():194}:195}()
#80 /home/lionel/Documents/Junkyard/gotrip/bc-cms/vendor/laravel/framework/src/Illuminate/Foundation/Http/Kernel.php(175): Illuminate\\Pipeline\\Pipeline->then()
#81 /home/lionel/Documents/Junkyard/gotrip/bc-cms/vendor/laravel/framework/src/Illuminate/Foundation/Http/Kernel.php(144): Illuminate\\Foundation\\Http\\Kernel->sendRequestThroughRouter()
#82 /home/lionel/Documents/Junkyard/gotrip/bc-cms/vendor/laravel/framework/src/Illuminate/Foundation/Application.php(1219): Illuminate\\Foundation\\Http\\Kernel->handle()
#83 /home/lionel/Documents/Junkyard/gotrip/public_html/index.php(84): Illuminate\\Foundation\\Application->handleRequest()
#84 /home/lionel/Documents/Junkyard/gotrip/bc-cms/server.php(21): require_once('...')
#85 {main}

[previous exception] [object] (Symfony\\Component\\Routing\\Exception\\RouteNotFoundException(code: 0): Route [admin.booking.detail] not defined. at /home/lionel/Documents/Junkyard/gotrip/bc-cms/vendor/laravel/framework/src/Illuminate/Routing/UrlGenerator.php:526)
[stacktrace]
#0 /home/lionel/Documents/Junkyard/gotrip/bc-cms/vendor/laravel/framework/src/Illuminate/Foundation/helpers.php(885): Illuminate\\Routing\\UrlGenerator->route()
#1 /home/lionel/Documents/Junkyard/gotrip/bc-cms/storage/framework/views/76c9e73ecda9770295ec53e757d37795.php(263): route()
#2 /home/lionel/Documents/Junkyard/gotrip/bc-cms/vendor/laravel/framework/src/Illuminate/Filesystem/Filesystem.php(123): require('...')
#3 /home/lionel/Documents/Junkyard/gotrip/bc-cms/vendor/laravel/framework/src/Illuminate/Filesystem/Filesystem.php(124): Illuminate\\Filesystem\\Filesystem::{closure:Illuminate\\Filesystem\\Filesystem::getRequire():120}()
#4 /home/lionel/Documents/Junkyard/gotrip/bc-cms/vendor/laravel/framework/src/Illuminate/View/Engines/PhpEngine.php(57): Illuminate\\Filesystem\\Filesystem->getRequire()
#5 /home/lionel/Documents/Junkyard/gotrip/bc-cms/vendor/livewire/livewire/src/Mechanisms/ExtendBlade/ExtendedCompilerEngine.php(22): Illuminate\\View\\Engines\\PhpEngine->evaluatePath()
#6 /home/lionel/Documents/Junkyard/gotrip/bc-cms/vendor/laravel/framework/src/Illuminate/View/Engines/CompilerEngine.php(76): Livewire\\Mechanisms\\ExtendBlade\\ExtendedCompilerEngine->evaluatePath()
#7 /home/lionel/Documents/Junkyard/gotrip/bc-cms/vendor/livewire/livewire/src/Mechanisms/ExtendBlade/ExtendedCompilerEngine.php(10): Illuminate\\View\\Engines\\CompilerEngine->get()
#8 /home/lionel/Documents/Junkyard/gotrip/bc-cms/vendor/laravel/framework/src/Illuminate/View/View.php(208): Livewire\\Mechanisms\\ExtendBlade\\ExtendedCompilerEngine->get()
#9 /home/lionel/Documents/Junkyard/gotrip/bc-cms/vendor/laravel/framework/src/Illuminate/View/View.php(191): Illuminate\\View\\View->getContents()
#10 /home/lionel/Documents/Junkyard/gotrip/bc-cms/vendor/laravel/framework/src/Illuminate/View/View.php(160): Illuminate\\View\\View->renderContents()
#11 /home/lionel/Documents/Junkyard/gotrip/bc-cms/vendor/laravel/framework/src/Illuminate/Http/Response.php(78): Illuminate\\View\\View->render()
#12 /home/lionel/Documents/Junkyard/gotrip/bc-cms/vendor/laravel/framework/src/Illuminate/Http/Response.php(34): Illuminate\\Http\\Response->setContent()
#13 /home/lionel/Documents/Junkyard/gotrip/bc-cms/vendor/laravel/framework/src/Illuminate/Routing/Router.php(939): Illuminate\\Http\\Response->__construct()
#14 /home/lionel/Documents/Junkyard/gotrip/bc-cms/vendor/laravel/framework/src/Illuminate/Routing/Router.php(906): Illuminate\\Routing\\Router::toResponse()
#15 /home/lionel/Documents/Junkyard/gotrip/bc-cms/vendor/laravel/framework/src/Illuminate/Routing/Router.php(821): Illuminate\\Routing\\Router->prepareResponse()
#16 /home/lionel/Documents/Junkyard/gotrip/bc-cms/vendor/laravel/framework/src/Illuminate/Pipeline/Pipeline.php(180): Illuminate\\Routing\\Router->{closure:Illuminate\\Routing\\Router::runRouteWithinStack():821}()
#17 /home/lionel/Documents/Junkyard/gotrip/bc-cms/vendor/laravel/framework/src/Illuminate/Auth/Middleware/EnsureEmailIsVerified.php(41): Illuminate\\Pipeline\\Pipeline->{closure:Illuminate\\Pipeline\\Pipeline::prepareDestination():178}()
#18 /home/lionel/Documents/Junkyard/gotrip/bc-cms/vendor/laravel/framework/src/Illuminate/Pipeline/Pipeline.php(219): Illuminate\\Auth\\Middleware\\EnsureEmailIsVerified->handle()
#19 /home/lionel/Documents/Junkyard/gotrip/bc-cms/vendor/barryvdh/laravel-debugbar/src/Middleware/InjectDebugbar.php(66): Illuminate\\Pipeline\\Pipeline->{closure:{closure:Illuminate\\Pipeline\\Pipeline::carry():194}:195}()
#20 /home/lionel/Documents/Junkyard/gotrip/bc-cms/vendor/laravel/framework/src/Illuminate/Pipeline/Pipeline.php(219): Barryvdh\\Debugbar\\Middleware\\InjectDebugbar->handle()
#21 /home/lionel/Documents/Junkyard/gotrip/bc-cms/app/Http/Middleware/RequireChangePassword.php(41): Illuminate\\Pipeline\\Pipeline->{closure:{closure:Illuminate\\Pipeline\\Pipeline::carry():194}:195}()
#22 /home/lionel/Documents/Junkyard/gotrip/bc-cms/vendor/laravel/framework/src/Illuminate/Pipeline/Pipeline.php(219): App\\Http\\Middleware\\RequireChangePassword->handle()
#23 /home/lionel/Documents/Junkyard/gotrip/bc-cms/app/Http/Middleware/SetCurrentCurrency.php(48): Illuminate\\Pipeline\\Pipeline->{closure:{closure:Illuminate\\Pipeline\\Pipeline::carry():194}:195}()
#24 /home/lionel/Documents/Junkyard/gotrip/bc-cms/vendor/laravel/framework/src/Illuminate/Pipeline/Pipeline.php(219): App\\Http\\Middleware\\SetCurrentCurrency->handle()
#25 /home/lionel/Documents/Junkyard/gotrip/bc-cms/app/Http/Middleware/SetLanguageForAdmin.php(37): Illuminate\\Pipeline\\Pipeline->{closure:{closure:Illuminate\\Pipeline\\Pipeline::carry():194}:195}()
#26 /home/lionel/Documents/Junkyard/gotrip/bc-cms/vendor/laravel/framework/src/Illuminate/Pipeline/Pipeline.php(219): App\\Http\\Middleware\\SetLanguageForAdmin->handle()
#27 /home/lionel/Documents/Junkyard/gotrip/bc-cms/app/Http/Middleware/RedirectForMultiLanguage.php(58): Illuminate\\Pipeline\\Pipeline->{closure:{closure:Illuminate\\Pipeline\\Pipeline::carry():194}:195}()
#28 /home/lionel/Documents/Junkyard/gotrip/bc-cms/vendor/laravel/framework/src/Illuminate/Pipeline/Pipeline.php(219): App\\Http\\Middleware\\RedirectForMultiLanguage->handle()
#29 /home/lionel/Documents/Junkyard/gotrip/bc-cms/app/Http/Middleware/FrontendGuard.php(67): Illuminate\\Pipeline\\Pipeline->{closure:{closure:Illuminate\\Pipeline\\Pipeline::carry():194}:195}()
#30 /home/lionel/Documents/Junkyard/gotrip/bc-cms/vendor/laravel/framework/src/Illuminate/Pipeline/Pipeline.php(219): App\\Http\\Middleware\\FrontendGuard->handle()
#31 /home/lionel/Documents/Junkyard/gotrip/bc-cms/vendor/laravel/framework/src/Illuminate/Routing/Middleware/SubstituteBindings.php(50): Illuminate\\Pipeline\\Pipeline->{closure:{closure:Illuminate\\Pipeline\\Pipeline::carry():194}:195}()
#32 /home/lionel/Documents/Junkyard/gotrip/bc-cms/vendor/laravel/framework/src/Illuminate/Pipeline/Pipeline.php(219): Illuminate\\Routing\\Middleware\\SubstituteBindings->handle()
#33 /home/lionel/Documents/Junkyard/gotrip/bc-cms/vendor/laravel/framework/src/Illuminate/Auth/Middleware/Authenticate.php(63): Illuminate\\Pipeline\\Pipeline->{closure:{closure:Illuminate\\Pipeline\\Pipeline::carry():194}:195}()
#34 /home/lionel/Documents/Junkyard/gotrip/bc-cms/vendor/laravel/framework/src/Illuminate/Pipeline/Pipeline.php(219): Illuminate\\Auth\\Middleware\\Authenticate->handle()
#35 /home/lionel/Documents/Junkyard/gotrip/bc-cms/vendor/laravel/framework/src/Illuminate/Foundation/Http/Middleware/VerifyCsrfToken.php(87): Illuminate\\Pipeline\\Pipeline->{closure:{closure:Illuminate\\Pipeline\\Pipeline::carry():194}:195}()
#36 /home/lionel/Documents/Junkyard/gotrip/bc-cms/vendor/laravel/framework/src/Illuminate/Pipeline/Pipeline.php(219): Illuminate\\Foundation\\Http\\Middleware\\VerifyCsrfToken->handle()
#37 /home/lionel/Documents/Junkyard/gotrip/bc-cms/vendor/laravel/framework/src/Illuminate/View/Middleware/ShareErrorsFromSession.php(48): Illuminate\\Pipeline\\Pipeline->{closure:{closure:Illuminate\\Pipeline\\Pipeline::carry():194}:195}()
#38 /home/lionel/Documents/Junkyard/gotrip/bc-cms/vendor/laravel/framework/src/Illuminate/Pipeline/Pipeline.php(219): Illuminate\\View\\Middleware\\ShareErrorsFromSession->handle()
#39 /home/lionel/Documents/Junkyard/gotrip/bc-cms/vendor/laravel/framework/src/Illuminate/Session/Middleware/StartSession.php(120): Illuminate\\Pipeline\\Pipeline->{closure:{closure:Illuminate\\Pipeline\\Pipeline::carry():194}:195}()
#40 /home/lionel/Documents/Junkyard/gotrip/bc-cms/vendor/laravel/framework/src/Illuminate/Session/Middleware/StartSession.php(63): Illuminate\\Session\\Middleware\\StartSession->handleStatefulRequest()
#41 /home/lionel/Documents/Junkyard/gotrip/bc-cms/vendor/laravel/framework/src/Illuminate/Pipeline/Pipeline.php(219): Illuminate\\Session\\Middleware\\StartSession->handle()
#42 /home/lionel/Documents/Junkyard/gotrip/bc-cms/vendor/laravel/framework/src/Illuminate/Cookie/Middleware/AddQueuedCookiesToResponse.php(36): Illuminate\\Pipeline\\Pipeline->{closure:{closure:Illuminate\\Pipeline\\Pipeline::carry():194}:195}()
#43 /home/lionel/Documents/Junkyard/gotrip/bc-cms/vendor/laravel/framework/src/Illuminate/Pipeline/Pipeline.php(219): Illuminate\\Cookie\\Middleware\\AddQueuedCookiesToResponse->handle()
#44 /home/lionel/Documents/Junkyard/gotrip/bc-cms/vendor/laravel/framework/src/Illuminate/Cookie/Middleware/EncryptCookies.php(74): Illuminate\\Pipeline\\Pipeline->{closure:{closure:Illuminate\\Pipeline\\Pipeline::carry():194}:195}()
#45 /home/lionel/Documents/Junkyard/gotrip/bc-cms/vendor/laravel/framework/src/Illuminate/Pipeline/Pipeline.php(219): Illuminate\\Cookie\\Middleware\\EncryptCookies->handle()
#46 /home/lionel/Documents/Junkyard/gotrip/bc-cms/vendor/laravel/framework/src/Illuminate/Pipeline/Pipeline.php(137): Illuminate\\Pipeline\\Pipeline->{closure:{closure:Illuminate\\Pipeline\\Pipeline::carry():194}:195}()
#47 /home/lionel/Documents/Junkyard/gotrip/bc-cms/vendor/laravel/framework/src/Illuminate/Routing/Router.php(821): Illuminate\\Pipeline\\Pipeline->then()
#48 /home/lionel/Documents/Junkyard/gotrip/bc-cms/vendor/laravel/framework/src/Illuminate/Routing/Router.php(800): Illuminate\\Routing\\Router->runRouteWithinStack()
#49 /home/lionel/Documents/Junkyard/gotrip/bc-cms/vendor/laravel/framework/src/Illuminate/Routing/Router.php(764): Illuminate\\Routing\\Router->runRoute()
#50 /home/lionel/Documents/Junkyard/gotrip/bc-cms/vendor/laravel/framework/src/Illuminate/Routing/Router.php(753): Illuminate\\Routing\\Router->dispatchToRoute()
#51 /home/lionel/Documents/Junkyard/gotrip/bc-cms/vendor/laravel/framework/src/Illuminate/Foundation/Http/Kernel.php(200): Illuminate\\Routing\\Router->dispatch()
#52 /home/lionel/Documents/Junkyard/gotrip/bc-cms/vendor/laravel/framework/src/Illuminate/Pipeline/Pipeline.php(180): Illuminate\\Foundation\\Http\\Kernel->{closure:Illuminate\\Foundation\\Http\\Kernel::dispatchToRouter():197}()
#53 /home/lionel/Documents/Junkyard/gotrip/bc-cms/themes/Base/Core/Middleware/RunUpdater.php(77): Illuminate\\Pipeline\\Pipeline->{closure:Illuminate\\Pipeline\\Pipeline::prepareDestination():178}()
#54 /home/lionel/Documents/Junkyard/gotrip/bc-cms/vendor/laravel/framework/src/Illuminate/Pipeline/Pipeline.php(219): Themes\\Base\\Core\\Middleware\\RunUpdater->handle()
#55 /home/lionel/Documents/Junkyard/gotrip/bc-cms/vendor/livewire/livewire/src/Features/SupportDisablingBackButtonCache/DisableBackButtonCacheMiddleware.php(19): Illuminate\\Pipeline\\Pipeline->{closure:{closure:Illuminate\\Pipeline\\Pipeline::carry():194}:195}()
#56 /home/lionel/Documents/Junkyard/gotrip/bc-cms/vendor/laravel/framework/src/Illuminate/Pipeline/Pipeline.php(219): Livewire\\Features\\SupportDisablingBackButtonCache\\DisableBackButtonCacheMiddleware->handle()
#57 /home/lionel/Documents/Junkyard/gotrip/bc-cms/vendor/barryvdh/laravel-debugbar/src/Middleware/InjectDebugbar.php(66): Illuminate\\Pipeline\\Pipeline->{closure:{closure:Illuminate\\Pipeline\\Pipeline::carry():194}:195}()
#58 /home/lionel/Documents/Junkyard/gotrip/bc-cms/vendor/laravel/framework/src/Illuminate/Pipeline/Pipeline.php(219): Barryvdh\\Debugbar\\Middleware\\InjectDebugbar->handle()
#59 /home/lionel/Documents/Junkyard/gotrip/bc-cms/app/Http/Middleware/RedirectToInstaller.php(40): Illuminate\\Pipeline\\Pipeline->{closure:{closure:Illuminate\\Pipeline\\Pipeline::carry():194}:195}()
#60 /home/lionel/Documents/Junkyard/gotrip/bc-cms/vendor/laravel/framework/src/Illuminate/Pipeline/Pipeline.php(219): App\\Http\\Middleware\\RedirectToInstaller->handle()
#61 /home/lionel/Documents/Junkyard/gotrip/bc-cms/vendor/laravel/framework/src/Illuminate/Foundation/Http/Middleware/TransformsRequest.php(21): Illuminate\\Pipeline\\Pipeline->{closure:{closure:Illuminate\\Pipeline\\Pipeline::carry():194}:195}()
#62 /home/lionel/Documents/Junkyard/gotrip/bc-cms/vendor/laravel/framework/src/Illuminate/Foundation/Http/Middleware/ConvertEmptyStringsToNull.php(31): Illuminate\\Foundation\\Http\\Middleware\\TransformsRequest->handle()
#63 /home/lionel/Documents/Junkyard/gotrip/bc-cms/vendor/laravel/framework/src/Illuminate/Pipeline/Pipeline.php(219): Illuminate\\Foundation\\Http\\Middleware\\ConvertEmptyStringsToNull->handle()
#64 /home/lionel/Documents/Junkyard/gotrip/bc-cms/vendor/laravel/framework/src/Illuminate/Foundation/Http/Middleware/TransformsRequest.php(21): Illuminate\\Pipeline\\Pipeline->{closure:{closure:Illuminate\\Pipeline\\Pipeline::carry():194}:195}()
#65 /home/lionel/Documents/Junkyard/gotrip/bc-cms/vendor/laravel/framework/src/Illuminate/Foundation/Http/Middleware/TrimStrings.php(51): Illuminate\\Foundation\\Http\\Middleware\\TransformsRequest->handle()
#66 /home/lionel/Documents/Junkyard/gotrip/bc-cms/vendor/laravel/framework/src/Illuminate/Pipeline/Pipeline.php(219): Illuminate\\Foundation\\Http\\Middleware\\TrimStrings->handle()
#67 /home/lionel/Documents/Junkyard/gotrip/bc-cms/vendor/laravel/framework/src/Illuminate/Http/Middleware/ValidatePostSize.php(27): Illuminate\\Pipeline\\Pipeline->{closure:{closure:Illuminate\\Pipeline\\Pipeline::carry():194}:195}()
#68 /home/lionel/Documents/Junkyard/gotrip/bc-cms/vendor/laravel/framework/src/Illuminate/Pipeline/Pipeline.php(219): Illuminate\\Http\\Middleware\\ValidatePostSize->handle()
#69 /home/lionel/Documents/Junkyard/gotrip/bc-cms/vendor/laravel/framework/src/Illuminate/Foundation/Http/Middleware/PreventRequestsDuringMaintenance.php(109): Illuminate\\Pipeline\\Pipeline->{closure:{closure:Illuminate\\Pipeline\\Pipeline::carry():194}:195}()
#70 /home/lionel/Documents/Junkyard/gotrip/bc-cms/vendor/laravel/framework/src/Illuminate/Pipeline/Pipeline.php(219): Illuminate\\Foundation\\Http\\Middleware\\PreventRequestsDuringMaintenance->handle()
#71 /home/lionel/Documents/Junkyard/gotrip/bc-cms/vendor/laravel/framework/src/Illuminate/Http/Middleware/HandleCors.php(48): Illuminate\\Pipeline\\Pipeline->{closure:{closure:Illuminate\\Pipeline\\Pipeline::carry():194}:195}()
#72 /home/lionel/Documents/Junkyard/gotrip/bc-cms/vendor/laravel/framework/src/Illuminate/Pipeline/Pipeline.php(219): Illuminate\\Http\\Middleware\\HandleCors->handle()
#73 /home/lionel/Documents/Junkyard/gotrip/bc-cms/vendor/laravel/framework/src/Illuminate/Http/Middleware/TrustProxies.php(58): Illuminate\\Pipeline\\Pipeline->{closure:{closure:Illuminate\\Pipeline\\Pipeline::carry():194}:195}()
#74 /home/lionel/Documents/Junkyard/gotrip/bc-cms/vendor/laravel/framework/src/Illuminate/Pipeline/Pipeline.php(219): Illuminate\\Http\\Middleware\\TrustProxies->handle()
#75 /home/lionel/Documents/Junkyard/gotrip/bc-cms/vendor/laravel/framework/src/Illuminate/Foundation/Http/Middleware/InvokeDeferredCallbacks.php(22): Illuminate\\Pipeline\\Pipeline->{closure:{closure:Illuminate\\Pipeline\\Pipeline::carry():194}:195}()
#76 /home/lionel/Documents/Junkyard/gotrip/bc-cms/vendor/laravel/framework/src/Illuminate/Pipeline/Pipeline.php(219): Illuminate\\Foundation\\Http\\Middleware\\InvokeDeferredCallbacks->handle()
#77 /home/lionel/Documents/Junkyard/gotrip/bc-cms/vendor/laravel/framework/src/Illuminate/Http/Middleware/ValidatePathEncoding.php(26): Illuminate\\Pipeline\\Pipeline->{closure:{closure:Illuminate\\Pipeline\\Pipeline::carry():194}:195}()
#78 /home/lionel/Documents/Junkyard/gotrip/bc-cms/vendor/laravel/framework/src/Illuminate/Pipeline/Pipeline.php(219): Illuminate\\Http\\Middleware\\ValidatePathEncoding->handle()
#79 /home/lionel/Documents/Junkyard/gotrip/bc-cms/vendor/laravel/framework/src/Illuminate/Pipeline/Pipeline.php(137): Illuminate\\Pipeline\\Pipeline->{closure:{closure:Illuminate\\Pipeline\\Pipeline::carry():194}:195}()
#80 /home/lionel/Documents/Junkyard/gotrip/bc-cms/vendor/laravel/framework/src/Illuminate/Foundation/Http/Kernel.php(175): Illuminate\\Pipeline\\Pipeline->then()
#81 /home/lionel/Documents/Junkyard/gotrip/bc-cms/vendor/laravel/framework/src/Illuminate/Foundation/Http/Kernel.php(144): Illuminate\\Foundation\\Http\\Kernel->sendRequestThroughRouter()
#82 /home/lionel/Documents/Junkyard/gotrip/bc-cms/vendor/laravel/framework/src/Illuminate/Foundation/Application.php(1219): Illuminate\\Foundation\\Http\\Kernel->handle()
#83 /home/lionel/Documents/Junkyard/gotrip/public_html/index.php(84): Illuminate\\Foundation\\Application->handleRequest()
#84 /home/lionel/Documents/Junkyard/gotrip/bc-cms/server.php(21): require_once('...')
#85 {main}
"} 
[2026-05-24 15:13:47] local.ERROR: Route [admin.booking.detail] not defined. {"view":{"view":"/home/lionel/Documents/Junkyard/gotrip/bc-cms/pro/Tanova/Views/admin/detail.blade.php","data":[]},"userId":6,"exception":"[object] (Spatie\\LaravelIgnition\\Exceptions\\ViewException(code: 0): Route [admin.booking.detail] not defined. at /home/lionel/Documents/Junkyard/gotrip/bc-cms/vendor/laravel/framework/src/Illuminate/Routing/UrlGenerator.php:526)
[stacktrace]
#0 /home/lionel/Documents/Junkyard/gotrip/bc-cms/vendor/laravel/framework/src/Illuminate/Foundation/helpers.php(885): Illuminate\\Routing\\UrlGenerator->route()
#1 /home/lionel/Documents/Junkyard/gotrip/bc-cms/pro/Tanova/Views/admin/detail.blade.php(260): route()
#2 /home/lionel/Documents/Junkyard/gotrip/bc-cms/vendor/laravel/framework/src/Illuminate/Filesystem/Filesystem.php(123): require('...')
#3 /home/lionel/Documents/Junkyard/gotrip/bc-cms/vendor/laravel/framework/src/Illuminate/Filesystem/Filesystem.php(124): Illuminate\\Filesystem\\Filesystem::{closure:Illuminate\\Filesystem\\Filesystem::getRequire():120}()
#4 /home/lionel/Documents/Junkyard/gotrip/bc-cms/vendor/laravel/framework/src/Illuminate/View/Engines/PhpEngine.php(57): Illuminate\\Filesystem\\Filesystem->getRequire()
#5 /home/lionel/Documents/Junkyard/gotrip/bc-cms/vendor/livewire/livewire/src/Mechanisms/ExtendBlade/ExtendedCompilerEngine.php(22): Illuminate\\View\\Engines\\PhpEngine->evaluatePath()
#6 /home/lionel/Documents/Junkyard/gotrip/bc-cms/vendor/laravel/framework/src/Illuminate/View/Engines/CompilerEngine.php(76): Livewire\\Mechanisms\\ExtendBlade\\ExtendedCompilerEngine->evaluatePath()
#7 /home/lionel/Documents/Junkyard/gotrip/bc-cms/vendor/livewire/livewire/src/Mechanisms/ExtendBlade/ExtendedCompilerEngine.php(10): Illuminate\\View\\Engines\\CompilerEngine->get()
#8 /home/lionel/Documents/Junkyard/gotrip/bc-cms/vendor/laravel/framework/src/Illuminate/View/View.php(208): Livewire\\Mechanisms\\ExtendBlade\\ExtendedCompilerEngine->get()
#9 /home/lionel/Documents/Junkyard/gotrip/bc-cms/vendor/laravel/framework/src/Illuminate/View/View.php(191): Illuminate\\View\\View->getContents()
#10 /home/lionel/Documents/Junkyard/gotrip/bc-cms/vendor/laravel/framework/src/Illuminate/View/View.php(160): Illuminate\\View\\View->renderContents()
#11 /home/lionel/Documents/Junkyard/gotrip/bc-cms/vendor/laravel/framework/src/Illuminate/Http/Response.php(78): Illuminate\\View\\View->render()
#12 /home/lionel/Documents/Junkyard/gotrip/bc-cms/vendor/laravel/framework/src/Illuminate/Http/Response.php(34): Illuminate\\Http\\Response->setContent()
#13 /home/lionel/Documents/Junkyard/gotrip/bc-cms/vendor/laravel/framework/src/Illuminate/Routing/Router.php(939): Illuminate\\Http\\Response->__construct()
#14 /home/lionel/Documents/Junkyard/gotrip/bc-cms/vendor/laravel/framework/src/Illuminate/Routing/Router.php(906): Illuminate\\Routing\\Router::toResponse()
#15 /home/lionel/Documents/Junkyard/gotrip/bc-cms/vendor/laravel/framework/src/Illuminate/Routing/Router.php(821): Illuminate\\Routing\\Router->prepareResponse()
#16 /home/lionel/Documents/Junkyard/gotrip/bc-cms/vendor/laravel/framework/src/Illuminate/Pipeline/Pipeline.php(180): Illuminate\\Routing\\Router->{closure:Illuminate\\Routing\\Router::runRouteWithinStack():821}()
#17 /home/lionel/Documents/Junkyard/gotrip/bc-cms/vendor/laravel/framework/src/Illuminate/Auth/Middleware/EnsureEmailIsVerified.php(41): Illuminate\\Pipeline\\Pipeline->{closure:Illuminate\\Pipeline\\Pipeline::prepareDestination():178}()
#18 /home/lionel/Documents/Junkyard/gotrip/bc-cms/vendor/laravel/framework/src/Illuminate/Pipeline/Pipeline.php(219): Illuminate\\Auth\\Middleware\\EnsureEmailIsVerified->handle()
#19 /home/lionel/Documents/Junkyard/gotrip/bc-cms/vendor/barryvdh/laravel-debugbar/src/Middleware/InjectDebugbar.php(66): Illuminate\\Pipeline\\Pipeline->{closure:{closure:Illuminate\\Pipeline\\Pipeline::carry():194}:195}()
#20 /home/lionel/Documents/Junkyard/gotrip/bc-cms/vendor/laravel/framework/src/Illuminate/Pipeline/Pipeline.php(219): Barryvdh\\Debugbar\\Middleware\\InjectDebugbar->handle()
#21 /home/lionel/Documents/Junkyard/gotrip/bc-cms/app/Http/Middleware/RequireChangePassword.php(41): Illuminate\\Pipeline\\Pipeline->{closure:{closure:Illuminate\\Pipeline\\Pipeline::carry():194}:195}()
#22 /home/lionel/Documents/Junkyard/gotrip/bc-cms/vendor/laravel/framework/src/Illuminate/Pipeline/Pipeline.php(219): App\\Http\\Middleware\\RequireChangePassword->handle()
#23 /home/lionel/Documents/Junkyard/gotrip/bc-cms/app/Http/Middleware/SetCurrentCurrency.php(48): Illuminate\\Pipeline\\Pipeline->{closure:{closure:Illuminate\\Pipeline\\Pipeline::carry():194}:195}()
#24 /home/lionel/Documents/Junkyard/gotrip/bc-cms/vendor/laravel/framework/src/Illuminate/Pipeline/Pipeline.php(219): App\\Http\\Middleware\\SetCurrentCurrency->handle()
#25 /home/lionel/Documents/Junkyard/gotrip/bc-cms/app/Http/Middleware/SetLanguageForAdmin.php(37): Illuminate\\Pipeline\\Pipeline->{closure:{closure:Illuminate\\Pipeline\\Pipeline::carry():194}:195}()
#26 /home/lionel/Documents/Junkyard/gotrip/bc-cms/vendor/laravel/framework/src/Illuminate/Pipeline/Pipeline.php(219): App\\Http\\Middleware\\SetLanguageForAdmin->handle()
#27 /home/lionel/Documents/Junkyard/gotrip/bc-cms/app/Http/Middleware/RedirectForMultiLanguage.php(58): Illuminate\\Pipeline\\Pipeline->{closure:{closure:Illuminate\\Pipeline\\Pipeline::carry():194}:195}()
#28 /home/lionel/Documents/Junkyard/gotrip/bc-cms/vendor/laravel/framework/src/Illuminate/Pipeline/Pipeline.php(219): App\\Http\\Middleware\\RedirectForMultiLanguage->handle()
#29 /home/lionel/Documents/Junkyard/gotrip/bc-cms/app/Http/Middleware/FrontendGuard.php(67): Illuminate\\Pipeline\\Pipeline->{closure:{closure:Illuminate\\Pipeline\\Pipeline::carry():194}:195}()
#30 /home/lionel/Documents/Junkyard/gotrip/bc-cms/vendor/laravel/framework/src/Illuminate/Pipeline/Pipeline.php(219): App\\Http\\Middleware\\FrontendGuard->handle()
#31 /home/lionel/Documents/Junkyard/gotrip/bc-cms/vendor/laravel/framework/src/Illuminate/Routing/Middleware/SubstituteBindings.php(50): Illuminate\\Pipeline\\Pipeline->{closure:{closure:Illuminate\\Pipeline\\Pipeline::carry():194}:195}()
#32 /home/lionel/Documents/Junkyard/gotrip/bc-cms/vendor/laravel/framework/src/Illuminate/Pipeline/Pipeline.php(219): Illuminate\\Routing\\Middleware\\SubstituteBindings->handle()
#33 /home/lionel/Documents/Junkyard/gotrip/bc-cms/vendor/laravel/framework/src/Illuminate/Auth/Middleware/Authenticate.php(63): Illuminate\\Pipeline\\Pipeline->{closure:{closure:Illuminate\\Pipeline\\Pipeline::carry():194}:195}()
#34 /home/lionel/Documents/Junkyard/gotrip/bc-cms/vendor/laravel/framework/src/Illuminate/Pipeline/Pipeline.php(219): Illuminate\\Auth\\Middleware\\Authenticate->handle()
#35 /home/lionel/Documents/Junkyard/gotrip/bc-cms/vendor/laravel/framework/src/Illuminate/Foundation/Http/Middleware/VerifyCsrfToken.php(87): Illuminate\\Pipeline\\Pipeline->{closure:{closure:Illuminate\\Pipeline\\Pipeline::carry():194}:195}()
#36 /home/lionel/Documents/Junkyard/gotrip/bc-cms/vendor/laravel/framework/src/Illuminate/Pipeline/Pipeline.php(219): Illuminate\\Foundation\\Http\\Middleware\\VerifyCsrfToken->handle()
#37 /home/lionel/Documents/Junkyard/gotrip/bc-cms/vendor/laravel/framework/src/Illuminate/View/Middleware/ShareErrorsFromSession.php(48): Illuminate\\Pipeline\\Pipeline->{closure:{closure:Illuminate\\Pipeline\\Pipeline::carry():194}:195}()
#38 /home/lionel/Documents/Junkyard/gotrip/bc-cms/vendor/laravel/framework/src/Illuminate/Pipeline/Pipeline.php(219): Illuminate\\View\\Middleware\\ShareErrorsFromSession->handle()
#39 /home/lionel/Documents/Junkyard/gotrip/bc-cms/vendor/laravel/framework/src/Illuminate/Session/Middleware/StartSession.php(120): Illuminate\\Pipeline\\Pipeline->{closure:{closure:Illuminate\\Pipeline\\Pipeline::carry():194}:195}()
#40 /home/lionel/Documents/Junkyard/gotrip/bc-cms/vendor/laravel/framework/src/Illuminate/Session/Middleware/StartSession.php(63): Illuminate\\Session\\Middleware\\StartSession->handleStatefulRequest()
#41 /home/lionel/Documents/Junkyard/gotrip/bc-cms/vendor/laravel/framework/src/Illuminate/Pipeline/Pipeline.php(219): Illuminate\\Session\\Middleware\\StartSession->handle()
#42 /home/lionel/Documents/Junkyard/gotrip/bc-cms/vendor/laravel/framework/src/Illuminate/Cookie/Middleware/AddQueuedCookiesToResponse.php(36): Illuminate\\Pipeline\\Pipeline->{closure:{closure:Illuminate\\Pipeline\\Pipeline::carry():194}:195}()
#43 /home/lionel/Documents/Junkyard/gotrip/bc-cms/vendor/laravel/framework/src/Illuminate/Pipeline/Pipeline.php(219): Illuminate\\Cookie\\Middleware\\AddQueuedCookiesToResponse->handle()
#44 /home/lionel/Documents/Junkyard/gotrip/bc-cms/vendor/laravel/framework/src/Illuminate/Cookie/Middleware/EncryptCookies.php(74): Illuminate\\Pipeline\\Pipeline->{closure:{closure:Illuminate\\Pipeline\\Pipeline::carry():194}:195}()
#45 /home/lionel/Documents/Junkyard/gotrip/bc-cms/vendor/laravel/framework/src/Illuminate/Pipeline/Pipeline.php(219): Illuminate\\Cookie\\Middleware\\EncryptCookies->handle()
#46 /home/lionel/Documents/Junkyard/gotrip/bc-cms/vendor/laravel/framework/src/Illuminate/Pipeline/Pipeline.php(137): Illuminate\\Pipeline\\Pipeline->{closure:{closure:Illuminate\\Pipeline\\Pipeline::carry():194}:195}()
#47 /home/lionel/Documents/Junkyard/gotrip/bc-cms/vendor/laravel/framework/src/Illuminate/Routing/Router.php(821): Illuminate\\Pipeline\\Pipeline->then()
#48 /home/lionel/Documents/Junkyard/gotrip/bc-cms/vendor/laravel/framework/src/Illuminate/Routing/Router.php(800): Illuminate\\Routing\\Router->runRouteWithinStack()
#49 /home/lionel/Documents/Junkyard/gotrip/bc-cms/vendor/laravel/framework/src/Illuminate/Routing/Router.php(764): Illuminate\\Routing\\Router->runRoute()
#50 /home/lionel/Documents/Junkyard/gotrip/bc-cms/vendor/laravel/framework/src/Illuminate/Routing/Router.php(753): Illuminate\\Routing\\Router->dispatchToRoute()
#51 /home/lionel/Documents/Junkyard/gotrip/bc-cms/vendor/laravel/framework/src/Illuminate/Foundation/Http/Kernel.php(200): Illuminate\\Routing\\Router->dispatch()
#52 /home/lionel/Documents/Junkyard/gotrip/bc-cms/vendor/laravel/framework/src/Illuminate/Pipeline/Pipeline.php(180): Illuminate\\Foundation\\Http\\Kernel->{closure:Illuminate\\Foundation\\Http\\Kernel::dispatchToRouter():197}()
#53 /home/lionel/Documents/Junkyard/gotrip/bc-cms/themes/Base/Core/Middleware/RunUpdater.php(77): Illuminate\\Pipeline\\Pipeline->{closure:Illuminate\\Pipeline\\Pipeline::prepareDestination():178}()
#54 /home/lionel/Documents/Junkyard/gotrip/bc-cms/vendor/laravel/framework/src/Illuminate/Pipeline/Pipeline.php(219): Themes\\Base\\Core\\Middleware\\RunUpdater->handle()
#55 /home/lionel/Documents/Junkyard/gotrip/bc-cms/vendor/livewire/livewire/src/Features/SupportDisablingBackButtonCache/DisableBackButtonCacheMiddleware.php(19): Illuminate\\Pipeline\\Pipeline->{closure:{closure:Illuminate\\Pipeline\\Pipeline::carry():194}:195}()
#56 /home/lionel/Documents/Junkyard/gotrip/bc-cms/vendor/laravel/framework/src/Illuminate/Pipeline/Pipeline.php(219): Livewire\\Features\\SupportDisablingBackButtonCache\\DisableBackButtonCacheMiddleware->handle()
#57 /home/lionel/Documents/Junkyard/gotrip/bc-cms/vendor/barryvdh/laravel-debugbar/src/Middleware/InjectDebugbar.php(66): Illuminate\\Pipeline\\Pipeline->{closure:{closure:Illuminate\\Pipeline\\Pipeline::carry():194}:195}()
#58 /home/lionel/Documents/Junkyard/gotrip/bc-cms/vendor/laravel/framework/src/Illuminate/Pipeline/Pipeline.php(219): Barryvdh\\Debugbar\\Middleware\\InjectDebugbar->handle()
#59 /home/lionel/Documents/Junkyard/gotrip/bc-cms/app/Http/Middleware/RedirectToInstaller.php(40): Illuminate\\Pipeline\\Pipeline->{closure:{closure:Illuminate\\Pipeline\\Pipeline::carry():194}:195}()
#60 /home/lionel/Documents/Junkyard/gotrip/bc-cms/vendor/laravel/framework/src/Illuminate/Pipeline/Pipeline.php(219): App\\Http\\Middleware\\RedirectToInstaller->handle()
#61 /home/lionel/Documents/Junkyard/gotrip/bc-cms/vendor/laravel/framework/src/Illuminate/Foundation/Http/Middleware/TransformsRequest.php(21): Illuminate\\Pipeline\\Pipeline->{closure:{closure:Illuminate\\Pipeline\\Pipeline::carry():194}:195}()
#62 /home/lionel/Documents/Junkyard/gotrip/bc-cms/vendor/laravel/framework/src/Illuminate/Foundation/Http/Middleware/ConvertEmptyStringsToNull.php(31): Illuminate\\Foundation\\Http\\Middleware\\TransformsRequest->handle()
#63 /home/lionel/Documents/Junkyard/gotrip/bc-cms/vendor/laravel/framework/src/Illuminate/Pipeline/Pipeline.php(219): Illuminate\\Foundation\\Http\\Middleware\\ConvertEmptyStringsToNull->handle()
#64 /home/lionel/Documents/Junkyard/gotrip/bc-cms/vendor/laravel/framework/src/Illuminate/Foundation/Http/Middleware/TransformsRequest.php(21): Illuminate\\Pipeline\\Pipeline->{closure:{closure:Illuminate\\Pipeline\\Pipeline::carry():194}:195}()
#65 /home/lionel/Documents/Junkyard/gotrip/bc-cms/vendor/laravel/framework/src/Illuminate/Foundation/Http/Middleware/TrimStrings.php(51): Illuminate\\Foundation\\Http\\Middleware\\TransformsRequest->handle()
#66 /home/lionel/Documents/Junkyard/gotrip/bc-cms/vendor/laravel/framework/src/Illuminate/Pipeline/Pipeline.php(219): Illuminate\\Foundation\\Http\\Middleware\\TrimStrings->handle()
#67 /home/lionel/Documents/Junkyard/gotrip/bc-cms/vendor/laravel/framework/src/Illuminate/Http/Middleware/ValidatePostSize.php(27): Illuminate\\Pipeline\\Pipeline->{closure:{closure:Illuminate\\Pipeline\\Pipeline::carry():194}:195}()
#68 /home/lionel/Documents/Junkyard/gotrip/bc-cms/vendor/laravel/framework/src/Illuminate/Pipeline/Pipeline.php(219): Illuminate\\Http\\Middleware\\ValidatePostSize->handle()
#69 /home/lionel/Documents/Junkyard/gotrip/bc-cms/vendor/laravel/framework/src/Illuminate/Foundation/Http/Middleware/PreventRequestsDuringMaintenance.php(109): Illuminate\\Pipeline\\Pipeline->{closure:{closure:Illuminate\\Pipeline\\Pipeline::carry():194}:195}()
#70 /home/lionel/Documents/Junkyard/gotrip/bc-cms/vendor/laravel/framework/src/Illuminate/Pipeline/Pipeline.php(219): Illuminate\\Foundation\\Http\\Middleware\\PreventRequestsDuringMaintenance->handle()
#71 /home/lionel/Documents/Junkyard/gotrip/bc-cms/vendor/laravel/framework/src/Illuminate/Http/Middleware/HandleCors.php(48): Illuminate\\Pipeline\\Pipeline->{closure:{closure:Illuminate\\Pipeline\\Pipeline::carry():194}:195}()
#72 /home/lionel/Documents/Junkyard/gotrip/bc-cms/vendor/laravel/framework/src/Illuminate/Pipeline/Pipeline.php(219): Illuminate\\Http\\Middleware\\HandleCors->handle()
#73 /home/lionel/Documents/Junkyard/gotrip/bc-cms/vendor/laravel/framework/src/Illuminate/Http/Middleware/TrustProxies.php(58): Illuminate\\Pipeline\\Pipeline->{closure:{closure:Illuminate\\Pipeline\\Pipeline::carry():194}:195}()
#74 /home/lionel/Documents/Junkyard/gotrip/bc-cms/vendor/laravel/framework/src/Illuminate/Pipeline/Pipeline.php(219): Illuminate\\Http\\Middleware\\TrustProxies->handle()
#75 /home/lionel/Documents/Junkyard/gotrip/bc-cms/vendor/laravel/framework/src/Illuminate/Foundation/Http/Middleware/InvokeDeferredCallbacks.php(22): Illuminate\\Pipeline\\Pipeline->{closure:{closure:Illuminate\\Pipeline\\Pipeline::carry():194}:195}()
#76 /home/lionel/Documents/Junkyard/gotrip/bc-cms/vendor/laravel/framework/src/Illuminate/Pipeline/Pipeline.php(219): Illuminate\\Foundation\\Http\\Middleware\\InvokeDeferredCallbacks->handle()
#77 /home/lionel/Documents/Junkyard/gotrip/bc-cms/vendor/laravel/framework/src/Illuminate/Http/Middleware/ValidatePathEncoding.php(26): Illuminate\\Pipeline\\Pipeline->{closure:{closure:Illuminate\\Pipeline\\Pipeline::carry():194}:195}()
#78 /home/lionel/Documents/Junkyard/gotrip/bc-cms/vendor/laravel/framework/src/Illuminate/Pipeline/Pipeline.php(219): Illuminate\\Http\\Middleware\\ValidatePathEncoding->handle()
#79 /home/lionel/Documents/Junkyard/gotrip/bc-cms/vendor/laravel/framework/src/Illuminate/Pipeline/Pipeline.php(137): Illuminate\\Pipeline\\Pipeline->{closure:{closure:Illuminate\\Pipeline\\Pipeline::carry():194}:195}()
#80 /home/lionel/Documents/Junkyard/gotrip/bc-cms/vendor/laravel/framework/src/Illuminate/Foundation/Http/Kernel.php(175): Illuminate\\Pipeline\\Pipeline->then()
#81 /home/lionel/Documents/Junkyard/gotrip/bc-cms/vendor/laravel/framework/src/Illuminate/Foundation/Http/Kernel.php(144): Illuminate\\Foundation\\Http\\Kernel->sendRequestThroughRouter()
#82 /home/lionel/Documents/Junkyard/gotrip/bc-cms/vendor/laravel/framework/src/Illuminate/Foundation/Application.php(1219): Illuminate\\Foundation\\Http\\Kernel->handle()
#83 /home/lionel/Documents/Junkyard/gotrip/public_html/index.php(84): Illuminate\\Foundation\\Application->handleRequest()
#84 /home/lionel/Documents/Junkyard/gotrip/bc-cms/server.php(21): require_once('...')
#85 {main}

[previous exception] [object] (Symfony\\Component\\Routing\\Exception\\RouteNotFoundException(code: 0): Route [admin.booking.detail] not defined. at /home/lionel/Documents/Junkyard/gotrip/bc-cms/vendor/laravel/framework/src/Illuminate/Routing/UrlGenerator.php:526)
[stacktrace]
#0 /home/lionel/Documents/Junkyard/gotrip/bc-cms/vendor/laravel/framework/src/Illuminate/Foundation/helpers.php(885): Illuminate\\Routing\\UrlGenerator->route()
#1 /home/lionel/Documents/Junkyard/gotrip/bc-cms/storage/framework/views/76c9e73ecda9770295ec53e757d37795.php(263): route()
#2 /home/lionel/Documents/Junkyard/gotrip/bc-cms/vendor/laravel/framework/src/Illuminate/Filesystem/Filesystem.php(123): require('...')
#3 /home/lionel/Documents/Junkyard/gotrip/bc-cms/vendor/laravel/framework/src/Illuminate/Filesystem/Filesystem.php(124): Illuminate\\Filesystem\\Filesystem::{closure:Illuminate\\Filesystem\\Filesystem::getRequire():120}()
#4 /home/lionel/Documents/Junkyard/gotrip/bc-cms/vendor/laravel/framework/src/Illuminate/View/Engines/PhpEngine.php(57): Illuminate\\Filesystem\\Filesystem->getRequire()
#5 /home/lionel/Documents/Junkyard/gotrip/bc-cms/vendor/livewire/livewire/src/Mechanisms/ExtendBlade/ExtendedCompilerEngine.php(22): Illuminate\\View\\Engines\\PhpEngine->evaluatePath()
#6 /home/lionel/Documents/Junkyard/gotrip/bc-cms/vendor/laravel/framework/src/Illuminate/View/Engines/CompilerEngine.php(76): Livewire\\Mechanisms\\ExtendBlade\\ExtendedCompilerEngine->evaluatePath()
#7 /home/lionel/Documents/Junkyard/gotrip/bc-cms/vendor/livewire/livewire/src/Mechanisms/ExtendBlade/ExtendedCompilerEngine.php(10): Illuminate\\View\\Engines\\CompilerEngine->get()
#8 /home/lionel/Documents/Junkyard/gotrip/bc-cms/vendor/laravel/framework/src/Illuminate/View/View.php(208): Livewire\\Mechanisms\\ExtendBlade\\ExtendedCompilerEngine->get()
#9 /home/lionel/Documents/Junkyard/gotrip/bc-cms/vendor/laravel/framework/src/Illuminate/View/View.php(191): Illuminate\\View\\View->getContents()
#10 /home/lionel/Documents/Junkyard/gotrip/bc-cms/vendor/laravel/framework/src/Illuminate/View/View.php(160): Illuminate\\View\\View->renderContents()
#11 /home/lionel/Documents/Junkyard/gotrip/bc-cms/vendor/laravel/framework/src/Illuminate/Http/Response.php(78): Illuminate\\View\\View->render()
#12 /home/lionel/Documents/Junkyard/gotrip/bc-cms/vendor/laravel/framework/src/Illuminate/Http/Response.php(34): Illuminate\\Http\\Response->setContent()
#13 /home/lionel/Documents/Junkyard/gotrip/bc-cms/vendor/laravel/framework/src/Illuminate/Routing/Router.php(939): Illuminate\\Http\\Response->__construct()
#14 /home/lionel/Documents/Junkyard/gotrip/bc-cms/vendor/laravel/framework/src/Illuminate/Routing/Router.php(906): Illuminate\\Routing\\Router::toResponse()
#15 /home/lionel/Documents/Junkyard/gotrip/bc-cms/vendor/laravel/framework/src/Illuminate/Routing/Router.php(821): Illuminate\\Routing\\Router->prepareResponse()
#16 /home/lionel/Documents/Junkyard/gotrip/bc-cms/vendor/laravel/framework/src/Illuminate/Pipeline/Pipeline.php(180): Illuminate\\Routing\\Router->{closure:Illuminate\\Routing\\Router::runRouteWithinStack():821}()
#17 /home/lionel/Documents/Junkyard/gotrip/bc-cms/vendor/laravel/framework/src/Illuminate/Auth/Middleware/EnsureEmailIsVerified.php(41): Illuminate\\Pipeline\\Pipeline->{closure:Illuminate\\Pipeline\\Pipeline::prepareDestination():178}()
#18 /home/lionel/Documents/Junkyard/gotrip/bc-cms/vendor/laravel/framework/src/Illuminate/Pipeline/Pipeline.php(219): Illuminate\\Auth\\Middleware\\EnsureEmailIsVerified->handle()
#19 /home/lionel/Documents/Junkyard/gotrip/bc-cms/vendor/barryvdh/laravel-debugbar/src/Middleware/InjectDebugbar.php(66): Illuminate\\Pipeline\\Pipeline->{closure:{closure:Illuminate\\Pipeline\\Pipeline::carry():194}:195}()
#20 /home/lionel/Documents/Junkyard/gotrip/bc-cms/vendor/laravel/framework/src/Illuminate/Pipeline/Pipeline.php(219): Barryvdh\\Debugbar\\Middleware\\InjectDebugbar->handle()
#21 /home/lionel/Documents/Junkyard/gotrip/bc-cms/app/Http/Middleware/RequireChangePassword.php(41): Illuminate\\Pipeline\\Pipeline->{closure:{closure:Illuminate\\Pipeline\\Pipeline::carry():194}:195}()
#22 /home/lionel/Documents/Junkyard/gotrip/bc-cms/vendor/laravel/framework/src/Illuminate/Pipeline/Pipeline.php(219): App\\Http\\Middleware\\RequireChangePassword->handle()
#23 /home/lionel/Documents/Junkyard/gotrip/bc-cms/app/Http/Middleware/SetCurrentCurrency.php(48): Illuminate\\Pipeline\\Pipeline->{closure:{closure:Illuminate\\Pipeline\\Pipeline::carry():194}:195}()
#24 /home/lionel/Documents/Junkyard/gotrip/bc-cms/vendor/laravel/framework/src/Illuminate/Pipeline/Pipeline.php(219): App\\Http\\Middleware\\SetCurrentCurrency->handle()
#25 /home/lionel/Documents/Junkyard/gotrip/bc-cms/app/Http/Middleware/SetLanguageForAdmin.php(37): Illuminate\\Pipeline\\Pipeline->{closure:{closure:Illuminate\\Pipeline\\Pipeline::carry():194}:195}()
#26 /home/lionel/Documents/Junkyard/gotrip/bc-cms/vendor/laravel/framework/src/Illuminate/Pipeline/Pipeline.php(219): App\\Http\\Middleware\\SetLanguageForAdmin->handle()
#27 /home/lionel/Documents/Junkyard/gotrip/bc-cms/app/Http/Middleware/RedirectForMultiLanguage.php(58): Illuminate\\Pipeline\\Pipeline->{closure:{closure:Illuminate\\Pipeline\\Pipeline::carry():194}:195}()
#28 /home/lionel/Documents/Junkyard/gotrip/bc-cms/vendor/laravel/framework/src/Illuminate/Pipeline/Pipeline.php(219): App\\Http\\Middleware\\RedirectForMultiLanguage->handle()
#29 /home/lionel/Documents/Junkyard/gotrip/bc-cms/app/Http/Middleware/FrontendGuard.php(67): Illuminate\\Pipeline\\Pipeline->{closure:{closure:Illuminate\\Pipeline\\Pipeline::carry():194}:195}()
#30 /home/lionel/Documents/Junkyard/gotrip/bc-cms/vendor/laravel/framework/src/Illuminate/Pipeline/Pipeline.php(219): App\\Http\\Middleware\\FrontendGuard->handle()
#31 /home/lionel/Documents/Junkyard/gotrip/bc-cms/vendor/laravel/framework/src/Illuminate/Routing/Middleware/SubstituteBindings.php(50): Illuminate\\Pipeline\\Pipeline->{closure:{closure:Illuminate\\Pipeline\\Pipeline::carry():194}:195}()
#32 /home/lionel/Documents/Junkyard/gotrip/bc-cms/vendor/laravel/framework/src/Illuminate/Pipeline/Pipeline.php(219): Illuminate\\Routing\\Middleware\\SubstituteBindings->handle()
#33 /home/lionel/Documents/Junkyard/gotrip/bc-cms/vendor/laravel/framework/src/Illuminate/Auth/Middleware/Authenticate.php(63): Illuminate\\Pipeline\\Pipeline->{closure:{closure:Illuminate\\Pipeline\\Pipeline::carry():194}:195}()
#34 /home/lionel/Documents/Junkyard/gotrip/bc-cms/vendor/laravel/framework/src/Illuminate/Pipeline/Pipeline.php(219): Illuminate\\Auth\\Middleware\\Authenticate->handle()
#35 /home/lionel/Documents/Junkyard/gotrip/bc-cms/vendor/laravel/framework/src/Illuminate/Foundation/Http/Middleware/VerifyCsrfToken.php(87): Illuminate\\Pipeline\\Pipeline->{closure:{closure:Illuminate\\Pipeline\\Pipeline::carry():194}:195}()
#36 /home/lionel/Documents/Junkyard/gotrip/bc-cms/vendor/laravel/framework/src/Illuminate/Pipeline/Pipeline.php(219): Illuminate\\Foundation\\Http\\Middleware\\VerifyCsrfToken->handle()
#37 /home/lionel/Documents/Junkyard/gotrip/bc-cms/vendor/laravel/framework/src/Illuminate/View/Middleware/ShareErrorsFromSession.php(48): Illuminate\\Pipeline\\Pipeline->{closure:{closure:Illuminate\\Pipeline\\Pipeline::carry():194}:195}()
#38 /home/lionel/Documents/Junkyard/gotrip/bc-cms/vendor/laravel/framework/src/Illuminate/Pipeline/Pipeline.php(219): Illuminate\\View\\Middleware\\ShareErrorsFromSession->handle()
#39 /home/lionel/Documents/Junkyard/gotrip/bc-cms/vendor/laravel/framework/src/Illuminate/Session/Middleware/StartSession.php(120): Illuminate\\Pipeline\\Pipeline->{closure:{closure:Illuminate\\Pipeline\\Pipeline::carry():194}:195}()
#40 /home/lionel/Documents/Junkyard/gotrip/bc-cms/vendor/laravel/framework/src/Illuminate/Session/Middleware/StartSession.php(63): Illuminate\\Session\\Middleware\\StartSession->handleStatefulRequest()
#41 /home/lionel/Documents/Junkyard/gotrip/bc-cms/vendor/laravel/framework/src/Illuminate/Pipeline/Pipeline.php(219): Illuminate\\Session\\Middleware\\StartSession->handle()
#42 /home/lionel/Documents/Junkyard/gotrip/bc-cms/vendor/laravel/framework/src/Illuminate/Cookie/Middleware/AddQueuedCookiesToResponse.php(36): Illuminate\\Pipeline\\Pipeline->{closure:{closure:Illuminate\\Pipeline\\Pipeline::carry():194}:195}()
#43 /home/lionel/Documents/Junkyard/gotrip/bc-cms/vendor/laravel/framework/src/Illuminate/Pipeline/Pipeline.php(219): Illuminate\\Cookie\\Middleware\\AddQueuedCookiesToResponse->handle()
#44 /home/lionel/Documents/Junkyard/gotrip/bc-cms/vendor/laravel/framework/src/Illuminate/Cookie/Middleware/EncryptCookies.php(74): Illuminate\\Pipeline\\Pipeline->{closure:{closure:Illuminate\\Pipeline\\Pipeline::carry():194}:195}()
#45 /home/lionel/Documents/Junkyard/gotrip/bc-cms/vendor/laravel/framework/src/Illuminate/Pipeline/Pipeline.php(219): Illuminate\\Cookie\\Middleware\\EncryptCookies->handle()
#46 /home/lionel/Documents/Junkyard/gotrip/bc-cms/vendor/laravel/framework/src/Illuminate/Pipeline/Pipeline.php(137): Illuminate\\Pipeline\\Pipeline->{closure:{closure:Illuminate\\Pipeline\\Pipeline::carry():194}:195}()
#47 /home/lionel/Documents/Junkyard/gotrip/bc-cms/vendor/laravel/framework/src/Illuminate/Routing/Router.php(821): Illuminate\\Pipeline\\Pipeline->then()
#48 /home/lionel/Documents/Junkyard/gotrip/bc-cms/vendor/laravel/framework/src/Illuminate/Routing/Router.php(800): Illuminate\\Routing\\Router->runRouteWithinStack()
#49 /home/lionel/Documents/Junkyard/gotrip/bc-cms/vendor/laravel/framework/src/Illuminate/Routing/Router.php(764): Illuminate\\Routing\\Router->runRoute()
#50 /home/lionel/Documents/Junkyard/gotrip/bc-cms/vendor/laravel/framework/src/Illuminate/Routing/Router.php(753): Illuminate\\Routing\\Router->dispatchToRoute()
#51 /home/lionel/Documents/Junkyard/gotrip/bc-cms/vendor/laravel/framework/src/Illuminate/Foundation/Http/Kernel.php(200): Illuminate\\Routing\\Router->dispatch()
#52 /home/lionel/Documents/Junkyard/gotrip/bc-cms/vendor/laravel/framework/src/Illuminate/Pipeline/Pipeline.php(180): Illuminate\\Foundation\\Http\\Kernel->{closure:Illuminate\\Foundation\\Http\\Kernel::dispatchToRouter():197}()
#53 /home/lionel/Documents/Junkyard/gotrip/bc-cms/themes/Base/Core/Middleware/RunUpdater.php(77): Illuminate\\Pipeline\\Pipeline->{closure:Illuminate\\Pipeline\\Pipeline::prepareDestination():178}()
#54 /home/lionel/Documents/Junkyard/gotrip/bc-cms/vendor/laravel/framework/src/Illuminate/Pipeline/Pipeline.php(219): Themes\\Base\\Core\\Middleware\\RunUpdater->handle()
#55 /home/lionel/Documents/Junkyard/gotrip/bc-cms/vendor/livewire/livewire/src/Features/SupportDisablingBackButtonCache/DisableBackButtonCacheMiddleware.php(19): Illuminate\\Pipeline\\Pipeline->{closure:{closure:Illuminate\\Pipeline\\Pipeline::carry():194}:195}()
#56 /home/lionel/Documents/Junkyard/gotrip/bc-cms/vendor/laravel/framework/src/Illuminate/Pipeline/Pipeline.php(219): Livewire\\Features\\SupportDisablingBackButtonCache\\DisableBackButtonCacheMiddleware->handle()
#57 /home/lionel/Documents/Junkyard/gotrip/bc-cms/vendor/barryvdh/laravel-debugbar/src/Middleware/InjectDebugbar.php(66): Illuminate\\Pipeline\\Pipeline->{closure:{closure:Illuminate\\Pipeline\\Pipeline::carry():194}:195}()
#58 /home/lionel/Documents/Junkyard/gotrip/bc-cms/vendor/laravel/framework/src/Illuminate/Pipeline/Pipeline.php(219): Barryvdh\\Debugbar\\Middleware\\InjectDebugbar->handle()
#59 /home/lionel/Documents/Junkyard/gotrip/bc-cms/app/Http/Middleware/RedirectToInstaller.php(40): Illuminate\\Pipeline\\Pipeline->{closure:{closure:Illuminate\\Pipeline\\Pipeline::carry():194}:195}()
#60 /home/lionel/Documents/Junkyard/gotrip/bc-cms/vendor/laravel/framework/src/Illuminate/Pipeline/Pipeline.php(219): App\\Http\\Middleware\\RedirectToInstaller->handle()
#61 /home/lionel/Documents/Junkyard/gotrip/bc-cms/vendor/laravel/framework/src/Illuminate/Foundation/Http/Middleware/TransformsRequest.php(21): Illuminate\\Pipeline\\Pipeline->{closure:{closure:Illuminate\\Pipeline\\Pipeline::carry():194}:195}()
#62 /home/lionel/Documents/Junkyard/gotrip/bc-cms/vendor/laravel/framework/src/Illuminate/Foundation/Http/Middleware/ConvertEmptyStringsToNull.php(31): Illuminate\\Foundation\\Http\\Middleware\\TransformsRequest->handle()
#63 /home/lionel/Documents/Junkyard/gotrip/bc-cms/vendor/laravel/framework/src/Illuminate/Pipeline/Pipeline.php(219): Illuminate\\Foundation\\Http\\Middleware\\ConvertEmptyStringsToNull->handle()
#64 /home/lionel/Documents/Junkyard/gotrip/bc-cms/vendor/laravel/framework/src/Illuminate/Foundation/Http/Middleware/TransformsRequest.php(21): Illuminate\\Pipeline\\Pipeline->{closure:{closure:Illuminate\\Pipeline\\Pipeline::carry():194}:195}()
#65 /home/lionel/Documents/Junkyard/gotrip/bc-cms/vendor/laravel/framework/src/Illuminate/Foundation/Http/Middleware/TrimStrings.php(51): Illuminate\\Foundation\\Http\\Middleware\\TransformsRequest->handle()
#66 /home/lionel/Documents/Junkyard/gotrip/bc-cms/vendor/laravel/framework/src/Illuminate/Pipeline/Pipeline.php(219): Illuminate\\Foundation\\Http\\Middleware\\TrimStrings->handle()
#67 /home/lionel/Documents/Junkyard/gotrip/bc-cms/vendor/laravel/framework/src/Illuminate/Http/Middleware/ValidatePostSize.php(27): Illuminate\\Pipeline\\Pipeline->{closure:{closure:Illuminate\\Pipeline\\Pipeline::carry():194}:195}()
#68 /home/lionel/Documents/Junkyard/gotrip/bc-cms/vendor/laravel/framework/src/Illuminate/Pipeline/Pipeline.php(219): Illuminate\\Http\\Middleware\\ValidatePostSize->handle()
#69 /home/lionel/Documents/Junkyard/gotrip/bc-cms/vendor/laravel/framework/src/Illuminate/Foundation/Http/Middleware/PreventRequestsDuringMaintenance.php(109): Illuminate\\Pipeline\\Pipeline->{closure:{closure:Illuminate\\Pipeline\\Pipeline::carry():194}:195}()
#70 /home/lionel/Documents/Junkyard/gotrip/bc-cms/vendor/laravel/framework/src/Illuminate/Pipeline/Pipeline.php(219): Illuminate\\Foundation\\Http\\Middleware\\PreventRequestsDuringMaintenance->handle()
#71 /home/lionel/Documents/Junkyard/gotrip/bc-cms/vendor/laravel/framework/src/Illuminate/Http/Middleware/HandleCors.php(48): Illuminate\\Pipeline\\Pipeline->{closure:{closure:Illuminate\\Pipeline\\Pipeline::carry():194}:195}()
#72 /home/lionel/Documents/Junkyard/gotrip/bc-cms/vendor/laravel/framework/src/Illuminate/Pipeline/Pipeline.php(219): Illuminate\\Http\\Middleware\\HandleCors->handle()
#73 /home/lionel/Documents/Junkyard/gotrip/bc-cms/vendor/laravel/framework/src/Illuminate/Http/Middleware/TrustProxies.php(58): Illuminate\\Pipeline\\Pipeline->{closure:{closure:Illuminate\\Pipeline\\Pipeline::carry():194}:195}()
#74 /home/lionel/Documents/Junkyard/gotrip/bc-cms/vendor/laravel/framework/src/Illuminate/Pipeline/Pipeline.php(219): Illuminate\\Http\\Middleware\\TrustProxies->handle()
#75 /home/lionel/Documents/Junkyard/gotrip/bc-cms/vendor/laravel/framework/src/Illuminate/Foundation/Http/Middleware/InvokeDeferredCallbacks.php(22): Illuminate\\Pipeline\\Pipeline->{closure:{closure:Illuminate\\Pipeline\\Pipeline::carry():194}:195}()
#76 /home/lionel/Documents/Junkyard/gotrip/bc-cms/vendor/laravel/framework/src/Illuminate/Pipeline/Pipeline.php(219): Illuminate\\Foundation\\Http\\Middleware\\InvokeDeferredCallbacks->handle()
#77 /home/lionel/Documents/Junkyard/gotrip/bc-cms/vendor/laravel/framework/src/Illuminate/Http/Middleware/ValidatePathEncoding.php(26): Illuminate\\Pipeline\\Pipeline->{closure:{closure:Illuminate\\Pipeline\\Pipeline::carry():194}:195}()
#78 /home/lionel/Documents/Junkyard/gotrip/bc-cms/vendor/laravel/framework/src/Illuminate/Pipeline/Pipeline.php(219): Illuminate\\Http\\Middleware\\ValidatePathEncoding->handle()
#79 /home/lionel/Documents/Junkyard/gotrip/bc-cms/vendor/laravel/framework/src/Illuminate/Pipeline/Pipeline.php(137): Illuminate\\Pipeline\\Pipeline->{closure:{closure:Illuminate\\Pipeline\\Pipeline::carry():194}:195}()
#80 /home/lionel/Documents/Junkyard/gotrip/bc-cms/vendor/laravel/framework/src/Illuminate/Foundation/Http/Kernel.php(175): Illuminate\\Pipeline\\Pipeline->then()
#81 /home/lionel/Documents/Junkyard/gotrip/bc-cms/vendor/laravel/framework/src/Illuminate/Foundation/Http/Kernel.php(144): Illuminate\\Foundation\\Http\\Kernel->sendRequestThroughRouter()
#82 /home/lionel/Documents/Junkyard/gotrip/bc-cms/vendor/laravel/framework/src/Illuminate/Foundation/Application.php(1219): Illuminate\\Foundation\\Http\\Kernel->handle()
#83 /home/lionel/Documents/Junkyard/gotrip/public_html/index.php(84): Illuminate\\Foundation\\Application->handleRequest()
#84 /home/lionel/Documents/Junkyard/gotrip/bc-cms/server.php(21): require_once('...')
#85 {main}
"} 
[2026-05-24 15:14:10] local.ERROR: Route [admin.booking.detail] not defined. {"view":{"view":"/home/lionel/Documents/Junkyard/gotrip/bc-cms/pro/Tanova/Views/admin/detail.blade.php","data":[]},"userId":6,"exception":"[object] (Spatie\\LaravelIgnition\\Exceptions\\ViewException(code: 0): Route [admin.booking.detail] not defined. at /home/lionel/Documents/Junkyard/gotrip/bc-cms/vendor/laravel/framework/src/Illuminate/Routing/UrlGenerator.php:526)
[stacktrace]
#0 /home/lionel/Documents/Junkyard/gotrip/bc-cms/vendor/laravel/framework/src/Illuminate/Foundation/helpers.php(885): Illuminate\\Routing\\UrlGenerator->route()
#1 /home/lionel/Documents/Junkyard/gotrip/bc-cms/pro/Tanova/Views/admin/detail.blade.php(260): route()
#2 /home/lionel/Documents/Junkyard/gotrip/bc-cms/vendor/laravel/framework/src/Illuminate/Filesystem/Filesystem.php(123): require('...')
#3 /home/lionel/Documents/Junkyard/gotrip/bc-cms/vendor/laravel/framework/src/Illuminate/Filesystem/Filesystem.php(124): Illuminate\\Filesystem\\Filesystem::{closure:Illuminate\\Filesystem\\Filesystem::getRequire():120}()
#4 /home/lionel/Documents/Junkyard/gotrip/bc-cms/vendor/laravel/framework/src/Illuminate/View/Engines/PhpEngine.php(57): Illuminate\\Filesystem\\Filesystem->getRequire()
#5 /home/lionel/Documents/Junkyard/gotrip/bc-cms/vendor/livewire/livewire/src/Mechanisms/ExtendBlade/ExtendedCompilerEngine.php(22): Illuminate\\View\\Engines\\PhpEngine->evaluatePath()
#6 /home/lionel/Documents/Junkyard/gotrip/bc-cms/vendor/laravel/framework/src/Illuminate/View/Engines/CompilerEngine.php(76): Livewire\\Mechanisms\\ExtendBlade\\ExtendedCompilerEngine->evaluatePath()
#7 /home/lionel/Documents/Junkyard/gotrip/bc-cms/vendor/livewire/livewire/src/Mechanisms/ExtendBlade/ExtendedCompilerEngine.php(10): Illuminate\\View\\Engines\\CompilerEngine->get()
#8 /home/lionel/Documents/Junkyard/gotrip/bc-cms/vendor/laravel/framework/src/Illuminate/View/View.php(208): Livewire\\Mechanisms\\ExtendBlade\\ExtendedCompilerEngine->get()
#9 /home/lionel/Documents/Junkyard/gotrip/bc-cms/vendor/laravel/framework/src/Illuminate/View/View.php(191): Illuminate\\View\\View->getContents()
#10 /home/lionel/Documents/Junkyard/gotrip/bc-cms/vendor/laravel/framework/src/Illuminate/View/View.php(160): Illuminate\\View\\View->renderContents()
#11 /home/lionel/Documents/Junkyard/gotrip/bc-cms/vendor/laravel/framework/src/Illuminate/Http/Response.php(78): Illuminate\\View\\View->render()
#12 /home/lionel/Documents/Junkyard/gotrip/bc-cms/vendor/laravel/framework/src/Illuminate/Http/Response.php(34): Illuminate\\Http\\Response->setContent()
#13 /home/lionel/Documents/Junkyard/gotrip/bc-cms/vendor/laravel/framework/src/Illuminate/Routing/Router.php(939): Illuminate\\Http\\Response->__construct()
#14 /home/lionel/Documents/Junkyard/gotrip/bc-cms/vendor/laravel/framework/src/Illuminate/Routing/Router.php(906): Illuminate\\Routing\\Router::toResponse()
#15 /home/lionel/Documents/Junkyard/gotrip/bc-cms/vendor/laravel/framework/src/Illuminate/Routing/Router.php(821): Illuminate\\Routing\\Router->prepareResponse()
#16 /home/lionel/Documents/Junkyard/gotrip/bc-cms/vendor/laravel/framework/src/Illuminate/Pipeline/Pipeline.php(180): Illuminate\\Routing\\Router->{closure:Illuminate\\Routing\\Router::runRouteWithinStack():821}()
#17 /home/lionel/Documents/Junkyard/gotrip/bc-cms/vendor/laravel/framework/src/Illuminate/Auth/Middleware/EnsureEmailIsVerified.php(41): Illuminate\\Pipeline\\Pipeline->{closure:Illuminate\\Pipeline\\Pipeline::prepareDestination():178}()
#18 /home/lionel/Documents/Junkyard/gotrip/bc-cms/vendor/laravel/framework/src/Illuminate/Pipeline/Pipeline.php(219): Illuminate\\Auth\\Middleware\\EnsureEmailIsVerified->handle()
#19 /home/lionel/Documents/Junkyard/gotrip/bc-cms/vendor/barryvdh/laravel-debugbar/src/Middleware/InjectDebugbar.php(66): Illuminate\\Pipeline\\Pipeline->{closure:{closure:Illuminate\\Pipeline\\Pipeline::carry():194}:195}()
#20 /home/lionel/Documents/Junkyard/gotrip/bc-cms/vendor/laravel/framework/src/Illuminate/Pipeline/Pipeline.php(219): Barryvdh\\Debugbar\\Middleware\\InjectDebugbar->handle()
#21 /home/lionel/Documents/Junkyard/gotrip/bc-cms/app/Http/Middleware/RequireChangePassword.php(41): Illuminate\\Pipeline\\Pipeline->{closure:{closure:Illuminate\\Pipeline\\Pipeline::carry():194}:195}()
#22 /home/lionel/Documents/Junkyard/gotrip/bc-cms/vendor/laravel/framework/src/Illuminate/Pipeline/Pipeline.php(219): App\\Http\\Middleware\\RequireChangePassword->handle()
#23 /home/lionel/Documents/Junkyard/gotrip/bc-cms/app/Http/Middleware/SetCurrentCurrency.php(48): Illuminate\\Pipeline\\Pipeline->{closure:{closure:Illuminate\\Pipeline\\Pipeline::carry():194}:195}()
#24 /home/lionel/Documents/Junkyard/gotrip/bc-cms/vendor/laravel/framework/src/Illuminate/Pipeline/Pipeline.php(219): App\\Http\\Middleware\\SetCurrentCurrency->handle()
#25 /home/lionel/Documents/Junkyard/gotrip/bc-cms/app/Http/Middleware/SetLanguageForAdmin.php(37): Illuminate\\Pipeline\\Pipeline->{closure:{closure:Illuminate\\Pipeline\\Pipeline::carry():194}:195}()
#26 /home/lionel/Documents/Junkyard/gotrip/bc-cms/vendor/laravel/framework/src/Illuminate/Pipeline/Pipeline.php(219): App\\Http\\Middleware\\SetLanguageForAdmin->handle()
#27 /home/lionel/Documents/Junkyard/gotrip/bc-cms/app/Http/Middleware/RedirectForMultiLanguage.php(58): Illuminate\\Pipeline\\Pipeline->{closure:{closure:Illuminate\\Pipeline\\Pipeline::carry():194}:195}()
#28 /home/lionel/Documents/Junkyard/gotrip/bc-cms/vendor/laravel/framework/src/Illuminate/Pipeline/Pipeline.php(219): App\\Http\\Middleware\\RedirectForMultiLanguage->handle()
#29 /home/lionel/Documents/Junkyard/gotrip/bc-cms/app/Http/Middleware/FrontendGuard.php(67): Illuminate\\Pipeline\\Pipeline->{closure:{closure:Illuminate\\Pipeline\\Pipeline::carry():194}:195}()
#30 /home/lionel/Documents/Junkyard/gotrip/bc-cms/vendor/laravel/framework/src/Illuminate/Pipeline/Pipeline.php(219): App\\Http\\Middleware\\FrontendGuard->handle()
#31 /home/lionel/Documents/Junkyard/gotrip/bc-cms/vendor/laravel/framework/src/Illuminate/Routing/Middleware/SubstituteBindings.php(50): Illuminate\\Pipeline\\Pipeline->{closure:{closure:Illuminate\\Pipeline\\Pipeline::carry():194}:195}()
#32 /home/lionel/Documents/Junkyard/gotrip/bc-cms/vendor/laravel/framework/src/Illuminate/Pipeline/Pipeline.php(219): Illuminate\\Routing\\Middleware\\SubstituteBindings->handle()
#33 /home/lionel/Documents/Junkyard/gotrip/bc-cms/vendor/laravel/framework/src/Illuminate/Auth/Middleware/Authenticate.php(63): Illuminate\\Pipeline\\Pipeline->{closure:{closure:Illuminate\\Pipeline\\Pipeline::carry():194}:195}()
#34 /home/lionel/Documents/Junkyard/gotrip/bc-cms/vendor/laravel/framework/src/Illuminate/Pipeline/Pipeline.php(219): Illuminate\\Auth\\Middleware\\Authenticate->handle()
#35 /home/lionel/Documents/Junkyard/gotrip/bc-cms/vendor/laravel/framework/src/Illuminate/Foundation/Http/Middleware/VerifyCsrfToken.php(87): Illuminate\\Pipeline\\Pipeline->{closure:{closure:Illuminate\\Pipeline\\Pipeline::carry():194}:195}()
#36 /home/lionel/Documents/Junkyard/gotrip/bc-cms/vendor/laravel/framework/src/Illuminate/Pipeline/Pipeline.php(219): Illuminate\\Foundation\\Http\\Middleware\\VerifyCsrfToken->handle()
#37 /home/lionel/Documents/Junkyard/gotrip/bc-cms/vendor/laravel/framework/src/Illuminate/View/Middleware/ShareErrorsFromSession.php(48): Illuminate\\Pipeline\\Pipeline->{closure:{closure:Illuminate\\Pipeline\\Pipeline::carry():194}:195}()
#38 /home/lionel/Documents/Junkyard/gotrip/bc-cms/vendor/laravel/framework/src/Illuminate/Pipeline/Pipeline.php(219): Illuminate\\View\\Middleware\\ShareErrorsFromSession->handle()
#39 /home/lionel/Documents/Junkyard/gotrip/bc-cms/vendor/laravel/framework/src/Illuminate/Session/Middleware/StartSession.php(120): Illuminate\\Pipeline\\Pipeline->{closure:{closure:Illuminate\\Pipeline\\Pipeline::carry():194}:195}()
#40 /home/lionel/Documents/Junkyard/gotrip/bc-cms/vendor/laravel/framework/src/Illuminate/Session/Middleware/StartSession.php(63): Illuminate\\Session\\Middleware\\StartSession->handleStatefulRequest()
#41 /home/lionel/Documents/Junkyard/gotrip/bc-cms/vendor/laravel/framework/src/Illuminate/Pipeline/Pipeline.php(219): Illuminate\\Session\\Middleware\\StartSession->handle()
#42 /home/lionel/Documents/Junkyard/gotrip/bc-cms/vendor/laravel/framework/src/Illuminate/Cookie/Middleware/AddQueuedCookiesToResponse.php(36): Illuminate\\Pipeline\\Pipeline->{closure:{closure:Illuminate\\Pipeline\\Pipeline::carry():194}:195}()
#43 /home/lionel/Documents/Junkyard/gotrip/bc-cms/vendor/laravel/framework/src/Illuminate/Pipeline/Pipeline.php(219): Illuminate\\Cookie\\Middleware\\AddQueuedCookiesToResponse->handle()
#44 /home/lionel/Documents/Junkyard/gotrip/bc-cms/vendor/laravel/framework/src/Illuminate/Cookie/Middleware/EncryptCookies.php(74): Illuminate\\Pipeline\\Pipeline->{closure:{closure:Illuminate\\Pipeline\\Pipeline::carry():194}:195}()
#45 /home/lionel/Documents/Junkyard/gotrip/bc-cms/vendor/laravel/framework/src/Illuminate/Pipeline/Pipeline.php(219): Illuminate\\Cookie\\Middleware\\EncryptCookies->handle()
#46 /home/lionel/Documents/Junkyard/gotrip/bc-cms/vendor/laravel/framework/src/Illuminate/Pipeline/Pipeline.php(137): Illuminate\\Pipeline\\Pipeline->{closure:{closure:Illuminate\\Pipeline\\Pipeline::carry():194}:195}()
#47 /home/lionel/Documents/Junkyard/gotrip/bc-cms/vendor/laravel/framework/src/Illuminate/Routing/Router.php(821): Illuminate\\Pipeline\\Pipeline->then()
#48 /home/lionel/Documents/Junkyard/gotrip/bc-cms/vendor/laravel/framework/src/Illuminate/Routing/Router.php(800): Illuminate\\Routing\\Router->runRouteWithinStack()
#49 /home/lionel/Documents/Junkyard/gotrip/bc-cms/vendor/laravel/framework/src/Illuminate/Routing/Router.php(764): Illuminate\\Routing\\Router->runRoute()
#50 /home/lionel/Documents/Junkyard/gotrip/bc-cms/vendor/laravel/framework/src/Illuminate/Routing/Router.php(753): Illuminate\\Routing\\Router->dispatchToRoute()
#51 /home/lionel/Documents/Junkyard/gotrip/bc-cms/vendor/laravel/framework/src/Illuminate/Foundation/Http/Kernel.php(200): Illuminate\\Routing\\Router->dispatch()
#52 /home/lionel/Documents/Junkyard/gotrip/bc-cms/vendor/laravel/framework/src/Illuminate/Pipeline/Pipeline.php(180): Illuminate\\Foundation\\Http\\Kernel->{closure:Illuminate\\Foundation\\Http\\Kernel::dispatchToRouter():197}()
#53 /home/lionel/Documents/Junkyard/gotrip/bc-cms/themes/Base/Core/Middleware/RunUpdater.php(77): Illuminate\\Pipeline\\Pipeline->{closure:Illuminate\\Pipeline\\Pipeline::prepareDestination():178}()
#54 /home/lionel/Documents/Junkyard/gotrip/bc-cms/vendor/laravel/framework/src/Illuminate/Pipeline/Pipeline.php(219): Themes\\Base\\Core\\Middleware\\RunUpdater->handle()
#55 /home/lionel/Documents/Junkyard/gotrip/bc-cms/vendor/livewire/livewire/src/Features/SupportDisablingBackButtonCache/DisableBackButtonCacheMiddleware.php(19): Illuminate\\Pipeline\\Pipeline->{closure:{closure:Illuminate\\Pipeline\\Pipeline::carry():194}:195}()
#56 /home/lionel/Documents/Junkyard/gotrip/bc-cms/vendor/laravel/framework/src/Illuminate/Pipeline/Pipeline.php(219): Livewire\\Features\\SupportDisablingBackButtonCache\\DisableBackButtonCacheMiddleware->handle()
#57 /home/lionel/Documents/Junkyard/gotrip/bc-cms/vendor/barryvdh/laravel-debugbar/src/Middleware/InjectDebugbar.php(66): Illuminate\\Pipeline\\Pipeline->{closure:{closure:Illuminate\\Pipeline\\Pipeline::carry():194}:195}()
#58 /home/lionel/Documents/Junkyard/gotrip/bc-cms/vendor/laravel/framework/src/Illuminate/Pipeline/Pipeline.php(219): Barryvdh\\Debugbar\\Middleware\\InjectDebugbar->handle()
#59 /home/lionel/Documents/Junkyard/gotrip/bc-cms/app/Http/Middleware/RedirectToInstaller.php(40): Illuminate\\Pipeline\\Pipeline->{closure:{closure:Illuminate\\Pipeline\\Pipeline::carry():194}:195}()
#60 /home/lionel/Documents/Junkyard/gotrip/bc-cms/vendor/laravel/framework/src/Illuminate/Pipeline/Pipeline.php(219): App\\Http\\Middleware\\RedirectToInstaller->handle()
#61 /home/lionel/Documents/Junkyard/gotrip/bc-cms/vendor/laravel/framework/src/Illuminate/Foundation/Http/Middleware/TransformsRequest.php(21): Illuminate\\Pipeline\\Pipeline->{closure:{closure:Illuminate\\Pipeline\\Pipeline::carry():194}:195}()
#62 /home/lionel/Documents/Junkyard/gotrip/bc-cms/vendor/laravel/framework/src/Illuminate/Foundation/Http/Middleware/ConvertEmptyStringsToNull.php(31): Illuminate\\Foundation\\Http\\Middleware\\TransformsRequest->handle()
#63 /home/lionel/Documents/Junkyard/gotrip/bc-cms/vendor/laravel/framework/src/Illuminate/Pipeline/Pipeline.php(219): Illuminate\\Foundation\\Http\\Middleware\\ConvertEmptyStringsToNull->handle()
#64 /home/lionel/Documents/Junkyard/gotrip/bc-cms/vendor/laravel/framework/src/Illuminate/Foundation/Http/Middleware/TransformsRequest.php(21): Illuminate\\Pipeline\\Pipeline->{closure:{closure:Illuminate\\Pipeline\\Pipeline::carry():194}:195}()
#65 /home/lionel/Documents/Junkyard/gotrip/bc-cms/vendor/laravel/framework/src/Illuminate/Foundation/Http/Middleware/TrimStrings.php(51): Illuminate\\Foundation\\Http\\Middleware\\TransformsRequest->handle()
#66 /home/lionel/Documents/Junkyard/gotrip/bc-cms/vendor/laravel/framework/src/Illuminate/Pipeline/Pipeline.php(219): Illuminate\\Foundation\\Http\\Middleware\\TrimStrings->handle()
#67 /home/lionel/Documents/Junkyard/gotrip/bc-cms/vendor/laravel/framework/src/Illuminate/Http/Middleware/ValidatePostSize.php(27): Illuminate\\Pipeline\\Pipeline->{closure:{closure:Illuminate\\Pipeline\\Pipeline::carry():194}:195}()
#68 /home/lionel/Documents/Junkyard/gotrip/bc-cms/vendor/laravel/framework/src/Illuminate/Pipeline/Pipeline.php(219): Illuminate\\Http\\Middleware\\ValidatePostSize->handle()
#69 /home/lionel/Documents/Junkyard/gotrip/bc-cms/vendor/laravel/framework/src/Illuminate/Foundation/Http/Middleware/PreventRequestsDuringMaintenance.php(109): Illuminate\\Pipeline\\Pipeline->{closure:{closure:Illuminate\\Pipeline\\Pipeline::carry():194}:195}()
#70 /home/lionel/Documents/Junkyard/gotrip/bc-cms/vendor/laravel/framework/src/Illuminate/Pipeline/Pipeline.php(219): Illuminate\\Foundation\\Http\\Middleware\\PreventRequestsDuringMaintenance->handle()
#71 /home/lionel/Documents/Junkyard/gotrip/bc-cms/vendor/laravel/framework/src/Illuminate/Http/Middleware/HandleCors.php(48): Illuminate\\Pipeline\\Pipeline->{closure:{closure:Illuminate\\Pipeline\\Pipeline::carry():194}:195}()
#72 /home/lionel/Documents/Junkyard/gotrip/bc-cms/vendor/laravel/framework/src/Illuminate/Pipeline/Pipeline.php(219): Illuminate\\Http\\Middleware\\HandleCors->handle()
#73 /home/lionel/Documents/Junkyard/gotrip/bc-cms/vendor/laravel/framework/src/Illuminate/Http/Middleware/TrustProxies.php(58): Illuminate\\Pipeline\\Pipeline->{closure:{closure:Illuminate\\Pipeline\\Pipeline::carry():194}:195}()
#74 /home/lionel/Documents/Junkyard/gotrip/bc-cms/vendor/laravel/framework/src/Illuminate/Pipeline/Pipeline.php(219): Illuminate\\Http\\Middleware\\TrustProxies->handle()
#75 /home/lionel/Documents/Junkyard/gotrip/bc-cms/vendor/laravel/framework/src/Illuminate/Foundation/Http/Middleware/InvokeDeferredCallbacks.php(22): Illuminate\\Pipeline\\Pipeline->{closure:{closure:Illuminate\\Pipeline\\Pipeline::carry():194}:195}()
#76 /home/lionel/Documents/Junkyard/gotrip/bc-cms/vendor/laravel/framework/src/Illuminate/Pipeline/Pipeline.php(219): Illuminate\\Foundation\\Http\\Middleware\\InvokeDeferredCallbacks->handle()
#77 /home/lionel/Documents/Junkyard/gotrip/bc-cms/vendor/laravel/framework/src/Illuminate/Http/Middleware/ValidatePathEncoding.php(26): Illuminate\\Pipeline\\Pipeline->{closure:{closure:Illuminate\\Pipeline\\Pipeline::carry():194}:195}()
#78 /home/lionel/Documents/Junkyard/gotrip/bc-cms/vendor/laravel/framework/src/Illuminate/Pipeline/Pipeline.php(219): Illuminate\\Http\\Middleware\\ValidatePathEncoding->handle()
#79 /home/lionel/Documents/Junkyard/gotrip/bc-cms/vendor/laravel/framework/src/Illuminate/Pipeline/Pipeline.php(137): Illuminate\\Pipeline\\Pipeline->{closure:{closure:Illuminate\\Pipeline\\Pipeline::carry():194}:195}()
#80 /home/lionel/Documents/Junkyard/gotrip/bc-cms/vendor/laravel/framework/src/Illuminate/Foundation/Http/Kernel.php(175): Illuminate\\Pipeline\\Pipeline->then()
#81 /home/lionel/Documents/Junkyard/gotrip/bc-cms/vendor/laravel/framework/src/Illuminate/Foundation/Http/Kernel.php(144): Illuminate\\Foundation\\Http\\Kernel->sendRequestThroughRouter()
#82 /home/lionel/Documents/Junkyard/gotrip/bc-cms/vendor/laravel/framework/src/Illuminate/Foundation/Application.php(1219): Illuminate\\Foundation\\Http\\Kernel->handle()
#83 /home/lionel/Documents/Junkyard/gotrip/public_html/index.php(84): Illuminate\\Foundation\\Application->handleRequest()
#84 /home/lionel/Documents/Junkyard/gotrip/bc-cms/server.php(21): require_once('...')
#85 {main}

[previous exception] [object] (Symfony\\Component\\Routing\\Exception\\RouteNotFoundException(code: 0): Route [admin.booking.detail] not defined. at /home/lionel/Documents/Junkyard/gotrip/bc-cms/vendor/laravel/framework/src/Illuminate/Routing/UrlGenerator.php:526)
[stacktrace]
#0 /home/lionel/Documents/Junkyard/gotrip/bc-cms/vendor/laravel/framework/src/Illuminate/Foundation/helpers.php(885): Illuminate\\Routing\\UrlGenerator->route()
#1 /home/lionel/Documents/Junkyard/gotrip/bc-cms/storage/framework/views/76c9e73ecda9770295ec53e757d37795.php(263): route()
#2 /home/lionel/Documents/Junkyard/gotrip/bc-cms/vendor/laravel/framework/src/Illuminate/Filesystem/Filesystem.php(123): require('...')
#3 /home/lionel/Documents/Junkyard/gotrip/bc-cms/vendor/laravel/framework/src/Illuminate/Filesystem/Filesystem.php(124): Illuminate\\Filesystem\\Filesystem::{closure:Illuminate\\Filesystem\\Filesystem::getRequire():120}()
#4 /home/lionel/Documents/Junkyard/gotrip/bc-cms/vendor/laravel/framework/src/Illuminate/View/Engines/PhpEngine.php(57): Illuminate\\Filesystem\\Filesystem->getRequire()
#5 /home/lionel/Documents/Junkyard/gotrip/bc-cms/vendor/livewire/livewire/src/Mechanisms/ExtendBlade/ExtendedCompilerEngine.php(22): Illuminate\\View\\Engines\\PhpEngine->evaluatePath()
#6 /home/lionel/Documents/Junkyard/gotrip/bc-cms/vendor/laravel/framework/src/Illuminate/View/Engines/CompilerEngine.php(76): Livewire\\Mechanisms\\ExtendBlade\\ExtendedCompilerEngine->evaluatePath()
#7 /home/lionel/Documents/Junkyard/gotrip/bc-cms/vendor/livewire/livewire/src/Mechanisms/ExtendBlade/ExtendedCompilerEngine.php(10): Illuminate\\View\\Engines\\CompilerEngine->get()
#8 /home/lionel/Documents/Junkyard/gotrip/bc-cms/vendor/laravel/framework/src/Illuminate/View/View.php(208): Livewire\\Mechanisms\\ExtendBlade\\ExtendedCompilerEngine->get()
#9 /home/lionel/Documents/Junkyard/gotrip/bc-cms/vendor/laravel/framework/src/Illuminate/View/View.php(191): Illuminate\\View\\View->getContents()
#10 /home/lionel/Documents/Junkyard/gotrip/bc-cms/vendor/laravel/framework/src/Illuminate/View/View.php(160): Illuminate\\View\\View->renderContents()
#11 /home/lionel/Documents/Junkyard/gotrip/bc-cms/vendor/laravel/framework/src/Illuminate/Http/Response.php(78): Illuminate\\View\\View->render()
#12 /home/lionel/Documents/Junkyard/gotrip/bc-cms/vendor/laravel/framework/src/Illuminate/Http/Response.php(34): Illuminate\\Http\\Response->setContent()
#13 /home/lionel/Documents/Junkyard/gotrip/bc-cms/vendor/laravel/framework/src/Illuminate/Routing/Router.php(939): Illuminate\\Http\\Response->__construct()
#14 /home/lionel/Documents/Junkyard/gotrip/bc-cms/vendor/laravel/framework/src/Illuminate/Routing/Router.php(906): Illuminate\\Routing\\Router::toResponse()
#15 /home/lionel/Documents/Junkyard/gotrip/bc-cms/vendor/laravel/framework/src/Illuminate/Routing/Router.php(821): Illuminate\\Routing\\Router->prepareResponse()
#16 /home/lionel/Documents/Junkyard/gotrip/bc-cms/vendor/laravel/framework/src/Illuminate/Pipeline/Pipeline.php(180): Illuminate\\Routing\\Router->{closure:Illuminate\\Routing\\Router::runRouteWithinStack():821}()
#17 /home/lionel/Documents/Junkyard/gotrip/bc-cms/vendor/laravel/framework/src/Illuminate/Auth/Middleware/EnsureEmailIsVerified.php(41): Illuminate\\Pipeline\\Pipeline->{closure:Illuminate\\Pipeline\\Pipeline::prepareDestination():178}()
#18 /home/lionel/Documents/Junkyard/gotrip/bc-cms/vendor/laravel/framework/src/Illuminate/Pipeline/Pipeline.php(219): Illuminate\\Auth\\Middleware\\EnsureEmailIsVerified->handle()
#19 /home/lionel/Documents/Junkyard/gotrip/bc-cms/vendor/barryvdh/laravel-debugbar/src/Middleware/InjectDebugbar.php(66): Illuminate\\Pipeline\\Pipeline->{closure:{closure:Illuminate\\Pipeline\\Pipeline::carry():194}:195}()
#20 /home/lionel/Documents/Junkyard/gotrip/bc-cms/vendor/laravel/framework/src/Illuminate/Pipeline/Pipeline.php(219): Barryvdh\\Debugbar\\Middleware\\InjectDebugbar->handle()
#21 /home/lionel/Documents/Junkyard/gotrip/bc-cms/app/Http/Middleware/RequireChangePassword.php(41): Illuminate\\Pipeline\\Pipeline->{closure:{closure:Illuminate\\Pipeline\\Pipeline::carry():194}:195}()
#22 /home/lionel/Documents/Junkyard/gotrip/bc-cms/vendor/laravel/framework/src/Illuminate/Pipeline/Pipeline.php(219): App\\Http\\Middleware\\RequireChangePassword->handle()
#23 /home/lionel/Documents/Junkyard/gotrip/bc-cms/app/Http/Middleware/SetCurrentCurrency.php(48): Illuminate\\Pipeline\\Pipeline->{closure:{closure:Illuminate\\Pipeline\\Pipeline::carry():194}:195}()
#24 /home/lionel/Documents/Junkyard/gotrip/bc-cms/vendor/laravel/framework/src/Illuminate/Pipeline/Pipeline.php(219): App\\Http\\Middleware\\SetCurrentCurrency->handle()
#25 /home/lionel/Documents/Junkyard/gotrip/bc-cms/app/Http/Middleware/SetLanguageForAdmin.php(37): Illuminate\\Pipeline\\Pipeline->{closure:{closure:Illuminate\\Pipeline\\Pipeline::carry():194}:195}()
#26 /home/lionel/Documents/Junkyard/gotrip/bc-cms/vendor/laravel/framework/src/Illuminate/Pipeline/Pipeline.php(219): App\\Http\\Middleware\\SetLanguageForAdmin->handle()
#27 /home/lionel/Documents/Junkyard/gotrip/bc-cms/app/Http/Middleware/RedirectForMultiLanguage.php(58): Illuminate\\Pipeline\\Pipeline->{closure:{closure:Illuminate\\Pipeline\\Pipeline::carry():194}:195}()
#28 /home/lionel/Documents/Junkyard/gotrip/bc-cms/vendor/laravel/framework/src/Illuminate/Pipeline/Pipeline.php(219): App\\Http\\Middleware\\RedirectForMultiLanguage->handle()
#29 /home/lionel/Documents/Junkyard/gotrip/bc-cms/app/Http/Middleware/FrontendGuard.php(67): Illuminate\\Pipeline\\Pipeline->{closure:{closure:Illuminate\\Pipeline\\Pipeline::carry():194}:195}()
#30 /home/lionel/Documents/Junkyard/gotrip/bc-cms/vendor/laravel/framework/src/Illuminate/Pipeline/Pipeline.php(219): App\\Http\\Middleware\\FrontendGuard->handle()
#31 /home/lionel/Documents/Junkyard/gotrip/bc-cms/vendor/laravel/framework/src/Illuminate/Routing/Middleware/SubstituteBindings.php(50): Illuminate\\Pipeline\\Pipeline->{closure:{closure:Illuminate\\Pipeline\\Pipeline::carry():194}:195}()
#32 /home/lionel/Documents/Junkyard/gotrip/bc-cms/vendor/laravel/framework/src/Illuminate/Pipeline/Pipeline.php(219): Illuminate\\Routing\\Middleware\\SubstituteBindings->handle()
#33 /home/lionel/Documents/Junkyard/gotrip/bc-cms/vendor/laravel/framework/src/Illuminate/Auth/Middleware/Authenticate.php(63): Illuminate\\Pipeline\\Pipeline->{closure:{closure:Illuminate\\Pipeline\\Pipeline::carry():194}:195}()
#34 /home/lionel/Documents/Junkyard/gotrip/bc-cms/vendor/laravel/framework/src/Illuminate/Pipeline/Pipeline.php(219): Illuminate\\Auth\\Middleware\\Authenticate->handle()
#35 /home/lionel/Documents/Junkyard/gotrip/bc-cms/vendor/laravel/framework/src/Illuminate/Foundation/Http/Middleware/VerifyCsrfToken.php(87): Illuminate\\Pipeline\\Pipeline->{closure:{closure:Illuminate\\Pipeline\\Pipeline::carry():194}:195}()
#36 /home/lionel/Documents/Junkyard/gotrip/bc-cms/vendor/laravel/framework/src/Illuminate/Pipeline/Pipeline.php(219): Illuminate\\Foundation\\Http\\Middleware\\VerifyCsrfToken->handle()
#37 /home/lionel/Documents/Junkyard/gotrip/bc-cms/vendor/laravel/framework/src/Illuminate/View/Middleware/ShareErrorsFromSession.php(48): Illuminate\\Pipeline\\Pipeline->{closure:{closure:Illuminate\\Pipeline\\Pipeline::carry():194}:195}()
#38 /home/lionel/Documents/Junkyard/gotrip/bc-cms/vendor/laravel/framework/src/Illuminate/Pipeline/Pipeline.php(219): Illuminate\\View\\Middleware\\ShareErrorsFromSession->handle()
#39 /home/lionel/Documents/Junkyard/gotrip/bc-cms/vendor/laravel/framework/src/Illuminate/Session/Middleware/StartSession.php(120): Illuminate\\Pipeline\\Pipeline->{closure:{closure:Illuminate\\Pipeline\\Pipeline::carry():194}:195}()
#40 /home/lionel/Documents/Junkyard/gotrip/bc-cms/vendor/laravel/framework/src/Illuminate/Session/Middleware/StartSession.php(63): Illuminate\\Session\\Middleware\\StartSession->handleStatefulRequest()
#41 /home/lionel/Documents/Junkyard/gotrip/bc-cms/vendor/laravel/framework/src/Illuminate/Pipeline/Pipeline.php(219): Illuminate\\Session\\Middleware\\StartSession->handle()
#42 /home/lionel/Documents/Junkyard/gotrip/bc-cms/vendor/laravel/framework/src/Illuminate/Cookie/Middleware/AddQueuedCookiesToResponse.php(36): Illuminate\\Pipeline\\Pipeline->{closure:{closure:Illuminate\\Pipeline\\Pipeline::carry():194}:195}()
#43 /home/lionel/Documents/Junkyard/gotrip/bc-cms/vendor/laravel/framework/src/Illuminate/Pipeline/Pipeline.php(219): Illuminate\\Cookie\\Middleware\\AddQueuedCookiesToResponse->handle()
#44 /home/lionel/Documents/Junkyard/gotrip/bc-cms/vendor/laravel/framework/src/Illuminate/Cookie/Middleware/EncryptCookies.php(74): Illuminate\\Pipeline\\Pipeline->{closure:{closure:Illuminate\\Pipeline\\Pipeline::carry():194}:195}()
#45 /home/lionel/Documents/Junkyard/gotrip/bc-cms/vendor/laravel/framework/src/Illuminate/Pipeline/Pipeline.php(219): Illuminate\\Cookie\\Middleware\\EncryptCookies->handle()
#46 /home/lionel/Documents/Junkyard/gotrip/bc-cms/vendor/laravel/framework/src/Illuminate/Pipeline/Pipeline.php(137): Illuminate\\Pipeline\\Pipeline->{closure:{closure:Illuminate\\Pipeline\\Pipeline::carry():194}:195}()
#47 /home/lionel/Documents/Junkyard/gotrip/bc-cms/vendor/laravel/framework/src/Illuminate/Routing/Router.php(821): Illuminate\\Pipeline\\Pipeline->then()
#48 /home/lionel/Documents/Junkyard/gotrip/bc-cms/vendor/laravel/framework/src/Illuminate/Routing/Router.php(800): Illuminate\\Routing\\Router->runRouteWithinStack()
#49 /home/lionel/Documents/Junkyard/gotrip/bc-cms/vendor/laravel/framework/src/Illuminate/Routing/Router.php(764): Illuminate\\Routing\\Router->runRoute()
#50 /home/lionel/Documents/Junkyard/gotrip/bc-cms/vendor/laravel/framework/src/Illuminate/Routing/Router.php(753): Illuminate\\Routing\\Router->dispatchToRoute()
#51 /home/lionel/Documents/Junkyard/gotrip/bc-cms/vendor/laravel/framework/src/Illuminate/Foundation/Http/Kernel.php(200): Illuminate\\Routing\\Router->dispatch()
#52 /home/lionel/Documents/Junkyard/gotrip/bc-cms/vendor/laravel/framework/src/Illuminate/Pipeline/Pipeline.php(180): Illuminate\\Foundation\\Http\\Kernel->{closure:Illuminate\\Foundation\\Http\\Kernel::dispatchToRouter():197}()
#53 /home/lionel/Documents/Junkyard/gotrip/bc-cms/themes/Base/Core/Middleware/RunUpdater.php(77): Illuminate\\Pipeline\\Pipeline->{closure:Illuminate\\Pipeline\\Pipeline::prepareDestination():178}()
#54 /home/lionel/Documents/Junkyard/gotrip/bc-cms/vendor/laravel/framework/src/Illuminate/Pipeline/Pipeline.php(219): Themes\\Base\\Core\\Middleware\\RunUpdater->handle()
#55 /home/lionel/Documents/Junkyard/gotrip/bc-cms/vendor/livewire/livewire/src/Features/SupportDisablingBackButtonCache/DisableBackButtonCacheMiddleware.php(19): Illuminate\\Pipeline\\Pipeline->{closure:{closure:Illuminate\\Pipeline\\Pipeline::carry():194}:195}()
#56 /home/lionel/Documents/Junkyard/gotrip/bc-cms/vendor/laravel/framework/src/Illuminate/Pipeline/Pipeline.php(219): Livewire\\Features\\SupportDisablingBackButtonCache\\DisableBackButtonCacheMiddleware->handle()
#57 /home/lionel/Documents/Junkyard/gotrip/bc-cms/vendor/barryvdh/laravel-debugbar/src/Middleware/InjectDebugbar.php(66): Illuminate\\Pipeline\\Pipeline->{closure:{closure:Illuminate\\Pipeline\\Pipeline::carry():194}:195}()
#58 /home/lionel/Documents/Junkyard/gotrip/bc-cms/vendor/laravel/framework/src/Illuminate/Pipeline/Pipeline.php(219): Barryvdh\\Debugbar\\Middleware\\InjectDebugbar->handle()
#59 /home/lionel/Documents/Junkyard/gotrip/bc-cms/app/Http/Middleware/RedirectToInstaller.php(40): Illuminate\\Pipeline\\Pipeline->{closure:{closure:Illuminate\\Pipeline\\Pipeline::carry():194}:195}()
#60 /home/lionel/Documents/Junkyard/gotrip/bc-cms/vendor/laravel/framework/src/Illuminate/Pipeline/Pipeline.php(219): App\\Http\\Middleware\\RedirectToInstaller->handle()
#61 /home/lionel/Documents/Junkyard/gotrip/bc-cms/vendor/laravel/framework/src/Illuminate/Foundation/Http/Middleware/TransformsRequest.php(21): Illuminate\\Pipeline\\Pipeline->{closure:{closure:Illuminate\\Pipeline\\Pipeline::carry():194}:195}()
#62 /home/lionel/Documents/Junkyard/gotrip/bc-cms/vendor/laravel/framework/src/Illuminate/Foundation/Http/Middleware/ConvertEmptyStringsToNull.php(31): Illuminate\\Foundation\\Http\\Middleware\\TransformsRequest->handle()
#63 /home/lionel/Documents/Junkyard/gotrip/bc-cms/vendor/laravel/framework/src/Illuminate/Pipeline/Pipeline.php(219): Illuminate\\Foundation\\Http\\Middleware\\ConvertEmptyStringsToNull->handle()
#64 /home/lionel/Documents/Junkyard/gotrip/bc-cms/vendor/laravel/framework/src/Illuminate/Foundation/Http/Middleware/TransformsRequest.php(21): Illuminate\\Pipeline\\Pipeline->{closure:{closure:Illuminate\\Pipeline\\Pipeline::carry():194}:195}()
#65 /home/lionel/Documents/Junkyard/gotrip/bc-cms/vendor/laravel/framework/src/Illuminate/Foundation/Http/Middleware/TrimStrings.php(51): Illuminate\\Foundation\\Http\\Middleware\\TransformsRequest->handle()
#66 /home/lionel/Documents/Junkyard/gotrip/bc-cms/vendor/laravel/framework/src/Illuminate/Pipeline/Pipeline.php(219): Illuminate\\Foundation\\Http\\Middleware\\TrimStrings->handle()
#67 /home/lionel/Documents/Junkyard/gotrip/bc-cms/vendor/laravel/framework/src/Illuminate/Http/Middleware/ValidatePostSize.php(27): Illuminate\\Pipeline\\Pipeline->{closure:{closure:Illuminate\\Pipeline\\Pipeline::carry():194}:195}()
#68 /home/lionel/Documents/Junkyard/gotrip/bc-cms/vendor/laravel/framework/src/Illuminate/Pipeline/Pipeline.php(219): Illuminate\\Http\\Middleware\\ValidatePostSize->handle()
#69 /home/lionel/Documents/Junkyard/gotrip/bc-cms/vendor/laravel/framework/src/Illuminate/Foundation/Http/Middleware/PreventRequestsDuringMaintenance.php(109): Illuminate\\Pipeline\\Pipeline->{closure:{closure:Illuminate\\Pipeline\\Pipeline::carry():194}:195}()
#70 /home/lionel/Documents/Junkyard/gotrip/bc-cms/vendor/laravel/framework/src/Illuminate/Pipeline/Pipeline.php(219): Illuminate\\Foundation\\Http\\Middleware\\PreventRequestsDuringMaintenance->handle()
#71 /home/lionel/Documents/Junkyard/gotrip/bc-cms/vendor/laravel/framework/src/Illuminate/Http/Middleware/HandleCors.php(48): Illuminate\\Pipeline\\Pipeline->{closure:{closure:Illuminate\\Pipeline\\Pipeline::carry():194}:195}()
#72 /home/lionel/Documents/Junkyard/gotrip/bc-cms/vendor/laravel/framework/src/Illuminate/Pipeline/Pipeline.php(219): Illuminate\\Http\\Middleware\\HandleCors->handle()
#73 /home/lionel/Documents/Junkyard/gotrip/bc-cms/vendor/laravel/framework/src/Illuminate/Http/Middleware/TrustProxies.php(58): Illuminate\\Pipeline\\Pipeline->{closure:{closure:Illuminate\\Pipeline\\Pipeline::carry():194}:195}()
#74 /home/lionel/Documents/Junkyard/gotrip/bc-cms/vendor/laravel/framework/src/Illuminate/Pipeline/Pipeline.php(219): Illuminate\\Http\\Middleware\\TrustProxies->handle()
#75 /home/lionel/Documents/Junkyard/gotrip/bc-cms/vendor/laravel/framework/src/Illuminate/Foundation/Http/Middleware/InvokeDeferredCallbacks.php(22): Illuminate\\Pipeline\\Pipeline->{closure:{closure:Illuminate\\Pipeline\\Pipeline::carry():194}:195}()
#76 /home/lionel/Documents/Junkyard/gotrip/bc-cms/vendor/laravel/framework/src/Illuminate/Pipeline/Pipeline.php(219): Illuminate\\Foundation\\Http\\Middleware\\InvokeDeferredCallbacks->handle()
#77 /home/lionel/Documents/Junkyard/gotrip/bc-cms/vendor/laravel/framework/src/Illuminate/Http/Middleware/ValidatePathEncoding.php(26): Illuminate\\Pipeline\\Pipeline->{closure:{closure:Illuminate\\Pipeline\\Pipeline::carry():194}:195}()
#78 /home/lionel/Documents/Junkyard/gotrip/bc-cms/vendor/laravel/framework/src/Illuminate/Pipeline/Pipeline.php(219): Illuminate\\Http\\Middleware\\ValidatePathEncoding->handle()
#79 /home/lionel/Documents/Junkyard/gotrip/bc-cms/vendor/laravel/framework/src/Illuminate/Pipeline/Pipeline.php(137): Illuminate\\Pipeline\\Pipeline->{closure:{closure:Illuminate\\Pipeline\\Pipeline::carry():194}:195}()
#80 /home/lionel/Documents/Junkyard/gotrip/bc-cms/vendor/laravel/framework/src/Illuminate/Foundation/Http/Kernel.php(175): Illuminate\\Pipeline\\Pipeline->then()
#81 /home/lionel/Documents/Junkyard/gotrip/bc-cms/vendor/laravel/framework/src/Illuminate/Foundation/Http/Kernel.php(144): Illuminate\\Foundation\\Http\\Kernel->sendRequestThroughRouter()
#82 /home/lionel/Documents/Junkyard/gotrip/bc-cms/vendor/laravel/framework/src/Illuminate/Foundation/Application.php(1219): Illuminate\\Foundation\\Http\\Kernel->handle()
#83 /home/lionel/Documents/Junkyard/gotrip/public_html/index.php(84): Illuminate\\Foundation\\Application->handleRequest()
#84 /home/lionel/Documents/Junkyard/gotrip/bc-cms/server.php(21): require_once('...')
#85 {main}
"} 
[2026-05-24 15:20:57] local.ERROR: Modules\Booking\Models\Booking::service must return a relationship instance, but "null" was returned. Was the "return" keyword used? {"view":{"view":"/home/lionel/Documents/Junkyard/gotrip/bc-cms/modules/Booking/Views/admin/booking/edit.blade.php","data":[]},"userId":6,"exception":"[object] (Spatie\\LaravelIgnition\\Exceptions\\ViewException(code: 0): Modules\\Booking\\Models\\Booking::service must return a relationship instance, but \"null\" was returned. Was the \"return\" keyword used? at /home/lionel/Documents/Junkyard/gotrip/bc-cms/vendor/laravel/framework/src/Illuminate/Database/Eloquent/Concerns/HasAttributes.php:624)
[stacktrace]
#0 /home/lionel/Documents/Junkyard/gotrip/bc-cms/vendor/laravel/framework/src/Illuminate/Database/Eloquent/Concerns/HasAttributes.php(572): Illuminate\\Database\\Eloquent\\Model->getRelationshipFromMethod()
#1 /home/lionel/Documents/Junkyard/gotrip/bc-cms/vendor/laravel/framework/src/Illuminate/Database/Eloquent/Concerns/HasAttributes.php(493): Illuminate\\Database\\Eloquent\\Model->getRelationValue()
#2 /home/lionel/Documents/Junkyard/gotrip/bc-cms/vendor/laravel/framework/src/Illuminate/Database/Eloquent/Model.php(2435): Illuminate\\Database\\Eloquent\\Model->getAttribute()
#3 /home/lionel/Documents/Junkyard/gotrip/bc-cms/vendor/laravel/framework/src/Illuminate/Database/Eloquent/Model.php(2489): Illuminate\\Database\\Eloquent\\Model->offsetExists()
#4 /home/lionel/Documents/Junkyard/gotrip/bc-cms/modules/Booking/Admin/EditBookingPage.php(52): Illuminate\\Database\\Eloquent\\Model->__isset()
#5 [internal function]: Modules\\Booking\\Admin\\EditBookingPage->service()
#6 /home/lionel/Documents/Junkyard/gotrip/bc-cms/vendor/livewire/livewire/src/helpers.php(57): ReflectionMethod->invoke()
#7 /home/lionel/Documents/Junkyard/gotrip/bc-cms/vendor/livewire/livewire/src/Features/SupportComputed/BaseComputed.php(138): class@anonymous->__call()
#8 /home/lionel/Documents/Junkyard/gotrip/bc-cms/vendor/livewire/livewire/src/Features/SupportComputed/BaseComputed.php(60): Livewire\\Features\\SupportComputed\\BaseComputed->evaluateComputed()
#9 /home/lionel/Documents/Junkyard/gotrip/bc-cms/vendor/livewire/livewire/src/EventBus.php(60): Livewire\\Features\\SupportComputed\\BaseComputed->handleMagicGet()
#10 /home/lionel/Documents/Junkyard/gotrip/bc-cms/vendor/livewire/livewire/src/helpers.php(98): Livewire\\EventBus->trigger()
#11 /home/lionel/Documents/Junkyard/gotrip/bc-cms/vendor/livewire/livewire/src/Component.php(100): Livewire\\trigger()
#12 /home/lionel/Documents/Junkyard/gotrip/bc-cms/vendor/livewire/livewire/src/Component.php(82): Livewire\\Component->__get()
#13 /home/lionel/Documents/Junkyard/gotrip/bc-cms/modules/Booking/Views/admin/booking/edit.blade.php(31): Livewire\\Component->__isset()
#14 /home/lionel/Documents/Junkyard/gotrip/bc-cms/vendor/livewire/livewire/src/Mechanisms/ExtendBlade/ExtendedCompilerEngine.php(37): include('...')
#15 /home/lionel/Documents/Junkyard/gotrip/bc-cms/vendor/livewire/livewire/src/Mechanisms/ExtendBlade/ExtendedCompilerEngine.php(38): Modules\\Booking\\Admin\\EditBookingPage->{closure:Livewire\\Mechanisms\\ExtendBlade\\ExtendedCompilerEngine::evaluatePath():35}()
#16 /home/lionel/Documents/Junkyard/gotrip/bc-cms/vendor/laravel/framework/src/Illuminate/View/Engines/CompilerEngine.php(76): Livewire\\Mechanisms\\ExtendBlade\\ExtendedCompilerEngine->evaluatePath()
#17 /home/lionel/Documents/Junkyard/gotrip/bc-cms/vendor/livewire/livewire/src/Mechanisms/ExtendBlade/ExtendedCompilerEngine.php(16): Illuminate\\View\\Engines\\CompilerEngine->get()
#18 /home/lionel/Documents/Junkyard/gotrip/bc-cms/vendor/laravel/framework/src/Illuminate/View/View.php(208): Livewire\\Mechanisms\\ExtendBlade\\ExtendedCompilerEngine->get()
#19 /home/lionel/Documents/Junkyard/gotrip/bc-cms/vendor/laravel/framework/src/Illuminate/View/View.php(191): Illuminate\\View\\View->getContents()
#20 /home/lionel/Documents/Junkyard/gotrip/bc-cms/vendor/laravel/framework/src/Illuminate/View/View.php(160): Illuminate\\View\\View->renderContents()
#21 /home/lionel/Documents/Junkyard/gotrip/bc-cms/vendor/livewire/livewire/src/Mechanisms/HandleComponents/HandleComponents.php(259): Illuminate\\View\\View->render()
#22 /home/lionel/Documents/Junkyard/gotrip/bc-cms/vendor/livewire/livewire/src/Mechanisms/HandleComponents/HandleComponents.php(303): Livewire\\Mechanisms\\HandleComponents\\HandleComponents->{closure:Livewire\\Mechanisms\\HandleComponents\\HandleComponents::render():251}()
#23 /home/lionel/Documents/Junkyard/gotrip/bc-cms/vendor/livewire/livewire/src/Mechanisms/HandleComponents/HandleComponents.php(251): Livewire\\Mechanisms\\HandleComponents\\HandleComponents->trackInRenderStack()
#24 /home/lionel/Documents/Junkyard/gotrip/bc-cms/vendor/livewire/livewire/src/Mechanisms/HandleComponents/HandleComponents.php(54): Livewire\\Mechanisms\\HandleComponents\\HandleComponents->render()
#25 /home/lionel/Documents/Junkyard/gotrip/bc-cms/vendor/livewire/livewire/src/LivewireManager.php(73): Livewire\\Mechanisms\\HandleComponents\\HandleComponents->mount()
#26 /home/lionel/Documents/Junkyard/gotrip/bc-cms/vendor/livewire/livewire/src/Features/SupportPageComponents/HandlesPageComponents.php(17): Livewire\\LivewireManager->mount()
#27 /home/lionel/Documents/Junkyard/gotrip/bc-cms/vendor/livewire/livewire/src/Features/SupportPageComponents/SupportPageComponents.php(117): Livewire\\Component->{closure:Livewire\\Features\\SupportPageComponents\\HandlesPageComponents::__invoke():14}()
#28 /home/lionel/Documents/Junkyard/gotrip/bc-cms/vendor/livewire/livewire/src/Features/SupportPageComponents/HandlesPageComponents.php(14): Livewire\\Features\\SupportPageComponents\\SupportPageComponents::interceptTheRenderOfTheComponentAndRetreiveTheLayoutConfiguration()
#29 /home/lionel/Documents/Junkyard/gotrip/bc-cms/vendor/laravel/framework/src/Illuminate/Routing/ControllerDispatcher.php(46): Livewire\\Component->__invoke()
#30 /home/lionel/Documents/Junkyard/gotrip/bc-cms/vendor/laravel/framework/src/Illuminate/Routing/Route.php(265): Illuminate\\Routing\\ControllerDispatcher->dispatch()
#31 /home/lionel/Documents/Junkyard/gotrip/bc-cms/vendor/laravel/framework/src/Illuminate/Routing/Route.php(211): Illuminate\\Routing\\Route->runController()
#32 /home/lionel/Documents/Junkyard/gotrip/bc-cms/vendor/laravel/framework/src/Illuminate/Routing/Router.php(822): Illuminate\\Routing\\Route->run()
#33 /home/lionel/Documents/Junkyard/gotrip/bc-cms/vendor/laravel/framework/src/Illuminate/Pipeline/Pipeline.php(180): Illuminate\\Routing\\Router->{closure:Illuminate\\Routing\\Router::runRouteWithinStack():821}()
#34 /home/lionel/Documents/Junkyard/gotrip/bc-cms/app/Http/Middleware/Dashboard.php(28): Illuminate\\Pipeline\\Pipeline->{closure:Illuminate\\Pipeline\\Pipeline::prepareDestination():178}()
#35 /home/lionel/Documents/Junkyard/gotrip/bc-cms/vendor/laravel/framework/src/Illuminate/Pipeline/Pipeline.php(219): App\\Http\\Middleware\\Dashboard->handle()
#36 /home/lionel/Documents/Junkyard/gotrip/bc-cms/vendor/barryvdh/laravel-debugbar/src/Middleware/InjectDebugbar.php(66): Illuminate\\Pipeline\\Pipeline->{closure:{closure:Illuminate\\Pipeline\\Pipeline::carry():194}:195}()
#37 /home/lionel/Documents/Junkyard/gotrip/bc-cms/vendor/laravel/framework/src/Illuminate/Pipeline/Pipeline.php(219): Barryvdh\\Debugbar\\Middleware\\InjectDebugbar->handle()
#38 /home/lionel/Documents/Junkyard/gotrip/bc-cms/app/Http/Middleware/RequireChangePassword.php(41): Illuminate\\Pipeline\\Pipeline->{closure:{closure:Illuminate\\Pipeline\\Pipeline::carry():194}:195}()
#39 /home/lionel/Documents/Junkyard/gotrip/bc-cms/vendor/laravel/framework/src/Illuminate/Pipeline/Pipeline.php(219): App\\Http\\Middleware\\RequireChangePassword->handle()
#40 /home/lionel/Documents/Junkyard/gotrip/bc-cms/app/Http/Middleware/SetCurrentCurrency.php(48): Illuminate\\Pipeline\\Pipeline->{closure:{closure:Illuminate\\Pipeline\\Pipeline::carry():194}:195}()
#41 /home/lionel/Documents/Junkyard/gotrip/bc-cms/vendor/laravel/framework/src/Illuminate/Pipeline/Pipeline.php(219): App\\Http\\Middleware\\SetCurrentCurrency->handle()
#42 /home/lionel/Documents/Junkyard/gotrip/bc-cms/app/Http/Middleware/SetLanguageForAdmin.php(37): Illuminate\\Pipeline\\Pipeline->{closure:{closure:Illuminate\\Pipeline\\Pipeline::carry():194}:195}()
#43 /home/lionel/Documents/Junkyard/gotrip/bc-cms/vendor/laravel/framework/src/Illuminate/Pipeline/Pipeline.php(219): App\\Http\\Middleware\\SetLanguageForAdmin->handle()
#44 /home/lionel/Documents/Junkyard/gotrip/bc-cms/app/Http/Middleware/RedirectForMultiLanguage.php(58): Illuminate\\Pipeline\\Pipeline->{closure:{closure:Illuminate\\Pipeline\\Pipeline::carry():194}:195}()
#45 /home/lionel/Documents/Junkyard/gotrip/bc-cms/vendor/laravel/framework/src/Illuminate/Pipeline/Pipeline.php(219): App\\Http\\Middleware\\RedirectForMultiLanguage->handle()
#46 /home/lionel/Documents/Junkyard/gotrip/bc-cms/app/Http/Middleware/FrontendGuard.php(67): Illuminate\\Pipeline\\Pipeline->{closure:{closure:Illuminate\\Pipeline\\Pipeline::carry():194}:195}()
#47 /home/lionel/Documents/Junkyard/gotrip/bc-cms/vendor/laravel/framework/src/Illuminate/Pipeline/Pipeline.php(219): App\\Http\\Middleware\\FrontendGuard->handle()
#48 /home/lionel/Documents/Junkyard/gotrip/bc-cms/vendor/laravel/framework/src/Illuminate/Routing/Middleware/SubstituteBindings.php(50): Illuminate\\Pipeline\\Pipeline->{closure:{closure:Illuminate\\Pipeline\\Pipeline::carry():194}:195}()
#49 /home/lionel/Documents/Junkyard/gotrip/bc-cms/vendor/laravel/framework/src/Illuminate/Pipeline/Pipeline.php(219): Illuminate\\Routing\\Middleware\\SubstituteBindings->handle()
#50 /home/lionel/Documents/Junkyard/gotrip/bc-cms/vendor/laravel/framework/src/Illuminate/Foundation/Http/Middleware/VerifyCsrfToken.php(87): Illuminate\\Pipeline\\Pipeline->{closure:{closure:Illuminate\\Pipeline\\Pipeline::carry():194}:195}()
#51 /home/lionel/Documents/Junkyard/gotrip/bc-cms/vendor/laravel/framework/src/Illuminate/Pipeline/Pipeline.php(219): Illuminate\\Foundation\\Http\\Middleware\\VerifyCsrfToken->handle()
#52 /home/lionel/Documents/Junkyard/gotrip/bc-cms/vendor/laravel/framework/src/Illuminate/View/Middleware/ShareErrorsFromSession.php(48): Illuminate\\Pipeline\\Pipeline->{closure:{closure:Illuminate\\Pipeline\\Pipeline::carry():194}:195}()
#53 /home/lionel/Documents/Junkyard/gotrip/bc-cms/vendor/laravel/framework/src/Illuminate/Pipeline/Pipeline.php(219): Illuminate\\View\\Middleware\\ShareErrorsFromSession->handle()
#54 /home/lionel/Documents/Junkyard/gotrip/bc-cms/vendor/laravel/framework/src/Illuminate/Session/Middleware/StartSession.php(120): Illuminate\\Pipeline\\Pipeline->{closure:{closure:Illuminate\\Pipeline\\Pipeline::carry():194}:195}()
#55 /home/lionel/Documents/Junkyard/gotrip/bc-cms/vendor/laravel/framework/src/Illuminate/Session/Middleware/StartSession.php(63): Illuminate\\Session\\Middleware\\StartSession->handleStatefulRequest()
#56 /home/lionel/Documents/Junkyard/gotrip/bc-cms/vendor/laravel/framework/src/Illuminate/Pipeline/Pipeline.php(219): Illuminate\\Session\\Middleware\\StartSession->handle()
#57 /home/lionel/Documents/Junkyard/gotrip/bc-cms/vendor/laravel/framework/src/Illuminate/Cookie/Middleware/AddQueuedCookiesToResponse.php(36): Illuminate\\Pipeline\\Pipeline->{closure:{closure:Illuminate\\Pipeline\\Pipeline::carry():194}:195}()
#58 /home/lionel/Documents/Junkyard/gotrip/bc-cms/vendor/laravel/framework/src/Illuminate/Pipeline/Pipeline.php(219): Illuminate\\Cookie\\Middleware\\AddQueuedCookiesToResponse->handle()
#59 /home/lionel/Documents/Junkyard/gotrip/bc-cms/vendor/laravel/framework/src/Illuminate/Cookie/Middleware/EncryptCookies.php(74): Illuminate\\Pipeline\\Pipeline->{closure:{closure:Illuminate\\Pipeline\\Pipeline::carry():194}:195}()
#60 /home/lionel/Documents/Junkyard/gotrip/bc-cms/vendor/laravel/framework/src/Illuminate/Pipeline/Pipeline.php(219): Illuminate\\Cookie\\Middleware\\EncryptCookies->handle()
#61 /home/lionel/Documents/Junkyard/gotrip/bc-cms/vendor/laravel/framework/src/Illuminate/Pipeline/Pipeline.php(137): Illuminate\\Pipeline\\Pipeline->{closure:{closure:Illuminate\\Pipeline\\Pipeline::carry():194}:195}()
#62 /home/lionel/Documents/Junkyard/gotrip/bc-cms/vendor/laravel/framework/src/Illuminate/Routing/Router.php(821): Illuminate\\Pipeline\\Pipeline->then()
#63 /home/lionel/Documents/Junkyard/gotrip/bc-cms/vendor/laravel/framework/src/Illuminate/Routing/Router.php(800): Illuminate\\Routing\\Router->runRouteWithinStack()
#64 /home/lionel/Documents/Junkyard/gotrip/bc-cms/vendor/laravel/framework/src/Illuminate/Routing/Router.php(764): Illuminate\\Routing\\Router->runRoute()
#65 /home/lionel/Documents/Junkyard/gotrip/bc-cms/vendor/laravel/framework/src/Illuminate/Routing/Router.php(753): Illuminate\\Routing\\Router->dispatchToRoute()
#66 /home/lionel/Documents/Junkyard/gotrip/bc-cms/vendor/laravel/framework/src/Illuminate/Foundation/Http/Kernel.php(200): Illuminate\\Routing\\Router->dispatch()
#67 /home/lionel/Documents/Junkyard/gotrip/bc-cms/vendor/laravel/framework/src/Illuminate/Pipeline/Pipeline.php(180): Illuminate\\Foundation\\Http\\Kernel->{closure:Illuminate\\Foundation\\Http\\Kernel::dispatchToRouter():197}()
#68 /home/lionel/Documents/Junkyard/gotrip/bc-cms/themes/Base/Core/Middleware/RunUpdater.php(77): Illuminate\\Pipeline\\Pipeline->{closure:Illuminate\\Pipeline\\Pipeline::prepareDestination():178}()
#69 /home/lionel/Documents/Junkyard/gotrip/bc-cms/vendor/laravel/framework/src/Illuminate/Pipeline/Pipeline.php(219): Themes\\Base\\Core\\Middleware\\RunUpdater->handle()
#70 /home/lionel/Documents/Junkyard/gotrip/bc-cms/vendor/livewire/livewire/src/Features/SupportDisablingBackButtonCache/DisableBackButtonCacheMiddleware.php(19): Illuminate\\Pipeline\\Pipeline->{closure:{closure:Illuminate\\Pipeline\\Pipeline::carry():194}:195}()
#71 /home/lionel/Documents/Junkyard/gotrip/bc-cms/vendor/laravel/framework/src/Illuminate/Pipeline/Pipeline.php(219): Livewire\\Features\\SupportDisablingBackButtonCache\\DisableBackButtonCacheMiddleware->handle()
#72 /home/lionel/Documents/Junkyard/gotrip/bc-cms/vendor/barryvdh/laravel-debugbar/src/Middleware/InjectDebugbar.php(66): Illuminate\\Pipeline\\Pipeline->{closure:{closure:Illuminate\\Pipeline\\Pipeline::carry():194}:195}()
#73 /home/lionel/Documents/Junkyard/gotrip/bc-cms/vendor/laravel/framework/src/Illuminate/Pipeline/Pipeline.php(219): Barryvdh\\Debugbar\\Middleware\\InjectDebugbar->handle()
#74 /home/lionel/Documents/Junkyard/gotrip/bc-cms/app/Http/Middleware/RedirectToInstaller.php(40): Illuminate\\Pipeline\\Pipeline->{closure:{closure:Illuminate\\Pipeline\\Pipeline::carry():194}:195}()
#75 /home/lionel/Documents/Junkyard/gotrip/bc-cms/vendor/laravel/framework/src/Illuminate/Pipeline/Pipeline.php(219): App\\Http\\Middleware\\RedirectToInstaller->handle()
#76 /home/lionel/Documents/Junkyard/gotrip/bc-cms/vendor/laravel/framework/src/Illuminate/Foundation/Http/Middleware/TransformsRequest.php(21): Illuminate\\Pipeline\\Pipeline->{closure:{closure:Illuminate\\Pipeline\\Pipeline::carry():194}:195}()
#77 /home/lionel/Documents/Junkyard/gotrip/bc-cms/vendor/laravel/framework/src/Illuminate/Foundation/Http/Middleware/ConvertEmptyStringsToNull.php(31): Illuminate\\Foundation\\Http\\Middleware\\TransformsRequest->handle()
#78 /home/lionel/Documents/Junkyard/gotrip/bc-cms/vendor/laravel/framework/src/Illuminate/Pipeline/Pipeline.php(219): Illuminate\\Foundation\\Http\\Middleware\\ConvertEmptyStringsToNull->handle()
#79 /home/lionel/Documents/Junkyard/gotrip/bc-cms/vendor/laravel/framework/src/Illuminate/Foundation/Http/Middleware/TransformsRequest.php(21): Illuminate\\Pipeline\\Pipeline->{closure:{closure:Illuminate\\Pipeline\\Pipeline::carry():194}:195}()
#80 /home/lionel/Documents/Junkyard/gotrip/bc-cms/vendor/laravel/framework/src/Illuminate/Foundation/Http/Middleware/TrimStrings.php(51): Illuminate\\Foundation\\Http\\Middleware\\TransformsRequest->handle()
#81 /home/lionel/Documents/Junkyard/gotrip/bc-cms/vendor/laravel/framework/src/Illuminate/Pipeline/Pipeline.php(219): Illuminate\\Foundation\\Http\\Middleware\\TrimStrings->handle()
#82 /home/lionel/Documents/Junkyard/gotrip/bc-cms/vendor/laravel/framework/src/Illuminate/Http/Middleware/ValidatePostSize.php(27): Illuminate\\Pipeline\\Pipeline->{closure:{closure:Illuminate\\Pipeline\\Pipeline::carry():194}:195}()
#83 /home/lionel/Documents/Junkyard/gotrip/bc-cms/vendor/laravel/framework/src/Illuminate/Pipeline/Pipeline.php(219): Illuminate\\Http\\Middleware\\ValidatePostSize->handle()
#84 /home/lionel/Documents/Junkyard/gotrip/bc-cms/vendor/laravel/framework/src/Illuminate/Foundation/Http/Middleware/PreventRequestsDuringMaintenance.php(109): Illuminate\\Pipeline\\Pipeline->{closure:{closure:Illuminate\\Pipeline\\Pipeline::carry():194}:195}()
#85 /home/lionel/Documents/Junkyard/gotrip/bc-cms/vendor/laravel/framework/src/Illuminate/Pipeline/Pipeline.php(219): Illuminate\\Foundation\\Http\\Middleware\\PreventRequestsDuringMaintenance->handle()
#86 /home/lionel/Documents/Junkyard/gotrip/bc-cms/vendor/laravel/framework/src/Illuminate/Http/Middleware/HandleCors.php(48): Illuminate\\Pipeline\\Pipeline->{closure:{closure:Illuminate\\Pipeline\\Pipeline::carry():194}:195}()
#87 /home/lionel/Documents/Junkyard/gotrip/bc-cms/vendor/laravel/framework/src/Illuminate/Pipeline/Pipeline.php(219): Illuminate\\Http\\Middleware\\HandleCors->handle()
#88 /home/lionel/Documents/Junkyard/gotrip/bc-cms/vendor/laravel/framework/src/Illuminate/Http/Middleware/TrustProxies.php(58): Illuminate\\Pipeline\\Pipeline->{closure:{closure:Illuminate\\Pipeline\\Pipeline::carry():194}:195}()
#89 /home/lionel/Documents/Junkyard/gotrip/bc-cms/vendor/laravel/framework/src/Illuminate/Pipeline/Pipeline.php(219): Illuminate\\Http\\Middleware\\TrustProxies->handle()
#90 /home/lionel/Documents/Junkyard/gotrip/bc-cms/vendor/laravel/framework/src/Illuminate/Foundation/Http/Middleware/InvokeDeferredCallbacks.php(22): Illuminate\\Pipeline\\Pipeline->{closure:{closure:Illuminate\\Pipeline\\Pipeline::carry():194}:195}()
#91 /home/lionel/Documents/Junkyard/gotrip/bc-cms/vendor/laravel/framework/src/Illuminate/Pipeline/Pipeline.php(219): Illuminate\\Foundation\\Http\\Middleware\\InvokeDeferredCallbacks->handle()
#92 /home/lionel/Documents/Junkyard/gotrip/bc-cms/vendor/laravel/framework/src/Illuminate/Http/Middleware/ValidatePathEncoding.php(26): Illuminate\\Pipeline\\Pipeline->{closure:{closure:Illuminate\\Pipeline\\Pipeline::carry():194}:195}()
#93 /home/lionel/Documents/Junkyard/gotrip/bc-cms/vendor/laravel/framework/src/Illuminate/Pipeline/Pipeline.php(219): Illuminate\\Http\\Middleware\\ValidatePathEncoding->handle()
#94 /home/lionel/Documents/Junkyard/gotrip/bc-cms/vendor/laravel/framework/src/Illuminate/Pipeline/Pipeline.php(137): Illuminate\\Pipeline\\Pipeline->{closure:{closure:Illuminate\\Pipeline\\Pipeline::carry():194}:195}()
#95 /home/lionel/Documents/Junkyard/gotrip/bc-cms/vendor/laravel/framework/src/Illuminate/Foundation/Http/Kernel.php(175): Illuminate\\Pipeline\\Pipeline->then()
#96 /home/lionel/Documents/Junkyard/gotrip/bc-cms/vendor/laravel/framework/src/Illuminate/Foundation/Http/Kernel.php(144): Illuminate\\Foundation\\Http\\Kernel->sendRequestThroughRouter()
#97 /home/lionel/Documents/Junkyard/gotrip/bc-cms/vendor/laravel/framework/src/Illuminate/Foundation/Application.php(1219): Illuminate\\Foundation\\Http\\Kernel->handle()
#98 /home/lionel/Documents/Junkyard/gotrip/public_html/index.php(84): Illuminate\\Foundation\\Application->handleRequest()
#99 /home/lionel/Documents/Junkyard/gotrip/bc-cms/server.php(21): require_once('...')
#100 {main}

[previous exception] [object] (LogicException(code: 0): Modules\\Booking\\Models\\Booking::service must return a relationship instance, but \"null\" was returned. Was the \"return\" keyword used? at /home/lionel/Documents/Junkyard/gotrip/bc-cms/vendor/laravel/framework/src/Illuminate/Database/Eloquent/Concerns/HasAttributes.php:624)
[stacktrace]
#0 /home/lionel/Documents/Junkyard/gotrip/bc-cms/vendor/laravel/framework/src/Illuminate/Database/Eloquent/Concerns/HasAttributes.php(572): Illuminate\\Database\\Eloquent\\Model->getRelationshipFromMethod()
#1 /home/lionel/Documents/Junkyard/gotrip/bc-cms/vendor/laravel/framework/src/Illuminate/Database/Eloquent/Concerns/HasAttributes.php(493): Illuminate\\Database\\Eloquent\\Model->getRelationValue()
#2 /home/lionel/Documents/Junkyard/gotrip/bc-cms/vendor/laravel/framework/src/Illuminate/Database/Eloquent/Model.php(2435): Illuminate\\Database\\Eloquent\\Model->getAttribute()
#3 /home/lionel/Documents/Junkyard/gotrip/bc-cms/vendor/laravel/framework/src/Illuminate/Database/Eloquent/Model.php(2489): Illuminate\\Database\\Eloquent\\Model->offsetExists()
#4 /home/lionel/Documents/Junkyard/gotrip/bc-cms/modules/Booking/Admin/EditBookingPage.php(52): Illuminate\\Database\\Eloquent\\Model->__isset()
#5 [internal function]: Modules\\Booking\\Admin\\EditBookingPage->service()
#6 /home/lionel/Documents/Junkyard/gotrip/bc-cms/vendor/livewire/livewire/src/helpers.php(57): ReflectionMethod->invoke()
#7 /home/lionel/Documents/Junkyard/gotrip/bc-cms/vendor/livewire/livewire/src/Features/SupportComputed/BaseComputed.php(138): class@anonymous->__call()
#8 /home/lionel/Documents/Junkyard/gotrip/bc-cms/vendor/livewire/livewire/src/Features/SupportComputed/BaseComputed.php(60): Livewire\\Features\\SupportComputed\\BaseComputed->evaluateComputed()
#9 /home/lionel/Documents/Junkyard/gotrip/bc-cms/vendor/livewire/livewire/src/EventBus.php(60): Livewire\\Features\\SupportComputed\\BaseComputed->handleMagicGet()
#10 /home/lionel/Documents/Junkyard/gotrip/bc-cms/vendor/livewire/livewire/src/helpers.php(98): Livewire\\EventBus->trigger()
#11 /home/lionel/Documents/Junkyard/gotrip/bc-cms/vendor/livewire/livewire/src/Component.php(100): Livewire\\trigger()
#12 /home/lionel/Documents/Junkyard/gotrip/bc-cms/vendor/livewire/livewire/src/Component.php(82): Livewire\\Component->__get()
#13 /home/lionel/Documents/Junkyard/gotrip/bc-cms/storage/framework/views/3c2e4d08ab3802feb40f91bafb836074.php(31): Livewire\\Component->__isset()
#14 /home/lionel/Documents/Junkyard/gotrip/bc-cms/vendor/livewire/livewire/src/Mechanisms/ExtendBlade/ExtendedCompilerEngine.php(37): include('...')
#15 /home/lionel/Documents/Junkyard/gotrip/bc-cms/vendor/livewire/livewire/src/Mechanisms/ExtendBlade/ExtendedCompilerEngine.php(38): Modules\\Booking\\Admin\\EditBookingPage->{closure:Livewire\\Mechanisms\\ExtendBlade\\ExtendedCompilerEngine::evaluatePath():35}()
#16 /home/lionel/Documents/Junkyard/gotrip/bc-cms/vendor/laravel/framework/src/Illuminate/View/Engines/CompilerEngine.php(76): Livewire\\Mechanisms\\ExtendBlade\\ExtendedCompilerEngine->evaluatePath()
#17 /home/lionel/Documents/Junkyard/gotrip/bc-cms/vendor/livewire/livewire/src/Mechanisms/ExtendBlade/ExtendedCompilerEngine.php(16): Illuminate\\View\\Engines\\CompilerEngine->get()
#18 /home/lionel/Documents/Junkyard/gotrip/bc-cms/vendor/laravel/framework/src/Illuminate/View/View.php(208): Livewire\\Mechanisms\\ExtendBlade\\ExtendedCompilerEngine->get()
#19 /home/lionel/Documents/Junkyard/gotrip/bc-cms/vendor/laravel/framework/src/Illuminate/View/View.php(191): Illuminate\\View\\View->getContents()
#20 /home/lionel/Documents/Junkyard/gotrip/bc-cms/vendor/laravel/framework/src/Illuminate/View/View.php(160): Illuminate\\View\\View->renderContents()
#21 /home/lionel/Documents/Junkyard/gotrip/bc-cms/vendor/livewire/livewire/src/Mechanisms/HandleComponents/HandleComponents.php(259): Illuminate\\View\\View->render()
#22 /home/lionel/Documents/Junkyard/gotrip/bc-cms/vendor/livewire/livewire/src/Mechanisms/HandleComponents/HandleComponents.php(303): Livewire\\Mechanisms\\HandleComponents\\HandleComponents->{closure:Livewire\\Mechanisms\\HandleComponents\\HandleComponents::render():251}()
#23 /home/lionel/Documents/Junkyard/gotrip/bc-cms/vendor/livewire/livewire/src/Mechanisms/HandleComponents/HandleComponents.php(251): Livewire\\Mechanisms\\HandleComponents\\HandleComponents->trackInRenderStack()
#24 /home/lionel/Documents/Junkyard/gotrip/bc-cms/vendor/livewire/livewire/src/Mechanisms/HandleComponents/HandleComponents.php(54): Livewire\\Mechanisms\\HandleComponents\\HandleComponents->render()
#25 /home/lionel/Documents/Junkyard/gotrip/bc-cms/vendor/livewire/livewire/src/LivewireManager.php(73): Livewire\\Mechanisms\\HandleComponents\\HandleComponents->mount()
#26 /home/lionel/Documents/Junkyard/gotrip/bc-cms/vendor/livewire/livewire/src/Features/SupportPageComponents/HandlesPageComponents.php(17): Livewire\\LivewireManager->mount()
#27 /home/lionel/Documents/Junkyard/gotrip/bc-cms/vendor/livewire/livewire/src/Features/SupportPageComponents/SupportPageComponents.php(117): Livewire\\Component->{closure:Livewire\\Features\\SupportPageComponents\\HandlesPageComponents::__invoke():14}()
#28 /home/lionel/Documents/Junkyard/gotrip/bc-cms/vendor/livewire/livewire/src/Features/SupportPageComponents/HandlesPageComponents.php(14): Livewire\\Features\\SupportPageComponents\\SupportPageComponents::interceptTheRenderOfTheComponentAndRetreiveTheLayoutConfiguration()
#29 /home/lionel/Documents/Junkyard/gotrip/bc-cms/vendor/laravel/framework/src/Illuminate/Routing/ControllerDispatcher.php(46): Livewire\\Component->__invoke()
#30 /home/lionel/Documents/Junkyard/gotrip/bc-cms/vendor/laravel/framework/src/Illuminate/Routing/Route.php(265): Illuminate\\Routing\\ControllerDispatcher->dispatch()
#31 /home/lionel/Documents/Junkyard/gotrip/bc-cms/vendor/laravel/framework/src/Illuminate/Routing/Route.php(211): Illuminate\\Routing\\Route->runController()
#32 /home/lionel/Documents/Junkyard/gotrip/bc-cms/vendor/laravel/framework/src/Illuminate/Routing/Router.php(822): Illuminate\\Routing\\Route->run()
#33 /home/lionel/Documents/Junkyard/gotrip/bc-cms/vendor/laravel/framework/src/Illuminate/Pipeline/Pipeline.php(180): Illuminate\\Routing\\Router->{closure:Illuminate\\Routing\\Router::runRouteWithinStack():821}()
#34 /home/lionel/Documents/Junkyard/gotrip/bc-cms/app/Http/Middleware/Dashboard.php(28): Illuminate\\Pipeline\\Pipeline->{closure:Illuminate\\Pipeline\\Pipeline::prepareDestination():178}()
#35 /home/lionel/Documents/Junkyard/gotrip/bc-cms/vendor/laravel/framework/src/Illuminate/Pipeline/Pipeline.php(219): App\\Http\\Middleware\\Dashboard->handle()
#36 /home/lionel/Documents/Junkyard/gotrip/bc-cms/vendor/barryvdh/laravel-debugbar/src/Middleware/InjectDebugbar.php(66): Illuminate\\Pipeline\\Pipeline->{closure:{closure:Illuminate\\Pipeline\\Pipeline::carry():194}:195}()
#37 /home/lionel/Documents/Junkyard/gotrip/bc-cms/vendor/laravel/framework/src/Illuminate/Pipeline/Pipeline.php(219): Barryvdh\\Debugbar\\Middleware\\InjectDebugbar->handle()
#38 /home/lionel/Documents/Junkyard/gotrip/bc-cms/app/Http/Middleware/RequireChangePassword.php(41): Illuminate\\Pipeline\\Pipeline->{closure:{closure:Illuminate\\Pipeline\\Pipeline::carry():194}:195}()
#39 /home/lionel/Documents/Junkyard/gotrip/bc-cms/vendor/laravel/framework/src/Illuminate/Pipeline/Pipeline.php(219): App\\Http\\Middleware\\RequireChangePassword->handle()
#40 /home/lionel/Documents/Junkyard/gotrip/bc-cms/app/Http/Middleware/SetCurrentCurrency.php(48): Illuminate\\Pipeline\\Pipeline->{closure:{closure:Illuminate\\Pipeline\\Pipeline::carry():194}:195}()
#41 /home/lionel/Documents/Junkyard/gotrip/bc-cms/vendor/laravel/framework/src/Illuminate/Pipeline/Pipeline.php(219): App\\Http\\Middleware\\SetCurrentCurrency->handle()
#42 /home/lionel/Documents/Junkyard/gotrip/bc-cms/app/Http/Middleware/SetLanguageForAdmin.php(37): Illuminate\\Pipeline\\Pipeline->{closure:{closure:Illuminate\\Pipeline\\Pipeline::carry():194}:195}()
#43 /home/lionel/Documents/Junkyard/gotrip/bc-cms/vendor/laravel/framework/src/Illuminate/Pipeline/Pipeline.php(219): App\\Http\\Middleware\\SetLanguageForAdmin->handle()
#44 /home/lionel/Documents/Junkyard/gotrip/bc-cms/app/Http/Middleware/RedirectForMultiLanguage.php(58): Illuminate\\Pipeline\\Pipeline->{closure:{closure:Illuminate\\Pipeline\\Pipeline::carry():194}:195}()
#45 /home/lionel/Documents/Junkyard/gotrip/bc-cms/vendor/laravel/framework/src/Illuminate/Pipeline/Pipeline.php(219): App\\Http\\Middleware\\RedirectForMultiLanguage->handle()
#46 /home/lionel/Documents/Junkyard/gotrip/bc-cms/app/Http/Middleware/FrontendGuard.php(67): Illuminate\\Pipeline\\Pipeline->{closure:{closure:Illuminate\\Pipeline\\Pipeline::carry():194}:195}()
#47 /home/lionel/Documents/Junkyard/gotrip/bc-cms/vendor/laravel/framework/src/Illuminate/Pipeline/Pipeline.php(219): App\\Http\\Middleware\\FrontendGuard->handle()
#48 /home/lionel/Documents/Junkyard/gotrip/bc-cms/vendor/laravel/framework/src/Illuminate/Routing/Middleware/SubstituteBindings.php(50): Illuminate\\Pipeline\\Pipeline->{closure:{closure:Illuminate\\Pipeline\\Pipeline::carry():194}:195}()
#49 /home/lionel/Documents/Junkyard/gotrip/bc-cms/vendor/laravel/framework/src/Illuminate/Pipeline/Pipeline.php(219): Illuminate\\Routing\\Middleware\\SubstituteBindings->handle()
#50 /home/lionel/Documents/Junkyard/gotrip/bc-cms/vendor/laravel/framework/src/Illuminate/Foundation/Http/Middleware/VerifyCsrfToken.php(87): Illuminate\\Pipeline\\Pipeline->{closure:{closure:Illuminate\\Pipeline\\Pipeline::carry():194}:195}()
#51 /home/lionel/Documents/Junkyard/gotrip/bc-cms/vendor/laravel/framework/src/Illuminate/Pipeline/Pipeline.php(219): Illuminate\\Foundation\\Http\\Middleware\\VerifyCsrfToken->handle()
#52 /home/lionel/Documents/Junkyard/gotrip/bc-cms/vendor/laravel/framework/src/Illuminate/View/Middleware/ShareErrorsFromSession.php(48): Illuminate\\Pipeline\\Pipeline->{closure:{closure:Illuminate\\Pipeline\\Pipeline::carry():194}:195}()
#53 /home/lionel/Documents/Junkyard/gotrip/bc-cms/vendor/laravel/framework/src/Illuminate/Pipeline/Pipeline.php(219): Illuminate\\View\\Middleware\\ShareErrorsFromSession->handle()
#54 /home/lionel/Documents/Junkyard/gotrip/bc-cms/vendor/laravel/framework/src/Illuminate/Session/Middleware/StartSession.php(120): Illuminate\\Pipeline\\Pipeline->{closure:{closure:Illuminate\\Pipeline\\Pipeline::carry():194}:195}()
#55 /home/lionel/Documents/Junkyard/gotrip/bc-cms/vendor/laravel/framework/src/Illuminate/Session/Middleware/StartSession.php(63): Illuminate\\Session\\Middleware\\StartSession->handleStatefulRequest()
#56 /home/lionel/Documents/Junkyard/gotrip/bc-cms/vendor/laravel/framework/src/Illuminate/Pipeline/Pipeline.php(219): Illuminate\\Session\\Middleware\\StartSession->handle()
#57 /home/lionel/Documents/Junkyard/gotrip/bc-cms/vendor/laravel/framework/src/Illuminate/Cookie/Middleware/AddQueuedCookiesToResponse.php(36): Illuminate\\Pipeline\\Pipeline->{closure:{closure:Illuminate\\Pipeline\\Pipeline::carry():194}:195}()
#58 /home/lionel/Documents/Junkyard/gotrip/bc-cms/vendor/laravel/framework/src/Illuminate/Pipeline/Pipeline.php(219): Illuminate\\Cookie\\Middleware\\AddQueuedCookiesToResponse->handle()
#59 /home/lionel/Documents/Junkyard/gotrip/bc-cms/vendor/laravel/framework/src/Illuminate/Cookie/Middleware/EncryptCookies.php(74): Illuminate\\Pipeline\\Pipeline->{closure:{closure:Illuminate\\Pipeline\\Pipeline::carry():194}:195}()
#60 /home/lionel/Documents/Junkyard/gotrip/bc-cms/vendor/laravel/framework/src/Illuminate/Pipeline/Pipeline.php(219): Illuminate\\Cookie\\Middleware\\EncryptCookies->handle()
#61 /home/lionel/Documents/Junkyard/gotrip/bc-cms/vendor/laravel/framework/src/Illuminate/Pipeline/Pipeline.php(137): Illuminate\\Pipeline\\Pipeline->{closure:{closure:Illuminate\\Pipeline\\Pipeline::carry():194}:195}()
#62 /home/lionel/Documents/Junkyard/gotrip/bc-cms/vendor/laravel/framework/src/Illuminate/Routing/Router.php(821): Illuminate\\Pipeline\\Pipeline->then()
#63 /home/lionel/Documents/Junkyard/gotrip/bc-cms/vendor/laravel/framework/src/Illuminate/Routing/Router.php(800): Illuminate\\Routing\\Router->runRouteWithinStack()
#64 /home/lionel/Documents/Junkyard/gotrip/bc-cms/vendor/laravel/framework/src/Illuminate/Routing/Router.php(764): Illuminate\\Routing\\Router->runRoute()
#65 /home/lionel/Documents/Junkyard/gotrip/bc-cms/vendor/laravel/framework/src/Illuminate/Routing/Router.php(753): Illuminate\\Routing\\Router->dispatchToRoute()
#66 /home/lionel/Documents/Junkyard/gotrip/bc-cms/vendor/laravel/framework/src/Illuminate/Foundation/Http/Kernel.php(200): Illuminate\\Routing\\Router->dispatch()
#67 /home/lionel/Documents/Junkyard/gotrip/bc-cms/vendor/laravel/framework/src/Illuminate/Pipeline/Pipeline.php(180): Illuminate\\Foundation\\Http\\Kernel->{closure:Illuminate\\Foundation\\Http\\Kernel::dispatchToRouter():197}()
#68 /home/lionel/Documents/Junkyard/gotrip/bc-cms/themes/Base/Core/Middleware/RunUpdater.php(77): Illuminate\\Pipeline\\Pipeline->{closure:Illuminate\\Pipeline\\Pipeline::prepareDestination():178}()
#69 /home/lionel/Documents/Junkyard/gotrip/bc-cms/vendor/laravel/framework/src/Illuminate/Pipeline/Pipeline.php(219): Themes\\Base\\Core\\Middleware\\RunUpdater->handle()
#70 /home/lionel/Documents/Junkyard/gotrip/bc-cms/vendor/livewire/livewire/src/Features/SupportDisablingBackButtonCache/DisableBackButtonCacheMiddleware.php(19): Illuminate\\Pipeline\\Pipeline->{closure:{closure:Illuminate\\Pipeline\\Pipeline::carry():194}:195}()
#71 /home/lionel/Documents/Junkyard/gotrip/bc-cms/vendor/laravel/framework/src/Illuminate/Pipeline/Pipeline.php(219): Livewire\\Features\\SupportDisablingBackButtonCache\\DisableBackButtonCacheMiddleware->handle()
#72 /home/lionel/Documents/Junkyard/gotrip/bc-cms/vendor/barryvdh/laravel-debugbar/src/Middleware/InjectDebugbar.php(66): Illuminate\\Pipeline\\Pipeline->{closure:{closure:Illuminate\\Pipeline\\Pipeline::carry():194}:195}()
#73 /home/lionel/Documents/Junkyard/gotrip/bc-cms/vendor/laravel/framework/src/Illuminate/Pipeline/Pipeline.php(219): Barryvdh\\Debugbar\\Middleware\\InjectDebugbar->handle()
#74 /home/lionel/Documents/Junkyard/gotrip/bc-cms/app/Http/Middleware/RedirectToInstaller.php(40): Illuminate\\Pipeline\\Pipeline->{closure:{closure:Illuminate\\Pipeline\\Pipeline::carry():194}:195}()
#75 /home/lionel/Documents/Junkyard/gotrip/bc-cms/vendor/laravel/framework/src/Illuminate/Pipeline/Pipeline.php(219): App\\Http\\Middleware\\RedirectToInstaller->handle()
#76 /home/lionel/Documents/Junkyard/gotrip/bc-cms/vendor/laravel/framework/src/Illuminate/Foundation/Http/Middleware/TransformsRequest.php(21): Illuminate\\Pipeline\\Pipeline->{closure:{closure:Illuminate\\Pipeline\\Pipeline::carry():194}:195}()
#77 /home/lionel/Documents/Junkyard/gotrip/bc-cms/vendor/laravel/framework/src/Illuminate/Foundation/Http/Middleware/ConvertEmptyStringsToNull.php(31): Illuminate\\Foundation\\Http\\Middleware\\TransformsRequest->handle()
#78 /home/lionel/Documents/Junkyard/gotrip/bc-cms/vendor/laravel/framework/src/Illuminate/Pipeline/Pipeline.php(219): Illuminate\\Foundation\\Http\\Middleware\\ConvertEmptyStringsToNull->handle()
#79 /home/lionel/Documents/Junkyard/gotrip/bc-cms/vendor/laravel/framework/src/Illuminate/Foundation/Http/Middleware/TransformsRequest.php(21): Illuminate\\Pipeline\\Pipeline->{closure:{closure:Illuminate\\Pipeline\\Pipeline::carry():194}:195}()
#80 /home/lionel/Documents/Junkyard/gotrip/bc-cms/vendor/laravel/framework/src/Illuminate/Foundation/Http/Middleware/TrimStrings.php(51): Illuminate\\Foundation\\Http\\Middleware\\TransformsRequest->handle()
#81 /home/lionel/Documents/Junkyard/gotrip/bc-cms/vendor/laravel/framework/src/Illuminate/Pipeline/Pipeline.php(219): Illuminate\\Foundation\\Http\\Middleware\\TrimStrings->handle()
#82 /home/lionel/Documents/Junkyard/gotrip/bc-cms/vendor/laravel/framework/src/Illuminate/Http/Middleware/ValidatePostSize.php(27): Illuminate\\Pipeline\\Pipeline->{closure:{closure:Illuminate\\Pipeline\\Pipeline::carry():194}:195}()
#83 /home/lionel/Documents/Junkyard/gotrip/bc-cms/vendor/laravel/framework/src/Illuminate/Pipeline/Pipeline.php(219): Illuminate\\Http\\Middleware\\ValidatePostSize->handle()
#84 /home/lionel/Documents/Junkyard/gotrip/bc-cms/vendor/laravel/framework/src/Illuminate/Foundation/Http/Middleware/PreventRequestsDuringMaintenance.php(109): Illuminate\\Pipeline\\Pipeline->{closure:{closure:Illuminate\\Pipeline\\Pipeline::carry():194}:195}()
#85 /home/lionel/Documents/Junkyard/gotrip/bc-cms/vendor/laravel/framework/src/Illuminate/Pipeline/Pipeline.php(219): Illuminate\\Foundation\\Http\\Middleware\\PreventRequestsDuringMaintenance->handle()
#86 /home/lionel/Documents/Junkyard/gotrip/bc-cms/vendor/laravel/framework/src/Illuminate/Http/Middleware/HandleCors.php(48): Illuminate\\Pipeline\\Pipeline->{closure:{closure:Illuminate\\Pipeline\\Pipeline::carry():194}:195}()
#87 /home/lionel/Documents/Junkyard/gotrip/bc-cms/vendor/laravel/framework/src/Illuminate/Pipeline/Pipeline.php(219): Illuminate\\Http\\Middleware\\HandleCors->handle()
#88 /home/lionel/Documents/Junkyard/gotrip/bc-cms/vendor/laravel/framework/src/Illuminate/Http/Middleware/TrustProxies.php(58): Illuminate\\Pipeline\\Pipeline->{closure:{closure:Illuminate\\Pipeline\\Pipeline::carry():194}:195}()
#89 /home/lionel/Documents/Junkyard/gotrip/bc-cms/vendor/laravel/framework/src/Illuminate/Pipeline/Pipeline.php(219): Illuminate\\Http\\Middleware\\TrustProxies->handle()
#90 /home/lionel/Documents/Junkyard/gotrip/bc-cms/vendor/laravel/framework/src/Illuminate/Foundation/Http/Middleware/InvokeDeferredCallbacks.php(22): Illuminate\\Pipeline\\Pipeline->{closure:{closure:Illuminate\\Pipeline\\Pipeline::carry():194}:195}()
#91 /home/lionel/Documents/Junkyard/gotrip/bc-cms/vendor/laravel/framework/src/Illuminate/Pipeline/Pipeline.php(219): Illuminate\\Foundation\\Http\\Middleware\\InvokeDeferredCallbacks->handle()
#92 /home/lionel/Documents/Junkyard/gotrip/bc-cms/vendor/laravel/framework/src/Illuminate/Http/Middleware/ValidatePathEncoding.php(26): Illuminate\\Pipeline\\Pipeline->{closure:{closure:Illuminate\\Pipeline\\Pipeline::carry():194}:195}()
#93 /home/lionel/Documents/Junkyard/gotrip/bc-cms/vendor/laravel/framework/src/Illuminate/Pipeline/Pipeline.php(219): Illuminate\\Http\\Middleware\\ValidatePathEncoding->handle()
#94 /home/lionel/Documents/Junkyard/gotrip/bc-cms/vendor/laravel/framework/src/Illuminate/Pipeline/Pipeline.php(137): Illuminate\\Pipeline\\Pipeline->{closure:{closure:Illuminate\\Pipeline\\Pipeline::carry():194}:195}()
#95 /home/lionel/Documents/Junkyard/gotrip/bc-cms/vendor/laravel/framework/src/Illuminate/Foundation/Http/Kernel.php(175): Illuminate\\Pipeline\\Pipeline->then()
#96 /home/lionel/Documents/Junkyard/gotrip/bc-cms/vendor/laravel/framework/src/Illuminate/Foundation/Http/Kernel.php(144): Illuminate\\Foundation\\Http\\Kernel->sendRequestThroughRouter()
#97 /home/lionel/Documents/Junkyard/gotrip/bc-cms/vendor/laravel/framework/src/Illuminate/Foundation/Application.php(1219): Illuminate\\Foundation\\Http\\Kernel->handle()
#98 /home/lionel/Documents/Junkyard/gotrip/public_html/index.php(84): Illuminate\\Foundation\\Application->handleRequest()
#99 /home/lionel/Documents/Junkyard/gotrip/bc-cms/server.php(21): require_once('...')
#100 {main}
"} 
[2026-05-24 15:28:50] local.ERROR: Modules\Booking\Models\Booking::service must return a relationship instance, but "null" was returned. Was the "return" keyword used? {"view":{"view":"/home/lionel/Documents/Junkyard/gotrip/bc-cms/modules/Booking/Views/admin/booking/edit.blade.php","data":[]},"userId":6,"exception":"[object] (Spatie\\LaravelIgnition\\Exceptions\\ViewException(code: 0): Modules\\Booking\\Models\\Booking::service must return a relationship instance, but \"null\" was returned. Was the \"return\" keyword used? at /home/lionel/Documents/Junkyard/gotrip/bc-cms/vendor/laravel/framework/src/Illuminate/Database/Eloquent/Concerns/HasAttributes.php:624)
[stacktrace]
#0 /home/lionel/Documents/Junkyard/gotrip/bc-cms/vendor/laravel/framework/src/Illuminate/Database/Eloquent/Concerns/HasAttributes.php(572): Illuminate\\Database\\Eloquent\\Model->getRelationshipFromMethod()
#1 /home/lionel/Documents/Junkyard/gotrip/bc-cms/vendor/laravel/framework/src/Illuminate/Database/Eloquent/Concerns/HasAttributes.php(493): Illuminate\\Database\\Eloquent\\Model->getRelationValue()
#2 /home/lionel/Documents/Junkyard/gotrip/bc-cms/vendor/laravel/framework/src/Illuminate/Database/Eloquent/Model.php(2435): Illuminate\\Database\\Eloquent\\Model->getAttribute()
#3 /home/lionel/Documents/Junkyard/gotrip/bc-cms/vendor/laravel/framework/src/Illuminate/Database/Eloquent/Model.php(2489): Illuminate\\Database\\Eloquent\\Model->offsetExists()
#4 /home/lionel/Documents/Junkyard/gotrip/bc-cms/modules/Booking/Admin/EditBookingPage.php(52): Illuminate\\Database\\Eloquent\\Model->__isset()
#5 [internal function]: Modules\\Booking\\Admin\\EditBookingPage->service()
#6 /home/lionel/Documents/Junkyard/gotrip/bc-cms/vendor/livewire/livewire/src/helpers.php(57): ReflectionMethod->invoke()
#7 /home/lionel/Documents/Junkyard/gotrip/bc-cms/vendor/livewire/livewire/src/Features/SupportComputed/BaseComputed.php(138): class@anonymous->__call()
#8 /home/lionel/Documents/Junkyard/gotrip/bc-cms/vendor/livewire/livewire/src/Features/SupportComputed/BaseComputed.php(60): Livewire\\Features\\SupportComputed\\BaseComputed->evaluateComputed()
#9 /home/lionel/Documents/Junkyard/gotrip/bc-cms/vendor/livewire/livewire/src/EventBus.php(60): Livewire\\Features\\SupportComputed\\BaseComputed->handleMagicGet()
#10 /home/lionel/Documents/Junkyard/gotrip/bc-cms/vendor/livewire/livewire/src/helpers.php(98): Livewire\\EventBus->trigger()
#11 /home/lionel/Documents/Junkyard/gotrip/bc-cms/vendor/livewire/livewire/src/Component.php(100): Livewire\\trigger()
#12 /home/lionel/Documents/Junkyard/gotrip/bc-cms/vendor/livewire/livewire/src/Component.php(82): Livewire\\Component->__get()
#13 /home/lionel/Documents/Junkyard/gotrip/bc-cms/modules/Booking/Views/admin/booking/edit.blade.php(31): Livewire\\Component->__isset()
#14 /home/lionel/Documents/Junkyard/gotrip/bc-cms/vendor/livewire/livewire/src/Mechanisms/ExtendBlade/ExtendedCompilerEngine.php(37): include('...')
#15 /home/lionel/Documents/Junkyard/gotrip/bc-cms/vendor/livewire/livewire/src/Mechanisms/ExtendBlade/ExtendedCompilerEngine.php(38): Modules\\Booking\\Admin\\EditBookingPage->{closure:Livewire\\Mechanisms\\ExtendBlade\\ExtendedCompilerEngine::evaluatePath():35}()
#16 /home/lionel/Documents/Junkyard/gotrip/bc-cms/vendor/laravel/framework/src/Illuminate/View/Engines/CompilerEngine.php(76): Livewire\\Mechanisms\\ExtendBlade\\ExtendedCompilerEngine->evaluatePath()
#17 /home/lionel/Documents/Junkyard/gotrip/bc-cms/vendor/livewire/livewire/src/Mechanisms/ExtendBlade/ExtendedCompilerEngine.php(16): Illuminate\\View\\Engines\\CompilerEngine->get()
#18 /home/lionel/Documents/Junkyard/gotrip/bc-cms/vendor/laravel/framework/src/Illuminate/View/View.php(208): Livewire\\Mechanisms\\ExtendBlade\\ExtendedCompilerEngine->get()
#19 /home/lionel/Documents/Junkyard/gotrip/bc-cms/vendor/laravel/framework/src/Illuminate/View/View.php(191): Illuminate\\View\\View->getContents()
#20 /home/lionel/Documents/Junkyard/gotrip/bc-cms/vendor/laravel/framework/src/Illuminate/View/View.php(160): Illuminate\\View\\View->renderContents()
#21 /home/lionel/Documents/Junkyard/gotrip/bc-cms/vendor/livewire/livewire/src/Mechanisms/HandleComponents/HandleComponents.php(259): Illuminate\\View\\View->render()
#22 /home/lionel/Documents/Junkyard/gotrip/bc-cms/vendor/livewire/livewire/src/Mechanisms/HandleComponents/HandleComponents.php(303): Livewire\\Mechanisms\\HandleComponents\\HandleComponents->{closure:Livewire\\Mechanisms\\HandleComponents\\HandleComponents::render():251}()
#23 /home/lionel/Documents/Junkyard/gotrip/bc-cms/vendor/livewire/livewire/src/Mechanisms/HandleComponents/HandleComponents.php(251): Livewire\\Mechanisms\\HandleComponents\\HandleComponents->trackInRenderStack()
#24 /home/lionel/Documents/Junkyard/gotrip/bc-cms/vendor/livewire/livewire/src/Mechanisms/HandleComponents/HandleComponents.php(54): Livewire\\Mechanisms\\HandleComponents\\HandleComponents->render()
#25 /home/lionel/Documents/Junkyard/gotrip/bc-cms/vendor/livewire/livewire/src/LivewireManager.php(73): Livewire\\Mechanisms\\HandleComponents\\HandleComponents->mount()
#26 /home/lionel/Documents/Junkyard/gotrip/bc-cms/vendor/livewire/livewire/src/Features/SupportPageComponents/HandlesPageComponents.php(17): Livewire\\LivewireManager->mount()
#27 /home/lionel/Documents/Junkyard/gotrip/bc-cms/vendor/livewire/livewire/src/Features/SupportPageComponents/SupportPageComponents.php(117): Livewire\\Component->{closure:Livewire\\Features\\SupportPageComponents\\HandlesPageComponents::__invoke():14}()
#28 /home/lionel/Documents/Junkyard/gotrip/bc-cms/vendor/livewire/livewire/src/Features/SupportPageComponents/HandlesPageComponents.php(14): Livewire\\Features\\SupportPageComponents\\SupportPageComponents::interceptTheRenderOfTheComponentAndRetreiveTheLayoutConfiguration()
#29 /home/lionel/Documents/Junkyard/gotrip/bc-cms/vendor/laravel/framework/src/Illuminate/Routing/ControllerDispatcher.php(46): Livewire\\Component->__invoke()
#30 /home/lionel/Documents/Junkyard/gotrip/bc-cms/vendor/laravel/framework/src/Illuminate/Routing/Route.php(265): Illuminate\\Routing\\ControllerDispatcher->dispatch()
#31 /home/lionel/Documents/Junkyard/gotrip/bc-cms/vendor/laravel/framework/src/Illuminate/Routing/Route.php(211): Illuminate\\Routing\\Route->runController()
#32 /home/lionel/Documents/Junkyard/gotrip/bc-cms/vendor/laravel/framework/src/Illuminate/Routing/Router.php(822): Illuminate\\Routing\\Route->run()
#33 /home/lionel/Documents/Junkyard/gotrip/bc-cms/vendor/laravel/framework/src/Illuminate/Pipeline/Pipeline.php(180): Illuminate\\Routing\\Router->{closure:Illuminate\\Routing\\Router::runRouteWithinStack():821}()
#34 /home/lionel/Documents/Junkyard/gotrip/bc-cms/app/Http/Middleware/Dashboard.php(28): Illuminate\\Pipeline\\Pipeline->{closure:Illuminate\\Pipeline\\Pipeline::prepareDestination():178}()
#35 /home/lionel/Documents/Junkyard/gotrip/bc-cms/vendor/laravel/framework/src/Illuminate/Pipeline/Pipeline.php(219): App\\Http\\Middleware\\Dashboard->handle()
#36 /home/lionel/Documents/Junkyard/gotrip/bc-cms/vendor/barryvdh/laravel-debugbar/src/Middleware/InjectDebugbar.php(66): Illuminate\\Pipeline\\Pipeline->{closure:{closure:Illuminate\\Pipeline\\Pipeline::carry():194}:195}()
#37 /home/lionel/Documents/Junkyard/gotrip/bc-cms/vendor/laravel/framework/src/Illuminate/Pipeline/Pipeline.php(219): Barryvdh\\Debugbar\\Middleware\\InjectDebugbar->handle()
#38 /home/lionel/Documents/Junkyard/gotrip/bc-cms/app/Http/Middleware/RequireChangePassword.php(41): Illuminate\\Pipeline\\Pipeline->{closure:{closure:Illuminate\\Pipeline\\Pipeline::carry():194}:195}()
#39 /home/lionel/Documents/Junkyard/gotrip/bc-cms/vendor/laravel/framework/src/Illuminate/Pipeline/Pipeline.php(219): App\\Http\\Middleware\\RequireChangePassword->handle()
#40 /home/lionel/Documents/Junkyard/gotrip/bc-cms/app/Http/Middleware/SetCurrentCurrency.php(48): Illuminate\\Pipeline\\Pipeline->{closure:{closure:Illuminate\\Pipeline\\Pipeline::carry():194}:195}()
#41 /home/lionel/Documents/Junkyard/gotrip/bc-cms/vendor/laravel/framework/src/Illuminate/Pipeline/Pipeline.php(219): App\\Http\\Middleware\\SetCurrentCurrency->handle()
#42 /home/lionel/Documents/Junkyard/gotrip/bc-cms/app/Http/Middleware/SetLanguageForAdmin.php(37): Illuminate\\Pipeline\\Pipeline->{closure:{closure:Illuminate\\Pipeline\\Pipeline::carry():194}:195}()
#43 /home/lionel/Documents/Junkyard/gotrip/bc-cms/vendor/laravel/framework/src/Illuminate/Pipeline/Pipeline.php(219): App\\Http\\Middleware\\SetLanguageForAdmin->handle()
#44 /home/lionel/Documents/Junkyard/gotrip/bc-cms/app/Http/Middleware/RedirectForMultiLanguage.php(58): Illuminate\\Pipeline\\Pipeline->{closure:{closure:Illuminate\\Pipeline\\Pipeline::carry():194}:195}()
#45 /home/lionel/Documents/Junkyard/gotrip/bc-cms/vendor/laravel/framework/src/Illuminate/Pipeline/Pipeline.php(219): App\\Http\\Middleware\\RedirectForMultiLanguage->handle()
#46 /home/lionel/Documents/Junkyard/gotrip/bc-cms/app/Http/Middleware/FrontendGuard.php(67): Illuminate\\Pipeline\\Pipeline->{closure:{closure:Illuminate\\Pipeline\\Pipeline::carry():194}:195}()
#47 /home/lionel/Documents/Junkyard/gotrip/bc-cms/vendor/laravel/framework/src/Illuminate/Pipeline/Pipeline.php(219): App\\Http\\Middleware\\FrontendGuard->handle()
#48 /home/lionel/Documents/Junkyard/gotrip/bc-cms/vendor/laravel/framework/src/Illuminate/Routing/Middleware/SubstituteBindings.php(50): Illuminate\\Pipeline\\Pipeline->{closure:{closure:Illuminate\\Pipeline\\Pipeline::carry():194}:195}()
#49 /home/lionel/Documents/Junkyard/gotrip/bc-cms/vendor/laravel/framework/src/Illuminate/Pipeline/Pipeline.php(219): Illuminate\\Routing\\Middleware\\SubstituteBindings->handle()
#50 /home/lionel/Documents/Junkyard/gotrip/bc-cms/vendor/laravel/framework/src/Illuminate/Foundation/Http/Middleware/VerifyCsrfToken.php(87): Illuminate\\Pipeline\\Pipeline->{closure:{closure:Illuminate\\Pipeline\\Pipeline::carry():194}:195}()
#51 /home/lionel/Documents/Junkyard/gotrip/bc-cms/vendor/laravel/framework/src/Illuminate/Pipeline/Pipeline.php(219): Illuminate\\Foundation\\Http\\Middleware\\VerifyCsrfToken->handle()
#52 /home/lionel/Documents/Junkyard/gotrip/bc-cms/vendor/laravel/framework/src/Illuminate/View/Middleware/ShareErrorsFromSession.php(48): Illuminate\\Pipeline\\Pipeline->{closure:{closure:Illuminate\\Pipeline\\Pipeline::carry():194}:195}()
#53 /home/lionel/Documents/Junkyard/gotrip/bc-cms/vendor/laravel/framework/src/Illuminate/Pipeline/Pipeline.php(219): Illuminate\\View\\Middleware\\ShareErrorsFromSession->handle()
#54 /home/lionel/Documents/Junkyard/gotrip/bc-cms/vendor/laravel/framework/src/Illuminate/Session/Middleware/StartSession.php(120): Illuminate\\Pipeline\\Pipeline->{closure:{closure:Illuminate\\Pipeline\\Pipeline::carry():194}:195}()
#55 /home/lionel/Documents/Junkyard/gotrip/bc-cms/vendor/laravel/framework/src/Illuminate/Session/Middleware/StartSession.php(63): Illuminate\\Session\\Middleware\\StartSession->handleStatefulRequest()
#56 /home/lionel/Documents/Junkyard/gotrip/bc-cms/vendor/laravel/framework/src/Illuminate/Pipeline/Pipeline.php(219): Illuminate\\Session\\Middleware\\StartSession->handle()
#57 /home/lionel/Documents/Junkyard/gotrip/bc-cms/vendor/laravel/framework/src/Illuminate/Cookie/Middleware/AddQueuedCookiesToResponse.php(36): Illuminate\\Pipeline\\Pipeline->{closure:{closure:Illuminate\\Pipeline\\Pipeline::carry():194}:195}()
#58 /home/lionel/Documents/Junkyard/gotrip/bc-cms/vendor/laravel/framework/src/Illuminate/Pipeline/Pipeline.php(219): Illuminate\\Cookie\\Middleware\\AddQueuedCookiesToResponse->handle()
#59 /home/lionel/Documents/Junkyard/gotrip/bc-cms/vendor/laravel/framework/src/Illuminate/Cookie/Middleware/EncryptCookies.php(74): Illuminate\\Pipeline\\Pipeline->{closure:{closure:Illuminate\\Pipeline\\Pipeline::carry():194}:195}()
#60 /home/lionel/Documents/Junkyard/gotrip/bc-cms/vendor/laravel/framework/src/Illuminate/Pipeline/Pipeline.php(219): Illuminate\\Cookie\\Middleware\\EncryptCookies->handle()
#61 /home/lionel/Documents/Junkyard/gotrip/bc-cms/vendor/laravel/framework/src/Illuminate/Pipeline/Pipeline.php(137): Illuminate\\Pipeline\\Pipeline->{closure:{closure:Illuminate\\Pipeline\\Pipeline::carry():194}:195}()
#62 /home/lionel/Documents/Junkyard/gotrip/bc-cms/vendor/laravel/framework/src/Illuminate/Routing/Router.php(821): Illuminate\\Pipeline\\Pipeline->then()
#63 /home/lionel/Documents/Junkyard/gotrip/bc-cms/vendor/laravel/framework/src/Illuminate/Routing/Router.php(800): Illuminate\\Routing\\Router->runRouteWithinStack()
#64 /home/lionel/Documents/Junkyard/gotrip/bc-cms/vendor/laravel/framework/src/Illuminate/Routing/Router.php(764): Illuminate\\Routing\\Router->runRoute()
#65 /home/lionel/Documents/Junkyard/gotrip/bc-cms/vendor/laravel/framework/src/Illuminate/Routing/Router.php(753): Illuminate\\Routing\\Router->dispatchToRoute()
#66 /home/lionel/Documents/Junkyard/gotrip/bc-cms/vendor/laravel/framework/src/Illuminate/Foundation/Http/Kernel.php(200): Illuminate\\Routing\\Router->dispatch()
#67 /home/lionel/Documents/Junkyard/gotrip/bc-cms/vendor/laravel/framework/src/Illuminate/Pipeline/Pipeline.php(180): Illuminate\\Foundation\\Http\\Kernel->{closure:Illuminate\\Foundation\\Http\\Kernel::dispatchToRouter():197}()
#68 /home/lionel/Documents/Junkyard/gotrip/bc-cms/themes/Base/Core/Middleware/RunUpdater.php(77): Illuminate\\Pipeline\\Pipeline->{closure:Illuminate\\Pipeline\\Pipeline::prepareDestination():178}()
#69 /home/lionel/Documents/Junkyard/gotrip/bc-cms/vendor/laravel/framework/src/Illuminate/Pipeline/Pipeline.php(219): Themes\\Base\\Core\\Middleware\\RunUpdater->handle()
#70 /home/lionel/Documents/Junkyard/gotrip/bc-cms/vendor/livewire/livewire/src/Features/SupportDisablingBackButtonCache/DisableBackButtonCacheMiddleware.php(19): Illuminate\\Pipeline\\Pipeline->{closure:{closure:Illuminate\\Pipeline\\Pipeline::carry():194}:195}()
#71 /home/lionel/Documents/Junkyard/gotrip/bc-cms/vendor/laravel/framework/src/Illuminate/Pipeline/Pipeline.php(219): Livewire\\Features\\SupportDisablingBackButtonCache\\DisableBackButtonCacheMiddleware->handle()
#72 /home/lionel/Documents/Junkyard/gotrip/bc-cms/vendor/barryvdh/laravel-debugbar/src/Middleware/InjectDebugbar.php(66): Illuminate\\Pipeline\\Pipeline->{closure:{closure:Illuminate\\Pipeline\\Pipeline::carry():194}:195}()
#73 /home/lionel/Documents/Junkyard/gotrip/bc-cms/vendor/laravel/framework/src/Illuminate/Pipeline/Pipeline.php(219): Barryvdh\\Debugbar\\Middleware\\InjectDebugbar->handle()
#74 /home/lionel/Documents/Junkyard/gotrip/bc-cms/app/Http/Middleware/RedirectToInstaller.php(40): Illuminate\\Pipeline\\Pipeline->{closure:{closure:Illuminate\\Pipeline\\Pipeline::carry():194}:195}()
#75 /home/lionel/Documents/Junkyard/gotrip/bc-cms/vendor/laravel/framework/src/Illuminate/Pipeline/Pipeline.php(219): App\\Http\\Middleware\\RedirectToInstaller->handle()
#76 /home/lionel/Documents/Junkyard/gotrip/bc-cms/vendor/laravel/framework/src/Illuminate/Foundation/Http/Middleware/TransformsRequest.php(21): Illuminate\\Pipeline\\Pipeline->{closure:{closure:Illuminate\\Pipeline\\Pipeline::carry():194}:195}()
#77 /home/lionel/Documents/Junkyard/gotrip/bc-cms/vendor/laravel/framework/src/Illuminate/Foundation/Http/Middleware/ConvertEmptyStringsToNull.php(31): Illuminate\\Foundation\\Http\\Middleware\\TransformsRequest->handle()
#78 /home/lionel/Documents/Junkyard/gotrip/bc-cms/vendor/laravel/framework/src/Illuminate/Pipeline/Pipeline.php(219): Illuminate\\Foundation\\Http\\Middleware\\ConvertEmptyStringsToNull->handle()
#79 /home/lionel/Documents/Junkyard/gotrip/bc-cms/vendor/laravel/framework/src/Illuminate/Foundation/Http/Middleware/TransformsRequest.php(21): Illuminate\\Pipeline\\Pipeline->{closure:{closure:Illuminate\\Pipeline\\Pipeline::carry():194}:195}()
#80 /home/lionel/Documents/Junkyard/gotrip/bc-cms/vendor/laravel/framework/src/Illuminate/Foundation/Http/Middleware/TrimStrings.php(51): Illuminate\\Foundation\\Http\\Middleware\\TransformsRequest->handle()
#81 /home/lionel/Documents/Junkyard/gotrip/bc-cms/vendor/laravel/framework/src/Illuminate/Pipeline/Pipeline.php(219): Illuminate\\Foundation\\Http\\Middleware\\TrimStrings->handle()
#82 /home/lionel/Documents/Junkyard/gotrip/bc-cms/vendor/laravel/framework/src/Illuminate/Http/Middleware/ValidatePostSize.php(27): Illuminate\\Pipeline\\Pipeline->{closure:{closure:Illuminate\\Pipeline\\Pipeline::carry():194}:195}()
#83 /home/lionel/Documents/Junkyard/gotrip/bc-cms/vendor/laravel/framework/src/Illuminate/Pipeline/Pipeline.php(219): Illuminate\\Http\\Middleware\\ValidatePostSize->handle()
#84 /home/lionel/Documents/Junkyard/gotrip/bc-cms/vendor/laravel/framework/src/Illuminate/Foundation/Http/Middleware/PreventRequestsDuringMaintenance.php(109): Illuminate\\Pipeline\\Pipeline->{closure:{closure:Illuminate\\Pipeline\\Pipeline::carry():194}:195}()
#85 /home/lionel/Documents/Junkyard/gotrip/bc-cms/vendor/laravel/framework/src/Illuminate/Pipeline/Pipeline.php(219): Illuminate\\Foundation\\Http\\Middleware\\PreventRequestsDuringMaintenance->handle()
#86 /home/lionel/Documents/Junkyard/gotrip/bc-cms/vendor/laravel/framework/src/Illuminate/Http/Middleware/HandleCors.php(48): Illuminate\\Pipeline\\Pipeline->{closure:{closure:Illuminate\\Pipeline\\Pipeline::carry():194}:195}()
#87 /home/lionel/Documents/Junkyard/gotrip/bc-cms/vendor/laravel/framework/src/Illuminate/Pipeline/Pipeline.php(219): Illuminate\\Http\\Middleware\\HandleCors->handle()
#88 /home/lionel/Documents/Junkyard/gotrip/bc-cms/vendor/laravel/framework/src/Illuminate/Http/Middleware/TrustProxies.php(58): Illuminate\\Pipeline\\Pipeline->{closure:{closure:Illuminate\\Pipeline\\Pipeline::carry():194}:195}()
#89 /home/lionel/Documents/Junkyard/gotrip/bc-cms/vendor/laravel/framework/src/Illuminate/Pipeline/Pipeline.php(219): Illuminate\\Http\\Middleware\\TrustProxies->handle()
#90 /home/lionel/Documents/Junkyard/gotrip/bc-cms/vendor/laravel/framework/src/Illuminate/Foundation/Http/Middleware/InvokeDeferredCallbacks.php(22): Illuminate\\Pipeline\\Pipeline->{closure:{closure:Illuminate\\Pipeline\\Pipeline::carry():194}:195}()
#91 /home/lionel/Documents/Junkyard/gotrip/bc-cms/vendor/laravel/framework/src/Illuminate/Pipeline/Pipeline.php(219): Illuminate\\Foundation\\Http\\Middleware\\InvokeDeferredCallbacks->handle()
#92 /home/lionel/Documents/Junkyard/gotrip/bc-cms/vendor/laravel/framework/src/Illuminate/Http/Middleware/ValidatePathEncoding.php(26): Illuminate\\Pipeline\\Pipeline->{closure:{closure:Illuminate\\Pipeline\\Pipeline::carry():194}:195}()
#93 /home/lionel/Documents/Junkyard/gotrip/bc-cms/vendor/laravel/framework/src/Illuminate/Pipeline/Pipeline.php(219): Illuminate\\Http\\Middleware\\ValidatePathEncoding->handle()
#94 /home/lionel/Documents/Junkyard/gotrip/bc-cms/vendor/laravel/framework/src/Illuminate/Pipeline/Pipeline.php(137): Illuminate\\Pipeline\\Pipeline->{closure:{closure:Illuminate\\Pipeline\\Pipeline::carry():194}:195}()
#95 /home/lionel/Documents/Junkyard/gotrip/bc-cms/vendor/laravel/framework/src/Illuminate/Foundation/Http/Kernel.php(175): Illuminate\\Pipeline\\Pipeline->then()
#96 /home/lionel/Documents/Junkyard/gotrip/bc-cms/vendor/laravel/framework/src/Illuminate/Foundation/Http/Kernel.php(144): Illuminate\\Foundation\\Http\\Kernel->sendRequestThroughRouter()
#97 /home/lionel/Documents/Junkyard/gotrip/bc-cms/vendor/laravel/framework/src/Illuminate/Foundation/Application.php(1219): Illuminate\\Foundation\\Http\\Kernel->handle()
#98 /home/lionel/Documents/Junkyard/gotrip/public_html/index.php(84): Illuminate\\Foundation\\Application->handleRequest()
#99 /home/lionel/Documents/Junkyard/gotrip/bc-cms/server.php(21): require_once('...')
#100 {main}

[previous exception] [object] (LogicException(code: 0): Modules\\Booking\\Models\\Booking::service must return a relationship instance, but \"null\" was returned. Was the \"return\" keyword used? at /home/lionel/Documents/Junkyard/gotrip/bc-cms/vendor/laravel/framework/src/Illuminate/Database/Eloquent/Concerns/HasAttributes.php:624)
[stacktrace]
#0 /home/lionel/Documents/Junkyard/gotrip/bc-cms/vendor/laravel/framework/src/Illuminate/Database/Eloquent/Concerns/HasAttributes.php(572): Illuminate\\Database\\Eloquent\\Model->getRelationshipFromMethod()
#1 /home/lionel/Documents/Junkyard/gotrip/bc-cms/vendor/laravel/framework/src/Illuminate/Database/Eloquent/Concerns/HasAttributes.php(493): Illuminate\\Database\\Eloquent\\Model->getRelationValue()
#2 /home/lionel/Documents/Junkyard/gotrip/bc-cms/vendor/laravel/framework/src/Illuminate/Database/Eloquent/Model.php(2435): Illuminate\\Database\\Eloquent\\Model->getAttribute()
#3 /home/lionel/Documents/Junkyard/gotrip/bc-cms/vendor/laravel/framework/src/Illuminate/Database/Eloquent/Model.php(2489): Illuminate\\Database\\Eloquent\\Model->offsetExists()
#4 /home/lionel/Documents/Junkyard/gotrip/bc-cms/modules/Booking/Admin/EditBookingPage.php(52): Illuminate\\Database\\Eloquent\\Model->__isset()
#5 [internal function]: Modules\\Booking\\Admin\\EditBookingPage->service()
#6 /home/lionel/Documents/Junkyard/gotrip/bc-cms/vendor/livewire/livewire/src/helpers.php(57): ReflectionMethod->invoke()
#7 /home/lionel/Documents/Junkyard/gotrip/bc-cms/vendor/livewire/livewire/src/Features/SupportComputed/BaseComputed.php(138): class@anonymous->__call()
#8 /home/lionel/Documents/Junkyard/gotrip/bc-cms/vendor/livewire/livewire/src/Features/SupportComputed/BaseComputed.php(60): Livewire\\Features\\SupportComputed\\BaseComputed->evaluateComputed()
#9 /home/lionel/Documents/Junkyard/gotrip/bc-cms/vendor/livewire/livewire/src/EventBus.php(60): Livewire\\Features\\SupportComputed\\BaseComputed->handleMagicGet()
#10 /home/lionel/Documents/Junkyard/gotrip/bc-cms/vendor/livewire/livewire/src/helpers.php(98): Livewire\\EventBus->trigger()
#11 /home/lionel/Documents/Junkyard/gotrip/bc-cms/vendor/livewire/livewire/src/Component.php(100): Livewire\\trigger()
#12 /home/lionel/Documents/Junkyard/gotrip/bc-cms/vendor/livewire/livewire/src/Component.php(82): Livewire\\Component->__get()
#13 /home/lionel/Documents/Junkyard/gotrip/bc-cms/storage/framework/views/3c2e4d08ab3802feb40f91bafb836074.php(31): Livewire\\Component->__isset()
#14 /home/lionel/Documents/Junkyard/gotrip/bc-cms/vendor/livewire/livewire/src/Mechanisms/ExtendBlade/ExtendedCompilerEngine.php(37): include('...')
#15 /home/lionel/Documents/Junkyard/gotrip/bc-cms/vendor/livewire/livewire/src/Mechanisms/ExtendBlade/ExtendedCompilerEngine.php(38): Modules\\Booking\\Admin\\EditBookingPage->{closure:Livewire\\Mechanisms\\ExtendBlade\\ExtendedCompilerEngine::evaluatePath():35}()
#16 /home/lionel/Documents/Junkyard/gotrip/bc-cms/vendor/laravel/framework/src/Illuminate/View/Engines/CompilerEngine.php(76): Livewire\\Mechanisms\\ExtendBlade\\ExtendedCompilerEngine->evaluatePath()
#17 /home/lionel/Documents/Junkyard/gotrip/bc-cms/vendor/livewire/livewire/src/Mechanisms/ExtendBlade/ExtendedCompilerEngine.php(16): Illuminate\\View\\Engines\\CompilerEngine->get()
#18 /home/lionel/Documents/Junkyard/gotrip/bc-cms/vendor/laravel/framework/src/Illuminate/View/View.php(208): Livewire\\Mechanisms\\ExtendBlade\\ExtendedCompilerEngine->get()
#19 /home/lionel/Documents/Junkyard/gotrip/bc-cms/vendor/laravel/framework/src/Illuminate/View/View.php(191): Illuminate\\View\\View->getContents()
#20 /home/lionel/Documents/Junkyard/gotrip/bc-cms/vendor/laravel/framework/src/Illuminate/View/View.php(160): Illuminate\\View\\View->renderContents()
#21 /home/lionel/Documents/Junkyard/gotrip/bc-cms/vendor/livewire/livewire/src/Mechanisms/HandleComponents/HandleComponents.php(259): Illuminate\\View\\View->render()
#22 /home/lionel/Documents/Junkyard/gotrip/bc-cms/vendor/livewire/livewire/src/Mechanisms/HandleComponents/HandleComponents.php(303): Livewire\\Mechanisms\\HandleComponents\\HandleComponents->{closure:Livewire\\Mechanisms\\HandleComponents\\HandleComponents::render():251}()
#23 /home/lionel/Documents/Junkyard/gotrip/bc-cms/vendor/livewire/livewire/src/Mechanisms/HandleComponents/HandleComponents.php(251): Livewire\\Mechanisms\\HandleComponents\\HandleComponents->trackInRenderStack()
#24 /home/lionel/Documents/Junkyard/gotrip/bc-cms/vendor/livewire/livewire/src/Mechanisms/HandleComponents/HandleComponents.php(54): Livewire\\Mechanisms\\HandleComponents\\HandleComponents->render()
#25 /home/lionel/Documents/Junkyard/gotrip/bc-cms/vendor/livewire/livewire/src/LivewireManager.php(73): Livewire\\Mechanisms\\HandleComponents\\HandleComponents->mount()
#26 /home/lionel/Documents/Junkyard/gotrip/bc-cms/vendor/livewire/livewire/src/Features/SupportPageComponents/HandlesPageComponents.php(17): Livewire\\LivewireManager->mount()
#27 /home/lionel/Documents/Junkyard/gotrip/bc-cms/vendor/livewire/livewire/src/Features/SupportPageComponents/SupportPageComponents.php(117): Livewire\\Component->{closure:Livewire\\Features\\SupportPageComponents\\HandlesPageComponents::__invoke():14}()
#28 /home/lionel/Documents/Junkyard/gotrip/bc-cms/vendor/livewire/livewire/src/Features/SupportPageComponents/HandlesPageComponents.php(14): Livewire\\Features\\SupportPageComponents\\SupportPageComponents::interceptTheRenderOfTheComponentAndRetreiveTheLayoutConfiguration()
#29 /home/lionel/Documents/Junkyard/gotrip/bc-cms/vendor/laravel/framework/src/Illuminate/Routing/ControllerDispatcher.php(46): Livewire\\Component->__invoke()
#30 /home/lionel/Documents/Junkyard/gotrip/bc-cms/vendor/laravel/framework/src/Illuminate/Routing/Route.php(265): Illuminate\\Routing\\ControllerDispatcher->dispatch()
#31 /home/lionel/Documents/Junkyard/gotrip/bc-cms/vendor/laravel/framework/src/Illuminate/Routing/Route.php(211): Illuminate\\Routing\\Route->runController()
#32 /home/lionel/Documents/Junkyard/gotrip/bc-cms/vendor/laravel/framework/src/Illuminate/Routing/Router.php(822): Illuminate\\Routing\\Route->run()
#33 /home/lionel/Documents/Junkyard/gotrip/bc-cms/vendor/laravel/framework/src/Illuminate/Pipeline/Pipeline.php(180): Illuminate\\Routing\\Router->{closure:Illuminate\\Routing\\Router::runRouteWithinStack():821}()
#34 /home/lionel/Documents/Junkyard/gotrip/bc-cms/app/Http/Middleware/Dashboard.php(28): Illuminate\\Pipeline\\Pipeline->{closure:Illuminate\\Pipeline\\Pipeline::prepareDestination():178}()
#35 /home/lionel/Documents/Junkyard/gotrip/bc-cms/vendor/laravel/framework/src/Illuminate/Pipeline/Pipeline.php(219): App\\Http\\Middleware\\Dashboard->handle()
#36 /home/lionel/Documents/Junkyard/gotrip/bc-cms/vendor/barryvdh/laravel-debugbar/src/Middleware/InjectDebugbar.php(66): Illuminate\\Pipeline\\Pipeline->{closure:{closure:Illuminate\\Pipeline\\Pipeline::carry():194}:195}()
#37 /home/lionel/Documents/Junkyard/gotrip/bc-cms/vendor/laravel/framework/src/Illuminate/Pipeline/Pipeline.php(219): Barryvdh\\Debugbar\\Middleware\\InjectDebugbar->handle()
#38 /home/lionel/Documents/Junkyard/gotrip/bc-cms/app/Http/Middleware/RequireChangePassword.php(41): Illuminate\\Pipeline\\Pipeline->{closure:{closure:Illuminate\\Pipeline\\Pipeline::carry():194}:195}()
#39 /home/lionel/Documents/Junkyard/gotrip/bc-cms/vendor/laravel/framework/src/Illuminate/Pipeline/Pipeline.php(219): App\\Http\\Middleware\\RequireChangePassword->handle()
#40 /home/lionel/Documents/Junkyard/gotrip/bc-cms/app/Http/Middleware/SetCurrentCurrency.php(48): Illuminate\\Pipeline\\Pipeline->{closure:{closure:Illuminate\\Pipeline\\Pipeline::carry():194}:195}()
#41 /home/lionel/Documents/Junkyard/gotrip/bc-cms/vendor/laravel/framework/src/Illuminate/Pipeline/Pipeline.php(219): App\\Http\\Middleware\\SetCurrentCurrency->handle()
#42 /home/lionel/Documents/Junkyard/gotrip/bc-cms/app/Http/Middleware/SetLanguageForAdmin.php(37): Illuminate\\Pipeline\\Pipeline->{closure:{closure:Illuminate\\Pipeline\\Pipeline::carry():194}:195}()
#43 /home/lionel/Documents/Junkyard/gotrip/bc-cms/vendor/laravel/framework/src/Illuminate/Pipeline/Pipeline.php(219): App\\Http\\Middleware\\SetLanguageForAdmin->handle()
#44 /home/lionel/Documents/Junkyard/gotrip/bc-cms/app/Http/Middleware/RedirectForMultiLanguage.php(58): Illuminate\\Pipeline\\Pipeline->{closure:{closure:Illuminate\\Pipeline\\Pipeline::carry():194}:195}()
#45 /home/lionel/Documents/Junkyard/gotrip/bc-cms/vendor/laravel/framework/src/Illuminate/Pipeline/Pipeline.php(219): App\\Http\\Middleware\\RedirectForMultiLanguage->handle()
#46 /home/lionel/Documents/Junkyard/gotrip/bc-cms/app/Http/Middleware/FrontendGuard.php(67): Illuminate\\Pipeline\\Pipeline->{closure:{closure:Illuminate\\Pipeline\\Pipeline::carry():194}:195}()
#47 /home/lionel/Documents/Junkyard/gotrip/bc-cms/vendor/laravel/framework/src/Illuminate/Pipeline/Pipeline.php(219): App\\Http\\Middleware\\FrontendGuard->handle()
#48 /home/lionel/Documents/Junkyard/gotrip/bc-cms/vendor/laravel/framework/src/Illuminate/Routing/Middleware/SubstituteBindings.php(50): Illuminate\\Pipeline\\Pipeline->{closure:{closure:Illuminate\\Pipeline\\Pipeline::carry():194}:195}()
#49 /home/lionel/Documents/Junkyard/gotrip/bc-cms/vendor/laravel/framework/src/Illuminate/Pipeline/Pipeline.php(219): Illuminate\\Routing\\Middleware\\SubstituteBindings->handle()
#50 /home/lionel/Documents/Junkyard/gotrip/bc-cms/vendor/laravel/framework/src/Illuminate/Foundation/Http/Middleware/VerifyCsrfToken.php(87): Illuminate\\Pipeline\\Pipeline->{closure:{closure:Illuminate\\Pipeline\\Pipeline::carry():194}:195}()
#51 /home/lionel/Documents/Junkyard/gotrip/bc-cms/vendor/laravel/framework/src/Illuminate/Pipeline/Pipeline.php(219): Illuminate\\Foundation\\Http\\Middleware\\VerifyCsrfToken->handle()
#52 /home/lionel/Documents/Junkyard/gotrip/bc-cms/vendor/laravel/framework/src/Illuminate/View/Middleware/ShareErrorsFromSession.php(48): Illuminate\\Pipeline\\Pipeline->{closure:{closure:Illuminate\\Pipeline\\Pipeline::carry():194}:195}()
#53 /home/lionel/Documents/Junkyard/gotrip/bc-cms/vendor/laravel/framework/src/Illuminate/Pipeline/Pipeline.php(219): Illuminate\\View\\Middleware\\ShareErrorsFromSession->handle()
#54 /home/lionel/Documents/Junkyard/gotrip/bc-cms/vendor/laravel/framework/src/Illuminate/Session/Middleware/StartSession.php(120): Illuminate\\Pipeline\\Pipeline->{closure:{closure:Illuminate\\Pipeline\\Pipeline::carry():194}:195}()
#55 /home/lionel/Documents/Junkyard/gotrip/bc-cms/vendor/laravel/framework/src/Illuminate/Session/Middleware/StartSession.php(63): Illuminate\\Session\\Middleware\\StartSession->handleStatefulRequest()
#56 /home/lionel/Documents/Junkyard/gotrip/bc-cms/vendor/laravel/framework/src/Illuminate/Pipeline/Pipeline.php(219): Illuminate\\Session\\Middleware\\StartSession->handle()
#57 /home/lionel/Documents/Junkyard/gotrip/bc-cms/vendor/laravel/framework/src/Illuminate/Cookie/Middleware/AddQueuedCookiesToResponse.php(36): Illuminate\\Pipeline\\Pipeline->{closure:{closure:Illuminate\\Pipeline\\Pipeline::carry():194}:195}()
#58 /home/lionel/Documents/Junkyard/gotrip/bc-cms/vendor/laravel/framework/src/Illuminate/Pipeline/Pipeline.php(219): Illuminate\\Cookie\\Middleware\\AddQueuedCookiesToResponse->handle()
#59 /home/lionel/Documents/Junkyard/gotrip/bc-cms/vendor/laravel/framework/src/Illuminate/Cookie/Middleware/EncryptCookies.php(74): Illuminate\\Pipeline\\Pipeline->{closure:{closure:Illuminate\\Pipeline\\Pipeline::carry():194}:195}()
#60 /home/lionel/Documents/Junkyard/gotrip/bc-cms/vendor/laravel/framework/src/Illuminate/Pipeline/Pipeline.php(219): Illuminate\\Cookie\\Middleware\\EncryptCookies->handle()
#61 /home/lionel/Documents/Junkyard/gotrip/bc-cms/vendor/laravel/framework/src/Illuminate/Pipeline/Pipeline.php(137): Illuminate\\Pipeline\\Pipeline->{closure:{closure:Illuminate\\Pipeline\\Pipeline::carry():194}:195}()
#62 /home/lionel/Documents/Junkyard/gotrip/bc-cms/vendor/laravel/framework/src/Illuminate/Routing/Router.php(821): Illuminate\\Pipeline\\Pipeline->then()
#63 /home/lionel/Documents/Junkyard/gotrip/bc-cms/vendor/laravel/framework/src/Illuminate/Routing/Router.php(800): Illuminate\\Routing\\Router->runRouteWithinStack()
#64 /home/lionel/Documents/Junkyard/gotrip/bc-cms/vendor/laravel/framework/src/Illuminate/Routing/Router.php(764): Illuminate\\Routing\\Router->runRoute()
#65 /home/lionel/Documents/Junkyard/gotrip/bc-cms/vendor/laravel/framework/src/Illuminate/Routing/Router.php(753): Illuminate\\Routing\\Router->dispatchToRoute()
#66 /home/lionel/Documents/Junkyard/gotrip/bc-cms/vendor/laravel/framework/src/Illuminate/Foundation/Http/Kernel.php(200): Illuminate\\Routing\\Router->dispatch()
#67 /home/lionel/Documents/Junkyard/gotrip/bc-cms/vendor/laravel/framework/src/Illuminate/Pipeline/Pipeline.php(180): Illuminate\\Foundation\\Http\\Kernel->{closure:Illuminate\\Foundation\\Http\\Kernel::dispatchToRouter():197}()
#68 /home/lionel/Documents/Junkyard/gotrip/bc-cms/themes/Base/Core/Middleware/RunUpdater.php(77): Illuminate\\Pipeline\\Pipeline->{closure:Illuminate\\Pipeline\\Pipeline::prepareDestination():178}()
#69 /home/lionel/Documents/Junkyard/gotrip/bc-cms/vendor/laravel/framework/src/Illuminate/Pipeline/Pipeline.php(219): Themes\\Base\\Core\\Middleware\\RunUpdater->handle()
#70 /home/lionel/Documents/Junkyard/gotrip/bc-cms/vendor/livewire/livewire/src/Features/SupportDisablingBackButtonCache/DisableBackButtonCacheMiddleware.php(19): Illuminate\\Pipeline\\Pipeline->{closure:{closure:Illuminate\\Pipeline\\Pipeline::carry():194}:195}()
#71 /home/lionel/Documents/Junkyard/gotrip/bc-cms/vendor/laravel/framework/src/Illuminate/Pipeline/Pipeline.php(219): Livewire\\Features\\SupportDisablingBackButtonCache\\DisableBackButtonCacheMiddleware->handle()
#72 /home/lionel/Documents/Junkyard/gotrip/bc-cms/vendor/barryvdh/laravel-debugbar/src/Middleware/InjectDebugbar.php(66): Illuminate\\Pipeline\\Pipeline->{closure:{closure:Illuminate\\Pipeline\\Pipeline::carry():194}:195}()
#73 /home/lionel/Documents/Junkyard/gotrip/bc-cms/vendor/laravel/framework/src/Illuminate/Pipeline/Pipeline.php(219): Barryvdh\\Debugbar\\Middleware\\InjectDebugbar->handle()
#74 /home/lionel/Documents/Junkyard/gotrip/bc-cms/app/Http/Middleware/RedirectToInstaller.php(40): Illuminate\\Pipeline\\Pipeline->{closure:{closure:Illuminate\\Pipeline\\Pipeline::carry():194}:195}()
#75 /home/lionel/Documents/Junkyard/gotrip/bc-cms/vendor/laravel/framework/src/Illuminate/Pipeline/Pipeline.php(219): App\\Http\\Middleware\\RedirectToInstaller->handle()
#76 /home/lionel/Documents/Junkyard/gotrip/bc-cms/vendor/laravel/framework/src/Illuminate/Foundation/Http/Middleware/TransformsRequest.php(21): Illuminate\\Pipeline\\Pipeline->{closure:{closure:Illuminate\\Pipeline\\Pipeline::carry():194}:195}()
#77 /home/lionel/Documents/Junkyard/gotrip/bc-cms/vendor/laravel/framework/src/Illuminate/Foundation/Http/Middleware/ConvertEmptyStringsToNull.php(31): Illuminate\\Foundation\\Http\\Middleware\\TransformsRequest->handle()
#78 /home/lionel/Documents/Junkyard/gotrip/bc-cms/vendor/laravel/framework/src/Illuminate/Pipeline/Pipeline.php(219): Illuminate\\Foundation\\Http\\Middleware\\ConvertEmptyStringsToNull->handle()
#79 /home/lionel/Documents/Junkyard/gotrip/bc-cms/vendor/laravel/framework/src/Illuminate/Foundation/Http/Middleware/TransformsRequest.php(21): Illuminate\\Pipeline\\Pipeline->{closure:{closure:Illuminate\\Pipeline\\Pipeline::carry():194}:195}()
#80 /home/lionel/Documents/Junkyard/gotrip/bc-cms/vendor/laravel/framework/src/Illuminate/Foundation/Http/Middleware/TrimStrings.php(51): Illuminate\\Foundation\\Http\\Middleware\\TransformsRequest->handle()
#81 /home/lionel/Documents/Junkyard/gotrip/bc-cms/vendor/laravel/framework/src/Illuminate/Pipeline/Pipeline.php(219): Illuminate\\Foundation\\Http\\Middleware\\TrimStrings->handle()
#82 /home/lionel/Documents/Junkyard/gotrip/bc-cms/vendor/laravel/framework/src/Illuminate/Http/Middleware/ValidatePostSize.php(27): Illuminate\\Pipeline\\Pipeline->{closure:{closure:Illuminate\\Pipeline\\Pipeline::carry():194}:195}()
#83 /home/lionel/Documents/Junkyard/gotrip/bc-cms/vendor/laravel/framework/src/Illuminate/Pipeline/Pipeline.php(219): Illuminate\\Http\\Middleware\\ValidatePostSize->handle()
#84 /home/lionel/Documents/Junkyard/gotrip/bc-cms/vendor/laravel/framework/src/Illuminate/Foundation/Http/Middleware/PreventRequestsDuringMaintenance.php(109): Illuminate\\Pipeline\\Pipeline->{closure:{closure:Illuminate\\Pipeline\\Pipeline::carry():194}:195}()
#85 /home/lionel/Documents/Junkyard/gotrip/bc-cms/vendor/laravel/framework/src/Illuminate/Pipeline/Pipeline.php(219): Illuminate\\Foundation\\Http\\Middleware\\PreventRequestsDuringMaintenance->handle()
#86 /home/lionel/Documents/Junkyard/gotrip/bc-cms/vendor/laravel/framework/src/Illuminate/Http/Middleware/HandleCors.php(48): Illuminate\\Pipeline\\Pipeline->{closure:{closure:Illuminate\\Pipeline\\Pipeline::carry():194}:195}()
#87 /home/lionel/Documents/Junkyard/gotrip/bc-cms/vendor/laravel/framework/src/Illuminate/Pipeline/Pipeline.php(219): Illuminate\\Http\\Middleware\\HandleCors->handle()
#88 /home/lionel/Documents/Junkyard/gotrip/bc-cms/vendor/laravel/framework/src/Illuminate/Http/Middleware/TrustProxies.php(58): Illuminate\\Pipeline\\Pipeline->{closure:{closure:Illuminate\\Pipeline\\Pipeline::carry():194}:195}()
#89 /home/lionel/Documents/Junkyard/gotrip/bc-cms/vendor/laravel/framework/src/Illuminate/Pipeline/Pipeline.php(219): Illuminate\\Http\\Middleware\\TrustProxies->handle()
#90 /home/lionel/Documents/Junkyard/gotrip/bc-cms/vendor/laravel/framework/src/Illuminate/Foundation/Http/Middleware/InvokeDeferredCallbacks.php(22): Illuminate\\Pipeline\\Pipeline->{closure:{closure:Illuminate\\Pipeline\\Pipeline::carry():194}:195}()
#91 /home/lionel/Documents/Junkyard/gotrip/bc-cms/vendor/laravel/framework/src/Illuminate/Pipeline/Pipeline.php(219): Illuminate\\Foundation\\Http\\Middleware\\InvokeDeferredCallbacks->handle()
#92 /home/lionel/Documents/Junkyard/gotrip/bc-cms/vendor/laravel/framework/src/Illuminate/Http/Middleware/ValidatePathEncoding.php(26): Illuminate\\Pipeline\\Pipeline->{closure:{closure:Illuminate\\Pipeline\\Pipeline::carry():194}:195}()
#93 /home/lionel/Documents/Junkyard/gotrip/bc-cms/vendor/laravel/framework/src/Illuminate/Pipeline/Pipeline.php(219): Illuminate\\Http\\Middleware\\ValidatePathEncoding->handle()
#94 /home/lionel/Documents/Junkyard/gotrip/bc-cms/vendor/laravel/framework/src/Illuminate/Pipeline/Pipeline.php(137): Illuminate\\Pipeline\\Pipeline->{closure:{closure:Illuminate\\Pipeline\\Pipeline::carry():194}:195}()
#95 /home/lionel/Documents/Junkyard/gotrip/bc-cms/vendor/laravel/framework/src/Illuminate/Foundation/Http/Kernel.php(175): Illuminate\\Pipeline\\Pipeline->then()
#96 /home/lionel/Documents/Junkyard/gotrip/bc-cms/vendor/laravel/framework/src/Illuminate/Foundation/Http/Kernel.php(144): Illuminate\\Foundation\\Http\\Kernel->sendRequestThroughRouter()
#97 /home/lionel/Documents/Junkyard/gotrip/bc-cms/vendor/laravel/framework/src/Illuminate/Foundation/Application.php(1219): Illuminate\\Foundation\\Http\\Kernel->handle()
#98 /home/lionel/Documents/Junkyard/gotrip/public_html/index.php(84): Illuminate\\Foundation\\Application->handleRequest()
#99 /home/lionel/Documents/Junkyard/gotrip/bc-cms/server.php(21): require_once('...')
#100 {main}
"} 
[2026-05-24 15:31:03] local.ERROR: Modules\Booking\Models\Booking::service must return a relationship instance, but "null" was returned. Was the "return" keyword used? {"view":{"view":"/home/lionel/Documents/Junkyard/gotrip/bc-cms/modules/Booking/Views/admin/booking/edit.blade.php","data":[]},"userId":6,"exception":"[object] (Spatie\\LaravelIgnition\\Exceptions\\ViewException(code: 0): Modules\\Booking\\Models\\Booking::service must return a relationship instance, but \"null\" was returned. Was the \"return\" keyword used? at /home/lionel/Documents/Junkyard/gotrip/bc-cms/vendor/laravel/framework/src/Illuminate/Database/Eloquent/Concerns/HasAttributes.php:624)
[stacktrace]
#0 /home/lionel/Documents/Junkyard/gotrip/bc-cms/vendor/laravel/framework/src/Illuminate/Database/Eloquent/Concerns/HasAttributes.php(572): Illuminate\\Database\\Eloquent\\Model->getRelationshipFromMethod()
#1 /home/lionel/Documents/Junkyard/gotrip/bc-cms/vendor/laravel/framework/src/Illuminate/Database/Eloquent/Concerns/HasAttributes.php(493): Illuminate\\Database\\Eloquent\\Model->getRelationValue()
#2 /home/lionel/Documents/Junkyard/gotrip/bc-cms/vendor/laravel/framework/src/Illuminate/Database/Eloquent/Model.php(2435): Illuminate\\Database\\Eloquent\\Model->getAttribute()
#3 /home/lionel/Documents/Junkyard/gotrip/bc-cms/vendor/laravel/framework/src/Illuminate/Database/Eloquent/Model.php(2489): Illuminate\\Database\\Eloquent\\Model->offsetExists()
#4 /home/lionel/Documents/Junkyard/gotrip/bc-cms/modules/Booking/Admin/EditBookingPage.php(52): Illuminate\\Database\\Eloquent\\Model->__isset()
#5 [internal function]: Modules\\Booking\\Admin\\EditBookingPage->service()
#6 /home/lionel/Documents/Junkyard/gotrip/bc-cms/vendor/livewire/livewire/src/helpers.php(57): ReflectionMethod->invoke()
#7 /home/lionel/Documents/Junkyard/gotrip/bc-cms/vendor/livewire/livewire/src/Features/SupportComputed/BaseComputed.php(138): class@anonymous->__call()
#8 /home/lionel/Documents/Junkyard/gotrip/bc-cms/vendor/livewire/livewire/src/Features/SupportComputed/BaseComputed.php(60): Livewire\\Features\\SupportComputed\\BaseComputed->evaluateComputed()
#9 /home/lionel/Documents/Junkyard/gotrip/bc-cms/vendor/livewire/livewire/src/EventBus.php(60): Livewire\\Features\\SupportComputed\\BaseComputed->handleMagicGet()
#10 /home/lionel/Documents/Junkyard/gotrip/bc-cms/vendor/livewire/livewire/src/helpers.php(98): Livewire\\EventBus->trigger()
#11 /home/lionel/Documents/Junkyard/gotrip/bc-cms/vendor/livewire/livewire/src/Component.php(100): Livewire\\trigger()
#12 /home/lionel/Documents/Junkyard/gotrip/bc-cms/vendor/livewire/livewire/src/Component.php(82): Livewire\\Component->__get()
#13 /home/lionel/Documents/Junkyard/gotrip/bc-cms/modules/Booking/Views/admin/booking/edit.blade.php(31): Livewire\\Component->__isset()
#14 /home/lionel/Documents/Junkyard/gotrip/bc-cms/vendor/livewire/livewire/src/Mechanisms/ExtendBlade/ExtendedCompilerEngine.php(37): include('...')
#15 /home/lionel/Documents/Junkyard/gotrip/bc-cms/vendor/livewire/livewire/src/Mechanisms/ExtendBlade/ExtendedCompilerEngine.php(38): Modules\\Booking\\Admin\\EditBookingPage->{closure:Livewire\\Mechanisms\\ExtendBlade\\ExtendedCompilerEngine::evaluatePath():35}()
#16 /home/lionel/Documents/Junkyard/gotrip/bc-cms/vendor/laravel/framework/src/Illuminate/View/Engines/CompilerEngine.php(76): Livewire\\Mechanisms\\ExtendBlade\\ExtendedCompilerEngine->evaluatePath()
#17 /home/lionel/Documents/Junkyard/gotrip/bc-cms/vendor/livewire/livewire/src/Mechanisms/ExtendBlade/ExtendedCompilerEngine.php(16): Illuminate\\View\\Engines\\CompilerEngine->get()
#18 /home/lionel/Documents/Junkyard/gotrip/bc-cms/vendor/laravel/framework/src/Illuminate/View/View.php(208): Livewire\\Mechanisms\\ExtendBlade\\ExtendedCompilerEngine->get()
#19 /home/lionel/Documents/Junkyard/gotrip/bc-cms/vendor/laravel/framework/src/Illuminate/View/View.php(191): Illuminate\\View\\View->getContents()
#20 /home/lionel/Documents/Junkyard/gotrip/bc-cms/vendor/laravel/framework/src/Illuminate/View/View.php(160): Illuminate\\View\\View->renderContents()
#21 /home/lionel/Documents/Junkyard/gotrip/bc-cms/vendor/livewire/livewire/src/Mechanisms/HandleComponents/HandleComponents.php(259): Illuminate\\View\\View->render()
#22 /home/lionel/Documents/Junkyard/gotrip/bc-cms/vendor/livewire/livewire/src/Mechanisms/HandleComponents/HandleComponents.php(303): Livewire\\Mechanisms\\HandleComponents\\HandleComponents->{closure:Livewire\\Mechanisms\\HandleComponents\\HandleComponents::render():251}()
#23 /home/lionel/Documents/Junkyard/gotrip/bc-cms/vendor/livewire/livewire/src/Mechanisms/HandleComponents/HandleComponents.php(251): Livewire\\Mechanisms\\HandleComponents\\HandleComponents->trackInRenderStack()
#24 /home/lionel/Documents/Junkyard/gotrip/bc-cms/vendor/livewire/livewire/src/Mechanisms/HandleComponents/HandleComponents.php(54): Livewire\\Mechanisms\\HandleComponents\\HandleComponents->render()
#25 /home/lionel/Documents/Junkyard/gotrip/bc-cms/vendor/livewire/livewire/src/LivewireManager.php(73): Livewire\\Mechanisms\\HandleComponents\\HandleComponents->mount()
#26 /home/lionel/Documents/Junkyard/gotrip/bc-cms/vendor/livewire/livewire/src/Features/SupportPageComponents/HandlesPageComponents.php(17): Livewire\\LivewireManager->mount()
#27 /home/lionel/Documents/Junkyard/gotrip/bc-cms/vendor/livewire/livewire/src/Features/SupportPageComponents/SupportPageComponents.php(117): Livewire\\Component->{closure:Livewire\\Features\\SupportPageComponents\\HandlesPageComponents::__invoke():14}()
#28 /home/lionel/Documents/Junkyard/gotrip/bc-cms/vendor/livewire/livewire/src/Features/SupportPageComponents/HandlesPageComponents.php(14): Livewire\\Features\\SupportPageComponents\\SupportPageComponents::interceptTheRenderOfTheComponentAndRetreiveTheLayoutConfiguration()
#29 /home/lionel/Documents/Junkyard/gotrip/bc-cms/vendor/laravel/framework/src/Illuminate/Routing/ControllerDispatcher.php(46): Livewire\\Component->__invoke()
#30 /home/lionel/Documents/Junkyard/gotrip/bc-cms/vendor/laravel/framework/src/Illuminate/Routing/Route.php(265): Illuminate\\Routing\\ControllerDispatcher->dispatch()
#31 /home/lionel/Documents/Junkyard/gotrip/bc-cms/vendor/laravel/framework/src/Illuminate/Routing/Route.php(211): Illuminate\\Routing\\Route->runController()
#32 /home/lionel/Documents/Junkyard/gotrip/bc-cms/vendor/laravel/framework/src/Illuminate/Routing/Router.php(822): Illuminate\\Routing\\Route->run()
#33 /home/lionel/Documents/Junkyard/gotrip/bc-cms/vendor/laravel/framework/src/Illuminate/Pipeline/Pipeline.php(180): Illuminate\\Routing\\Router->{closure:Illuminate\\Routing\\Router::runRouteWithinStack():821}()
#34 /home/lionel/Documents/Junkyard/gotrip/bc-cms/app/Http/Middleware/Dashboard.php(28): Illuminate\\Pipeline\\Pipeline->{closure:Illuminate\\Pipeline\\Pipeline::prepareDestination():178}()
#35 /home/lionel/Documents/Junkyard/gotrip/bc-cms/vendor/laravel/framework/src/Illuminate/Pipeline/Pipeline.php(219): App\\Http\\Middleware\\Dashboard->handle()
#36 /home/lionel/Documents/Junkyard/gotrip/bc-cms/vendor/barryvdh/laravel-debugbar/src/Middleware/InjectDebugbar.php(66): Illuminate\\Pipeline\\Pipeline->{closure:{closure:Illuminate\\Pipeline\\Pipeline::carry():194}:195}()
#37 /home/lionel/Documents/Junkyard/gotrip/bc-cms/vendor/laravel/framework/src/Illuminate/Pipeline/Pipeline.php(219): Barryvdh\\Debugbar\\Middleware\\InjectDebugbar->handle()
#38 /home/lionel/Documents/Junkyard/gotrip/bc-cms/app/Http/Middleware/RequireChangePassword.php(41): Illuminate\\Pipeline\\Pipeline->{closure:{closure:Illuminate\\Pipeline\\Pipeline::carry():194}:195}()
#39 /home/lionel/Documents/Junkyard/gotrip/bc-cms/vendor/laravel/framework/src/Illuminate/Pipeline/Pipeline.php(219): App\\Http\\Middleware\\RequireChangePassword->handle()
#40 /home/lionel/Documents/Junkyard/gotrip/bc-cms/app/Http/Middleware/SetCurrentCurrency.php(48): Illuminate\\Pipeline\\Pipeline->{closure:{closure:Illuminate\\Pipeline\\Pipeline::carry():194}:195}()
#41 /home/lionel/Documents/Junkyard/gotrip/bc-cms/vendor/laravel/framework/src/Illuminate/Pipeline/Pipeline.php(219): App\\Http\\Middleware\\SetCurrentCurrency->handle()
#42 /home/lionel/Documents/Junkyard/gotrip/bc-cms/app/Http/Middleware/SetLanguageForAdmin.php(37): Illuminate\\Pipeline\\Pipeline->{closure:{closure:Illuminate\\Pipeline\\Pipeline::carry():194}:195}()
#43 /home/lionel/Documents/Junkyard/gotrip/bc-cms/vendor/laravel/framework/src/Illuminate/Pipeline/Pipeline.php(219): App\\Http\\Middleware\\SetLanguageForAdmin->handle()
#44 /home/lionel/Documents/Junkyard/gotrip/bc-cms/app/Http/Middleware/RedirectForMultiLanguage.php(58): Illuminate\\Pipeline\\Pipeline->{closure:{closure:Illuminate\\Pipeline\\Pipeline::carry():194}:195}()
#45 /home/lionel/Documents/Junkyard/gotrip/bc-cms/vendor/laravel/framework/src/Illuminate/Pipeline/Pipeline.php(219): App\\Http\\Middleware\\RedirectForMultiLanguage->handle()
#46 /home/lionel/Documents/Junkyard/gotrip/bc-cms/app/Http/Middleware/FrontendGuard.php(67): Illuminate\\Pipeline\\Pipeline->{closure:{closure:Illuminate\\Pipeline\\Pipeline::carry():194}:195}()
#47 /home/lionel/Documents/Junkyard/gotrip/bc-cms/vendor/laravel/framework/src/Illuminate/Pipeline/Pipeline.php(219): App\\Http\\Middleware\\FrontendGuard->handle()
#48 /home/lionel/Documents/Junkyard/gotrip/bc-cms/vendor/laravel/framework/src/Illuminate/Routing/Middleware/SubstituteBindings.php(50): Illuminate\\Pipeline\\Pipeline->{closure:{closure:Illuminate\\Pipeline\\Pipeline::carry():194}:195}()
#49 /home/lionel/Documents/Junkyard/gotrip/bc-cms/vendor/laravel/framework/src/Illuminate/Pipeline/Pipeline.php(219): Illuminate\\Routing\\Middleware\\SubstituteBindings->handle()
#50 /home/lionel/Documents/Junkyard/gotrip/bc-cms/vendor/laravel/framework/src/Illuminate/Foundation/Http/Middleware/VerifyCsrfToken.php(87): Illuminate\\Pipeline\\Pipeline->{closure:{closure:Illuminate\\Pipeline\\Pipeline::carry():194}:195}()
#51 /home/lionel/Documents/Junkyard/gotrip/bc-cms/vendor/laravel/framework/src/Illuminate/Pipeline/Pipeline.php(219): Illuminate\\Foundation\\Http\\Middleware\\VerifyCsrfToken->handle()
#52 /home/lionel/Documents/Junkyard/gotrip/bc-cms/vendor/laravel/framework/src/Illuminate/View/Middleware/ShareErrorsFromSession.php(48): Illuminate\\Pipeline\\Pipeline->{closure:{closure:Illuminate\\Pipeline\\Pipeline::carry():194}:195}()
#53 /home/lionel/Documents/Junkyard/gotrip/bc-cms/vendor/laravel/framework/src/Illuminate/Pipeline/Pipeline.php(219): Illuminate\\View\\Middleware\\ShareErrorsFromSession->handle()
#54 /home/lionel/Documents/Junkyard/gotrip/bc-cms/vendor/laravel/framework/src/Illuminate/Session/Middleware/StartSession.php(120): Illuminate\\Pipeline\\Pipeline->{closure:{closure:Illuminate\\Pipeline\\Pipeline::carry():194}:195}()
#55 /home/lionel/Documents/Junkyard/gotrip/bc-cms/vendor/laravel/framework/src/Illuminate/Session/Middleware/StartSession.php(63): Illuminate\\Session\\Middleware\\StartSession->handleStatefulRequest()
#56 /home/lionel/Documents/Junkyard/gotrip/bc-cms/vendor/laravel/framework/src/Illuminate/Pipeline/Pipeline.php(219): Illuminate\\Session\\Middleware\\StartSession->handle()
#57 /home/lionel/Documents/Junkyard/gotrip/bc-cms/vendor/laravel/framework/src/Illuminate/Cookie/Middleware/AddQueuedCookiesToResponse.php(36): Illuminate\\Pipeline\\Pipeline->{closure:{closure:Illuminate\\Pipeline\\Pipeline::carry():194}:195}()
#58 /home/lionel/Documents/Junkyard/gotrip/bc-cms/vendor/laravel/framework/src/Illuminate/Pipeline/Pipeline.php(219): Illuminate\\Cookie\\Middleware\\AddQueuedCookiesToResponse->handle()
#59 /home/lionel/Documents/Junkyard/gotrip/bc-cms/vendor/laravel/framework/src/Illuminate/Cookie/Middleware/EncryptCookies.php(74): Illuminate\\Pipeline\\Pipeline->{closure:{closure:Illuminate\\Pipeline\\Pipeline::carry():194}:195}()
#60 /home/lionel/Documents/Junkyard/gotrip/bc-cms/vendor/laravel/framework/src/Illuminate/Pipeline/Pipeline.php(219): Illuminate\\Cookie\\Middleware\\EncryptCookies->handle()
#61 /home/lionel/Documents/Junkyard/gotrip/bc-cms/vendor/laravel/framework/src/Illuminate/Pipeline/Pipeline.php(137): Illuminate\\Pipeline\\Pipeline->{closure:{closure:Illuminate\\Pipeline\\Pipeline::carry():194}:195}()
#62 /home/lionel/Documents/Junkyard/gotrip/bc-cms/vendor/laravel/framework/src/Illuminate/Routing/Router.php(821): Illuminate\\Pipeline\\Pipeline->then()
#63 /home/lionel/Documents/Junkyard/gotrip/bc-cms/vendor/laravel/framework/src/Illuminate/Routing/Router.php(800): Illuminate\\Routing\\Router->runRouteWithinStack()
#64 /home/lionel/Documents/Junkyard/gotrip/bc-cms/vendor/laravel/framework/src/Illuminate/Routing/Router.php(764): Illuminate\\Routing\\Router->runRoute()
#65 /home/lionel/Documents/Junkyard/gotrip/bc-cms/vendor/laravel/framework/src/Illuminate/Routing/Router.php(753): Illuminate\\Routing\\Router->dispatchToRoute()
#66 /home/lionel/Documents/Junkyard/gotrip/bc-cms/vendor/laravel/framework/src/Illuminate/Foundation/Http/Kernel.php(200): Illuminate\\Routing\\Router->dispatch()
#67 /home/lionel/Documents/Junkyard/gotrip/bc-cms/vendor/laravel/framework/src/Illuminate/Pipeline/Pipeline.php(180): Illuminate\\Foundation\\Http\\Kernel->{closure:Illuminate\\Foundation\\Http\\Kernel::dispatchToRouter():197}()
#68 /home/lionel/Documents/Junkyard/gotrip/bc-cms/themes/Base/Core/Middleware/RunUpdater.php(77): Illuminate\\Pipeline\\Pipeline->{closure:Illuminate\\Pipeline\\Pipeline::prepareDestination():178}()
#69 /home/lionel/Documents/Junkyard/gotrip/bc-cms/vendor/laravel/framework/src/Illuminate/Pipeline/Pipeline.php(219): Themes\\Base\\Core\\Middleware\\RunUpdater->handle()
#70 /home/lionel/Documents/Junkyard/gotrip/bc-cms/vendor/livewire/livewire/src/Features/SupportDisablingBackButtonCache/DisableBackButtonCacheMiddleware.php(19): Illuminate\\Pipeline\\Pipeline->{closure:{closure:Illuminate\\Pipeline\\Pipeline::carry():194}:195}()
#71 /home/lionel/Documents/Junkyard/gotrip/bc-cms/vendor/laravel/framework/src/Illuminate/Pipeline/Pipeline.php(219): Livewire\\Features\\SupportDisablingBackButtonCache\\DisableBackButtonCacheMiddleware->handle()
#72 /home/lionel/Documents/Junkyard/gotrip/bc-cms/vendor/barryvdh/laravel-debugbar/src/Middleware/InjectDebugbar.php(66): Illuminate\\Pipeline\\Pipeline->{closure:{closure:Illuminate\\Pipeline\\Pipeline::carry():194}:195}()
#73 /home/lionel/Documents/Junkyard/gotrip/bc-cms/vendor/laravel/framework/src/Illuminate/Pipeline/Pipeline.php(219): Barryvdh\\Debugbar\\Middleware\\InjectDebugbar->handle()
#74 /home/lionel/Documents/Junkyard/gotrip/bc-cms/app/Http/Middleware/RedirectToInstaller.php(40): Illuminate\\Pipeline\\Pipeline->{closure:{closure:Illuminate\\Pipeline\\Pipeline::carry():194}:195}()
#75 /home/lionel/Documents/Junkyard/gotrip/bc-cms/vendor/laravel/framework/src/Illuminate/Pipeline/Pipeline.php(219): App\\Http\\Middleware\\RedirectToInstaller->handle()
#76 /home/lionel/Documents/Junkyard/gotrip/bc-cms/vendor/laravel/framework/src/Illuminate/Foundation/Http/Middleware/TransformsRequest.php(21): Illuminate\\Pipeline\\Pipeline->{closure:{closure:Illuminate\\Pipeline\\Pipeline::carry():194}:195}()
#77 /home/lionel/Documents/Junkyard/gotrip/bc-cms/vendor/laravel/framework/src/Illuminate/Foundation/Http/Middleware/ConvertEmptyStringsToNull.php(31): Illuminate\\Foundation\\Http\\Middleware\\TransformsRequest->handle()
#78 /home/lionel/Documents/Junkyard/gotrip/bc-cms/vendor/laravel/framework/src/Illuminate/Pipeline/Pipeline.php(219): Illuminate\\Foundation\\Http\\Middleware\\ConvertEmptyStringsToNull->handle()
#79 /home/lionel/Documents/Junkyard/gotrip/bc-cms/vendor/laravel/framework/src/Illuminate/Foundation/Http/Middleware/TransformsRequest.php(21): Illuminate\\Pipeline\\Pipeline->{closure:{closure:Illuminate\\Pipeline\\Pipeline::carry():194}:195}()
#80 /home/lionel/Documents/Junkyard/gotrip/bc-cms/vendor/laravel/framework/src/Illuminate/Foundation/Http/Middleware/TrimStrings.php(51): Illuminate\\Foundation\\Http\\Middleware\\TransformsRequest->handle()
#81 /home/lionel/Documents/Junkyard/gotrip/bc-cms/vendor/laravel/framework/src/Illuminate/Pipeline/Pipeline.php(219): Illuminate\\Foundation\\Http\\Middleware\\TrimStrings->handle()
#82 /home/lionel/Documents/Junkyard/gotrip/bc-cms/vendor/laravel/framework/src/Illuminate/Http/Middleware/ValidatePostSize.php(27): Illuminate\\Pipeline\\Pipeline->{closure:{closure:Illuminate\\Pipeline\\Pipeline::carry():194}:195}()
#83 /home/lionel/Documents/Junkyard/gotrip/bc-cms/vendor/laravel/framework/src/Illuminate/Pipeline/Pipeline.php(219): Illuminate\\Http\\Middleware\\ValidatePostSize->handle()
#84 /home/lionel/Documents/Junkyard/gotrip/bc-cms/vendor/laravel/framework/src/Illuminate/Foundation/Http/Middleware/PreventRequestsDuringMaintenance.php(109): Illuminate\\Pipeline\\Pipeline->{closure:{closure:Illuminate\\Pipeline\\Pipeline::carry():194}:195}()
#85 /home/lionel/Documents/Junkyard/gotrip/bc-cms/vendor/laravel/framework/src/Illuminate/Pipeline/Pipeline.php(219): Illuminate\\Foundation\\Http\\Middleware\\PreventRequestsDuringMaintenance->handle()
#86 /home/lionel/Documents/Junkyard/gotrip/bc-cms/vendor/laravel/framework/src/Illuminate/Http/Middleware/HandleCors.php(48): Illuminate\\Pipeline\\Pipeline->{closure:{closure:Illuminate\\Pipeline\\Pipeline::carry():194}:195}()
#87 /home/lionel/Documents/Junkyard/gotrip/bc-cms/vendor/laravel/framework/src/Illuminate/Pipeline/Pipeline.php(219): Illuminate\\Http\\Middleware\\HandleCors->handle()
#88 /home/lionel/Documents/Junkyard/gotrip/bc-cms/vendor/laravel/framework/src/Illuminate/Http/Middleware/TrustProxies.php(58): Illuminate\\Pipeline\\Pipeline->{closure:{closure:Illuminate\\Pipeline\\Pipeline::carry():194}:195}()
#89 /home/lionel/Documents/Junkyard/gotrip/bc-cms/vendor/laravel/framework/src/Illuminate/Pipeline/Pipeline.php(219): Illuminate\\Http\\Middleware\\TrustProxies->handle()
#90 /home/lionel/Documents/Junkyard/gotrip/bc-cms/vendor/laravel/framework/src/Illuminate/Foundation/Http/Middleware/InvokeDeferredCallbacks.php(22): Illuminate\\Pipeline\\Pipeline->{closure:{closure:Illuminate\\Pipeline\\Pipeline::carry():194}:195}()
#91 /home/lionel/Documents/Junkyard/gotrip/bc-cms/vendor/laravel/framework/src/Illuminate/Pipeline/Pipeline.php(219): Illuminate\\Foundation\\Http\\Middleware\\InvokeDeferredCallbacks->handle()
#92 /home/lionel/Documents/Junkyard/gotrip/bc-cms/vendor/laravel/framework/src/Illuminate/Http/Middleware/ValidatePathEncoding.php(26): Illuminate\\Pipeline\\Pipeline->{closure:{closure:Illuminate\\Pipeline\\Pipeline::carry():194}:195}()
#93 /home/lionel/Documents/Junkyard/gotrip/bc-cms/vendor/laravel/framework/src/Illuminate/Pipeline/Pipeline.php(219): Illuminate\\Http\\Middleware\\ValidatePathEncoding->handle()
#94 /home/lionel/Documents/Junkyard/gotrip/bc-cms/vendor/laravel/framework/src/Illuminate/Pipeline/Pipeline.php(137): Illuminate\\Pipeline\\Pipeline->{closure:{closure:Illuminate\\Pipeline\\Pipeline::carry():194}:195}()
#95 /home/lionel/Documents/Junkyard/gotrip/bc-cms/vendor/laravel/framework/src/Illuminate/Foundation/Http/Kernel.php(175): Illuminate\\Pipeline\\Pipeline->then()
#96 /home/lionel/Documents/Junkyard/gotrip/bc-cms/vendor/laravel/framework/src/Illuminate/Foundation/Http/Kernel.php(144): Illuminate\\Foundation\\Http\\Kernel->sendRequestThroughRouter()
#97 /home/lionel/Documents/Junkyard/gotrip/bc-cms/vendor/laravel/framework/src/Illuminate/Foundation/Application.php(1219): Illuminate\\Foundation\\Http\\Kernel->handle()
#98 /home/lionel/Documents/Junkyard/gotrip/public_html/index.php(84): Illuminate\\Foundation\\Application->handleRequest()
#99 /home/lionel/Documents/Junkyard/gotrip/bc-cms/server.php(21): require_once('...')
#100 {main}

[previous exception] [object] (LogicException(code: 0): Modules\\Booking\\Models\\Booking::service must return a relationship instance, but \"null\" was returned. Was the \"return\" keyword used? at /home/lionel/Documents/Junkyard/gotrip/bc-cms/vendor/laravel/framework/src/Illuminate/Database/Eloquent/Concerns/HasAttributes.php:624)
[stacktrace]
#0 /home/lionel/Documents/Junkyard/gotrip/bc-cms/vendor/laravel/framework/src/Illuminate/Database/Eloquent/Concerns/HasAttributes.php(572): Illuminate\\Database\\Eloquent\\Model->getRelationshipFromMethod()
#1 /home/lionel/Documents/Junkyard/gotrip/bc-cms/vendor/laravel/framework/src/Illuminate/Database/Eloquent/Concerns/HasAttributes.php(493): Illuminate\\Database\\Eloquent\\Model->getRelationValue()
#2 /home/lionel/Documents/Junkyard/gotrip/bc-cms/vendor/laravel/framework/src/Illuminate/Database/Eloquent/Model.php(2435): Illuminate\\Database\\Eloquent\\Model->getAttribute()
#3 /home/lionel/Documents/Junkyard/gotrip/bc-cms/vendor/laravel/framework/src/Illuminate/Database/Eloquent/Model.php(2489): Illuminate\\Database\\Eloquent\\Model->offsetExists()
#4 /home/lionel/Documents/Junkyard/gotrip/bc-cms/modules/Booking/Admin/EditBookingPage.php(52): Illuminate\\Database\\Eloquent\\Model->__isset()
#5 [internal function]: Modules\\Booking\\Admin\\EditBookingPage->service()
#6 /home/lionel/Documents/Junkyard/gotrip/bc-cms/vendor/livewire/livewire/src/helpers.php(57): ReflectionMethod->invoke()
#7 /home/lionel/Documents/Junkyard/gotrip/bc-cms/vendor/livewire/livewire/src/Features/SupportComputed/BaseComputed.php(138): class@anonymous->__call()
#8 /home/lionel/Documents/Junkyard/gotrip/bc-cms/vendor/livewire/livewire/src/Features/SupportComputed/BaseComputed.php(60): Livewire\\Features\\SupportComputed\\BaseComputed->evaluateComputed()
#9 /home/lionel/Documents/Junkyard/gotrip/bc-cms/vendor/livewire/livewire/src/EventBus.php(60): Livewire\\Features\\SupportComputed\\BaseComputed->handleMagicGet()
#10 /home/lionel/Documents/Junkyard/gotrip/bc-cms/vendor/livewire/livewire/src/helpers.php(98): Livewire\\EventBus->trigger()
#11 /home/lionel/Documents/Junkyard/gotrip/bc-cms/vendor/livewire/livewire/src/Component.php(100): Livewire\\trigger()
#12 /home/lionel/Documents/Junkyard/gotrip/bc-cms/vendor/livewire/livewire/src/Component.php(82): Livewire\\Component->__get()
#13 /home/lionel/Documents/Junkyard/gotrip/bc-cms/storage/framework/views/3c2e4d08ab3802feb40f91bafb836074.php(31): Livewire\\Component->__isset()
#14 /home/lionel/Documents/Junkyard/gotrip/bc-cms/vendor/livewire/livewire/src/Mechanisms/ExtendBlade/ExtendedCompilerEngine.php(37): include('...')
#15 /home/lionel/Documents/Junkyard/gotrip/bc-cms/vendor/livewire/livewire/src/Mechanisms/ExtendBlade/ExtendedCompilerEngine.php(38): Modules\\Booking\\Admin\\EditBookingPage->{closure:Livewire\\Mechanisms\\ExtendBlade\\ExtendedCompilerEngine::evaluatePath():35}()
#16 /home/lionel/Documents/Junkyard/gotrip/bc-cms/vendor/laravel/framework/src/Illuminate/View/Engines/CompilerEngine.php(76): Livewire\\Mechanisms\\ExtendBlade\\ExtendedCompilerEngine->evaluatePath()
#17 /home/lionel/Documents/Junkyard/gotrip/bc-cms/vendor/livewire/livewire/src/Mechanisms/ExtendBlade/ExtendedCompilerEngine.php(16): Illuminate\\View\\Engines\\CompilerEngine->get()
#18 /home/lionel/Documents/Junkyard/gotrip/bc-cms/vendor/laravel/framework/src/Illuminate/View/View.php(208): Livewire\\Mechanisms\\ExtendBlade\\ExtendedCompilerEngine->get()
#19 /home/lionel/Documents/Junkyard/gotrip/bc-cms/vendor/laravel/framework/src/Illuminate/View/View.php(191): Illuminate\\View\\View->getContents()
#20 /home/lionel/Documents/Junkyard/gotrip/bc-cms/vendor/laravel/framework/src/Illuminate/View/View.php(160): Illuminate\\View\\View->renderContents()
#21 /home/lionel/Documents/Junkyard/gotrip/bc-cms/vendor/livewire/livewire/src/Mechanisms/HandleComponents/HandleComponents.php(259): Illuminate\\View\\View->render()
#22 /home/lionel/Documents/Junkyard/gotrip/bc-cms/vendor/livewire/livewire/src/Mechanisms/HandleComponents/HandleComponents.php(303): Livewire\\Mechanisms\\HandleComponents\\HandleComponents->{closure:Livewire\\Mechanisms\\HandleComponents\\HandleComponents::render():251}()
#23 /home/lionel/Documents/Junkyard/gotrip/bc-cms/vendor/livewire/livewire/src/Mechanisms/HandleComponents/HandleComponents.php(251): Livewire\\Mechanisms\\HandleComponents\\HandleComponents->trackInRenderStack()
#24 /home/lionel/Documents/Junkyard/gotrip/bc-cms/vendor/livewire/livewire/src/Mechanisms/HandleComponents/HandleComponents.php(54): Livewire\\Mechanisms\\HandleComponents\\HandleComponents->render()
#25 /home/lionel/Documents/Junkyard/gotrip/bc-cms/vendor/livewire/livewire/src/LivewireManager.php(73): Livewire\\Mechanisms\\HandleComponents\\HandleComponents->mount()
#26 /home/lionel/Documents/Junkyard/gotrip/bc-cms/vendor/livewire/livewire/src/Features/SupportPageComponents/HandlesPageComponents.php(17): Livewire\\LivewireManager->mount()
#27 /home/lionel/Documents/Junkyard/gotrip/bc-cms/vendor/livewire/livewire/src/Features/SupportPageComponents/SupportPageComponents.php(117): Livewire\\Component->{closure:Livewire\\Features\\SupportPageComponents\\HandlesPageComponents::__invoke():14}()
#28 /home/lionel/Documents/Junkyard/gotrip/bc-cms/vendor/livewire/livewire/src/Features/SupportPageComponents/HandlesPageComponents.php(14): Livewire\\Features\\SupportPageComponents\\SupportPageComponents::interceptTheRenderOfTheComponentAndRetreiveTheLayoutConfiguration()
#29 /home/lionel/Documents/Junkyard/gotrip/bc-cms/vendor/laravel/framework/src/Illuminate/Routing/ControllerDispatcher.php(46): Livewire\\Component->__invoke()
#30 /home/lionel/Documents/Junkyard/gotrip/bc-cms/vendor/laravel/framework/src/Illuminate/Routing/Route.php(265): Illuminate\\Routing\\ControllerDispatcher->dispatch()
#31 /home/lionel/Documents/Junkyard/gotrip/bc-cms/vendor/laravel/framework/src/Illuminate/Routing/Route.php(211): Illuminate\\Routing\\Route->runController()
#32 /home/lionel/Documents/Junkyard/gotrip/bc-cms/vendor/laravel/framework/src/Illuminate/Routing/Router.php(822): Illuminate\\Routing\\Route->run()
#33 /home/lionel/Documents/Junkyard/gotrip/bc-cms/vendor/laravel/framework/src/Illuminate/Pipeline/Pipeline.php(180): Illuminate\\Routing\\Router->{closure:Illuminate\\Routing\\Router::runRouteWithinStack():821}()
#34 /home/lionel/Documents/Junkyard/gotrip/bc-cms/app/Http/Middleware/Dashboard.php(28): Illuminate\\Pipeline\\Pipeline->{closure:Illuminate\\Pipeline\\Pipeline::prepareDestination():178}()
#35 /home/lionel/Documents/Junkyard/gotrip/bc-cms/vendor/laravel/framework/src/Illuminate/Pipeline/Pipeline.php(219): App\\Http\\Middleware\\Dashboard->handle()
#36 /home/lionel/Documents/Junkyard/gotrip/bc-cms/vendor/barryvdh/laravel-debugbar/src/Middleware/InjectDebugbar.php(66): Illuminate\\Pipeline\\Pipeline->{closure:{closure:Illuminate\\Pipeline\\Pipeline::carry():194}:195}()
#37 /home/lionel/Documents/Junkyard/gotrip/bc-cms/vendor/laravel/framework/src/Illuminate/Pipeline/Pipeline.php(219): Barryvdh\\Debugbar\\Middleware\\InjectDebugbar->handle()
#38 /home/lionel/Documents/Junkyard/gotrip/bc-cms/app/Http/Middleware/RequireChangePassword.php(41): Illuminate\\Pipeline\\Pipeline->{closure:{closure:Illuminate\\Pipeline\\Pipeline::carry():194}:195}()
#39 /home/lionel/Documents/Junkyard/gotrip/bc-cms/vendor/laravel/framework/src/Illuminate/Pipeline/Pipeline.php(219): App\\Http\\Middleware\\RequireChangePassword->handle()
#40 /home/lionel/Documents/Junkyard/gotrip/bc-cms/app/Http/Middleware/SetCurrentCurrency.php(48): Illuminate\\Pipeline\\Pipeline->{closure:{closure:Illuminate\\Pipeline\\Pipeline::carry():194}:195}()
#41 /home/lionel/Documents/Junkyard/gotrip/bc-cms/vendor/laravel/framework/src/Illuminate/Pipeline/Pipeline.php(219): App\\Http\\Middleware\\SetCurrentCurrency->handle()
#42 /home/lionel/Documents/Junkyard/gotrip/bc-cms/app/Http/Middleware/SetLanguageForAdmin.php(37): Illuminate\\Pipeline\\Pipeline->{closure:{closure:Illuminate\\Pipeline\\Pipeline::carry():194}:195}()
#43 /home/lionel/Documents/Junkyard/gotrip/bc-cms/vendor/laravel/framework/src/Illuminate/Pipeline/Pipeline.php(219): App\\Http\\Middleware\\SetLanguageForAdmin->handle()
#44 /home/lionel/Documents/Junkyard/gotrip/bc-cms/app/Http/Middleware/RedirectForMultiLanguage.php(58): Illuminate\\Pipeline\\Pipeline->{closure:{closure:Illuminate\\Pipeline\\Pipeline::carry():194}:195}()
#45 /home/lionel/Documents/Junkyard/gotrip/bc-cms/vendor/laravel/framework/src/Illuminate/Pipeline/Pipeline.php(219): App\\Http\\Middleware\\RedirectForMultiLanguage->handle()
#46 /home/lionel/Documents/Junkyard/gotrip/bc-cms/app/Http/Middleware/FrontendGuard.php(67): Illuminate\\Pipeline\\Pipeline->{closure:{closure:Illuminate\\Pipeline\\Pipeline::carry():194}:195}()
#47 /home/lionel/Documents/Junkyard/gotrip/bc-cms/vendor/laravel/framework/src/Illuminate/Pipeline/Pipeline.php(219): App\\Http\\Middleware\\FrontendGuard->handle()
#48 /home/lionel/Documents/Junkyard/gotrip/bc-cms/vendor/laravel/framework/src/Illuminate/Routing/Middleware/SubstituteBindings.php(50): Illuminate\\Pipeline\\Pipeline->{closure:{closure:Illuminate\\Pipeline\\Pipeline::carry():194}:195}()
#49 /home/lionel/Documents/Junkyard/gotrip/bc-cms/vendor/laravel/framework/src/Illuminate/Pipeline/Pipeline.php(219): Illuminate\\Routing\\Middleware\\SubstituteBindings->handle()
#50 /home/lionel/Documents/Junkyard/gotrip/bc-cms/vendor/laravel/framework/src/Illuminate/Foundation/Http/Middleware/VerifyCsrfToken.php(87): Illuminate\\Pipeline\\Pipeline->{closure:{closure:Illuminate\\Pipeline\\Pipeline::carry():194}:195}()
#51 /home/lionel/Documents/Junkyard/gotrip/bc-cms/vendor/laravel/framework/src/Illuminate/Pipeline/Pipeline.php(219): Illuminate\\Foundation\\Http\\Middleware\\VerifyCsrfToken->handle()
#52 /home/lionel/Documents/Junkyard/gotrip/bc-cms/vendor/laravel/framework/src/Illuminate/View/Middleware/ShareErrorsFromSession.php(48): Illuminate\\Pipeline\\Pipeline->{closure:{closure:Illuminate\\Pipeline\\Pipeline::carry():194}:195}()
#53 /home/lionel/Documents/Junkyard/gotrip/bc-cms/vendor/laravel/framework/src/Illuminate/Pipeline/Pipeline.php(219): Illuminate\\View\\Middleware\\ShareErrorsFromSession->handle()
#54 /home/lionel/Documents/Junkyard/gotrip/bc-cms/vendor/laravel/framework/src/Illuminate/Session/Middleware/StartSession.php(120): Illuminate\\Pipeline\\Pipeline->{closure:{closure:Illuminate\\Pipeline\\Pipeline::carry():194}:195}()
#55 /home/lionel/Documents/Junkyard/gotrip/bc-cms/vendor/laravel/framework/src/Illuminate/Session/Middleware/StartSession.php(63): Illuminate\\Session\\Middleware\\StartSession->handleStatefulRequest()
#56 /home/lionel/Documents/Junkyard/gotrip/bc-cms/vendor/laravel/framework/src/Illuminate/Pipeline/Pipeline.php(219): Illuminate\\Session\\Middleware\\StartSession->handle()
#57 /home/lionel/Documents/Junkyard/gotrip/bc-cms/vendor/laravel/framework/src/Illuminate/Cookie/Middleware/AddQueuedCookiesToResponse.php(36): Illuminate\\Pipeline\\Pipeline->{closure:{closure:Illuminate\\Pipeline\\Pipeline::carry():194}:195}()
#58 /home/lionel/Documents/Junkyard/gotrip/bc-cms/vendor/laravel/framework/src/Illuminate/Pipeline/Pipeline.php(219): Illuminate\\Cookie\\Middleware\\AddQueuedCookiesToResponse->handle()
#59 /home/lionel/Documents/Junkyard/gotrip/bc-cms/vendor/laravel/framework/src/Illuminate/Cookie/Middleware/EncryptCookies.php(74): Illuminate\\Pipeline\\Pipeline->{closure:{closure:Illuminate\\Pipeline\\Pipeline::carry():194}:195}()
#60 /home/lionel/Documents/Junkyard/gotrip/bc-cms/vendor/laravel/framework/src/Illuminate/Pipeline/Pipeline.php(219): Illuminate\\Cookie\\Middleware\\EncryptCookies->handle()
#61 /home/lionel/Documents/Junkyard/gotrip/bc-cms/vendor/laravel/framework/src/Illuminate/Pipeline/Pipeline.php(137): Illuminate\\Pipeline\\Pipeline->{closure:{closure:Illuminate\\Pipeline\\Pipeline::carry():194}:195}()
#62 /home/lionel/Documents/Junkyard/gotrip/bc-cms/vendor/laravel/framework/src/Illuminate/Routing/Router.php(821): Illuminate\\Pipeline\\Pipeline->then()
#63 /home/lionel/Documents/Junkyard/gotrip/bc-cms/vendor/laravel/framework/src/Illuminate/Routing/Router.php(800): Illuminate\\Routing\\Router->runRouteWithinStack()
#64 /home/lionel/Documents/Junkyard/gotrip/bc-cms/vendor/laravel/framework/src/Illuminate/Routing/Router.php(764): Illuminate\\Routing\\Router->runRoute()
#65 /home/lionel/Documents/Junkyard/gotrip/bc-cms/vendor/laravel/framework/src/Illuminate/Routing/Router.php(753): Illuminate\\Routing\\Router->dispatchToRoute()
#66 /home/lionel/Documents/Junkyard/gotrip/bc-cms/vendor/laravel/framework/src/Illuminate/Foundation/Http/Kernel.php(200): Illuminate\\Routing\\Router->dispatch()
#67 /home/lionel/Documents/Junkyard/gotrip/bc-cms/vendor/laravel/framework/src/Illuminate/Pipeline/Pipeline.php(180): Illuminate\\Foundation\\Http\\Kernel->{closure:Illuminate\\Foundation\\Http\\Kernel::dispatchToRouter():197}()
#68 /home/lionel/Documents/Junkyard/gotrip/bc-cms/themes/Base/Core/Middleware/RunUpdater.php(77): Illuminate\\Pipeline\\Pipeline->{closure:Illuminate\\Pipeline\\Pipeline::prepareDestination():178}()
#69 /home/lionel/Documents/Junkyard/gotrip/bc-cms/vendor/laravel/framework/src/Illuminate/Pipeline/Pipeline.php(219): Themes\\Base\\Core\\Middleware\\RunUpdater->handle()
#70 /home/lionel/Documents/Junkyard/gotrip/bc-cms/vendor/livewire/livewire/src/Features/SupportDisablingBackButtonCache/DisableBackButtonCacheMiddleware.php(19): Illuminate\\Pipeline\\Pipeline->{closure:{closure:Illuminate\\Pipeline\\Pipeline::carry():194}:195}()
#71 /home/lionel/Documents/Junkyard/gotrip/bc-cms/vendor/laravel/framework/src/Illuminate/Pipeline/Pipeline.php(219): Livewire\\Features\\SupportDisablingBackButtonCache\\DisableBackButtonCacheMiddleware->handle()
#72 /home/lionel/Documents/Junkyard/gotrip/bc-cms/vendor/barryvdh/laravel-debugbar/src/Middleware/InjectDebugbar.php(66): Illuminate\\Pipeline\\Pipeline->{closure:{closure:Illuminate\\Pipeline\\Pipeline::carry():194}:195}()
#73 /home/lionel/Documents/Junkyard/gotrip/bc-cms/vendor/laravel/framework/src/Illuminate/Pipeline/Pipeline.php(219): Barryvdh\\Debugbar\\Middleware\\InjectDebugbar->handle()
#74 /home/lionel/Documents/Junkyard/gotrip/bc-cms/app/Http/Middleware/RedirectToInstaller.php(40): Illuminate\\Pipeline\\Pipeline->{closure:{closure:Illuminate\\Pipeline\\Pipeline::carry():194}:195}()
#75 /home/lionel/Documents/Junkyard/gotrip/bc-cms/vendor/laravel/framework/src/Illuminate/Pipeline/Pipeline.php(219): App\\Http\\Middleware\\RedirectToInstaller->handle()
#76 /home/lionel/Documents/Junkyard/gotrip/bc-cms/vendor/laravel/framework/src/Illuminate/Foundation/Http/Middleware/TransformsRequest.php(21): Illuminate\\Pipeline\\Pipeline->{closure:{closure:Illuminate\\Pipeline\\Pipeline::carry():194}:195}()
#77 /home/lionel/Documents/Junkyard/gotrip/bc-cms/vendor/laravel/framework/src/Illuminate/Foundation/Http/Middleware/ConvertEmptyStringsToNull.php(31): Illuminate\\Foundation\\Http\\Middleware\\TransformsRequest->handle()
#78 /home/lionel/Documents/Junkyard/gotrip/bc-cms/vendor/laravel/framework/src/Illuminate/Pipeline/Pipeline.php(219): Illuminate\\Foundation\\Http\\Middleware\\ConvertEmptyStringsToNull->handle()
#79 /home/lionel/Documents/Junkyard/gotrip/bc-cms/vendor/laravel/framework/src/Illuminate/Foundation/Http/Middleware/TransformsRequest.php(21): Illuminate\\Pipeline\\Pipeline->{closure:{closure:Illuminate\\Pipeline\\Pipeline::carry():194}:195}()
#80 /home/lionel/Documents/Junkyard/gotrip/bc-cms/vendor/laravel/framework/src/Illuminate/Foundation/Http/Middleware/TrimStrings.php(51): Illuminate\\Foundation\\Http\\Middleware\\TransformsRequest->handle()
#81 /home/lionel/Documents/Junkyard/gotrip/bc-cms/vendor/laravel/framework/src/Illuminate/Pipeline/Pipeline.php(219): Illuminate\\Foundation\\Http\\Middleware\\TrimStrings->handle()
#82 /home/lionel/Documents/Junkyard/gotrip/bc-cms/vendor/laravel/framework/src/Illuminate/Http/Middleware/ValidatePostSize.php(27): Illuminate\\Pipeline\\Pipeline->{closure:{closure:Illuminate\\Pipeline\\Pipeline::carry():194}:195}()
#83 /home/lionel/Documents/Junkyard/gotrip/bc-cms/vendor/laravel/framework/src/Illuminate/Pipeline/Pipeline.php(219): Illuminate\\Http\\Middleware\\ValidatePostSize->handle()
#84 /home/lionel/Documents/Junkyard/gotrip/bc-cms/vendor/laravel/framework/src/Illuminate/Foundation/Http/Middleware/PreventRequestsDuringMaintenance.php(109): Illuminate\\Pipeline\\Pipeline->{closure:{closure:Illuminate\\Pipeline\\Pipeline::carry():194}:195}()
#85 /home/lionel/Documents/Junkyard/gotrip/bc-cms/vendor/laravel/framework/src/Illuminate/Pipeline/Pipeline.php(219): Illuminate\\Foundation\\Http\\Middleware\\PreventRequestsDuringMaintenance->handle()
#86 /home/lionel/Documents/Junkyard/gotrip/bc-cms/vendor/laravel/framework/src/Illuminate/Http/Middleware/HandleCors.php(48): Illuminate\\Pipeline\\Pipeline->{closure:{closure:Illuminate\\Pipeline\\Pipeline::carry():194}:195}()
#87 /home/lionel/Documents/Junkyard/gotrip/bc-cms/vendor/laravel/framework/src/Illuminate/Pipeline/Pipeline.php(219): Illuminate\\Http\\Middleware\\HandleCors->handle()
#88 /home/lionel/Documents/Junkyard/gotrip/bc-cms/vendor/laravel/framework/src/Illuminate/Http/Middleware/TrustProxies.php(58): Illuminate\\Pipeline\\Pipeline->{closure:{closure:Illuminate\\Pipeline\\Pipeline::carry():194}:195}()
#89 /home/lionel/Documents/Junkyard/gotrip/bc-cms/vendor/laravel/framework/src/Illuminate/Pipeline/Pipeline.php(219): Illuminate\\Http\\Middleware\\TrustProxies->handle()
#90 /home/lionel/Documents/Junkyard/gotrip/bc-cms/vendor/laravel/framework/src/Illuminate/Foundation/Http/Middleware/InvokeDeferredCallbacks.php(22): Illuminate\\Pipeline\\Pipeline->{closure:{closure:Illuminate\\Pipeline\\Pipeline::carry():194}:195}()
#91 /home/lionel/Documents/Junkyard/gotrip/bc-cms/vendor/laravel/framework/src/Illuminate/Pipeline/Pipeline.php(219): Illuminate\\Foundation\\Http\\Middleware\\InvokeDeferredCallbacks->handle()
#92 /home/lionel/Documents/Junkyard/gotrip/bc-cms/vendor/laravel/framework/src/Illuminate/Http/Middleware/ValidatePathEncoding.php(26): Illuminate\\Pipeline\\Pipeline->{closure:{closure:Illuminate\\Pipeline\\Pipeline::carry():194}:195}()
#93 /home/lionel/Documents/Junkyard/gotrip/bc-cms/vendor/laravel/framework/src/Illuminate/Pipeline/Pipeline.php(219): Illuminate\\Http\\Middleware\\ValidatePathEncoding->handle()
#94 /home/lionel/Documents/Junkyard/gotrip/bc-cms/vendor/laravel/framework/src/Illuminate/Pipeline/Pipeline.php(137): Illuminate\\Pipeline\\Pipeline->{closure:{closure:Illuminate\\Pipeline\\Pipeline::carry():194}:195}()
#95 /home/lionel/Documents/Junkyard/gotrip/bc-cms/vendor/laravel/framework/src/Illuminate/Foundation/Http/Kernel.php(175): Illuminate\\Pipeline\\Pipeline->then()
#96 /home/lionel/Documents/Junkyard/gotrip/bc-cms/vendor/laravel/framework/src/Illuminate/Foundation/Http/Kernel.php(144): Illuminate\\Foundation\\Http\\Kernel->sendRequestThroughRouter()
#97 /home/lionel/Documents/Junkyard/gotrip/bc-cms/vendor/laravel/framework/src/Illuminate/Foundation/Application.php(1219): Illuminate\\Foundation\\Http\\Kernel->handle()
#98 /home/lionel/Documents/Junkyard/gotrip/public_html/index.php(84): Illuminate\\Foundation\\Application->handleRequest()
#99 /home/lionel/Documents/Junkyard/gotrip/bc-cms/server.php(21): require_once('...')
#100 {main}
"} 
[2026-05-24 15:31:22] local.ERROR: Modules\Booking\Models\Booking::service must return a relationship instance, but "null" was returned. Was the "return" keyword used? {"view":{"view":"/home/lionel/Documents/Junkyard/gotrip/bc-cms/modules/Booking/Views/admin/booking/edit.blade.php","data":[]},"userId":6,"exception":"[object] (Spatie\\LaravelIgnition\\Exceptions\\ViewException(code: 0): Modules\\Booking\\Models\\Booking::service must return a relationship instance, but \"null\" was returned. Was the \"return\" keyword used? at /home/lionel/Documents/Junkyard/gotrip/bc-cms/vendor/laravel/framework/src/Illuminate/Database/Eloquent/Concerns/HasAttributes.php:624)
[stacktrace]
#0 /home/lionel/Documents/Junkyard/gotrip/bc-cms/vendor/laravel/framework/src/Illuminate/Database/Eloquent/Concerns/HasAttributes.php(572): Illuminate\\Database\\Eloquent\\Model->getRelationshipFromMethod()
#1 /home/lionel/Documents/Junkyard/gotrip/bc-cms/vendor/laravel/framework/src/Illuminate/Database/Eloquent/Concerns/HasAttributes.php(493): Illuminate\\Database\\Eloquent\\Model->getRelationValue()
#2 /home/lionel/Documents/Junkyard/gotrip/bc-cms/vendor/laravel/framework/src/Illuminate/Database/Eloquent/Model.php(2435): Illuminate\\Database\\Eloquent\\Model->getAttribute()
#3 /home/lionel/Documents/Junkyard/gotrip/bc-cms/vendor/laravel/framework/src/Illuminate/Database/Eloquent/Model.php(2489): Illuminate\\Database\\Eloquent\\Model->offsetExists()
#4 /home/lionel/Documents/Junkyard/gotrip/bc-cms/modules/Booking/Admin/EditBookingPage.php(52): Illuminate\\Database\\Eloquent\\Model->__isset()
#5 [internal function]: Modules\\Booking\\Admin\\EditBookingPage->service()
#6 /home/lionel/Documents/Junkyard/gotrip/bc-cms/vendor/livewire/livewire/src/helpers.php(57): ReflectionMethod->invoke()
#7 /home/lionel/Documents/Junkyard/gotrip/bc-cms/vendor/livewire/livewire/src/Features/SupportComputed/BaseComputed.php(138): class@anonymous->__call()
#8 /home/lionel/Documents/Junkyard/gotrip/bc-cms/vendor/livewire/livewire/src/Features/SupportComputed/BaseComputed.php(60): Livewire\\Features\\SupportComputed\\BaseComputed->evaluateComputed()
#9 /home/lionel/Documents/Junkyard/gotrip/bc-cms/vendor/livewire/livewire/src/EventBus.php(60): Livewire\\Features\\SupportComputed\\BaseComputed->handleMagicGet()
#10 /home/lionel/Documents/Junkyard/gotrip/bc-cms/vendor/livewire/livewire/src/helpers.php(98): Livewire\\EventBus->trigger()
#11 /home/lionel/Documents/Junkyard/gotrip/bc-cms/vendor/livewire/livewire/src/Component.php(100): Livewire\\trigger()
#12 /home/lionel/Documents/Junkyard/gotrip/bc-cms/vendor/livewire/livewire/src/Component.php(82): Livewire\\Component->__get()
#13 /home/lionel/Documents/Junkyard/gotrip/bc-cms/modules/Booking/Views/admin/booking/edit.blade.php(31): Livewire\\Component->__isset()
#14 /home/lionel/Documents/Junkyard/gotrip/bc-cms/vendor/livewire/livewire/src/Mechanisms/ExtendBlade/ExtendedCompilerEngine.php(37): include('...')
#15 /home/lionel/Documents/Junkyard/gotrip/bc-cms/vendor/livewire/livewire/src/Mechanisms/ExtendBlade/ExtendedCompilerEngine.php(38): Modules\\Booking\\Admin\\EditBookingPage->{closure:Livewire\\Mechanisms\\ExtendBlade\\ExtendedCompilerEngine::evaluatePath():35}()
#16 /home/lionel/Documents/Junkyard/gotrip/bc-cms/vendor/laravel/framework/src/Illuminate/View/Engines/CompilerEngine.php(76): Livewire\\Mechanisms\\ExtendBlade\\ExtendedCompilerEngine->evaluatePath()
#17 /home/lionel/Documents/Junkyard/gotrip/bc-cms/vendor/livewire/livewire/src/Mechanisms/ExtendBlade/ExtendedCompilerEngine.php(16): Illuminate\\View\\Engines\\CompilerEngine->get()
#18 /home/lionel/Documents/Junkyard/gotrip/bc-cms/vendor/laravel/framework/src/Illuminate/View/View.php(208): Livewire\\Mechanisms\\ExtendBlade\\ExtendedCompilerEngine->get()
#19 /home/lionel/Documents/Junkyard/gotrip/bc-cms/vendor/laravel/framework/src/Illuminate/View/View.php(191): Illuminate\\View\\View->getContents()
#20 /home/lionel/Documents/Junkyard/gotrip/bc-cms/vendor/laravel/framework/src/Illuminate/View/View.php(160): Illuminate\\View\\View->renderContents()
#21 /home/lionel/Documents/Junkyard/gotrip/bc-cms/vendor/livewire/livewire/src/Mechanisms/HandleComponents/HandleComponents.php(259): Illuminate\\View\\View->render()
#22 /home/lionel/Documents/Junkyard/gotrip/bc-cms/vendor/livewire/livewire/src/Mechanisms/HandleComponents/HandleComponents.php(303): Livewire\\Mechanisms\\HandleComponents\\HandleComponents->{closure:Livewire\\Mechanisms\\HandleComponents\\HandleComponents::render():251}()
#23 /home/lionel/Documents/Junkyard/gotrip/bc-cms/vendor/livewire/livewire/src/Mechanisms/HandleComponents/HandleComponents.php(251): Livewire\\Mechanisms\\HandleComponents\\HandleComponents->trackInRenderStack()
#24 /home/lionel/Documents/Junkyard/gotrip/bc-cms/vendor/livewire/livewire/src/Mechanisms/HandleComponents/HandleComponents.php(54): Livewire\\Mechanisms\\HandleComponents\\HandleComponents->render()
#25 /home/lionel/Documents/Junkyard/gotrip/bc-cms/vendor/livewire/livewire/src/LivewireManager.php(73): Livewire\\Mechanisms\\HandleComponents\\HandleComponents->mount()
#26 /home/lionel/Documents/Junkyard/gotrip/bc-cms/vendor/livewire/livewire/src/Features/SupportPageComponents/HandlesPageComponents.php(17): Livewire\\LivewireManager->mount()
#27 /home/lionel/Documents/Junkyard/gotrip/bc-cms/vendor/livewire/livewire/src/Features/SupportPageComponents/SupportPageComponents.php(117): Livewire\\Component->{closure:Livewire\\Features\\SupportPageComponents\\HandlesPageComponents::__invoke():14}()
#28 /home/lionel/Documents/Junkyard/gotrip/bc-cms/vendor/livewire/livewire/src/Features/SupportPageComponents/HandlesPageComponents.php(14): Livewire\\Features\\SupportPageComponents\\SupportPageComponents::interceptTheRenderOfTheComponentAndRetreiveTheLayoutConfiguration()
#29 /home/lionel/Documents/Junkyard/gotrip/bc-cms/vendor/laravel/framework/src/Illuminate/Routing/ControllerDispatcher.php(46): Livewire\\Component->__invoke()
#30 /home/lionel/Documents/Junkyard/gotrip/bc-cms/vendor/laravel/framework/src/Illuminate/Routing/Route.php(265): Illuminate\\Routing\\ControllerDispatcher->dispatch()
#31 /home/lionel/Documents/Junkyard/gotrip/bc-cms/vendor/laravel/framework/src/Illuminate/Routing/Route.php(211): Illuminate\\Routing\\Route->runController()
#32 /home/lionel/Documents/Junkyard/gotrip/bc-cms/vendor/laravel/framework/src/Illuminate/Routing/Router.php(822): Illuminate\\Routing\\Route->run()
#33 /home/lionel/Documents/Junkyard/gotrip/bc-cms/vendor/laravel/framework/src/Illuminate/Pipeline/Pipeline.php(180): Illuminate\\Routing\\Router->{closure:Illuminate\\Routing\\Router::runRouteWithinStack():821}()
#34 /home/lionel/Documents/Junkyard/gotrip/bc-cms/app/Http/Middleware/Dashboard.php(28): Illuminate\\Pipeline\\Pipeline->{closure:Illuminate\\Pipeline\\Pipeline::prepareDestination():178}()
#35 /home/lionel/Documents/Junkyard/gotrip/bc-cms/vendor/laravel/framework/src/Illuminate/Pipeline/Pipeline.php(219): App\\Http\\Middleware\\Dashboard->handle()
#36 /home/lionel/Documents/Junkyard/gotrip/bc-cms/vendor/barryvdh/laravel-debugbar/src/Middleware/InjectDebugbar.php(66): Illuminate\\Pipeline\\Pipeline->{closure:{closure:Illuminate\\Pipeline\\Pipeline::carry():194}:195}()
#37 /home/lionel/Documents/Junkyard/gotrip/bc-cms/vendor/laravel/framework/src/Illuminate/Pipeline/Pipeline.php(219): Barryvdh\\Debugbar\\Middleware\\InjectDebugbar->handle()
#38 /home/lionel/Documents/Junkyard/gotrip/bc-cms/app/Http/Middleware/RequireChangePassword.php(41): Illuminate\\Pipeline\\Pipeline->{closure:{closure:Illuminate\\Pipeline\\Pipeline::carry():194}:195}()
#39 /home/lionel/Documents/Junkyard/gotrip/bc-cms/vendor/laravel/framework/src/Illuminate/Pipeline/Pipeline.php(219): App\\Http\\Middleware\\RequireChangePassword->handle()
#40 /home/lionel/Documents/Junkyard/gotrip/bc-cms/app/Http/Middleware/SetCurrentCurrency.php(48): Illuminate\\Pipeline\\Pipeline->{closure:{closure:Illuminate\\Pipeline\\Pipeline::carry():194}:195}()
#41 /home/lionel/Documents/Junkyard/gotrip/bc-cms/vendor/laravel/framework/src/Illuminate/Pipeline/Pipeline.php(219): App\\Http\\Middleware\\SetCurrentCurrency->handle()
#42 /home/lionel/Documents/Junkyard/gotrip/bc-cms/app/Http/Middleware/SetLanguageForAdmin.php(37): Illuminate\\Pipeline\\Pipeline->{closure:{closure:Illuminate\\Pipeline\\Pipeline::carry():194}:195}()
#43 /home/lionel/Documents/Junkyard/gotrip/bc-cms/vendor/laravel/framework/src/Illuminate/Pipeline/Pipeline.php(219): App\\Http\\Middleware\\SetLanguageForAdmin->handle()
#44 /home/lionel/Documents/Junkyard/gotrip/bc-cms/app/Http/Middleware/RedirectForMultiLanguage.php(58): Illuminate\\Pipeline\\Pipeline->{closure:{closure:Illuminate\\Pipeline\\Pipeline::carry():194}:195}()
#45 /home/lionel/Documents/Junkyard/gotrip/bc-cms/vendor/laravel/framework/src/Illuminate/Pipeline/Pipeline.php(219): App\\Http\\Middleware\\RedirectForMultiLanguage->handle()
#46 /home/lionel/Documents/Junkyard/gotrip/bc-cms/app/Http/Middleware/FrontendGuard.php(67): Illuminate\\Pipeline\\Pipeline->{closure:{closure:Illuminate\\Pipeline\\Pipeline::carry():194}:195}()
#47 /home/lionel/Documents/Junkyard/gotrip/bc-cms/vendor/laravel/framework/src/Illuminate/Pipeline/Pipeline.php(219): App\\Http\\Middleware\\FrontendGuard->handle()
#48 /home/lionel/Documents/Junkyard/gotrip/bc-cms/vendor/laravel/framework/src/Illuminate/Routing/Middleware/SubstituteBindings.php(50): Illuminate\\Pipeline\\Pipeline->{closure:{closure:Illuminate\\Pipeline\\Pipeline::carry():194}:195}()
#49 /home/lionel/Documents/Junkyard/gotrip/bc-cms/vendor/laravel/framework/src/Illuminate/Pipeline/Pipeline.php(219): Illuminate\\Routing\\Middleware\\SubstituteBindings->handle()
#50 /home/lionel/Documents/Junkyard/gotrip/bc-cms/vendor/laravel/framework/src/Illuminate/Foundation/Http/Middleware/VerifyCsrfToken.php(87): Illuminate\\Pipeline\\Pipeline->{closure:{closure:Illuminate\\Pipeline\\Pipeline::carry():194}:195}()
#51 /home/lionel/Documents/Junkyard/gotrip/bc-cms/vendor/laravel/framework/src/Illuminate/Pipeline/Pipeline.php(219): Illuminate\\Foundation\\Http\\Middleware\\VerifyCsrfToken->handle()
#52 /home/lionel/Documents/Junkyard/gotrip/bc-cms/vendor/laravel/framework/src/Illuminate/View/Middleware/ShareErrorsFromSession.php(48): Illuminate\\Pipeline\\Pipeline->{closure:{closure:Illuminate\\Pipeline\\Pipeline::carry():194}:195}()
#53 /home/lionel/Documents/Junkyard/gotrip/bc-cms/vendor/laravel/framework/src/Illuminate/Pipeline/Pipeline.php(219): Illuminate\\View\\Middleware\\ShareErrorsFromSession->handle()
#54 /home/lionel/Documents/Junkyard/gotrip/bc-cms/vendor/laravel/framework/src/Illuminate/Session/Middleware/StartSession.php(120): Illuminate\\Pipeline\\Pipeline->{closure:{closure:Illuminate\\Pipeline\\Pipeline::carry():194}:195}()
#55 /home/lionel/Documents/Junkyard/gotrip/bc-cms/vendor/laravel/framework/src/Illuminate/Session/Middleware/StartSession.php(63): Illuminate\\Session\\Middleware\\StartSession->handleStatefulRequest()
#56 /home/lionel/Documents/Junkyard/gotrip/bc-cms/vendor/laravel/framework/src/Illuminate/Pipeline/Pipeline.php(219): Illuminate\\Session\\Middleware\\StartSession->handle()
#57 /home/lionel/Documents/Junkyard/gotrip/bc-cms/vendor/laravel/framework/src/Illuminate/Cookie/Middleware/AddQueuedCookiesToResponse.php(36): Illuminate\\Pipeline\\Pipeline->{closure:{closure:Illuminate\\Pipeline\\Pipeline::carry():194}:195}()
#58 /home/lionel/Documents/Junkyard/gotrip/bc-cms/vendor/laravel/framework/src/Illuminate/Pipeline/Pipeline.php(219): Illuminate\\Cookie\\Middleware\\AddQueuedCookiesToResponse->handle()
#59 /home/lionel/Documents/Junkyard/gotrip/bc-cms/vendor/laravel/framework/src/Illuminate/Cookie/Middleware/EncryptCookies.php(74): Illuminate\\Pipeline\\Pipeline->{closure:{closure:Illuminate\\Pipeline\\Pipeline::carry():194}:195}()
#60 /home/lionel/Documents/Junkyard/gotrip/bc-cms/vendor/laravel/framework/src/Illuminate/Pipeline/Pipeline.php(219): Illuminate\\Cookie\\Middleware\\EncryptCookies->handle()
#61 /home/lionel/Documents/Junkyard/gotrip/bc-cms/vendor/laravel/framework/src/Illuminate/Pipeline/Pipeline.php(137): Illuminate\\Pipeline\\Pipeline->{closure:{closure:Illuminate\\Pipeline\\Pipeline::carry():194}:195}()
#62 /home/lionel/Documents/Junkyard/gotrip/bc-cms/vendor/laravel/framework/src/Illuminate/Routing/Router.php(821): Illuminate\\Pipeline\\Pipeline->then()
#63 /home/lionel/Documents/Junkyard/gotrip/bc-cms/vendor/laravel/framework/src/Illuminate/Routing/Router.php(800): Illuminate\\Routing\\Router->runRouteWithinStack()
#64 /home/lionel/Documents/Junkyard/gotrip/bc-cms/vendor/laravel/framework/src/Illuminate/Routing/Router.php(764): Illuminate\\Routing\\Router->runRoute()
#65 /home/lionel/Documents/Junkyard/gotrip/bc-cms/vendor/laravel/framework/src/Illuminate/Routing/Router.php(753): Illuminate\\Routing\\Router->dispatchToRoute()
#66 /home/lionel/Documents/Junkyard/gotrip/bc-cms/vendor/laravel/framework/src/Illuminate/Foundation/Http/Kernel.php(200): Illuminate\\Routing\\Router->dispatch()
#67 /home/lionel/Documents/Junkyard/gotrip/bc-cms/vendor/laravel/framework/src/Illuminate/Pipeline/Pipeline.php(180): Illuminate\\Foundation\\Http\\Kernel->{closure:Illuminate\\Foundation\\Http\\Kernel::dispatchToRouter():197}()
#68 /home/lionel/Documents/Junkyard/gotrip/bc-cms/themes/Base/Core/Middleware/RunUpdater.php(77): Illuminate\\Pipeline\\Pipeline->{closure:Illuminate\\Pipeline\\Pipeline::prepareDestination():178}()
#69 /home/lionel/Documents/Junkyard/gotrip/bc-cms/vendor/laravel/framework/src/Illuminate/Pipeline/Pipeline.php(219): Themes\\Base\\Core\\Middleware\\RunUpdater->handle()
#70 /home/lionel/Documents/Junkyard/gotrip/bc-cms/vendor/livewire/livewire/src/Features/SupportDisablingBackButtonCache/DisableBackButtonCacheMiddleware.php(19): Illuminate\\Pipeline\\Pipeline->{closure:{closure:Illuminate\\Pipeline\\Pipeline::carry():194}:195}()
#71 /home/lionel/Documents/Junkyard/gotrip/bc-cms/vendor/laravel/framework/src/Illuminate/Pipeline/Pipeline.php(219): Livewire\\Features\\SupportDisablingBackButtonCache\\DisableBackButtonCacheMiddleware->handle()
#72 /home/lionel/Documents/Junkyard/gotrip/bc-cms/vendor/barryvdh/laravel-debugbar/src/Middleware/InjectDebugbar.php(66): Illuminate\\Pipeline\\Pipeline->{closure:{closure:Illuminate\\Pipeline\\Pipeline::carry():194}:195}()
#73 /home/lionel/Documents/Junkyard/gotrip/bc-cms/vendor/laravel/framework/src/Illuminate/Pipeline/Pipeline.php(219): Barryvdh\\Debugbar\\Middleware\\InjectDebugbar->handle()
#74 /home/lionel/Documents/Junkyard/gotrip/bc-cms/app/Http/Middleware/RedirectToInstaller.php(40): Illuminate\\Pipeline\\Pipeline->{closure:{closure:Illuminate\\Pipeline\\Pipeline::carry():194}:195}()
#75 /home/lionel/Documents/Junkyard/gotrip/bc-cms/vendor/laravel/framework/src/Illuminate/Pipeline/Pipeline.php(219): App\\Http\\Middleware\\RedirectToInstaller->handle()
#76 /home/lionel/Documents/Junkyard/gotrip/bc-cms/vendor/laravel/framework/src/Illuminate/Foundation/Http/Middleware/TransformsRequest.php(21): Illuminate\\Pipeline\\Pipeline->{closure:{closure:Illuminate\\Pipeline\\Pipeline::carry():194}:195}()
#77 /home/lionel/Documents/Junkyard/gotrip/bc-cms/vendor/laravel/framework/src/Illuminate/Foundation/Http/Middleware/ConvertEmptyStringsToNull.php(31): Illuminate\\Foundation\\Http\\Middleware\\TransformsRequest->handle()
#78 /home/lionel/Documents/Junkyard/gotrip/bc-cms/vendor/laravel/framework/src/Illuminate/Pipeline/Pipeline.php(219): Illuminate\\Foundation\\Http\\Middleware\\ConvertEmptyStringsToNull->handle()
#79 /home/lionel/Documents/Junkyard/gotrip/bc-cms/vendor/laravel/framework/src/Illuminate/Foundation/Http/Middleware/TransformsRequest.php(21): Illuminate\\Pipeline\\Pipeline->{closure:{closure:Illuminate\\Pipeline\\Pipeline::carry():194}:195}()
#80 /home/lionel/Documents/Junkyard/gotrip/bc-cms/vendor/laravel/framework/src/Illuminate/Foundation/Http/Middleware/TrimStrings.php(51): Illuminate\\Foundation\\Http\\Middleware\\TransformsRequest->handle()
#81 /home/lionel/Documents/Junkyard/gotrip/bc-cms/vendor/laravel/framework/src/Illuminate/Pipeline/Pipeline.php(219): Illuminate\\Foundation\\Http\\Middleware\\TrimStrings->handle()
#82 /home/lionel/Documents/Junkyard/gotrip/bc-cms/vendor/laravel/framework/src/Illuminate/Http/Middleware/ValidatePostSize.php(27): Illuminate\\Pipeline\\Pipeline->{closure:{closure:Illuminate\\Pipeline\\Pipeline::carry():194}:195}()
#83 /home/lionel/Documents/Junkyard/gotrip/bc-cms/vendor/laravel/framework/src/Illuminate/Pipeline/Pipeline.php(219): Illuminate\\Http\\Middleware\\ValidatePostSize->handle()
#84 /home/lionel/Documents/Junkyard/gotrip/bc-cms/vendor/laravel/framework/src/Illuminate/Foundation/Http/Middleware/PreventRequestsDuringMaintenance.php(109): Illuminate\\Pipeline\\Pipeline->{closure:{closure:Illuminate\\Pipeline\\Pipeline::carry():194}:195}()
#85 /home/lionel/Documents/Junkyard/gotrip/bc-cms/vendor/laravel/framework/src/Illuminate/Pipeline/Pipeline.php(219): Illuminate\\Foundation\\Http\\Middleware\\PreventRequestsDuringMaintenance->handle()
#86 /home/lionel/Documents/Junkyard/gotrip/bc-cms/vendor/laravel/framework/src/Illuminate/Http/Middleware/HandleCors.php(48): Illuminate\\Pipeline\\Pipeline->{closure:{closure:Illuminate\\Pipeline\\Pipeline::carry():194}:195}()
#87 /home/lionel/Documents/Junkyard/gotrip/bc-cms/vendor/laravel/framework/src/Illuminate/Pipeline/Pipeline.php(219): Illuminate\\Http\\Middleware\\HandleCors->handle()
#88 /home/lionel/Documents/Junkyard/gotrip/bc-cms/vendor/laravel/framework/src/Illuminate/Http/Middleware/TrustProxies.php(58): Illuminate\\Pipeline\\Pipeline->{closure:{closure:Illuminate\\Pipeline\\Pipeline::carry():194}:195}()
#89 /home/lionel/Documents/Junkyard/gotrip/bc-cms/vendor/laravel/framework/src/Illuminate/Pipeline/Pipeline.php(219): Illuminate\\Http\\Middleware\\TrustProxies->handle()
#90 /home/lionel/Documents/Junkyard/gotrip/bc-cms/vendor/laravel/framework/src/Illuminate/Foundation/Http/Middleware/InvokeDeferredCallbacks.php(22): Illuminate\\Pipeline\\Pipeline->{closure:{closure:Illuminate\\Pipeline\\Pipeline::carry():194}:195}()
#91 /home/lionel/Documents/Junkyard/gotrip/bc-cms/vendor/laravel/framework/src/Illuminate/Pipeline/Pipeline.php(219): Illuminate\\Foundation\\Http\\Middleware\\InvokeDeferredCallbacks->handle()
#92 /home/lionel/Documents/Junkyard/gotrip/bc-cms/vendor/laravel/framework/src/Illuminate/Http/Middleware/ValidatePathEncoding.php(26): Illuminate\\Pipeline\\Pipeline->{closure:{closure:Illuminate\\Pipeline\\Pipeline::carry():194}:195}()
#93 /home/lionel/Documents/Junkyard/gotrip/bc-cms/vendor/laravel/framework/src/Illuminate/Pipeline/Pipeline.php(219): Illuminate\\Http\\Middleware\\ValidatePathEncoding->handle()
#94 /home/lionel/Documents/Junkyard/gotrip/bc-cms/vendor/laravel/framework/src/Illuminate/Pipeline/Pipeline.php(137): Illuminate\\Pipeline\\Pipeline->{closure:{closure:Illuminate\\Pipeline\\Pipeline::carry():194}:195}()
#95 /home/lionel/Documents/Junkyard/gotrip/bc-cms/vendor/laravel/framework/src/Illuminate/Foundation/Http/Kernel.php(175): Illuminate\\Pipeline\\Pipeline->then()
#96 /home/lionel/Documents/Junkyard/gotrip/bc-cms/vendor/laravel/framework/src/Illuminate/Foundation/Http/Kernel.php(144): Illuminate\\Foundation\\Http\\Kernel->sendRequestThroughRouter()
#97 /home/lionel/Documents/Junkyard/gotrip/bc-cms/vendor/laravel/framework/src/Illuminate/Foundation/Application.php(1219): Illuminate\\Foundation\\Http\\Kernel->handle()
#98 /home/lionel/Documents/Junkyard/gotrip/public_html/index.php(84): Illuminate\\Foundation\\Application->handleRequest()
#99 /home/lionel/Documents/Junkyard/gotrip/bc-cms/server.php(21): require_once('...')
#100 {main}

[previous exception] [object] (LogicException(code: 0): Modules\\Booking\\Models\\Booking::service must return a relationship instance, but \"null\" was returned. Was the \"return\" keyword used? at /home/lionel/Documents/Junkyard/gotrip/bc-cms/vendor/laravel/framework/src/Illuminate/Database/Eloquent/Concerns/HasAttributes.php:624)
[stacktrace]
#0 /home/lionel/Documents/Junkyard/gotrip/bc-cms/vendor/laravel/framework/src/Illuminate/Database/Eloquent/Concerns/HasAttributes.php(572): Illuminate\\Database\\Eloquent\\Model->getRelationshipFromMethod()
#1 /home/lionel/Documents/Junkyard/gotrip/bc-cms/vendor/laravel/framework/src/Illuminate/Database/Eloquent/Concerns/HasAttributes.php(493): Illuminate\\Database\\Eloquent\\Model->getRelationValue()
#2 /home/lionel/Documents/Junkyard/gotrip/bc-cms/vendor/laravel/framework/src/Illuminate/Database/Eloquent/Model.php(2435): Illuminate\\Database\\Eloquent\\Model->getAttribute()
#3 /home/lionel/Documents/Junkyard/gotrip/bc-cms/vendor/laravel/framework/src/Illuminate/Database/Eloquent/Model.php(2489): Illuminate\\Database\\Eloquent\\Model->offsetExists()
#4 /home/lionel/Documents/Junkyard/gotrip/bc-cms/modules/Booking/Admin/EditBookingPage.php(52): Illuminate\\Database\\Eloquent\\Model->__isset()
#5 [internal function]: Modules\\Booking\\Admin\\EditBookingPage->service()
#6 /home/lionel/Documents/Junkyard/gotrip/bc-cms/vendor/livewire/livewire/src/helpers.php(57): ReflectionMethod->invoke()
#7 /home/lionel/Documents/Junkyard/gotrip/bc-cms/vendor/livewire/livewire/src/Features/SupportComputed/BaseComputed.php(138): class@anonymous->__call()
#8 /home/lionel/Documents/Junkyard/gotrip/bc-cms/vendor/livewire/livewire/src/Features/SupportComputed/BaseComputed.php(60): Livewire\\Features\\SupportComputed\\BaseComputed->evaluateComputed()
#9 /home/lionel/Documents/Junkyard/gotrip/bc-cms/vendor/livewire/livewire/src/EventBus.php(60): Livewire\\Features\\SupportComputed\\BaseComputed->handleMagicGet()
#10 /home/lionel/Documents/Junkyard/gotrip/bc-cms/vendor/livewire/livewire/src/helpers.php(98): Livewire\\EventBus->trigger()
#11 /home/lionel/Documents/Junkyard/gotrip/bc-cms/vendor/livewire/livewire/src/Component.php(100): Livewire\\trigger()
#12 /home/lionel/Documents/Junkyard/gotrip/bc-cms/vendor/livewire/livewire/src/Component.php(82): Livewire\\Component->__get()
#13 /home/lionel/Documents/Junkyard/gotrip/bc-cms/storage/framework/views/3c2e4d08ab3802feb40f91bafb836074.php(31): Livewire\\Component->__isset()
#14 /home/lionel/Documents/Junkyard/gotrip/bc-cms/vendor/livewire/livewire/src/Mechanisms/ExtendBlade/ExtendedCompilerEngine.php(37): include('...')
#15 /home/lionel/Documents/Junkyard/gotrip/bc-cms/vendor/livewire/livewire/src/Mechanisms/ExtendBlade/ExtendedCompilerEngine.php(38): Modules\\Booking\\Admin\\EditBookingPage->{closure:Livewire\\Mechanisms\\ExtendBlade\\ExtendedCompilerEngine::evaluatePath():35}()
#16 /home/lionel/Documents/Junkyard/gotrip/bc-cms/vendor/laravel/framework/src/Illuminate/View/Engines/CompilerEngine.php(76): Livewire\\Mechanisms\\ExtendBlade\\ExtendedCompilerEngine->evaluatePath()
#17 /home/lionel/Documents/Junkyard/gotrip/bc-cms/vendor/livewire/livewire/src/Mechanisms/ExtendBlade/ExtendedCompilerEngine.php(16): Illuminate\\View\\Engines\\CompilerEngine->get()
#18 /home/lionel/Documents/Junkyard/gotrip/bc-cms/vendor/laravel/framework/src/Illuminate/View/View.php(208): Livewire\\Mechanisms\\ExtendBlade\\ExtendedCompilerEngine->get()
#19 /home/lionel/Documents/Junkyard/gotrip/bc-cms/vendor/laravel/framework/src/Illuminate/View/View.php(191): Illuminate\\View\\View->getContents()
#20 /home/lionel/Documents/Junkyard/gotrip/bc-cms/vendor/laravel/framework/src/Illuminate/View/View.php(160): Illuminate\\View\\View->renderContents()
#21 /home/lionel/Documents/Junkyard/gotrip/bc-cms/vendor/livewire/livewire/src/Mechanisms/HandleComponents/HandleComponents.php(259): Illuminate\\View\\View->render()
#22 /home/lionel/Documents/Junkyard/gotrip/bc-cms/vendor/livewire/livewire/src/Mechanisms/HandleComponents/HandleComponents.php(303): Livewire\\Mechanisms\\HandleComponents\\HandleComponents->{closure:Livewire\\Mechanisms\\HandleComponents\\HandleComponents::render():251}()
#23 /home/lionel/Documents/Junkyard/gotrip/bc-cms/vendor/livewire/livewire/src/Mechanisms/HandleComponents/HandleComponents.php(251): Livewire\\Mechanisms\\HandleComponents\\HandleComponents->trackInRenderStack()
#24 /home/lionel/Documents/Junkyard/gotrip/bc-cms/vendor/livewire/livewire/src/Mechanisms/HandleComponents/HandleComponents.php(54): Livewire\\Mechanisms\\HandleComponents\\HandleComponents->render()
#25 /home/lionel/Documents/Junkyard/gotrip/bc-cms/vendor/livewire/livewire/src/LivewireManager.php(73): Livewire\\Mechanisms\\HandleComponents\\HandleComponents->mount()
#26 /home/lionel/Documents/Junkyard/gotrip/bc-cms/vendor/livewire/livewire/src/Features/SupportPageComponents/HandlesPageComponents.php(17): Livewire\\LivewireManager->mount()
#27 /home/lionel/Documents/Junkyard/gotrip/bc-cms/vendor/livewire/livewire/src/Features/SupportPageComponents/SupportPageComponents.php(117): Livewire\\Component->{closure:Livewire\\Features\\SupportPageComponents\\HandlesPageComponents::__invoke():14}()
#28 /home/lionel/Documents/Junkyard/gotrip/bc-cms/vendor/livewire/livewire/src/Features/SupportPageComponents/HandlesPageComponents.php(14): Livewire\\Features\\SupportPageComponents\\SupportPageComponents::interceptTheRenderOfTheComponentAndRetreiveTheLayoutConfiguration()
#29 /home/lionel/Documents/Junkyard/gotrip/bc-cms/vendor/laravel/framework/src/Illuminate/Routing/ControllerDispatcher.php(46): Livewire\\Component->__invoke()
#30 /home/lionel/Documents/Junkyard/gotrip/bc-cms/vendor/laravel/framework/src/Illuminate/Routing/Route.php(265): Illuminate\\Routing\\ControllerDispatcher->dispatch()
#31 /home/lionel/Documents/Junkyard/gotrip/bc-cms/vendor/laravel/framework/src/Illuminate/Routing/Route.php(211): Illuminate\\Routing\\Route->runController()
#32 /home/lionel/Documents/Junkyard/gotrip/bc-cms/vendor/laravel/framework/src/Illuminate/Routing/Router.php(822): Illuminate\\Routing\\Route->run()
#33 /home/lionel/Documents/Junkyard/gotrip/bc-cms/vendor/laravel/framework/src/Illuminate/Pipeline/Pipeline.php(180): Illuminate\\Routing\\Router->{closure:Illuminate\\Routing\\Router::runRouteWithinStack():821}()
#34 /home/lionel/Documents/Junkyard/gotrip/bc-cms/app/Http/Middleware/Dashboard.php(28): Illuminate\\Pipeline\\Pipeline->{closure:Illuminate\\Pipeline\\Pipeline::prepareDestination():178}()
#35 /home/lionel/Documents/Junkyard/gotrip/bc-cms/vendor/laravel/framework/src/Illuminate/Pipeline/Pipeline.php(219): App\\Http\\Middleware\\Dashboard->handle()
#36 /home/lionel/Documents/Junkyard/gotrip/bc-cms/vendor/barryvdh/laravel-debugbar/src/Middleware/InjectDebugbar.php(66): Illuminate\\Pipeline\\Pipeline->{closure:{closure:Illuminate\\Pipeline\\Pipeline::carry():194}:195}()
#37 /home/lionel/Documents/Junkyard/gotrip/bc-cms/vendor/laravel/framework/src/Illuminate/Pipeline/Pipeline.php(219): Barryvdh\\Debugbar\\Middleware\\InjectDebugbar->handle()
#38 /home/lionel/Documents/Junkyard/gotrip/bc-cms/app/Http/Middleware/RequireChangePassword.php(41): Illuminate\\Pipeline\\Pipeline->{closure:{closure:Illuminate\\Pipeline\\Pipeline::carry():194}:195}()
#39 /home/lionel/Documents/Junkyard/gotrip/bc-cms/vendor/laravel/framework/src/Illuminate/Pipeline/Pipeline.php(219): App\\Http\\Middleware\\RequireChangePassword->handle()
#40 /home/lionel/Documents/Junkyard/gotrip/bc-cms/app/Http/Middleware/SetCurrentCurrency.php(48): Illuminate\\Pipeline\\Pipeline->{closure:{closure:Illuminate\\Pipeline\\Pipeline::carry():194}:195}()
#41 /home/lionel/Documents/Junkyard/gotrip/bc-cms/vendor/laravel/framework/src/Illuminate/Pipeline/Pipeline.php(219): App\\Http\\Middleware\\SetCurrentCurrency->handle()
#42 /home/lionel/Documents/Junkyard/gotrip/bc-cms/app/Http/Middleware/SetLanguageForAdmin.php(37): Illuminate\\Pipeline\\Pipeline->{closure:{closure:Illuminate\\Pipeline\\Pipeline::carry():194}:195}()
#43 /home/lionel/Documents/Junkyard/gotrip/bc-cms/vendor/laravel/framework/src/Illuminate/Pipeline/Pipeline.php(219): App\\Http\\Middleware\\SetLanguageForAdmin->handle()
#44 /home/lionel/Documents/Junkyard/gotrip/bc-cms/app/Http/Middleware/RedirectForMultiLanguage.php(58): Illuminate\\Pipeline\\Pipeline->{closure:{closure:Illuminate\\Pipeline\\Pipeline::carry():194}:195}()
#45 /home/lionel/Documents/Junkyard/gotrip/bc-cms/vendor/laravel/framework/src/Illuminate/Pipeline/Pipeline.php(219): App\\Http\\Middleware\\RedirectForMultiLanguage->handle()
#46 /home/lionel/Documents/Junkyard/gotrip/bc-cms/app/Http/Middleware/FrontendGuard.php(67): Illuminate\\Pipeline\\Pipeline->{closure:{closure:Illuminate\\Pipeline\\Pipeline::carry():194}:195}()
#47 /home/lionel/Documents/Junkyard/gotrip/bc-cms/vendor/laravel/framework/src/Illuminate/Pipeline/Pipeline.php(219): App\\Http\\Middleware\\FrontendGuard->handle()
#48 /home/lionel/Documents/Junkyard/gotrip/bc-cms/vendor/laravel/framework/src/Illuminate/Routing/Middleware/SubstituteBindings.php(50): Illuminate\\Pipeline\\Pipeline->{closure:{closure:Illuminate\\Pipeline\\Pipeline::carry():194}:195}()
#49 /home/lionel/Documents/Junkyard/gotrip/bc-cms/vendor/laravel/framework/src/Illuminate/Pipeline/Pipeline.php(219): Illuminate\\Routing\\Middleware\\SubstituteBindings->handle()
#50 /home/lionel/Documents/Junkyard/gotrip/bc-cms/vendor/laravel/framework/src/Illuminate/Foundation/Http/Middleware/VerifyCsrfToken.php(87): Illuminate\\Pipeline\\Pipeline->{closure:{closure:Illuminate\\Pipeline\\Pipeline::carry():194}:195}()
#51 /home/lionel/Documents/Junkyard/gotrip/bc-cms/vendor/laravel/framework/src/Illuminate/Pipeline/Pipeline.php(219): Illuminate\\Foundation\\Http\\Middleware\\VerifyCsrfToken->handle()
#52 /home/lionel/Documents/Junkyard/gotrip/bc-cms/vendor/laravel/framework/src/Illuminate/View/Middleware/ShareErrorsFromSession.php(48): Illuminate\\Pipeline\\Pipeline->{closure:{closure:Illuminate\\Pipeline\\Pipeline::carry():194}:195}()
#53 /home/lionel/Documents/Junkyard/gotrip/bc-cms/vendor/laravel/framework/src/Illuminate/Pipeline/Pipeline.php(219): Illuminate\\View\\Middleware\\ShareErrorsFromSession->handle()
#54 /home/lionel/Documents/Junkyard/gotrip/bc-cms/vendor/laravel/framework/src/Illuminate/Session/Middleware/StartSession.php(120): Illuminate\\Pipeline\\Pipeline->{closure:{closure:Illuminate\\Pipeline\\Pipeline::carry():194}:195}()
#55 /home/lionel/Documents/Junkyard/gotrip/bc-cms/vendor/laravel/framework/src/Illuminate/Session/Middleware/StartSession.php(63): Illuminate\\Session\\Middleware\\StartSession->handleStatefulRequest()
#56 /home/lionel/Documents/Junkyard/gotrip/bc-cms/vendor/laravel/framework/src/Illuminate/Pipeline/Pipeline.php(219): Illuminate\\Session\\Middleware\\StartSession->handle()
#57 /home/lionel/Documents/Junkyard/gotrip/bc-cms/vendor/laravel/framework/src/Illuminate/Cookie/Middleware/AddQueuedCookiesToResponse.php(36): Illuminate\\Pipeline\\Pipeline->{closure:{closure:Illuminate\\Pipeline\\Pipeline::carry():194}:195}()
#58 /home/lionel/Documents/Junkyard/gotrip/bc-cms/vendor/laravel/framework/src/Illuminate/Pipeline/Pipeline.php(219): Illuminate\\Cookie\\Middleware\\AddQueuedCookiesToResponse->handle()
#59 /home/lionel/Documents/Junkyard/gotrip/bc-cms/vendor/laravel/framework/src/Illuminate/Cookie/Middleware/EncryptCookies.php(74): Illuminate\\Pipeline\\Pipeline->{closure:{closure:Illuminate\\Pipeline\\Pipeline::carry():194}:195}()
#60 /home/lionel/Documents/Junkyard/gotrip/bc-cms/vendor/laravel/framework/src/Illuminate/Pipeline/Pipeline.php(219): Illuminate\\Cookie\\Middleware\\EncryptCookies->handle()
#61 /home/lionel/Documents/Junkyard/gotrip/bc-cms/vendor/laravel/framework/src/Illuminate/Pipeline/Pipeline.php(137): Illuminate\\Pipeline\\Pipeline->{closure:{closure:Illuminate\\Pipeline\\Pipeline::carry():194}:195}()
#62 /home/lionel/Documents/Junkyard/gotrip/bc-cms/vendor/laravel/framework/src/Illuminate/Routing/Router.php(821): Illuminate\\Pipeline\\Pipeline->then()
#63 /home/lionel/Documents/Junkyard/gotrip/bc-cms/vendor/laravel/framework/src/Illuminate/Routing/Router.php(800): Illuminate\\Routing\\Router->runRouteWithinStack()
#64 /home/lionel/Documents/Junkyard/gotrip/bc-cms/vendor/laravel/framework/src/Illuminate/Routing/Router.php(764): Illuminate\\Routing\\Router->runRoute()
#65 /home/lionel/Documents/Junkyard/gotrip/bc-cms/vendor/laravel/framework/src/Illuminate/Routing/Router.php(753): Illuminate\\Routing\\Router->dispatchToRoute()
#66 /home/lionel/Documents/Junkyard/gotrip/bc-cms/vendor/laravel/framework/src/Illuminate/Foundation/Http/Kernel.php(200): Illuminate\\Routing\\Router->dispatch()
#67 /home/lionel/Documents/Junkyard/gotrip/bc-cms/vendor/laravel/framework/src/Illuminate/Pipeline/Pipeline.php(180): Illuminate\\Foundation\\Http\\Kernel->{closure:Illuminate\\Foundation\\Http\\Kernel::dispatchToRouter():197}()
#68 /home/lionel/Documents/Junkyard/gotrip/bc-cms/themes/Base/Core/Middleware/RunUpdater.php(77): Illuminate\\Pipeline\\Pipeline->{closure:Illuminate\\Pipeline\\Pipeline::prepareDestination():178}()
#69 /home/lionel/Documents/Junkyard/gotrip/bc-cms/vendor/laravel/framework/src/Illuminate/Pipeline/Pipeline.php(219): Themes\\Base\\Core\\Middleware\\RunUpdater->handle()
#70 /home/lionel/Documents/Junkyard/gotrip/bc-cms/vendor/livewire/livewire/src/Features/SupportDisablingBackButtonCache/DisableBackButtonCacheMiddleware.php(19): Illuminate\\Pipeline\\Pipeline->{closure:{closure:Illuminate\\Pipeline\\Pipeline::carry():194}:195}()
#71 /home/lionel/Documents/Junkyard/gotrip/bc-cms/vendor/laravel/framework/src/Illuminate/Pipeline/Pipeline.php(219): Livewire\\Features\\SupportDisablingBackButtonCache\\DisableBackButtonCacheMiddleware->handle()
#72 /home/lionel/Documents/Junkyard/gotrip/bc-cms/vendor/barryvdh/laravel-debugbar/src/Middleware/InjectDebugbar.php(66): Illuminate\\Pipeline\\Pipeline->{closure:{closure:Illuminate\\Pipeline\\Pipeline::carry():194}:195}()
#73 /home/lionel/Documents/Junkyard/gotrip/bc-cms/vendor/laravel/framework/src/Illuminate/Pipeline/Pipeline.php(219): Barryvdh\\Debugbar\\Middleware\\InjectDebugbar->handle()
#74 /home/lionel/Documents/Junkyard/gotrip/bc-cms/app/Http/Middleware/RedirectToInstaller.php(40): Illuminate\\Pipeline\\Pipeline->{closure:{closure:Illuminate\\Pipeline\\Pipeline::carry():194}:195}()
#75 /home/lionel/Documents/Junkyard/gotrip/bc-cms/vendor/laravel/framework/src/Illuminate/Pipeline/Pipeline.php(219): App\\Http\\Middleware\\RedirectToInstaller->handle()
#76 /home/lionel/Documents/Junkyard/gotrip/bc-cms/vendor/laravel/framework/src/Illuminate/Foundation/Http/Middleware/TransformsRequest.php(21): Illuminate\\Pipeline\\Pipeline->{closure:{closure:Illuminate\\Pipeline\\Pipeline::carry():194}:195}()
#77 /home/lionel/Documents/Junkyard/gotrip/bc-cms/vendor/laravel/framework/src/Illuminate/Foundation/Http/Middleware/ConvertEmptyStringsToNull.php(31): Illuminate\\Foundation\\Http\\Middleware\\TransformsRequest->handle()
#78 /home/lionel/Documents/Junkyard/gotrip/bc-cms/vendor/laravel/framework/src/Illuminate/Pipeline/Pipeline.php(219): Illuminate\\Foundation\\Http\\Middleware\\ConvertEmptyStringsToNull->handle()
#79 /home/lionel/Documents/Junkyard/gotrip/bc-cms/vendor/laravel/framework/src/Illuminate/Foundation/Http/Middleware/TransformsRequest.php(21): Illuminate\\Pipeline\\Pipeline->{closure:{closure:Illuminate\\Pipeline\\Pipeline::carry():194}:195}()
#80 /home/lionel/Documents/Junkyard/gotrip/bc-cms/vendor/laravel/framework/src/Illuminate/Foundation/Http/Middleware/TrimStrings.php(51): Illuminate\\Foundation\\Http\\Middleware\\TransformsRequest->handle()
#81 /home/lionel/Documents/Junkyard/gotrip/bc-cms/vendor/laravel/framework/src/Illuminate/Pipeline/Pipeline.php(219): Illuminate\\Foundation\\Http\\Middleware\\TrimStrings->handle()
#82 /home/lionel/Documents/Junkyard/gotrip/bc-cms/vendor/laravel/framework/src/Illuminate/Http/Middleware/ValidatePostSize.php(27): Illuminate\\Pipeline\\Pipeline->{closure:{closure:Illuminate\\Pipeline\\Pipeline::carry():194}:195}()
#83 /home/lionel/Documents/Junkyard/gotrip/bc-cms/vendor/laravel/framework/src/Illuminate/Pipeline/Pipeline.php(219): Illuminate\\Http\\Middleware\\ValidatePostSize->handle()
#84 /home/lionel/Documents/Junkyard/gotrip/bc-cms/vendor/laravel/framework/src/Illuminate/Foundation/Http/Middleware/PreventRequestsDuringMaintenance.php(109): Illuminate\\Pipeline\\Pipeline->{closure:{closure:Illuminate\\Pipeline\\Pipeline::carry():194}:195}()
#85 /home/lionel/Documents/Junkyard/gotrip/bc-cms/vendor/laravel/framework/src/Illuminate/Pipeline/Pipeline.php(219): Illuminate\\Foundation\\Http\\Middleware\\PreventRequestsDuringMaintenance->handle()
#86 /home/lionel/Documents/Junkyard/gotrip/bc-cms/vendor/laravel/framework/src/Illuminate/Http/Middleware/HandleCors.php(48): Illuminate\\Pipeline\\Pipeline->{closure:{closure:Illuminate\\Pipeline\\Pipeline::carry():194}:195}()
#87 /home/lionel/Documents/Junkyard/gotrip/bc-cms/vendor/laravel/framework/src/Illuminate/Pipeline/Pipeline.php(219): Illuminate\\Http\\Middleware\\HandleCors->handle()
#88 /home/lionel/Documents/Junkyard/gotrip/bc-cms/vendor/laravel/framework/src/Illuminate/Http/Middleware/TrustProxies.php(58): Illuminate\\Pipeline\\Pipeline->{closure:{closure:Illuminate\\Pipeline\\Pipeline::carry():194}:195}()
#89 /home/lionel/Documents/Junkyard/gotrip/bc-cms/vendor/laravel/framework/src/Illuminate/Pipeline/Pipeline.php(219): Illuminate\\Http\\Middleware\\TrustProxies->handle()
#90 /home/lionel/Documents/Junkyard/gotrip/bc-cms/vendor/laravel/framework/src/Illuminate/Foundation/Http/Middleware/InvokeDeferredCallbacks.php(22): Illuminate\\Pipeline\\Pipeline->{closure:{closure:Illuminate\\Pipeline\\Pipeline::carry():194}:195}()
#91 /home/lionel/Documents/Junkyard/gotrip/bc-cms/vendor/laravel/framework/src/Illuminate/Pipeline/Pipeline.php(219): Illuminate\\Foundation\\Http\\Middleware\\InvokeDeferredCallbacks->handle()
#92 /home/lionel/Documents/Junkyard/gotrip/bc-cms/vendor/laravel/framework/src/Illuminate/Http/Middleware/ValidatePathEncoding.php(26): Illuminate\\Pipeline\\Pipeline->{closure:{closure:Illuminate\\Pipeline\\Pipeline::carry():194}:195}()
#93 /home/lionel/Documents/Junkyard/gotrip/bc-cms/vendor/laravel/framework/src/Illuminate/Pipeline/Pipeline.php(219): Illuminate\\Http\\Middleware\\ValidatePathEncoding->handle()
#94 /home/lionel/Documents/Junkyard/gotrip/bc-cms/vendor/laravel/framework/src/Illuminate/Pipeline/Pipeline.php(137): Illuminate\\Pipeline\\Pipeline->{closure:{closure:Illuminate\\Pipeline\\Pipeline::carry():194}:195}()
#95 /home/lionel/Documents/Junkyard/gotrip/bc-cms/vendor/laravel/framework/src/Illuminate/Foundation/Http/Kernel.php(175): Illuminate\\Pipeline\\Pipeline->then()
#96 /home/lionel/Documents/Junkyard/gotrip/bc-cms/vendor/laravel/framework/src/Illuminate/Foundation/Http/Kernel.php(144): Illuminate\\Foundation\\Http\\Kernel->sendRequestThroughRouter()
#97 /home/lionel/Documents/Junkyard/gotrip/bc-cms/vendor/laravel/framework/src/Illuminate/Foundation/Application.php(1219): Illuminate\\Foundation\\Http\\Kernel->handle()
#98 /home/lionel/Documents/Junkyard/gotrip/public_html/index.php(84): Illuminate\\Foundation\\Application->handleRequest()
#99 /home/lionel/Documents/Junkyard/gotrip/bc-cms/server.php(21): require_once('...')
#100 {main}
"} 
[2026-05-24 15:40:34] local.ERROR: View [] not found. {"view":{"view":"/home/lionel/Documents/Junkyard/gotrip/bc-cms/modules/Booking/Views/admin/booking/index.blade.php","data":[]},"userId":6,"exception":"[object] (Spatie\\LaravelIgnition\\Exceptions\\ViewException(code: 0): View [] not found. at /home/lionel/Documents/Junkyard/gotrip/bc-cms/vendor/laravel/framework/src/Illuminate/View/FileViewFinder.php:138)
[stacktrace]
#0 /home/lionel/Documents/Junkyard/gotrip/bc-cms/vendor/laravel/framework/src/Illuminate/View/FileViewFinder.php(78): Illuminate\\View\\FileViewFinder->findInPaths()
#1 /home/lionel/Documents/Junkyard/gotrip/bc-cms/vendor/laravel/framework/src/Illuminate/View/Factory.php(150): Illuminate\\View\\FileViewFinder->find()
#2 /home/lionel/Documents/Junkyard/gotrip/bc-cms/modules/Booking/Views/admin/booking/index.blade.php(130): Illuminate\\View\\Factory->make()
#3 /home/lionel/Documents/Junkyard/gotrip/bc-cms/vendor/laravel/framework/src/Illuminate/Filesystem/Filesystem.php(123): require('...')
#4 /home/lionel/Documents/Junkyard/gotrip/bc-cms/vendor/laravel/framework/src/Illuminate/Filesystem/Filesystem.php(124): Illuminate\\Filesystem\\Filesystem::{closure:Illuminate\\Filesystem\\Filesystem::getRequire():120}()
#5 /home/lionel/Documents/Junkyard/gotrip/bc-cms/vendor/laravel/framework/src/Illuminate/View/Engines/PhpEngine.php(57): Illuminate\\Filesystem\\Filesystem->getRequire()
#6 /home/lionel/Documents/Junkyard/gotrip/bc-cms/vendor/livewire/livewire/src/Mechanisms/ExtendBlade/ExtendedCompilerEngine.php(22): Illuminate\\View\\Engines\\PhpEngine->evaluatePath()
#7 /home/lionel/Documents/Junkyard/gotrip/bc-cms/vendor/laravel/framework/src/Illuminate/View/Engines/CompilerEngine.php(76): Livewire\\Mechanisms\\ExtendBlade\\ExtendedCompilerEngine->evaluatePath()
#8 /home/lionel/Documents/Junkyard/gotrip/bc-cms/vendor/livewire/livewire/src/Mechanisms/ExtendBlade/ExtendedCompilerEngine.php(10): Illuminate\\View\\Engines\\CompilerEngine->get()
#9 /home/lionel/Documents/Junkyard/gotrip/bc-cms/vendor/laravel/framework/src/Illuminate/View/View.php(208): Livewire\\Mechanisms\\ExtendBlade\\ExtendedCompilerEngine->get()
#10 /home/lionel/Documents/Junkyard/gotrip/bc-cms/vendor/laravel/framework/src/Illuminate/View/View.php(191): Illuminate\\View\\View->getContents()
#11 /home/lionel/Documents/Junkyard/gotrip/bc-cms/vendor/laravel/framework/src/Illuminate/View/View.php(160): Illuminate\\View\\View->renderContents()
#12 /home/lionel/Documents/Junkyard/gotrip/bc-cms/vendor/laravel/framework/src/Illuminate/Http/Response.php(78): Illuminate\\View\\View->render()
#13 /home/lionel/Documents/Junkyard/gotrip/bc-cms/vendor/laravel/framework/src/Illuminate/Http/Response.php(34): Illuminate\\Http\\Response->setContent()
#14 /home/lionel/Documents/Junkyard/gotrip/bc-cms/vendor/laravel/framework/src/Illuminate/Routing/Router.php(939): Illuminate\\Http\\Response->__construct()
#15 /home/lionel/Documents/Junkyard/gotrip/bc-cms/vendor/laravel/framework/src/Illuminate/Routing/Router.php(906): Illuminate\\Routing\\Router::toResponse()
#16 /home/lionel/Documents/Junkyard/gotrip/bc-cms/vendor/laravel/framework/src/Illuminate/Routing/Router.php(821): Illuminate\\Routing\\Router->prepareResponse()
#17 /home/lionel/Documents/Junkyard/gotrip/bc-cms/vendor/laravel/framework/src/Illuminate/Pipeline/Pipeline.php(180): Illuminate\\Routing\\Router->{closure:Illuminate\\Routing\\Router::runRouteWithinStack():821}()
#18 /home/lionel/Documents/Junkyard/gotrip/bc-cms/app/Http/Middleware/Dashboard.php(28): Illuminate\\Pipeline\\Pipeline->{closure:Illuminate\\Pipeline\\Pipeline::prepareDestination():178}()
#19 /home/lionel/Documents/Junkyard/gotrip/bc-cms/vendor/laravel/framework/src/Illuminate/Pipeline/Pipeline.php(219): App\\Http\\Middleware\\Dashboard->handle()
#20 /home/lionel/Documents/Junkyard/gotrip/bc-cms/vendor/barryvdh/laravel-debugbar/src/Middleware/InjectDebugbar.php(66): Illuminate\\Pipeline\\Pipeline->{closure:{closure:Illuminate\\Pipeline\\Pipeline::carry():194}:195}()
#21 /home/lionel/Documents/Junkyard/gotrip/bc-cms/vendor/laravel/framework/src/Illuminate/Pipeline/Pipeline.php(219): Barryvdh\\Debugbar\\Middleware\\InjectDebugbar->handle()
#22 /home/lionel/Documents/Junkyard/gotrip/bc-cms/app/Http/Middleware/RequireChangePassword.php(41): Illuminate\\Pipeline\\Pipeline->{closure:{closure:Illuminate\\Pipeline\\Pipeline::carry():194}:195}()
#23 /home/lionel/Documents/Junkyard/gotrip/bc-cms/vendor/laravel/framework/src/Illuminate/Pipeline/Pipeline.php(219): App\\Http\\Middleware\\RequireChangePassword->handle()
#24 /home/lionel/Documents/Junkyard/gotrip/bc-cms/app/Http/Middleware/SetCurrentCurrency.php(48): Illuminate\\Pipeline\\Pipeline->{closure:{closure:Illuminate\\Pipeline\\Pipeline::carry():194}:195}()
#25 /home/lionel/Documents/Junkyard/gotrip/bc-cms/vendor/laravel/framework/src/Illuminate/Pipeline/Pipeline.php(219): App\\Http\\Middleware\\SetCurrentCurrency->handle()
#26 /home/lionel/Documents/Junkyard/gotrip/bc-cms/app/Http/Middleware/SetLanguageForAdmin.php(37): Illuminate\\Pipeline\\Pipeline->{closure:{closure:Illuminate\\Pipeline\\Pipeline::carry():194}:195}()
#27 /home/lionel/Documents/Junkyard/gotrip/bc-cms/vendor/laravel/framework/src/Illuminate/Pipeline/Pipeline.php(219): App\\Http\\Middleware\\SetLanguageForAdmin->handle()
#28 /home/lionel/Documents/Junkyard/gotrip/bc-cms/app/Http/Middleware/RedirectForMultiLanguage.php(58): Illuminate\\Pipeline\\Pipeline->{closure:{closure:Illuminate\\Pipeline\\Pipeline::carry():194}:195}()
#29 /home/lionel/Documents/Junkyard/gotrip/bc-cms/vendor/laravel/framework/src/Illuminate/Pipeline/Pipeline.php(219): App\\Http\\Middleware\\RedirectForMultiLanguage->handle()
#30 /home/lionel/Documents/Junkyard/gotrip/bc-cms/app/Http/Middleware/FrontendGuard.php(67): Illuminate\\Pipeline\\Pipeline->{closure:{closure:Illuminate\\Pipeline\\Pipeline::carry():194}:195}()
#31 /home/lionel/Documents/Junkyard/gotrip/bc-cms/vendor/laravel/framework/src/Illuminate/Pipeline/Pipeline.php(219): App\\Http\\Middleware\\FrontendGuard->handle()
#32 /home/lionel/Documents/Junkyard/gotrip/bc-cms/vendor/laravel/framework/src/Illuminate/Routing/Middleware/SubstituteBindings.php(50): Illuminate\\Pipeline\\Pipeline->{closure:{closure:Illuminate\\Pipeline\\Pipeline::carry():194}:195}()
#33 /home/lionel/Documents/Junkyard/gotrip/bc-cms/vendor/laravel/framework/src/Illuminate/Pipeline/Pipeline.php(219): Illuminate\\Routing\\Middleware\\SubstituteBindings->handle()
#34 /home/lionel/Documents/Junkyard/gotrip/bc-cms/vendor/laravel/framework/src/Illuminate/Foundation/Http/Middleware/VerifyCsrfToken.php(87): Illuminate\\Pipeline\\Pipeline->{closure:{closure:Illuminate\\Pipeline\\Pipeline::carry():194}:195}()
#35 /home/lionel/Documents/Junkyard/gotrip/bc-cms/vendor/laravel/framework/src/Illuminate/Pipeline/Pipeline.php(219): Illuminate\\Foundation\\Http\\Middleware\\VerifyCsrfToken->handle()
#36 /home/lionel/Documents/Junkyard/gotrip/bc-cms/vendor/laravel/framework/src/Illuminate/View/Middleware/ShareErrorsFromSession.php(48): Illuminate\\Pipeline\\Pipeline->{closure:{closure:Illuminate\\Pipeline\\Pipeline::carry():194}:195}()
#37 /home/lionel/Documents/Junkyard/gotrip/bc-cms/vendor/laravel/framework/src/Illuminate/Pipeline/Pipeline.php(219): Illuminate\\View\\Middleware\\ShareErrorsFromSession->handle()
#38 /home/lionel/Documents/Junkyard/gotrip/bc-cms/vendor/laravel/framework/src/Illuminate/Session/Middleware/StartSession.php(120): Illuminate\\Pipeline\\Pipeline->{closure:{closure:Illuminate\\Pipeline\\Pipeline::carry():194}:195}()
#39 /home/lionel/Documents/Junkyard/gotrip/bc-cms/vendor/laravel/framework/src/Illuminate/Session/Middleware/StartSession.php(63): Illuminate\\Session\\Middleware\\StartSession->handleStatefulRequest()
#40 /home/lionel/Documents/Junkyard/gotrip/bc-cms/vendor/laravel/framework/src/Illuminate/Pipeline/Pipeline.php(219): Illuminate\\Session\\Middleware\\StartSession->handle()
#41 /home/lionel/Documents/Junkyard/gotrip/bc-cms/vendor/laravel/framework/src/Illuminate/Cookie/Middleware/AddQueuedCookiesToResponse.php(36): Illuminate\\Pipeline\\Pipeline->{closure:{closure:Illuminate\\Pipeline\\Pipeline::carry():194}:195}()
#42 /home/lionel/Documents/Junkyard/gotrip/bc-cms/vendor/laravel/framework/src/Illuminate/Pipeline/Pipeline.php(219): Illuminate\\Cookie\\Middleware\\AddQueuedCookiesToResponse->handle()
#43 /home/lionel/Documents/Junkyard/gotrip/bc-cms/vendor/laravel/framework/src/Illuminate/Cookie/Middleware/EncryptCookies.php(74): Illuminate\\Pipeline\\Pipeline->{closure:{closure:Illuminate\\Pipeline\\Pipeline::carry():194}:195}()
#44 /home/lionel/Documents/Junkyard/gotrip/bc-cms/vendor/laravel/framework/src/Illuminate/Pipeline/Pipeline.php(219): Illuminate\\Cookie\\Middleware\\EncryptCookies->handle()
#45 /home/lionel/Documents/Junkyard/gotrip/bc-cms/vendor/laravel/framework/src/Illuminate/Pipeline/Pipeline.php(137): Illuminate\\Pipeline\\Pipeline->{closure:{closure:Illuminate\\Pipeline\\Pipeline::carry():194}:195}()
#46 /home/lionel/Documents/Junkyard/gotrip/bc-cms/vendor/laravel/framework/src/Illuminate/Routing/Router.php(821): Illuminate\\Pipeline\\Pipeline->then()
#47 /home/lionel/Documents/Junkyard/gotrip/bc-cms/vendor/laravel/framework/src/Illuminate/Routing/Router.php(800): Illuminate\\Routing\\Router->runRouteWithinStack()
#48 /home/lionel/Documents/Junkyard/gotrip/bc-cms/vendor/laravel/framework/src/Illuminate/Routing/Router.php(764): Illuminate\\Routing\\Router->runRoute()
#49 /home/lionel/Documents/Junkyard/gotrip/bc-cms/vendor/laravel/framework/src/Illuminate/Routing/Router.php(753): Illuminate\\Routing\\Router->dispatchToRoute()
#50 /home/lionel/Documents/Junkyard/gotrip/bc-cms/vendor/laravel/framework/src/Illuminate/Foundation/Http/Kernel.php(200): Illuminate\\Routing\\Router->dispatch()
#51 /home/lionel/Documents/Junkyard/gotrip/bc-cms/vendor/laravel/framework/src/Illuminate/Pipeline/Pipeline.php(180): Illuminate\\Foundation\\Http\\Kernel->{closure:Illuminate\\Foundation\\Http\\Kernel::dispatchToRouter():197}()
#52 /home/lionel/Documents/Junkyard/gotrip/bc-cms/themes/Base/Core/Middleware/RunUpdater.php(77): Illuminate\\Pipeline\\Pipeline->{closure:Illuminate\\Pipeline\\Pipeline::prepareDestination():178}()
#53 /home/lionel/Documents/Junkyard/gotrip/bc-cms/vendor/laravel/framework/src/Illuminate/Pipeline/Pipeline.php(219): Themes\\Base\\Core\\Middleware\\RunUpdater->handle()
#54 /home/lionel/Documents/Junkyard/gotrip/bc-cms/vendor/livewire/livewire/src/Features/SupportDisablingBackButtonCache/DisableBackButtonCacheMiddleware.php(19): Illuminate\\Pipeline\\Pipeline->{closure:{closure:Illuminate\\Pipeline\\Pipeline::carry():194}:195}()
#55 /home/lionel/Documents/Junkyard/gotrip/bc-cms/vendor/laravel/framework/src/Illuminate/Pipeline/Pipeline.php(219): Livewire\\Features\\SupportDisablingBackButtonCache\\DisableBackButtonCacheMiddleware->handle()
#56 /home/lionel/Documents/Junkyard/gotrip/bc-cms/vendor/barryvdh/laravel-debugbar/src/Middleware/InjectDebugbar.php(66): Illuminate\\Pipeline\\Pipeline->{closure:{closure:Illuminate\\Pipeline\\Pipeline::carry():194}:195}()
#57 /home/lionel/Documents/Junkyard/gotrip/bc-cms/vendor/laravel/framework/src/Illuminate/Pipeline/Pipeline.php(219): Barryvdh\\Debugbar\\Middleware\\InjectDebugbar->handle()
#58 /home/lionel/Documents/Junkyard/gotrip/bc-cms/app/Http/Middleware/RedirectToInstaller.php(40): Illuminate\\Pipeline\\Pipeline->{closure:{closure:Illuminate\\Pipeline\\Pipeline::carry():194}:195}()
#59 /home/lionel/Documents/Junkyard/gotrip/bc-cms/vendor/laravel/framework/src/Illuminate/Pipeline/Pipeline.php(219): App\\Http\\Middleware\\RedirectToInstaller->handle()
#60 /home/lionel/Documents/Junkyard/gotrip/bc-cms/vendor/laravel/framework/src/Illuminate/Foundation/Http/Middleware/TransformsRequest.php(21): Illuminate\\Pipeline\\Pipeline->{closure:{closure:Illuminate\\Pipeline\\Pipeline::carry():194}:195}()
#61 /home/lionel/Documents/Junkyard/gotrip/bc-cms/vendor/laravel/framework/src/Illuminate/Foundation/Http/Middleware/ConvertEmptyStringsToNull.php(31): Illuminate\\Foundation\\Http\\Middleware\\TransformsRequest->handle()
#62 /home/lionel/Documents/Junkyard/gotrip/bc-cms/vendor/laravel/framework/src/Illuminate/Pipeline/Pipeline.php(219): Illuminate\\Foundation\\Http\\Middleware\\ConvertEmptyStringsToNull->handle()
#63 /home/lionel/Documents/Junkyard/gotrip/bc-cms/vendor/laravel/framework/src/Illuminate/Foundation/Http/Middleware/TransformsRequest.php(21): Illuminate\\Pipeline\\Pipeline->{closure:{closure:Illuminate\\Pipeline\\Pipeline::carry():194}:195}()
#64 /home/lionel/Documents/Junkyard/gotrip/bc-cms/vendor/laravel/framework/src/Illuminate/Foundation/Http/Middleware/TrimStrings.php(51): Illuminate\\Foundation\\Http\\Middleware\\TransformsRequest->handle()
#65 /home/lionel/Documents/Junkyard/gotrip/bc-cms/vendor/laravel/framework/src/Illuminate/Pipeline/Pipeline.php(219): Illuminate\\Foundation\\Http\\Middleware\\TrimStrings->handle()
#66 /home/lionel/Documents/Junkyard/gotrip/bc-cms/vendor/laravel/framework/src/Illuminate/Http/Middleware/ValidatePostSize.php(27): Illuminate\\Pipeline\\Pipeline->{closure:{closure:Illuminate\\Pipeline\\Pipeline::carry():194}:195}()
#67 /home/lionel/Documents/Junkyard/gotrip/bc-cms/vendor/laravel/framework/src/Illuminate/Pipeline/Pipeline.php(219): Illuminate\\Http\\Middleware\\ValidatePostSize->handle()
#68 /home/lionel/Documents/Junkyard/gotrip/bc-cms/vendor/laravel/framework/src/Illuminate/Foundation/Http/Middleware/PreventRequestsDuringMaintenance.php(109): Illuminate\\Pipeline\\Pipeline->{closure:{closure:Illuminate\\Pipeline\\Pipeline::carry():194}:195}()
#69 /home/lionel/Documents/Junkyard/gotrip/bc-cms/vendor/laravel/framework/src/Illuminate/Pipeline/Pipeline.php(219): Illuminate\\Foundation\\Http\\Middleware\\PreventRequestsDuringMaintenance->handle()
#70 /home/lionel/Documents/Junkyard/gotrip/bc-cms/vendor/laravel/framework/src/Illuminate/Http/Middleware/HandleCors.php(48): Illuminate\\Pipeline\\Pipeline->{closure:{closure:Illuminate\\Pipeline\\Pipeline::carry():194}:195}()
#71 /home/lionel/Documents/Junkyard/gotrip/bc-cms/vendor/laravel/framework/src/Illuminate/Pipeline/Pipeline.php(219): Illuminate\\Http\\Middleware\\HandleCors->handle()
#72 /home/lionel/Documents/Junkyard/gotrip/bc-cms/vendor/laravel/framework/src/Illuminate/Http/Middleware/TrustProxies.php(58): Illuminate\\Pipeline\\Pipeline->{closure:{closure:Illuminate\\Pipeline\\Pipeline::carry():194}:195}()
#73 /home/lionel/Documents/Junkyard/gotrip/bc-cms/vendor/laravel/framework/src/Illuminate/Pipeline/Pipeline.php(219): Illuminate\\Http\\Middleware\\TrustProxies->handle()
#74 /home/lionel/Documents/Junkyard/gotrip/bc-cms/vendor/laravel/framework/src/Illuminate/Foundation/Http/Middleware/InvokeDeferredCallbacks.php(22): Illuminate\\Pipeline\\Pipeline->{closure:{closure:Illuminate\\Pipeline\\Pipeline::carry():194}:195}()
#75 /home/lionel/Documents/Junkyard/gotrip/bc-cms/vendor/laravel/framework/src/Illuminate/Pipeline/Pipeline.php(219): Illuminate\\Foundation\\Http\\Middleware\\InvokeDeferredCallbacks->handle()
#76 /home/lionel/Documents/Junkyard/gotrip/bc-cms/vendor/laravel/framework/src/Illuminate/Http/Middleware/ValidatePathEncoding.php(26): Illuminate\\Pipeline\\Pipeline->{closure:{closure:Illuminate\\Pipeline\\Pipeline::carry():194}:195}()
#77 /home/lionel/Documents/Junkyard/gotrip/bc-cms/vendor/laravel/framework/src/Illuminate/Pipeline/Pipeline.php(219): Illuminate\\Http\\Middleware\\ValidatePathEncoding->handle()
#78 /home/lionel/Documents/Junkyard/gotrip/bc-cms/vendor/laravel/framework/src/Illuminate/Pipeline/Pipeline.php(137): Illuminate\\Pipeline\\Pipeline->{closure:{closure:Illuminate\\Pipeline\\Pipeline::carry():194}:195}()
#79 /home/lionel/Documents/Junkyard/gotrip/bc-cms/vendor/laravel/framework/src/Illuminate/Foundation/Http/Kernel.php(175): Illuminate\\Pipeline\\Pipeline->then()
#80 /home/lionel/Documents/Junkyard/gotrip/bc-cms/vendor/laravel/framework/src/Illuminate/Foundation/Http/Kernel.php(144): Illuminate\\Foundation\\Http\\Kernel->sendRequestThroughRouter()
#81 /home/lionel/Documents/Junkyard/gotrip/bc-cms/vendor/laravel/framework/src/Illuminate/Foundation/Application.php(1219): Illuminate\\Foundation\\Http\\Kernel->handle()
#82 /home/lionel/Documents/Junkyard/gotrip/public_html/index.php(84): Illuminate\\Foundation\\Application->handleRequest()
#83 /home/lionel/Documents/Junkyard/gotrip/bc-cms/server.php(21): require_once('...')
#84 {main}

[previous exception] [object] (InvalidArgumentException(code: 0): View [] not found. at /home/lionel/Documents/Junkyard/gotrip/bc-cms/vendor/laravel/framework/src/Illuminate/View/FileViewFinder.php:138)
[stacktrace]
#0 /home/lionel/Documents/Junkyard/gotrip/bc-cms/vendor/laravel/framework/src/Illuminate/View/FileViewFinder.php(78): Illuminate\\View\\FileViewFinder->findInPaths()
#1 /home/lionel/Documents/Junkyard/gotrip/bc-cms/vendor/laravel/framework/src/Illuminate/View/Factory.php(150): Illuminate\\View\\FileViewFinder->find()
#2 /home/lionel/Documents/Junkyard/gotrip/bc-cms/storage/framework/views/d6f6ebe6c98ef22e6fb540144f25e31b.php(134): Illuminate\\View\\Factory->make()
#3 /home/lionel/Documents/Junkyard/gotrip/bc-cms/vendor/laravel/framework/src/Illuminate/Filesystem/Filesystem.php(123): require('...')
#4 /home/lionel/Documents/Junkyard/gotrip/bc-cms/vendor/laravel/framework/src/Illuminate/Filesystem/Filesystem.php(124): Illuminate\\Filesystem\\Filesystem::{closure:Illuminate\\Filesystem\\Filesystem::getRequire():120}()
#5 /home/lionel/Documents/Junkyard/gotrip/bc-cms/vendor/laravel/framework/src/Illuminate/View/Engines/PhpEngine.php(57): Illuminate\\Filesystem\\Filesystem->getRequire()
#6 /home/lionel/Documents/Junkyard/gotrip/bc-cms/vendor/livewire/livewire/src/Mechanisms/ExtendBlade/ExtendedCompilerEngine.php(22): Illuminate\\View\\Engines\\PhpEngine->evaluatePath()
#7 /home/lionel/Documents/Junkyard/gotrip/bc-cms/vendor/laravel/framework/src/Illuminate/View/Engines/CompilerEngine.php(76): Livewire\\Mechanisms\\ExtendBlade\\ExtendedCompilerEngine->evaluatePath()
#8 /home/lionel/Documents/Junkyard/gotrip/bc-cms/vendor/livewire/livewire/src/Mechanisms/ExtendBlade/ExtendedCompilerEngine.php(10): Illuminate\\View\\Engines\\CompilerEngine->get()
#9 /home/lionel/Documents/Junkyard/gotrip/bc-cms/vendor/laravel/framework/src/Illuminate/View/View.php(208): Livewire\\Mechanisms\\ExtendBlade\\ExtendedCompilerEngine->get()
#10 /home/lionel/Documents/Junkyard/gotrip/bc-cms/vendor/laravel/framework/src/Illuminate/View/View.php(191): Illuminate\\View\\View->getContents()
#11 /home/lionel/Documents/Junkyard/gotrip/bc-cms/vendor/laravel/framework/src/Illuminate/View/View.php(160): Illuminate\\View\\View->renderContents()
#12 /home/lionel/Documents/Junkyard/gotrip/bc-cms/vendor/laravel/framework/src/Illuminate/Http/Response.php(78): Illuminate\\View\\View->render()
#13 /home/lionel/Documents/Junkyard/gotrip/bc-cms/vendor/laravel/framework/src/Illuminate/Http/Response.php(34): Illuminate\\Http\\Response->setContent()
#14 /home/lionel/Documents/Junkyard/gotrip/bc-cms/vendor/laravel/framework/src/Illuminate/Routing/Router.php(939): Illuminate\\Http\\Response->__construct()
#15 /home/lionel/Documents/Junkyard/gotrip/bc-cms/vendor/laravel/framework/src/Illuminate/Routing/Router.php(906): Illuminate\\Routing\\Router::toResponse()
#16 /home/lionel/Documents/Junkyard/gotrip/bc-cms/vendor/laravel/framework/src/Illuminate/Routing/Router.php(821): Illuminate\\Routing\\Router->prepareResponse()
#17 /home/lionel/Documents/Junkyard/gotrip/bc-cms/vendor/laravel/framework/src/Illuminate/Pipeline/Pipeline.php(180): Illuminate\\Routing\\Router->{closure:Illuminate\\Routing\\Router::runRouteWithinStack():821}()
#18 /home/lionel/Documents/Junkyard/gotrip/bc-cms/app/Http/Middleware/Dashboard.php(28): Illuminate\\Pipeline\\Pipeline->{closure:Illuminate\\Pipeline\\Pipeline::prepareDestination():178}()
#19 /home/lionel/Documents/Junkyard/gotrip/bc-cms/vendor/laravel/framework/src/Illuminate/Pipeline/Pipeline.php(219): App\\Http\\Middleware\\Dashboard->handle()
#20 /home/lionel/Documents/Junkyard/gotrip/bc-cms/vendor/barryvdh/laravel-debugbar/src/Middleware/InjectDebugbar.php(66): Illuminate\\Pipeline\\Pipeline->{closure:{closure:Illuminate\\Pipeline\\Pipeline::carry():194}:195}()
#21 /home/lionel/Documents/Junkyard/gotrip/bc-cms/vendor/laravel/framework/src/Illuminate/Pipeline/Pipeline.php(219): Barryvdh\\Debugbar\\Middleware\\InjectDebugbar->handle()
#22 /home/lionel/Documents/Junkyard/gotrip/bc-cms/app/Http/Middleware/RequireChangePassword.php(41): Illuminate\\Pipeline\\Pipeline->{closure:{closure:Illuminate\\Pipeline\\Pipeline::carry():194}:195}()
#23 /home/lionel/Documents/Junkyard/gotrip/bc-cms/vendor/laravel/framework/src/Illuminate/Pipeline/Pipeline.php(219): App\\Http\\Middleware\\RequireChangePassword->handle()
#24 /home/lionel/Documents/Junkyard/gotrip/bc-cms/app/Http/Middleware/SetCurrentCurrency.php(48): Illuminate\\Pipeline\\Pipeline->{closure:{closure:Illuminate\\Pipeline\\Pipeline::carry():194}:195}()
#25 /home/lionel/Documents/Junkyard/gotrip/bc-cms/vendor/laravel/framework/src/Illuminate/Pipeline/Pipeline.php(219): App\\Http\\Middleware\\SetCurrentCurrency->handle()
#26 /home/lionel/Documents/Junkyard/gotrip/bc-cms/app/Http/Middleware/SetLanguageForAdmin.php(37): Illuminate\\Pipeline\\Pipeline->{closure:{closure:Illuminate\\Pipeline\\Pipeline::carry():194}:195}()
#27 /home/lionel/Documents/Junkyard/gotrip/bc-cms/vendor/laravel/framework/src/Illuminate/Pipeline/Pipeline.php(219): App\\Http\\Middleware\\SetLanguageForAdmin->handle()
#28 /home/lionel/Documents/Junkyard/gotrip/bc-cms/app/Http/Middleware/RedirectForMultiLanguage.php(58): Illuminate\\Pipeline\\Pipeline->{closure:{closure:Illuminate\\Pipeline\\Pipeline::carry():194}:195}()
#29 /home/lionel/Documents/Junkyard/gotrip/bc-cms/vendor/laravel/framework/src/Illuminate/Pipeline/Pipeline.php(219): App\\Http\\Middleware\\RedirectForMultiLanguage->handle()
#30 /home/lionel/Documents/Junkyard/gotrip/bc-cms/app/Http/Middleware/FrontendGuard.php(67): Illuminate\\Pipeline\\Pipeline->{closure:{closure:Illuminate\\Pipeline\\Pipeline::carry():194}:195}()
#31 /home/lionel/Documents/Junkyard/gotrip/bc-cms/vendor/laravel/framework/src/Illuminate/Pipeline/Pipeline.php(219): App\\Http\\Middleware\\FrontendGuard->handle()
#32 /home/lionel/Documents/Junkyard/gotrip/bc-cms/vendor/laravel/framework/src/Illuminate/Routing/Middleware/SubstituteBindings.php(50): Illuminate\\Pipeline\\Pipeline->{closure:{closure:Illuminate\\Pipeline\\Pipeline::carry():194}:195}()
#33 /home/lionel/Documents/Junkyard/gotrip/bc-cms/vendor/laravel/framework/src/Illuminate/Pipeline/Pipeline.php(219): Illuminate\\Routing\\Middleware\\SubstituteBindings->handle()
#34 /home/lionel/Documents/Junkyard/gotrip/bc-cms/vendor/laravel/framework/src/Illuminate/Foundation/Http/Middleware/VerifyCsrfToken.php(87): Illuminate\\Pipeline\\Pipeline->{closure:{closure:Illuminate\\Pipeline\\Pipeline::carry():194}:195}()
#35 /home/lionel/Documents/Junkyard/gotrip/bc-cms/vendor/laravel/framework/src/Illuminate/Pipeline/Pipeline.php(219): Illuminate\\Foundation\\Http\\Middleware\\VerifyCsrfToken->handle()
#36 /home/lionel/Documents/Junkyard/gotrip/bc-cms/vendor/laravel/framework/src/Illuminate/View/Middleware/ShareErrorsFromSession.php(48): Illuminate\\Pipeline\\Pipeline->{closure:{closure:Illuminate\\Pipeline\\Pipeline::carry():194}:195}()
#37 /home/lionel/Documents/Junkyard/gotrip/bc-cms/vendor/laravel/framework/src/Illuminate/Pipeline/Pipeline.php(219): Illuminate\\View\\Middleware\\ShareErrorsFromSession->handle()
#38 /home/lionel/Documents/Junkyard/gotrip/bc-cms/vendor/laravel/framework/src/Illuminate/Session/Middleware/StartSession.php(120): Illuminate\\Pipeline\\Pipeline->{closure:{closure:Illuminate\\Pipeline\\Pipeline::carry():194}:195}()
#39 /home/lionel/Documents/Junkyard/gotrip/bc-cms/vendor/laravel/framework/src/Illuminate/Session/Middleware/StartSession.php(63): Illuminate\\Session\\Middleware\\StartSession->handleStatefulRequest()
#40 /home/lionel/Documents/Junkyard/gotrip/bc-cms/vendor/laravel/framework/src/Illuminate/Pipeline/Pipeline.php(219): Illuminate\\Session\\Middleware\\StartSession->handle()
#41 /home/lionel/Documents/Junkyard/gotrip/bc-cms/vendor/laravel/framework/src/Illuminate/Cookie/Middleware/AddQueuedCookiesToResponse.php(36): Illuminate\\Pipeline\\Pipeline->{closure:{closure:Illuminate\\Pipeline\\Pipeline::carry():194}:195}()
#42 /home/lionel/Documents/Junkyard/gotrip/bc-cms/vendor/laravel/framework/src/Illuminate/Pipeline/Pipeline.php(219): Illuminate\\Cookie\\Middleware\\AddQueuedCookiesToResponse->handle()
#43 /home/lionel/Documents/Junkyard/gotrip/bc-cms/vendor/laravel/framework/src/Illuminate/Cookie/Middleware/EncryptCookies.php(74): Illuminate\\Pipeline\\Pipeline->{closure:{closure:Illuminate\\Pipeline\\Pipeline::carry():194}:195}()
#44 /home/lionel/Documents/Junkyard/gotrip/bc-cms/vendor/laravel/framework/src/Illuminate/Pipeline/Pipeline.php(219): Illuminate\\Cookie\\Middleware\\EncryptCookies->handle()
#45 /home/lionel/Documents/Junkyard/gotrip/bc-cms/vendor/laravel/framework/src/Illuminate/Pipeline/Pipeline.php(137): Illuminate\\Pipeline\\Pipeline->{closure:{closure:Illuminate\\Pipeline\\Pipeline::carry():194}:195}()
#46 /home/lionel/Documents/Junkyard/gotrip/bc-cms/vendor/laravel/framework/src/Illuminate/Routing/Router.php(821): Illuminate\\Pipeline\\Pipeline->then()
#47 /home/lionel/Documents/Junkyard/gotrip/bc-cms/vendor/laravel/framework/src/Illuminate/Routing/Router.php(800): Illuminate\\Routing\\Router->runRouteWithinStack()
#48 /home/lionel/Documents/Junkyard/gotrip/bc-cms/vendor/laravel/framework/src/Illuminate/Routing/Router.php(764): Illuminate\\Routing\\Router->runRoute()
#49 /home/lionel/Documents/Junkyard/gotrip/bc-cms/vendor/laravel/framework/src/Illuminate/Routing/Router.php(753): Illuminate\\Routing\\Router->dispatchToRoute()
#50 /home/lionel/Documents/Junkyard/gotrip/bc-cms/vendor/laravel/framework/src/Illuminate/Foundation/Http/Kernel.php(200): Illuminate\\Routing\\Router->dispatch()
#51 /home/lionel/Documents/Junkyard/gotrip/bc-cms/vendor/laravel/framework/src/Illuminate/Pipeline/Pipeline.php(180): Illuminate\\Foundation\\Http\\Kernel->{closure:Illuminate\\Foundation\\Http\\Kernel::dispatchToRouter():197}()
#52 /home/lionel/Documents/Junkyard/gotrip/bc-cms/themes/Base/Core/Middleware/RunUpdater.php(77): Illuminate\\Pipeline\\Pipeline->{closure:Illuminate\\Pipeline\\Pipeline::prepareDestination():178}()
#53 /home/lionel/Documents/Junkyard/gotrip/bc-cms/vendor/laravel/framework/src/Illuminate/Pipeline/Pipeline.php(219): Themes\\Base\\Core\\Middleware\\RunUpdater->handle()
#54 /home/lionel/Documents/Junkyard/gotrip/bc-cms/vendor/livewire/livewire/src/Features/SupportDisablingBackButtonCache/DisableBackButtonCacheMiddleware.php(19): Illuminate\\Pipeline\\Pipeline->{closure:{closure:Illuminate\\Pipeline\\Pipeline::carry():194}:195}()
#55 /home/lionel/Documents/Junkyard/gotrip/bc-cms/vendor/laravel/framework/src/Illuminate/Pipeline/Pipeline.php(219): Livewire\\Features\\SupportDisablingBackButtonCache\\DisableBackButtonCacheMiddleware->handle()
#56 /home/lionel/Documents/Junkyard/gotrip/bc-cms/vendor/barryvdh/laravel-debugbar/src/Middleware/InjectDebugbar.php(66): Illuminate\\Pipeline\\Pipeline->{closure:{closure:Illuminate\\Pipeline\\Pipeline::carry():194}:195}()
#57 /home/lionel/Documents/Junkyard/gotrip/bc-cms/vendor/laravel/framework/src/Illuminate/Pipeline/Pipeline.php(219): Barryvdh\\Debugbar\\Middleware\\InjectDebugbar->handle()
#58 /home/lionel/Documents/Junkyard/gotrip/bc-cms/app/Http/Middleware/RedirectToInstaller.php(40): Illuminate\\Pipeline\\Pipeline->{closure:{closure:Illuminate\\Pipeline\\Pipeline::carry():194}:195}()
#59 /home/lionel/Documents/Junkyard/gotrip/bc-cms/vendor/laravel/framework/src/Illuminate/Pipeline/Pipeline.php(219): App\\Http\\Middleware\\RedirectToInstaller->handle()
#60 /home/lionel/Documents/Junkyard/gotrip/bc-cms/vendor/laravel/framework/src/Illuminate/Foundation/Http/Middleware/TransformsRequest.php(21): Illuminate\\Pipeline\\Pipeline->{closure:{closure:Illuminate\\Pipeline\\Pipeline::carry():194}:195}()
#61 /home/lionel/Documents/Junkyard/gotrip/bc-cms/vendor/laravel/framework/src/Illuminate/Foundation/Http/Middleware/ConvertEmptyStringsToNull.php(31): Illuminate\\Foundation\\Http\\Middleware\\TransformsRequest->handle()
#62 /home/lionel/Documents/Junkyard/gotrip/bc-cms/vendor/laravel/framework/src/Illuminate/Pipeline/Pipeline.php(219): Illuminate\\Foundation\\Http\\Middleware\\ConvertEmptyStringsToNull->handle()
#63 /home/lionel/Documents/Junkyard/gotrip/bc-cms/vendor/laravel/framework/src/Illuminate/Foundation/Http/Middleware/TransformsRequest.php(21): Illuminate\\Pipeline\\Pipeline->{closure:{closure:Illuminate\\Pipeline\\Pipeline::carry():194}:195}()
#64 /home/lionel/Documents/Junkyard/gotrip/bc-cms/vendor/laravel/framework/src/Illuminate/Foundation/Http/Middleware/TrimStrings.php(51): Illuminate\\Foundation\\Http\\Middleware\\TransformsRequest->handle()
#65 /home/lionel/Documents/Junkyard/gotrip/bc-cms/vendor/laravel/framework/src/Illuminate/Pipeline/Pipeline.php(219): Illuminate\\Foundation\\Http\\Middleware\\TrimStrings->handle()
#66 /home/lionel/Documents/Junkyard/gotrip/bc-cms/vendor/laravel/framework/src/Illuminate/Http/Middleware/ValidatePostSize.php(27): Illuminate\\Pipeline\\Pipeline->{closure:{closure:Illuminate\\Pipeline\\Pipeline::carry():194}:195}()
#67 /home/lionel/Documents/Junkyard/gotrip/bc-cms/vendor/laravel/framework/src/Illuminate/Pipeline/Pipeline.php(219): Illuminate\\Http\\Middleware\\ValidatePostSize->handle()
#68 /home/lionel/Documents/Junkyard/gotrip/bc-cms/vendor/laravel/framework/src/Illuminate/Foundation/Http/Middleware/PreventRequestsDuringMaintenance.php(109): Illuminate\\Pipeline\\Pipeline->{closure:{closure:Illuminate\\Pipeline\\Pipeline::carry():194}:195}()
#69 /home/lionel/Documents/Junkyard/gotrip/bc-cms/vendor/laravel/framework/src/Illuminate/Pipeline/Pipeline.php(219): Illuminate\\Foundation\\Http\\Middleware\\PreventRequestsDuringMaintenance->handle()
#70 /home/lionel/Documents/Junkyard/gotrip/bc-cms/vendor/laravel/framework/src/Illuminate/Http/Middleware/HandleCors.php(48): Illuminate\\Pipeline\\Pipeline->{closure:{closure:Illuminate\\Pipeline\\Pipeline::carry():194}:195}()
#71 /home/lionel/Documents/Junkyard/gotrip/bc-cms/vendor/laravel/framework/src/Illuminate/Pipeline/Pipeline.php(219): Illuminate\\Http\\Middleware\\HandleCors->handle()
#72 /home/lionel/Documents/Junkyard/gotrip/bc-cms/vendor/laravel/framework/src/Illuminate/Http/Middleware/TrustProxies.php(58): Illuminate\\Pipeline\\Pipeline->{closure:{closure:Illuminate\\Pipeline\\Pipeline::carry():194}:195}()
#73 /home/lionel/Documents/Junkyard/gotrip/bc-cms/vendor/laravel/framework/src/Illuminate/Pipeline/Pipeline.php(219): Illuminate\\Http\\Middleware\\TrustProxies->handle()
#74 /home/lionel/Documents/Junkyard/gotrip/bc-cms/vendor/laravel/framework/src/Illuminate/Foundation/Http/Middleware/InvokeDeferredCallbacks.php(22): Illuminate\\Pipeline\\Pipeline->{closure:{closure:Illuminate\\Pipeline\\Pipeline::carry():194}:195}()
#75 /home/lionel/Documents/Junkyard/gotrip/bc-cms/vendor/laravel/framework/src/Illuminate/Pipeline/Pipeline.php(219): Illuminate\\Foundation\\Http\\Middleware\\InvokeDeferredCallbacks->handle()
#76 /home/lionel/Documents/Junkyard/gotrip/bc-cms/vendor/laravel/framework/src/Illuminate/Http/Middleware/ValidatePathEncoding.php(26): Illuminate\\Pipeline\\Pipeline->{closure:{closure:Illuminate\\Pipeline\\Pipeline::carry():194}:195}()
#77 /home/lionel/Documents/Junkyard/gotrip/bc-cms/vendor/laravel/framework/src/Illuminate/Pipeline/Pipeline.php(219): Illuminate\\Http\\Middleware\\ValidatePathEncoding->handle()
#78 /home/lionel/Documents/Junkyard/gotrip/bc-cms/vendor/laravel/framework/src/Illuminate/Pipeline/Pipeline.php(137): Illuminate\\Pipeline\\Pipeline->{closure:{closure:Illuminate\\Pipeline\\Pipeline::carry():194}:195}()
#79 /home/lionel/Documents/Junkyard/gotrip/bc-cms/vendor/laravel/framework/src/Illuminate/Foundation/Http/Kernel.php(175): Illuminate\\Pipeline\\Pipeline->then()
#80 /home/lionel/Documents/Junkyard/gotrip/bc-cms/vendor/laravel/framework/src/Illuminate/Foundation/Http/Kernel.php(144): Illuminate\\Foundation\\Http\\Kernel->sendRequestThroughRouter()
#81 /home/lionel/Documents/Junkyard/gotrip/bc-cms/vendor/laravel/framework/src/Illuminate/Foundation/Application.php(1219): Illuminate\\Foundation\\Http\\Kernel->handle()
#82 /home/lionel/Documents/Junkyard/gotrip/public_html/index.php(84): Illuminate\\Foundation\\Application->handleRequest()
#83 /home/lionel/Documents/Junkyard/gotrip/bc-cms/server.php(21): require_once('...')
#84 {main}
"} 
[2026-05-24 15:42:28] local.ERROR: Call to undefined method Pro\Tanova\Models\TanovaTrip::isEnable() {"view":{"view":"/home/lionel/Documents/Junkyard/gotrip/bc-cms/modules/Layout/parts/global-script.blade.php","data":[]},"userId":6,"exception":"[object] (Spatie\\LaravelIgnition\\Exceptions\\ViewException(code: 0): Call to undefined method Pro\\Tanova\\Models\\TanovaTrip::isEnable() at /home/lionel/Documents/Junkyard/gotrip/bc-cms/vendor/laravel/framework/src/Illuminate/Support/Traits/ForwardsCalls.php:67)
[stacktrace]
#0 /home/lionel/Documents/Junkyard/gotrip/bc-cms/vendor/laravel/framework/src/Illuminate/Support/Traits/ForwardsCalls.php(36): Illuminate\\Database\\Eloquent\\Model::throwBadMethodCallException()
#1 /home/lionel/Documents/Junkyard/gotrip/bc-cms/vendor/laravel/framework/src/Illuminate/Database/Eloquent/Model.php(2525): Illuminate\\Database\\Eloquent\\Model->forwardCallTo()
#2 /home/lionel/Documents/Junkyard/gotrip/bc-cms/vendor/laravel/framework/src/Illuminate/Database/Eloquent/Model.php(2541): Illuminate\\Database\\Eloquent\\Model->__call()
#3 /home/lionel/Documents/Junkyard/gotrip/bc-cms/modules/Layout/parts/global-script.blade.php(43): Illuminate\\Database\\Eloquent\\Model::__callStatic()
#4 /home/lionel/Documents/Junkyard/gotrip/bc-cms/vendor/laravel/framework/src/Illuminate/Filesystem/Filesystem.php(123): require('...')
#5 /home/lionel/Documents/Junkyard/gotrip/bc-cms/vendor/laravel/framework/src/Illuminate/Filesystem/Filesystem.php(124): Illuminate\\Filesystem\\Filesystem::{closure:Illuminate\\Filesystem\\Filesystem::getRequire():120}()
#6 /home/lionel/Documents/Junkyard/gotrip/bc-cms/vendor/laravel/framework/src/Illuminate/View/Engines/PhpEngine.php(57): Illuminate\\Filesystem\\Filesystem->getRequire()
#7 /home/lionel/Documents/Junkyard/gotrip/bc-cms/vendor/livewire/livewire/src/Mechanisms/ExtendBlade/ExtendedCompilerEngine.php(22): Illuminate\\View\\Engines\\PhpEngine->evaluatePath()
#8 /home/lionel/Documents/Junkyard/gotrip/bc-cms/vendor/laravel/framework/src/Illuminate/View/Engines/CompilerEngine.php(76): Livewire\\Mechanisms\\ExtendBlade\\ExtendedCompilerEngine->evaluatePath()
#9 /home/lionel/Documents/Junkyard/gotrip/bc-cms/vendor/livewire/livewire/src/Mechanisms/ExtendBlade/ExtendedCompilerEngine.php(10): Illuminate\\View\\Engines\\CompilerEngine->get()
#10 /home/lionel/Documents/Junkyard/gotrip/bc-cms/vendor/laravel/framework/src/Illuminate/View/View.php(208): Livewire\\Mechanisms\\ExtendBlade\\ExtendedCompilerEngine->get()
#11 /home/lionel/Documents/Junkyard/gotrip/bc-cms/vendor/laravel/framework/src/Illuminate/View/View.php(191): Illuminate\\View\\View->getContents()
#12 /home/lionel/Documents/Junkyard/gotrip/bc-cms/vendor/laravel/framework/src/Illuminate/View/View.php(160): Illuminate\\View\\View->renderContents()
#13 /home/lionel/Documents/Junkyard/gotrip/bc-cms/themes/GoTrip/Layout/user.blade.php(387): Illuminate\\View\\View->render()
#14 /home/lionel/Documents/Junkyard/gotrip/bc-cms/vendor/laravel/framework/src/Illuminate/Filesystem/Filesystem.php(123): require('...')
#15 /home/lionel/Documents/Junkyard/gotrip/bc-cms/vendor/laravel/framework/src/Illuminate/Filesystem/Filesystem.php(124): Illuminate\\Filesystem\\Filesystem::{closure:Illuminate\\Filesystem\\Filesystem::getRequire():120}()
#16 /home/lionel/Documents/Junkyard/gotrip/bc-cms/vendor/laravel/framework/src/Illuminate/View/Engines/PhpEngine.php(57): Illuminate\\Filesystem\\Filesystem->getRequire()
#17 /home/lionel/Documents/Junkyard/gotrip/bc-cms/vendor/livewire/livewire/src/Mechanisms/ExtendBlade/ExtendedCompilerEngine.php(22): Illuminate\\View\\Engines\\PhpEngine->evaluatePath()
#18 /home/lionel/Documents/Junkyard/gotrip/bc-cms/vendor/laravel/framework/src/Illuminate/View/Engines/CompilerEngine.php(76): Livewire\\Mechanisms\\ExtendBlade\\ExtendedCompilerEngine->evaluatePath()
#19 /home/lionel/Documents/Junkyard/gotrip/bc-cms/vendor/livewire/livewire/src/Mechanisms/ExtendBlade/ExtendedCompilerEngine.php(10): Illuminate\\View\\Engines\\CompilerEngine->get()
#20 /home/lionel/Documents/Junkyard/gotrip/bc-cms/vendor/laravel/framework/src/Illuminate/View/View.php(208): Livewire\\Mechanisms\\ExtendBlade\\ExtendedCompilerEngine->get()
#21 /home/lionel/Documents/Junkyard/gotrip/bc-cms/vendor/laravel/framework/src/Illuminate/View/View.php(191): Illuminate\\View\\View->getContents()
#22 /home/lionel/Documents/Junkyard/gotrip/bc-cms/vendor/laravel/framework/src/Illuminate/View/View.php(160): Illuminate\\View\\View->renderContents()
#23 /home/lionel/Documents/Junkyard/gotrip/bc-cms/resources/views/layouts/user.blade.php(1): Illuminate\\View\\View->render()
#24 /home/lionel/Documents/Junkyard/gotrip/bc-cms/vendor/laravel/framework/src/Illuminate/Filesystem/Filesystem.php(123): require('...')
#25 /home/lionel/Documents/Junkyard/gotrip/bc-cms/vendor/laravel/framework/src/Illuminate/Filesystem/Filesystem.php(124): Illuminate\\Filesystem\\Filesystem::{closure:Illuminate\\Filesystem\\Filesystem::getRequire():120}()
#26 /home/lionel/Documents/Junkyard/gotrip/bc-cms/vendor/laravel/framework/src/Illuminate/View/Engines/PhpEngine.php(57): Illuminate\\Filesystem\\Filesystem->getRequire()
#27 /home/lionel/Documents/Junkyard/gotrip/bc-cms/vendor/livewire/livewire/src/Mechanisms/ExtendBlade/ExtendedCompilerEngine.php(22): Illuminate\\View\\Engines\\PhpEngine->evaluatePath()
#28 /home/lionel/Documents/Junkyard/gotrip/bc-cms/vendor/laravel/framework/src/Illuminate/View/Engines/CompilerEngine.php(76): Livewire\\Mechanisms\\ExtendBlade\\ExtendedCompilerEngine->evaluatePath()
#29 /home/lionel/Documents/Junkyard/gotrip/bc-cms/vendor/livewire/livewire/src/Mechanisms/ExtendBlade/ExtendedCompilerEngine.php(10): Illuminate\\View\\Engines\\CompilerEngine->get()
#30 /home/lionel/Documents/Junkyard/gotrip/bc-cms/vendor/laravel/framework/src/Illuminate/View/View.php(208): Livewire\\Mechanisms\\ExtendBlade\\ExtendedCompilerEngine->get()
#31 /home/lionel/Documents/Junkyard/gotrip/bc-cms/vendor/laravel/framework/src/Illuminate/View/View.php(191): Illuminate\\View\\View->getContents()
#32 /home/lionel/Documents/Junkyard/gotrip/bc-cms/vendor/laravel/framework/src/Illuminate/View/View.php(160): Illuminate\\View\\View->renderContents()
#33 /home/lionel/Documents/Junkyard/gotrip/bc-cms/themes/GoTrip/User/Views/frontend/dashboard.blade.php(185): Illuminate\\View\\View->render()
#34 /home/lionel/Documents/Junkyard/gotrip/bc-cms/vendor/laravel/framework/src/Illuminate/Filesystem/Filesystem.php(123): require('...')
#35 /home/lionel/Documents/Junkyard/gotrip/bc-cms/vendor/laravel/framework/src/Illuminate/Filesystem/Filesystem.php(124): Illuminate\\Filesystem\\Filesystem::{closure:Illuminate\\Filesystem\\Filesystem::getRequire():120}()
#36 /home/lionel/Documents/Junkyard/gotrip/bc-cms/vendor/laravel/framework/src/Illuminate/View/Engines/PhpEngine.php(57): Illuminate\\Filesystem\\Filesystem->getRequire()
#37 /home/lionel/Documents/Junkyard/gotrip/bc-cms/vendor/livewire/livewire/src/Mechanisms/ExtendBlade/ExtendedCompilerEngine.php(22): Illuminate\\View\\Engines\\PhpEngine->evaluatePath()
#38 /home/lionel/Documents/Junkyard/gotrip/bc-cms/vendor/laravel/framework/src/Illuminate/View/Engines/CompilerEngine.php(76): Livewire\\Mechanisms\\ExtendBlade\\ExtendedCompilerEngine->evaluatePath()
#39 /home/lionel/Documents/Junkyard/gotrip/bc-cms/vendor/livewire/livewire/src/Mechanisms/ExtendBlade/ExtendedCompilerEngine.php(10): Illuminate\\View\\Engines\\CompilerEngine->get()
#40 /home/lionel/Documents/Junkyard/gotrip/bc-cms/vendor/laravel/framework/src/Illuminate/View/View.php(208): Livewire\\Mechanisms\\ExtendBlade\\ExtendedCompilerEngine->get()
#41 /home/lionel/Documents/Junkyard/gotrip/bc-cms/vendor/laravel/framework/src/Illuminate/View/View.php(191): Illuminate\\View\\View->getContents()
#42 /home/lionel/Documents/Junkyard/gotrip/bc-cms/vendor/laravel/framework/src/Illuminate/View/View.php(160): Illuminate\\View\\View->renderContents()
#43 /home/lionel/Documents/Junkyard/gotrip/bc-cms/vendor/laravel/framework/src/Illuminate/Http/Response.php(78): Illuminate\\View\\View->render()
#44 /home/lionel/Documents/Junkyard/gotrip/bc-cms/vendor/laravel/framework/src/Illuminate/Http/Response.php(34): Illuminate\\Http\\Response->setContent()
#45 /home/lionel/Documents/Junkyard/gotrip/bc-cms/vendor/laravel/framework/src/Illuminate/Routing/Router.php(939): Illuminate\\Http\\Response->__construct()
#46 /home/lionel/Documents/Junkyard/gotrip/bc-cms/vendor/laravel/framework/src/Illuminate/Routing/Router.php(906): Illuminate\\Routing\\Router::toResponse()
#47 /home/lionel/Documents/Junkyard/gotrip/bc-cms/vendor/laravel/framework/src/Illuminate/Routing/Router.php(821): Illuminate\\Routing\\Router->prepareResponse()
#48 /home/lionel/Documents/Junkyard/gotrip/bc-cms/vendor/laravel/framework/src/Illuminate/Pipeline/Pipeline.php(180): Illuminate\\Routing\\Router->{closure:Illuminate\\Routing\\Router::runRouteWithinStack():821}()
#49 /home/lionel/Documents/Junkyard/gotrip/bc-cms/vendor/laravel/framework/src/Illuminate/Auth/Middleware/EnsureEmailIsVerified.php(41): Illuminate\\Pipeline\\Pipeline->{closure:Illuminate\\Pipeline\\Pipeline::prepareDestination():178}()
#50 /home/lionel/Documents/Junkyard/gotrip/bc-cms/vendor/laravel/framework/src/Illuminate/Pipeline/Pipeline.php(219): Illuminate\\Auth\\Middleware\\EnsureEmailIsVerified->handle()
#51 /home/lionel/Documents/Junkyard/gotrip/bc-cms/vendor/barryvdh/laravel-debugbar/src/Middleware/InjectDebugbar.php(66): Illuminate\\Pipeline\\Pipeline->{closure:{closure:Illuminate\\Pipeline\\Pipeline::carry():194}:195}()
#52 /home/lionel/Documents/Junkyard/gotrip/bc-cms/vendor/laravel/framework/src/Illuminate/Pipeline/Pipeline.php(219): Barryvdh\\Debugbar\\Middleware\\InjectDebugbar->handle()
#53 /home/lionel/Documents/Junkyard/gotrip/bc-cms/app/Http/Middleware/RequireChangePassword.php(41): Illuminate\\Pipeline\\Pipeline->{closure:{closure:Illuminate\\Pipeline\\Pipeline::carry():194}:195}()
#54 /home/lionel/Documents/Junkyard/gotrip/bc-cms/vendor/laravel/framework/src/Illuminate/Pipeline/Pipeline.php(219): App\\Http\\Middleware\\RequireChangePassword->handle()
#55 /home/lionel/Documents/Junkyard/gotrip/bc-cms/app/Http/Middleware/SetCurrentCurrency.php(48): Illuminate\\Pipeline\\Pipeline->{closure:{closure:Illuminate\\Pipeline\\Pipeline::carry():194}:195}()
#56 /home/lionel/Documents/Junkyard/gotrip/bc-cms/vendor/laravel/framework/src/Illuminate/Pipeline/Pipeline.php(219): App\\Http\\Middleware\\SetCurrentCurrency->handle()
#57 /home/lionel/Documents/Junkyard/gotrip/bc-cms/app/Http/Middleware/SetLanguageForAdmin.php(37): Illuminate\\Pipeline\\Pipeline->{closure:{closure:Illuminate\\Pipeline\\Pipeline::carry():194}:195}()
#58 /home/lionel/Documents/Junkyard/gotrip/bc-cms/vendor/laravel/framework/src/Illuminate/Pipeline/Pipeline.php(219): App\\Http\\Middleware\\SetLanguageForAdmin->handle()
#59 /home/lionel/Documents/Junkyard/gotrip/bc-cms/app/Http/Middleware/RedirectForMultiLanguage.php(58): Illuminate\\Pipeline\\Pipeline->{closure:{closure:Illuminate\\Pipeline\\Pipeline::carry():194}:195}()
#60 /home/lionel/Documents/Junkyard/gotrip/bc-cms/vendor/laravel/framework/src/Illuminate/Pipeline/Pipeline.php(219): App\\Http\\Middleware\\RedirectForMultiLanguage->handle()
#61 /home/lionel/Documents/Junkyard/gotrip/bc-cms/app/Http/Middleware/FrontendGuard.php(67): Illuminate\\Pipeline\\Pipeline->{closure:{closure:Illuminate\\Pipeline\\Pipeline::carry():194}:195}()
#62 /home/lionel/Documents/Junkyard/gotrip/bc-cms/vendor/laravel/framework/src/Illuminate/Pipeline/Pipeline.php(219): App\\Http\\Middleware\\FrontendGuard->handle()
#63 /home/lionel/Documents/Junkyard/gotrip/bc-cms/vendor/laravel/framework/src/Illuminate/Routing/Middleware/SubstituteBindings.php(50): Illuminate\\Pipeline\\Pipeline->{closure:{closure:Illuminate\\Pipeline\\Pipeline::carry():194}:195}()
#64 /home/lionel/Documents/Junkyard/gotrip/bc-cms/vendor/laravel/framework/src/Illuminate/Pipeline/Pipeline.php(219): Illuminate\\Routing\\Middleware\\SubstituteBindings->handle()
#65 /home/lionel/Documents/Junkyard/gotrip/bc-cms/vendor/laravel/framework/src/Illuminate/Auth/Middleware/Authenticate.php(63): Illuminate\\Pipeline\\Pipeline->{closure:{closure:Illuminate\\Pipeline\\Pipeline::carry():194}:195}()
#66 /home/lionel/Documents/Junkyard/gotrip/bc-cms/vendor/laravel/framework/src/Illuminate/Pipeline/Pipeline.php(219): Illuminate\\Auth\\Middleware\\Authenticate->handle()
#67 /home/lionel/Documents/Junkyard/gotrip/bc-cms/vendor/laravel/framework/src/Illuminate/Foundation/Http/Middleware/VerifyCsrfToken.php(87): Illuminate\\Pipeline\\Pipeline->{closure:{closure:Illuminate\\Pipeline\\Pipeline::carry():194}:195}()
#68 /home/lionel/Documents/Junkyard/gotrip/bc-cms/vendor/laravel/framework/src/Illuminate/Pipeline/Pipeline.php(219): Illuminate\\Foundation\\Http\\Middleware\\VerifyCsrfToken->handle()
#69 /home/lionel/Documents/Junkyard/gotrip/bc-cms/vendor/laravel/framework/src/Illuminate/View/Middleware/ShareErrorsFromSession.php(48): Illuminate\\Pipeline\\Pipeline->{closure:{closure:Illuminate\\Pipeline\\Pipeline::carry():194}:195}()
#70 /home/lionel/Documents/Junkyard/gotrip/bc-cms/vendor/laravel/framework/src/Illuminate/Pipeline/Pipeline.php(219): Illuminate\\View\\Middleware\\ShareErrorsFromSession->handle()
#71 /home/lionel/Documents/Junkyard/gotrip/bc-cms/vendor/laravel/framework/src/Illuminate/Session/Middleware/StartSession.php(120): Illuminate\\Pipeline\\Pipeline->{closure:{closure:Illuminate\\Pipeline\\Pipeline::carry():194}:195}()
#72 /home/lionel/Documents/Junkyard/gotrip/bc-cms/vendor/laravel/framework/src/Illuminate/Session/Middleware/StartSession.php(63): Illuminate\\Session\\Middleware\\StartSession->handleStatefulRequest()
#73 /home/lionel/Documents/Junkyard/gotrip/bc-cms/vendor/laravel/framework/src/Illuminate/Pipeline/Pipeline.php(219): Illuminate\\Session\\Middleware\\StartSession->handle()
#74 /home/lionel/Documents/Junkyard/gotrip/bc-cms/vendor/laravel/framework/src/Illuminate/Cookie/Middleware/AddQueuedCookiesToResponse.php(36): Illuminate\\Pipeline\\Pipeline->{closure:{closure:Illuminate\\Pipeline\\Pipeline::carry():194}:195}()
#75 /home/lionel/Documents/Junkyard/gotrip/bc-cms/vendor/laravel/framework/src/Illuminate/Pipeline/Pipeline.php(219): Illuminate\\Cookie\\Middleware\\AddQueuedCookiesToResponse->handle()
#76 /home/lionel/Documents/Junkyard/gotrip/bc-cms/vendor/laravel/framework/src/Illuminate/Cookie/Middleware/EncryptCookies.php(74): Illuminate\\Pipeline\\Pipeline->{closure:{closure:Illuminate\\Pipeline\\Pipeline::carry():194}:195}()
#77 /home/lionel/Documents/Junkyard/gotrip/bc-cms/vendor/laravel/framework/src/Illuminate/Pipeline/Pipeline.php(219): Illuminate\\Cookie\\Middleware\\EncryptCookies->handle()
#78 /home/lionel/Documents/Junkyard/gotrip/bc-cms/vendor/laravel/framework/src/Illuminate/Pipeline/Pipeline.php(137): Illuminate\\Pipeline\\Pipeline->{closure:{closure:Illuminate\\Pipeline\\Pipeline::carry():194}:195}()
#79 /home/lionel/Documents/Junkyard/gotrip/bc-cms/vendor/laravel/framework/src/Illuminate/Routing/Router.php(821): Illuminate\\Pipeline\\Pipeline->then()
#80 /home/lionel/Documents/Junkyard/gotrip/bc-cms/vendor/laravel/framework/src/Illuminate/Routing/Router.php(800): Illuminate\\Routing\\Router->runRouteWithinStack()
#81 /home/lionel/Documents/Junkyard/gotrip/bc-cms/vendor/laravel/framework/src/Illuminate/Routing/Router.php(764): Illuminate\\Routing\\Router->runRoute()
#82 /home/lionel/Documents/Junkyard/gotrip/bc-cms/vendor/laravel/framework/src/Illuminate/Routing/Router.php(753): Illuminate\\Routing\\Router->dispatchToRoute()
#83 /home/lionel/Documents/Junkyard/gotrip/bc-cms/vendor/laravel/framework/src/Illuminate/Foundation/Http/Kernel.php(200): Illuminate\\Routing\\Router->dispatch()
#84 /home/lionel/Documents/Junkyard/gotrip/bc-cms/vendor/laravel/framework/src/Illuminate/Pipeline/Pipeline.php(180): Illuminate\\Foundation\\Http\\Kernel->{closure:Illuminate\\Foundation\\Http\\Kernel::dispatchToRouter():197}()
#85 /home/lionel/Documents/Junkyard/gotrip/bc-cms/themes/Base/Core/Middleware/RunUpdater.php(77): Illuminate\\Pipeline\\Pipeline->{closure:Illuminate\\Pipeline\\Pipeline::prepareDestination():178}()
#86 /home/lionel/Documents/Junkyard/gotrip/bc-cms/vendor/laravel/framework/src/Illuminate/Pipeline/Pipeline.php(219): Themes\\Base\\Core\\Middleware\\RunUpdater->handle()
#87 /home/lionel/Documents/Junkyard/gotrip/bc-cms/vendor/livewire/livewire/src/Features/SupportDisablingBackButtonCache/DisableBackButtonCacheMiddleware.php(19): Illuminate\\Pipeline\\Pipeline->{closure:{closure:Illuminate\\Pipeline\\Pipeline::carry():194}:195}()
#88 /home/lionel/Documents/Junkyard/gotrip/bc-cms/vendor/laravel/framework/src/Illuminate/Pipeline/Pipeline.php(219): Livewire\\Features\\SupportDisablingBackButtonCache\\DisableBackButtonCacheMiddleware->handle()
#89 /home/lionel/Documents/Junkyard/gotrip/bc-cms/vendor/barryvdh/laravel-debugbar/src/Middleware/InjectDebugbar.php(66): Illuminate\\Pipeline\\Pipeline->{closure:{closure:Illuminate\\Pipeline\\Pipeline::carry():194}:195}()
#90 /home/lionel/Documents/Junkyard/gotrip/bc-cms/vendor/laravel/framework/src/Illuminate/Pipeline/Pipeline.php(219): Barryvdh\\Debugbar\\Middleware\\InjectDebugbar->handle()
#91 /home/lionel/Documents/Junkyard/gotrip/bc-cms/app/Http/Middleware/RedirectToInstaller.php(40): Illuminate\\Pipeline\\Pipeline->{closure:{closure:Illuminate\\Pipeline\\Pipeline::carry():194}:195}()
#92 /home/lionel/Documents/Junkyard/gotrip/bc-cms/vendor/laravel/framework/src/Illuminate/Pipeline/Pipeline.php(219): App\\Http\\Middleware\\RedirectToInstaller->handle()
#93 /home/lionel/Documents/Junkyard/gotrip/bc-cms/vendor/laravel/framework/src/Illuminate/Foundation/Http/Middleware/TransformsRequest.php(21): Illuminate\\Pipeline\\Pipeline->{closure:{closure:Illuminate\\Pipeline\\Pipeline::carry():194}:195}()
#94 /home/lionel/Documents/Junkyard/gotrip/bc-cms/vendor/laravel/framework/src/Illuminate/Foundation/Http/Middleware/ConvertEmptyStringsToNull.php(31): Illuminate\\Foundation\\Http\\Middleware\\TransformsRequest->handle()
#95 /home/lionel/Documents/Junkyard/gotrip/bc-cms/vendor/laravel/framework/src/Illuminate/Pipeline/Pipeline.php(219): Illuminate\\Foundation\\Http\\Middleware\\ConvertEmptyStringsToNull->handle()
#96 /home/lionel/Documents/Junkyard/gotrip/bc-cms/vendor/laravel/framework/src/Illuminate/Foundation/Http/Middleware/TransformsRequest.php(21): Illuminate\\Pipeline\\Pipeline->{closure:{closure:Illuminate\\Pipeline\\Pipeline::carry():194}:195}()
#97 /home/lionel/Documents/Junkyard/gotrip/bc-cms/vendor/laravel/framework/src/Illuminate/Foundation/Http/Middleware/TrimStrings.php(51): Illuminate\\Foundation\\Http\\Middleware\\TransformsRequest->handle()
#98 /home/lionel/Documents/Junkyard/gotrip/bc-cms/vendor/laravel/framework/src/Illuminate/Pipeline/Pipeline.php(219): Illuminate\\Foundation\\Http\\Middleware\\TrimStrings->handle()
#99 /home/lionel/Documents/Junkyard/gotrip/bc-cms/vendor/laravel/framework/src/Illuminate/Http/Middleware/ValidatePostSize.php(27): Illuminate\\Pipeline\\Pipeline->{closure:{closure:Illuminate\\Pipeline\\Pipeline::carry():194}:195}()
#100 /home/lionel/Documents/Junkyard/gotrip/bc-cms/vendor/laravel/framework/src/Illuminate/Pipeline/Pipeline.php(219): Illuminate\\Http\\Middleware\\ValidatePostSize->handle()
#101 /home/lionel/Documents/Junkyard/gotrip/bc-cms/vendor/laravel/framework/src/Illuminate/Foundation/Http/Middleware/PreventRequestsDuringMaintenance.php(109): Illuminate\\Pipeline\\Pipeline->{closure:{closure:Illuminate\\Pipeline\\Pipeline::carry():194}:195}()
#102 /home/lionel/Documents/Junkyard/gotrip/bc-cms/vendor/laravel/framework/src/Illuminate/Pipeline/Pipeline.php(219): Illuminate\\Foundation\\Http\\Middleware\\PreventRequestsDuringMaintenance->handle()
#103 /home/lionel/Documents/Junkyard/gotrip/bc-cms/vendor/laravel/framework/src/Illuminate/Http/Middleware/HandleCors.php(48): Illuminate\\Pipeline\\Pipeline->{closure:{closure:Illuminate\\Pipeline\\Pipeline::carry():194}:195}()
#104 /home/lionel/Documents/Junkyard/gotrip/bc-cms/vendor/laravel/framework/src/Illuminate/Pipeline/Pipeline.php(219): Illuminate\\Http\\Middleware\\HandleCors->handle()
#105 /home/lionel/Documents/Junkyard/gotrip/bc-cms/vendor/laravel/framework/src/Illuminate/Http/Middleware/TrustProxies.php(58): Illuminate\\Pipeline\\Pipeline->{closure:{closure:Illuminate\\Pipeline\\Pipeline::carry():194}:195}()
#106 /home/lionel/Documents/Junkyard/gotrip/bc-cms/vendor/laravel/framework/src/Illuminate/Pipeline/Pipeline.php(219): Illuminate\\Http\\Middleware\\TrustProxies->handle()
#107 /home/lionel/Documents/Junkyard/gotrip/bc-cms/vendor/laravel/framework/src/Illuminate/Foundation/Http/Middleware/InvokeDeferredCallbacks.php(22): Illuminate\\Pipeline\\Pipeline->{closure:{closure:Illuminate\\Pipeline\\Pipeline::carry():194}:195}()
#108 /home/lionel/Documents/Junkyard/gotrip/bc-cms/vendor/laravel/framework/src/Illuminate/Pipeline/Pipeline.php(219): Illuminate\\Foundation\\Http\\Middleware\\InvokeDeferredCallbacks->handle()
#109 /home/lionel/Documents/Junkyard/gotrip/bc-cms/vendor/laravel/framework/src/Illuminate/Http/Middleware/ValidatePathEncoding.php(26): Illuminate\\Pipeline\\Pipeline->{closure:{closure:Illuminate\\Pipeline\\Pipeline::carry():194}:195}()
#110 /home/lionel/Documents/Junkyard/gotrip/bc-cms/vendor/laravel/framework/src/Illuminate/Pipeline/Pipeline.php(219): Illuminate\\Http\\Middleware\\ValidatePathEncoding->handle()
#111 /home/lionel/Documents/Junkyard/gotrip/bc-cms/vendor/laravel/framework/src/Illuminate/Pipeline/Pipeline.php(137): Illuminate\\Pipeline\\Pipeline->{closure:{closure:Illuminate\\Pipeline\\Pipeline::carry():194}:195}()
#112 /home/lionel/Documents/Junkyard/gotrip/bc-cms/vendor/laravel/framework/src/Illuminate/Foundation/Http/Kernel.php(175): Illuminate\\Pipeline\\Pipeline->then()
#113 /home/lionel/Documents/Junkyard/gotrip/bc-cms/vendor/laravel/framework/src/Illuminate/Foundation/Http/Kernel.php(144): Illuminate\\Foundation\\Http\\Kernel->sendRequestThroughRouter()
#114 /home/lionel/Documents/Junkyard/gotrip/bc-cms/vendor/laravel/framework/src/Illuminate/Foundation/Application.php(1219): Illuminate\\Foundation\\Http\\Kernel->handle()
#115 /home/lionel/Documents/Junkyard/gotrip/public_html/index.php(84): Illuminate\\Foundation\\Application->handleRequest()
#116 /home/lionel/Documents/Junkyard/gotrip/bc-cms/server.php(21): require_once('...')
#117 {main}

[previous exception] [object] (BadMethodCallException(code: 0): Call to undefined method Pro\\Tanova\\Models\\TanovaTrip::isEnable() at /home/lionel/Documents/Junkyard/gotrip/bc-cms/vendor/laravel/framework/src/Illuminate/Support/Traits/ForwardsCalls.php:67)
[stacktrace]
#0 /home/lionel/Documents/Junkyard/gotrip/bc-cms/vendor/laravel/framework/src/Illuminate/Support/Traits/ForwardsCalls.php(36): Illuminate\\Database\\Eloquent\\Model::throwBadMethodCallException()
#1 /home/lionel/Documents/Junkyard/gotrip/bc-cms/vendor/laravel/framework/src/Illuminate/Database/Eloquent/Model.php(2525): Illuminate\\Database\\Eloquent\\Model->forwardCallTo()
#2 /home/lionel/Documents/Junkyard/gotrip/bc-cms/vendor/laravel/framework/src/Illuminate/Database/Eloquent/Model.php(2541): Illuminate\\Database\\Eloquent\\Model->__call()
#3 /home/lionel/Documents/Junkyard/gotrip/bc-cms/storage/framework/views/c9533d54e60bba401ed8f7e3f144f38b.php(43): Illuminate\\Database\\Eloquent\\Model::__callStatic()
#4 /home/lionel/Documents/Junkyard/gotrip/bc-cms/vendor/laravel/framework/src/Illuminate/Filesystem/Filesystem.php(123): require('...')
#5 /home/lionel/Documents/Junkyard/gotrip/bc-cms/vendor/laravel/framework/src/Illuminate/Filesystem/Filesystem.php(124): Illuminate\\Filesystem\\Filesystem::{closure:Illuminate\\Filesystem\\Filesystem::getRequire():120}()
#6 /home/lionel/Documents/Junkyard/gotrip/bc-cms/vendor/laravel/framework/src/Illuminate/View/Engines/PhpEngine.php(57): Illuminate\\Filesystem\\Filesystem->getRequire()
#7 /home/lionel/Documents/Junkyard/gotrip/bc-cms/vendor/livewire/livewire/src/Mechanisms/ExtendBlade/ExtendedCompilerEngine.php(22): Illuminate\\View\\Engines\\PhpEngine->evaluatePath()
#8 /home/lionel/Documents/Junkyard/gotrip/bc-cms/vendor/laravel/framework/src/Illuminate/View/Engines/CompilerEngine.php(76): Livewire\\Mechanisms\\ExtendBlade\\ExtendedCompilerEngine->evaluatePath()
#9 /home/lionel/Documents/Junkyard/gotrip/bc-cms/vendor/livewire/livewire/src/Mechanisms/ExtendBlade/ExtendedCompilerEngine.php(10): Illuminate\\View\\Engines\\CompilerEngine->get()
#10 /home/lionel/Documents/Junkyard/gotrip/bc-cms/vendor/laravel/framework/src/Illuminate/View/View.php(208): Livewire\\Mechanisms\\ExtendBlade\\ExtendedCompilerEngine->get()
#11 /home/lionel/Documents/Junkyard/gotrip/bc-cms/vendor/laravel/framework/src/Illuminate/View/View.php(191): Illuminate\\View\\View->getContents()
#12 /home/lionel/Documents/Junkyard/gotrip/bc-cms/vendor/laravel/framework/src/Illuminate/View/View.php(160): Illuminate\\View\\View->renderContents()
#13 /home/lionel/Documents/Junkyard/gotrip/bc-cms/storage/framework/views/45f317d791718a9b908a2c111d0fb237.php(387): Illuminate\\View\\View->render()
#14 /home/lionel/Documents/Junkyard/gotrip/bc-cms/vendor/laravel/framework/src/Illuminate/Filesystem/Filesystem.php(123): require('...')
#15 /home/lionel/Documents/Junkyard/gotrip/bc-cms/vendor/laravel/framework/src/Illuminate/Filesystem/Filesystem.php(124): Illuminate\\Filesystem\\Filesystem::{closure:Illuminate\\Filesystem\\Filesystem::getRequire():120}()
#16 /home/lionel/Documents/Junkyard/gotrip/bc-cms/vendor/laravel/framework/src/Illuminate/View/Engines/PhpEngine.php(57): Illuminate\\Filesystem\\Filesystem->getRequire()
#17 /home/lionel/Documents/Junkyard/gotrip/bc-cms/vendor/livewire/livewire/src/Mechanisms/ExtendBlade/ExtendedCompilerEngine.php(22): Illuminate\\View\\Engines\\PhpEngine->evaluatePath()
#18 /home/lionel/Documents/Junkyard/gotrip/bc-cms/vendor/laravel/framework/src/Illuminate/View/Engines/CompilerEngine.php(76): Livewire\\Mechanisms\\ExtendBlade\\ExtendedCompilerEngine->evaluatePath()
#19 /home/lionel/Documents/Junkyard/gotrip/bc-cms/vendor/livewire/livewire/src/Mechanisms/ExtendBlade/ExtendedCompilerEngine.php(10): Illuminate\\View\\Engines\\CompilerEngine->get()
#20 /home/lionel/Documents/Junkyard/gotrip/bc-cms/vendor/laravel/framework/src/Illuminate/View/View.php(208): Livewire\\Mechanisms\\ExtendBlade\\ExtendedCompilerEngine->get()
#21 /home/lionel/Documents/Junkyard/gotrip/bc-cms/vendor/laravel/framework/src/Illuminate/View/View.php(191): Illuminate\\View\\View->getContents()
#22 /home/lionel/Documents/Junkyard/gotrip/bc-cms/vendor/laravel/framework/src/Illuminate/View/View.php(160): Illuminate\\View\\View->renderContents()
#23 /home/lionel/Documents/Junkyard/gotrip/bc-cms/storage/framework/views/0ab1a4cb401158430b2611ec1dd48d90.php(1): Illuminate\\View\\View->render()
#24 /home/lionel/Documents/Junkyard/gotrip/bc-cms/vendor/laravel/framework/src/Illuminate/Filesystem/Filesystem.php(123): require('...')
#25 /home/lionel/Documents/Junkyard/gotrip/bc-cms/vendor/laravel/framework/src/Illuminate/Filesystem/Filesystem.php(124): Illuminate\\Filesystem\\Filesystem::{closure:Illuminate\\Filesystem\\Filesystem::getRequire():120}()
#26 /home/lionel/Documents/Junkyard/gotrip/bc-cms/vendor/laravel/framework/src/Illuminate/View/Engines/PhpEngine.php(57): Illuminate\\Filesystem\\Filesystem->getRequire()
#27 /home/lionel/Documents/Junkyard/gotrip/bc-cms/vendor/livewire/livewire/src/Mechanisms/ExtendBlade/ExtendedCompilerEngine.php(22): Illuminate\\View\\Engines\\PhpEngine->evaluatePath()
#28 /home/lionel/Documents/Junkyard/gotrip/bc-cms/vendor/laravel/framework/src/Illuminate/View/Engines/CompilerEngine.php(76): Livewire\\Mechanisms\\ExtendBlade\\ExtendedCompilerEngine->evaluatePath()
#29 /home/lionel/Documents/Junkyard/gotrip/bc-cms/vendor/livewire/livewire/src/Mechanisms/ExtendBlade/ExtendedCompilerEngine.php(10): Illuminate\\View\\Engines\\CompilerEngine->get()
#30 /home/lionel/Documents/Junkyard/gotrip/bc-cms/vendor/laravel/framework/src/Illuminate/View/View.php(208): Livewire\\Mechanisms\\ExtendBlade\\ExtendedCompilerEngine->get()
#31 /home/lionel/Documents/Junkyard/gotrip/bc-cms/vendor/laravel/framework/src/Illuminate/View/View.php(191): Illuminate\\View\\View->getContents()
#32 /home/lionel/Documents/Junkyard/gotrip/bc-cms/vendor/laravel/framework/src/Illuminate/View/View.php(160): Illuminate\\View\\View->renderContents()
#33 /home/lionel/Documents/Junkyard/gotrip/bc-cms/storage/framework/views/13bad257085a3c85d419627c214466d7.php(187): Illuminate\\View\\View->render()
#34 /home/lionel/Documents/Junkyard/gotrip/bc-cms/vendor/laravel/framework/src/Illuminate/Filesystem/Filesystem.php(123): require('...')
#35 /home/lionel/Documents/Junkyard/gotrip/bc-cms/vendor/laravel/framework/src/Illuminate/Filesystem/Filesystem.php(124): Illuminate\\Filesystem\\Filesystem::{closure:Illuminate\\Filesystem\\Filesystem::getRequire():120}()
#36 /home/lionel/Documents/Junkyard/gotrip/bc-cms/vendor/laravel/framework/src/Illuminate/View/Engines/PhpEngine.php(57): Illuminate\\Filesystem\\Filesystem->getRequire()
#37 /home/lionel/Documents/Junkyard/gotrip/bc-cms/vendor/livewire/livewire/src/Mechanisms/ExtendBlade/ExtendedCompilerEngine.php(22): Illuminate\\View\\Engines\\PhpEngine->evaluatePath()
#38 /home/lionel/Documents/Junkyard/gotrip/bc-cms/vendor/laravel/framework/src/Illuminate/View/Engines/CompilerEngine.php(76): Livewire\\Mechanisms\\ExtendBlade\\ExtendedCompilerEngine->evaluatePath()
#39 /home/lionel/Documents/Junkyard/gotrip/bc-cms/vendor/livewire/livewire/src/Mechanisms/ExtendBlade/ExtendedCompilerEngine.php(10): Illuminate\\View\\Engines\\CompilerEngine->get()
#40 /home/lionel/Documents/Junkyard/gotrip/bc-cms/vendor/laravel/framework/src/Illuminate/View/View.php(208): Livewire\\Mechanisms\\ExtendBlade\\ExtendedCompilerEngine->get()
#41 /home/lionel/Documents/Junkyard/gotrip/bc-cms/vendor/laravel/framework/src/Illuminate/View/View.php(191): Illuminate\\View\\View->getContents()
#42 /home/lionel/Documents/Junkyard/gotrip/bc-cms/vendor/laravel/framework/src/Illuminate/View/View.php(160): Illuminate\\View\\View->renderContents()
#43 /home/lionel/Documents/Junkyard/gotrip/bc-cms/vendor/laravel/framework/src/Illuminate/Http/Response.php(78): Illuminate\\View\\View->render()
#44 /home/lionel/Documents/Junkyard/gotrip/bc-cms/vendor/laravel/framework/src/Illuminate/Http/Response.php(34): Illuminate\\Http\\Response->setContent()
#45 /home/lionel/Documents/Junkyard/gotrip/bc-cms/vendor/laravel/framework/src/Illuminate/Routing/Router.php(939): Illuminate\\Http\\Response->__construct()
#46 /home/lionel/Documents/Junkyard/gotrip/bc-cms/vendor/laravel/framework/src/Illuminate/Routing/Router.php(906): Illuminate\\Routing\\Router::toResponse()
#47 /home/lionel/Documents/Junkyard/gotrip/bc-cms/vendor/laravel/framework/src/Illuminate/Routing/Router.php(821): Illuminate\\Routing\\Router->prepareResponse()
#48 /home/lionel/Documents/Junkyard/gotrip/bc-cms/vendor/laravel/framework/src/Illuminate/Pipeline/Pipeline.php(180): Illuminate\\Routing\\Router->{closure:Illuminate\\Routing\\Router::runRouteWithinStack():821}()
#49 /home/lionel/Documents/Junkyard/gotrip/bc-cms/vendor/laravel/framework/src/Illuminate/Auth/Middleware/EnsureEmailIsVerified.php(41): Illuminate\\Pipeline\\Pipeline->{closure:Illuminate\\Pipeline\\Pipeline::prepareDestination():178}()
#50 /home/lionel/Documents/Junkyard/gotrip/bc-cms/vendor/laravel/framework/src/Illuminate/Pipeline/Pipeline.php(219): Illuminate\\Auth\\Middleware\\EnsureEmailIsVerified->handle()
#51 /home/lionel/Documents/Junkyard/gotrip/bc-cms/vendor/barryvdh/laravel-debugbar/src/Middleware/InjectDebugbar.php(66): Illuminate\\Pipeline\\Pipeline->{closure:{closure:Illuminate\\Pipeline\\Pipeline::carry():194}:195}()
#52 /home/lionel/Documents/Junkyard/gotrip/bc-cms/vendor/laravel/framework/src/Illuminate/Pipeline/Pipeline.php(219): Barryvdh\\Debugbar\\Middleware\\InjectDebugbar->handle()
#53 /home/lionel/Documents/Junkyard/gotrip/bc-cms/app/Http/Middleware/RequireChangePassword.php(41): Illuminate\\Pipeline\\Pipeline->{closure:{closure:Illuminate\\Pipeline\\Pipeline::carry():194}:195}()
#54 /home/lionel/Documents/Junkyard/gotrip/bc-cms/vendor/laravel/framework/src/Illuminate/Pipeline/Pipeline.php(219): App\\Http\\Middleware\\RequireChangePassword->handle()
#55 /home/lionel/Documents/Junkyard/gotrip/bc-cms/app/Http/Middleware/SetCurrentCurrency.php(48): Illuminate\\Pipeline\\Pipeline->{closure:{closure:Illuminate\\Pipeline\\Pipeline::carry():194}:195}()
#56 /home/lionel/Documents/Junkyard/gotrip/bc-cms/vendor/laravel/framework/src/Illuminate/Pipeline/Pipeline.php(219): App\\Http\\Middleware\\SetCurrentCurrency->handle()
#57 /home/lionel/Documents/Junkyard/gotrip/bc-cms/app/Http/Middleware/SetLanguageForAdmin.php(37): Illuminate\\Pipeline\\Pipeline->{closure:{closure:Illuminate\\Pipeline\\Pipeline::carry():194}:195}()
#58 /home/lionel/Documents/Junkyard/gotrip/bc-cms/vendor/laravel/framework/src/Illuminate/Pipeline/Pipeline.php(219): App\\Http\\Middleware\\SetLanguageForAdmin->handle()
#59 /home/lionel/Documents/Junkyard/gotrip/bc-cms/app/Http/Middleware/RedirectForMultiLanguage.php(58): Illuminate\\Pipeline\\Pipeline->{closure:{closure:Illuminate\\Pipeline\\Pipeline::carry():194}:195}()
#60 /home/lionel/Documents/Junkyard/gotrip/bc-cms/vendor/laravel/framework/src/Illuminate/Pipeline/Pipeline.php(219): App\\Http\\Middleware\\RedirectForMultiLanguage->handle()
#61 /home/lionel/Documents/Junkyard/gotrip/bc-cms/app/Http/Middleware/FrontendGuard.php(67): Illuminate\\Pipeline\\Pipeline->{closure:{closure:Illuminate\\Pipeline\\Pipeline::carry():194}:195}()
#62 /home/lionel/Documents/Junkyard/gotrip/bc-cms/vendor/laravel/framework/src/Illuminate/Pipeline/Pipeline.php(219): App\\Http\\Middleware\\FrontendGuard->handle()
#63 /home/lionel/Documents/Junkyard/gotrip/bc-cms/vendor/laravel/framework/src/Illuminate/Routing/Middleware/SubstituteBindings.php(50): Illuminate\\Pipeline\\Pipeline->{closure:{closure:Illuminate\\Pipeline\\Pipeline::carry():194}:195}()
#64 /home/lionel/Documents/Junkyard/gotrip/bc-cms/vendor/laravel/framework/src/Illuminate/Pipeline/Pipeline.php(219): Illuminate\\Routing\\Middleware\\SubstituteBindings->handle()
#65 /home/lionel/Documents/Junkyard/gotrip/bc-cms/vendor/laravel/framework/src/Illuminate/Auth/Middleware/Authenticate.php(63): Illuminate\\Pipeline\\Pipeline->{closure:{closure:Illuminate\\Pipeline\\Pipeline::carry():194}:195}()
#66 /home/lionel/Documents/Junkyard/gotrip/bc-cms/vendor/laravel/framework/src/Illuminate/Pipeline/Pipeline.php(219): Illuminate\\Auth\\Middleware\\Authenticate->handle()
#67 /home/lionel/Documents/Junkyard/gotrip/bc-cms/vendor/laravel/framework/src/Illuminate/Foundation/Http/Middleware/VerifyCsrfToken.php(87): Illuminate\\Pipeline\\Pipeline->{closure:{closure:Illuminate\\Pipeline\\Pipeline::carry():194}:195}()
#68 /home/lionel/Documents/Junkyard/gotrip/bc-cms/vendor/laravel/framework/src/Illuminate/Pipeline/Pipeline.php(219): Illuminate\\Foundation\\Http\\Middleware\\VerifyCsrfToken->handle()
#69 /home/lionel/Documents/Junkyard/gotrip/bc-cms/vendor/laravel/framework/src/Illuminate/View/Middleware/ShareErrorsFromSession.php(48): Illuminate\\Pipeline\\Pipeline->{closure:{closure:Illuminate\\Pipeline\\Pipeline::carry():194}:195}()
#70 /home/lionel/Documents/Junkyard/gotrip/bc-cms/vendor/laravel/framework/src/Illuminate/Pipeline/Pipeline.php(219): Illuminate\\View\\Middleware\\ShareErrorsFromSession->handle()
#71 /home/lionel/Documents/Junkyard/gotrip/bc-cms/vendor/laravel/framework/src/Illuminate/Session/Middleware/StartSession.php(120): Illuminate\\Pipeline\\Pipeline->{closure:{closure:Illuminate\\Pipeline\\Pipeline::carry():194}:195}()
#72 /home/lionel/Documents/Junkyard/gotrip/bc-cms/vendor/laravel/framework/src/Illuminate/Session/Middleware/StartSession.php(63): Illuminate\\Session\\Middleware\\StartSession->handleStatefulRequest()
#73 /home/lionel/Documents/Junkyard/gotrip/bc-cms/vendor/laravel/framework/src/Illuminate/Pipeline/Pipeline.php(219): Illuminate\\Session\\Middleware\\StartSession->handle()
#74 /home/lionel/Documents/Junkyard/gotrip/bc-cms/vendor/laravel/framework/src/Illuminate/Cookie/Middleware/AddQueuedCookiesToResponse.php(36): Illuminate\\Pipeline\\Pipeline->{closure:{closure:Illuminate\\Pipeline\\Pipeline::carry():194}:195}()
#75 /home/lionel/Documents/Junkyard/gotrip/bc-cms/vendor/laravel/framework/src/Illuminate/Pipeline/Pipeline.php(219): Illuminate\\Cookie\\Middleware\\AddQueuedCookiesToResponse->handle()
#76 /home/lionel/Documents/Junkyard/gotrip/bc-cms/vendor/laravel/framework/src/Illuminate/Cookie/Middleware/EncryptCookies.php(74): Illuminate\\Pipeline\\Pipeline->{closure:{closure:Illuminate\\Pipeline\\Pipeline::carry():194}:195}()
#77 /home/lionel/Documents/Junkyard/gotrip/bc-cms/vendor/laravel/framework/src/Illuminate/Pipeline/Pipeline.php(219): Illuminate\\Cookie\\Middleware\\EncryptCookies->handle()
#78 /home/lionel/Documents/Junkyard/gotrip/bc-cms/vendor/laravel/framework/src/Illuminate/Pipeline/Pipeline.php(137): Illuminate\\Pipeline\\Pipeline->{closure:{closure:Illuminate\\Pipeline\\Pipeline::carry():194}:195}()
#79 /home/lionel/Documents/Junkyard/gotrip/bc-cms/vendor/laravel/framework/src/Illuminate/Routing/Router.php(821): Illuminate\\Pipeline\\Pipeline->then()
#80 /home/lionel/Documents/Junkyard/gotrip/bc-cms/vendor/laravel/framework/src/Illuminate/Routing/Router.php(800): Illuminate\\Routing\\Router->runRouteWithinStack()
#81 /home/lionel/Documents/Junkyard/gotrip/bc-cms/vendor/laravel/framework/src/Illuminate/Routing/Router.php(764): Illuminate\\Routing\\Router->runRoute()
#82 /home/lionel/Documents/Junkyard/gotrip/bc-cms/vendor/laravel/framework/src/Illuminate/Routing/Router.php(753): Illuminate\\Routing\\Router->dispatchToRoute()
#83 /home/lionel/Documents/Junkyard/gotrip/bc-cms/vendor/laravel/framework/src/Illuminate/Foundation/Http/Kernel.php(200): Illuminate\\Routing\\Router->dispatch()
#84 /home/lionel/Documents/Junkyard/gotrip/bc-cms/vendor/laravel/framework/src/Illuminate/Pipeline/Pipeline.php(180): Illuminate\\Foundation\\Http\\Kernel->{closure:Illuminate\\Foundation\\Http\\Kernel::dispatchToRouter():197}()
#85 /home/lionel/Documents/Junkyard/gotrip/bc-cms/themes/Base/Core/Middleware/RunUpdater.php(77): Illuminate\\Pipeline\\Pipeline->{closure:Illuminate\\Pipeline\\Pipeline::prepareDestination():178}()
#86 /home/lionel/Documents/Junkyard/gotrip/bc-cms/vendor/laravel/framework/src/Illuminate/Pipeline/Pipeline.php(219): Themes\\Base\\Core\\Middleware\\RunUpdater->handle()
#87 /home/lionel/Documents/Junkyard/gotrip/bc-cms/vendor/livewire/livewire/src/Features/SupportDisablingBackButtonCache/DisableBackButtonCacheMiddleware.php(19): Illuminate\\Pipeline\\Pipeline->{closure:{closure:Illuminate\\Pipeline\\Pipeline::carry():194}:195}()
#88 /home/lionel/Documents/Junkyard/gotrip/bc-cms/vendor/laravel/framework/src/Illuminate/Pipeline/Pipeline.php(219): Livewire\\Features\\SupportDisablingBackButtonCache\\DisableBackButtonCacheMiddleware->handle()
#89 /home/lionel/Documents/Junkyard/gotrip/bc-cms/vendor/barryvdh/laravel-debugbar/src/Middleware/InjectDebugbar.php(66): Illuminate\\Pipeline\\Pipeline->{closure:{closure:Illuminate\\Pipeline\\Pipeline::carry():194}:195}()
#90 /home/lionel/Documents/Junkyard/gotrip/bc-cms/vendor/laravel/framework/src/Illuminate/Pipeline/Pipeline.php(219): Barryvdh\\Debugbar\\Middleware\\InjectDebugbar->handle()
#91 /home/lionel/Documents/Junkyard/gotrip/bc-cms/app/Http/Middleware/RedirectToInstaller.php(40): Illuminate\\Pipeline\\Pipeline->{closure:{closure:Illuminate\\Pipeline\\Pipeline::carry():194}:195}()
#92 /home/lionel/Documents/Junkyard/gotrip/bc-cms/vendor/laravel/framework/src/Illuminate/Pipeline/Pipeline.php(219): App\\Http\\Middleware\\RedirectToInstaller->handle()
#93 /home/lionel/Documents/Junkyard/gotrip/bc-cms/vendor/laravel/framework/src/Illuminate/Foundation/Http/Middleware/TransformsRequest.php(21): Illuminate\\Pipeline\\Pipeline->{closure:{closure:Illuminate\\Pipeline\\Pipeline::carry():194}:195}()
#94 /home/lionel/Documents/Junkyard/gotrip/bc-cms/vendor/laravel/framework/src/Illuminate/Foundation/Http/Middleware/ConvertEmptyStringsToNull.php(31): Illuminate\\Foundation\\Http\\Middleware\\TransformsRequest->handle()
#95 /home/lionel/Documents/Junkyard/gotrip/bc-cms/vendor/laravel/framework/src/Illuminate/Pipeline/Pipeline.php(219): Illuminate\\Foundation\\Http\\Middleware\\ConvertEmptyStringsToNull->handle()
#96 /home/lionel/Documents/Junkyard/gotrip/bc-cms/vendor/laravel/framework/src/Illuminate/Foundation/Http/Middleware/TransformsRequest.php(21): Illuminate\\Pipeline\\Pipeline->{closure:{closure:Illuminate\\Pipeline\\Pipeline::carry():194}:195}()
#97 /home/lionel/Documents/Junkyard/gotrip/bc-cms/vendor/laravel/framework/src/Illuminate/Foundation/Http/Middleware/TrimStrings.php(51): Illuminate\\Foundation\\Http\\Middleware\\TransformsRequest->handle()
#98 /home/lionel/Documents/Junkyard/gotrip/bc-cms/vendor/laravel/framework/src/Illuminate/Pipeline/Pipeline.php(219): Illuminate\\Foundation\\Http\\Middleware\\TrimStrings->handle()
#99 /home/lionel/Documents/Junkyard/gotrip/bc-cms/vendor/laravel/framework/src/Illuminate/Http/Middleware/ValidatePostSize.php(27): Illuminate\\Pipeline\\Pipeline->{closure:{closure:Illuminate\\Pipeline\\Pipeline::carry():194}:195}()
#100 /home/lionel/Documents/Junkyard/gotrip/bc-cms/vendor/laravel/framework/src/Illuminate/Pipeline/Pipeline.php(219): Illuminate\\Http\\Middleware\\ValidatePostSize->handle()
#101 /home/lionel/Documents/Junkyard/gotrip/bc-cms/vendor/laravel/framework/src/Illuminate/Foundation/Http/Middleware/PreventRequestsDuringMaintenance.php(109): Illuminate\\Pipeline\\Pipeline->{closure:{closure:Illuminate\\Pipeline\\Pipeline::carry():194}:195}()
#102 /home/lionel/Documents/Junkyard/gotrip/bc-cms/vendor/laravel/framework/src/Illuminate/Pipeline/Pipeline.php(219): Illuminate\\Foundation\\Http\\Middleware\\PreventRequestsDuringMaintenance->handle()
#103 /home/lionel/Documents/Junkyard/gotrip/bc-cms/vendor/laravel/framework/src/Illuminate/Http/Middleware/HandleCors.php(48): Illuminate\\Pipeline\\Pipeline->{closure:{closure:Illuminate\\Pipeline\\Pipeline::carry():194}:195}()
#104 /home/lionel/Documents/Junkyard/gotrip/bc-cms/vendor/laravel/framework/src/Illuminate/Pipeline/Pipeline.php(219): Illuminate\\Http\\Middleware\\HandleCors->handle()
#105 /home/lionel/Documents/Junkyard/gotrip/bc-cms/vendor/laravel/framework/src/Illuminate/Http/Middleware/TrustProxies.php(58): Illuminate\\Pipeline\\Pipeline->{closure:{closure:Illuminate\\Pipeline\\Pipeline::carry():194}:195}()
#106 /home/lionel/Documents/Junkyard/gotrip/bc-cms/vendor/laravel/framework/src/Illuminate/Pipeline/Pipeline.php(219): Illuminate\\Http\\Middleware\\TrustProxies->handle()
#107 /home/lionel/Documents/Junkyard/gotrip/bc-cms/vendor/laravel/framework/src/Illuminate/Foundation/Http/Middleware/InvokeDeferredCallbacks.php(22): Illuminate\\Pipeline\\Pipeline->{closure:{closure:Illuminate\\Pipeline\\Pipeline::carry():194}:195}()
#108 /home/lionel/Documents/Junkyard/gotrip/bc-cms/vendor/laravel/framework/src/Illuminate/Pipeline/Pipeline.php(219): Illuminate\\Foundation\\Http\\Middleware\\InvokeDeferredCallbacks->handle()
#109 /home/lionel/Documents/Junkyard/gotrip/bc-cms/vendor/laravel/framework/src/Illuminate/Http/Middleware/ValidatePathEncoding.php(26): Illuminate\\Pipeline\\Pipeline->{closure:{closure:Illuminate\\Pipeline\\Pipeline::carry():194}:195}()
#110 /home/lionel/Documents/Junkyard/gotrip/bc-cms/vendor/laravel/framework/src/Illuminate/Pipeline/Pipeline.php(219): Illuminate\\Http\\Middleware\\ValidatePathEncoding->handle()
#111 /home/lionel/Documents/Junkyard/gotrip/bc-cms/vendor/laravel/framework/src/Illuminate/Pipeline/Pipeline.php(137): Illuminate\\Pipeline\\Pipeline->{closure:{closure:Illuminate\\Pipeline\\Pipeline::carry():194}:195}()
#112 /home/lionel/Documents/Junkyard/gotrip/bc-cms/vendor/laravel/framework/src/Illuminate/Foundation/Http/Kernel.php(175): Illuminate\\Pipeline\\Pipeline->then()
#113 /home/lionel/Documents/Junkyard/gotrip/bc-cms/vendor/laravel/framework/src/Illuminate/Foundation/Http/Kernel.php(144): Illuminate\\Foundation\\Http\\Kernel->sendRequestThroughRouter()
#114 /home/lionel/Documents/Junkyard/gotrip/bc-cms/vendor/laravel/framework/src/Illuminate/Foundation/Application.php(1219): Illuminate\\Foundation\\Http\\Kernel->handle()
#115 /home/lionel/Documents/Junkyard/gotrip/public_html/index.php(84): Illuminate\\Foundation\\Application->handleRequest()
#116 /home/lionel/Documents/Junkyard/gotrip/bc-cms/server.php(21): require_once('...')
#117 {main}
"} 
[2026-05-24 15:45:36] local.ERROR: Call to undefined method Pro\Tanova\Models\TanovaTrip::isEnable() {"view":{"view":"/home/lionel/Documents/Junkyard/gotrip/bc-cms/modules/Layout/parts/global-script.blade.php","data":[]},"userId":6,"exception":"[object] (Spatie\\LaravelIgnition\\Exceptions\\ViewException(code: 0): Call to undefined method Pro\\Tanova\\Models\\TanovaTrip::isEnable() at /home/lionel/Documents/Junkyard/gotrip/bc-cms/vendor/laravel/framework/src/Illuminate/Support/Traits/ForwardsCalls.php:67)
[stacktrace]
#0 /home/lionel/Documents/Junkyard/gotrip/bc-cms/vendor/laravel/framework/src/Illuminate/Support/Traits/ForwardsCalls.php(36): Illuminate\\Database\\Eloquent\\Model::throwBadMethodCallException()
#1 /home/lionel/Documents/Junkyard/gotrip/bc-cms/vendor/laravel/framework/src/Illuminate/Database/Eloquent/Model.php(2525): Illuminate\\Database\\Eloquent\\Model->forwardCallTo()
#2 /home/lionel/Documents/Junkyard/gotrip/bc-cms/vendor/laravel/framework/src/Illuminate/Database/Eloquent/Model.php(2541): Illuminate\\Database\\Eloquent\\Model->__call()
#3 /home/lionel/Documents/Junkyard/gotrip/bc-cms/modules/Layout/parts/global-script.blade.php(43): Illuminate\\Database\\Eloquent\\Model::__callStatic()
#4 /home/lionel/Documents/Junkyard/gotrip/bc-cms/vendor/laravel/framework/src/Illuminate/Filesystem/Filesystem.php(123): require('...')
#5 /home/lionel/Documents/Junkyard/gotrip/bc-cms/vendor/laravel/framework/src/Illuminate/Filesystem/Filesystem.php(124): Illuminate\\Filesystem\\Filesystem::{closure:Illuminate\\Filesystem\\Filesystem::getRequire():120}()
#6 /home/lionel/Documents/Junkyard/gotrip/bc-cms/vendor/laravel/framework/src/Illuminate/View/Engines/PhpEngine.php(57): Illuminate\\Filesystem\\Filesystem->getRequire()
#7 /home/lionel/Documents/Junkyard/gotrip/bc-cms/vendor/livewire/livewire/src/Mechanisms/ExtendBlade/ExtendedCompilerEngine.php(22): Illuminate\\View\\Engines\\PhpEngine->evaluatePath()
#8 /home/lionel/Documents/Junkyard/gotrip/bc-cms/vendor/laravel/framework/src/Illuminate/View/Engines/CompilerEngine.php(76): Livewire\\Mechanisms\\ExtendBlade\\ExtendedCompilerEngine->evaluatePath()
#9 /home/lionel/Documents/Junkyard/gotrip/bc-cms/vendor/livewire/livewire/src/Mechanisms/ExtendBlade/ExtendedCompilerEngine.php(10): Illuminate\\View\\Engines\\CompilerEngine->get()
#10 /home/lionel/Documents/Junkyard/gotrip/bc-cms/vendor/laravel/framework/src/Illuminate/View/View.php(208): Livewire\\Mechanisms\\ExtendBlade\\ExtendedCompilerEngine->get()
#11 /home/lionel/Documents/Junkyard/gotrip/bc-cms/vendor/laravel/framework/src/Illuminate/View/View.php(191): Illuminate\\View\\View->getContents()
#12 /home/lionel/Documents/Junkyard/gotrip/bc-cms/vendor/laravel/framework/src/Illuminate/View/View.php(160): Illuminate\\View\\View->renderContents()
#13 /home/lionel/Documents/Junkyard/gotrip/bc-cms/themes/GoTrip/Layout/user.blade.php(387): Illuminate\\View\\View->render()
#14 /home/lionel/Documents/Junkyard/gotrip/bc-cms/vendor/laravel/framework/src/Illuminate/Filesystem/Filesystem.php(123): require('...')
#15 /home/lionel/Documents/Junkyard/gotrip/bc-cms/vendor/laravel/framework/src/Illuminate/Filesystem/Filesystem.php(124): Illuminate\\Filesystem\\Filesystem::{closure:Illuminate\\Filesystem\\Filesystem::getRequire():120}()
#16 /home/lionel/Documents/Junkyard/gotrip/bc-cms/vendor/laravel/framework/src/Illuminate/View/Engines/PhpEngine.php(57): Illuminate\\Filesystem\\Filesystem->getRequire()
#17 /home/lionel/Documents/Junkyard/gotrip/bc-cms/vendor/livewire/livewire/src/Mechanisms/ExtendBlade/ExtendedCompilerEngine.php(22): Illuminate\\View\\Engines\\PhpEngine->evaluatePath()
#18 /home/lionel/Documents/Junkyard/gotrip/bc-cms/vendor/laravel/framework/src/Illuminate/View/Engines/CompilerEngine.php(76): Livewire\\Mechanisms\\ExtendBlade\\ExtendedCompilerEngine->evaluatePath()
#19 /home/lionel/Documents/Junkyard/gotrip/bc-cms/vendor/livewire/livewire/src/Mechanisms/ExtendBlade/ExtendedCompilerEngine.php(10): Illuminate\\View\\Engines\\CompilerEngine->get()
#20 /home/lionel/Documents/Junkyard/gotrip/bc-cms/vendor/laravel/framework/src/Illuminate/View/View.php(208): Livewire\\Mechanisms\\ExtendBlade\\ExtendedCompilerEngine->get()
#21 /home/lionel/Documents/Junkyard/gotrip/bc-cms/vendor/laravel/framework/src/Illuminate/View/View.php(191): Illuminate\\View\\View->getContents()
#22 /home/lionel/Documents/Junkyard/gotrip/bc-cms/vendor/laravel/framework/src/Illuminate/View/View.php(160): Illuminate\\View\\View->renderContents()
#23 /home/lionel/Documents/Junkyard/gotrip/bc-cms/resources/views/layouts/user.blade.php(1): Illuminate\\View\\View->render()
#24 /home/lionel/Documents/Junkyard/gotrip/bc-cms/vendor/laravel/framework/src/Illuminate/Filesystem/Filesystem.php(123): require('...')
#25 /home/lionel/Documents/Junkyard/gotrip/bc-cms/vendor/laravel/framework/src/Illuminate/Filesystem/Filesystem.php(124): Illuminate\\Filesystem\\Filesystem::{closure:Illuminate\\Filesystem\\Filesystem::getRequire():120}()
#26 /home/lionel/Documents/Junkyard/gotrip/bc-cms/vendor/laravel/framework/src/Illuminate/View/Engines/PhpEngine.php(57): Illuminate\\Filesystem\\Filesystem->getRequire()
#27 /home/lionel/Documents/Junkyard/gotrip/bc-cms/vendor/livewire/livewire/src/Mechanisms/ExtendBlade/ExtendedCompilerEngine.php(22): Illuminate\\View\\Engines\\PhpEngine->evaluatePath()
#28 /home/lionel/Documents/Junkyard/gotrip/bc-cms/vendor/laravel/framework/src/Illuminate/View/Engines/CompilerEngine.php(76): Livewire\\Mechanisms\\ExtendBlade\\ExtendedCompilerEngine->evaluatePath()
#29 /home/lionel/Documents/Junkyard/gotrip/bc-cms/vendor/livewire/livewire/src/Mechanisms/ExtendBlade/ExtendedCompilerEngine.php(10): Illuminate\\View\\Engines\\CompilerEngine->get()
#30 /home/lionel/Documents/Junkyard/gotrip/bc-cms/vendor/laravel/framework/src/Illuminate/View/View.php(208): Livewire\\Mechanisms\\ExtendBlade\\ExtendedCompilerEngine->get()
#31 /home/lionel/Documents/Junkyard/gotrip/bc-cms/vendor/laravel/framework/src/Illuminate/View/View.php(191): Illuminate\\View\\View->getContents()
#32 /home/lionel/Documents/Junkyard/gotrip/bc-cms/vendor/laravel/framework/src/Illuminate/View/View.php(160): Illuminate\\View\\View->renderContents()
#33 /home/lionel/Documents/Junkyard/gotrip/bc-cms/themes/GoTrip/User/Views/frontend/dashboard.blade.php(185): Illuminate\\View\\View->render()
#34 /home/lionel/Documents/Junkyard/gotrip/bc-cms/vendor/laravel/framework/src/Illuminate/Filesystem/Filesystem.php(123): require('...')
#35 /home/lionel/Documents/Junkyard/gotrip/bc-cms/vendor/laravel/framework/src/Illuminate/Filesystem/Filesystem.php(124): Illuminate\\Filesystem\\Filesystem::{closure:Illuminate\\Filesystem\\Filesystem::getRequire():120}()
#36 /home/lionel/Documents/Junkyard/gotrip/bc-cms/vendor/laravel/framework/src/Illuminate/View/Engines/PhpEngine.php(57): Illuminate\\Filesystem\\Filesystem->getRequire()
#37 /home/lionel/Documents/Junkyard/gotrip/bc-cms/vendor/livewire/livewire/src/Mechanisms/ExtendBlade/ExtendedCompilerEngine.php(22): Illuminate\\View\\Engines\\PhpEngine->evaluatePath()
#38 /home/lionel/Documents/Junkyard/gotrip/bc-cms/vendor/laravel/framework/src/Illuminate/View/Engines/CompilerEngine.php(76): Livewire\\Mechanisms\\ExtendBlade\\ExtendedCompilerEngine->evaluatePath()
#39 /home/lionel/Documents/Junkyard/gotrip/bc-cms/vendor/livewire/livewire/src/Mechanisms/ExtendBlade/ExtendedCompilerEngine.php(10): Illuminate\\View\\Engines\\CompilerEngine->get()
#40 /home/lionel/Documents/Junkyard/gotrip/bc-cms/vendor/laravel/framework/src/Illuminate/View/View.php(208): Livewire\\Mechanisms\\ExtendBlade\\ExtendedCompilerEngine->get()
#41 /home/lionel/Documents/Junkyard/gotrip/bc-cms/vendor/laravel/framework/src/Illuminate/View/View.php(191): Illuminate\\View\\View->getContents()
#42 /home/lionel/Documents/Junkyard/gotrip/bc-cms/vendor/laravel/framework/src/Illuminate/View/View.php(160): Illuminate\\View\\View->renderContents()
#43 /home/lionel/Documents/Junkyard/gotrip/bc-cms/vendor/laravel/framework/src/Illuminate/Http/Response.php(78): Illuminate\\View\\View->render()
#44 /home/lionel/Documents/Junkyard/gotrip/bc-cms/vendor/laravel/framework/src/Illuminate/Http/Response.php(34): Illuminate\\Http\\Response->setContent()
#45 /home/lionel/Documents/Junkyard/gotrip/bc-cms/vendor/laravel/framework/src/Illuminate/Routing/Router.php(939): Illuminate\\Http\\Response->__construct()
#46 /home/lionel/Documents/Junkyard/gotrip/bc-cms/vendor/laravel/framework/src/Illuminate/Routing/Router.php(906): Illuminate\\Routing\\Router::toResponse()
#47 /home/lionel/Documents/Junkyard/gotrip/bc-cms/vendor/laravel/framework/src/Illuminate/Routing/Router.php(821): Illuminate\\Routing\\Router->prepareResponse()
#48 /home/lionel/Documents/Junkyard/gotrip/bc-cms/vendor/laravel/framework/src/Illuminate/Pipeline/Pipeline.php(180): Illuminate\\Routing\\Router->{closure:Illuminate\\Routing\\Router::runRouteWithinStack():821}()
#49 /home/lionel/Documents/Junkyard/gotrip/bc-cms/vendor/laravel/framework/src/Illuminate/Auth/Middleware/EnsureEmailIsVerified.php(41): Illuminate\\Pipeline\\Pipeline->{closure:Illuminate\\Pipeline\\Pipeline::prepareDestination():178}()
#50 /home/lionel/Documents/Junkyard/gotrip/bc-cms/vendor/laravel/framework/src/Illuminate/Pipeline/Pipeline.php(219): Illuminate\\Auth\\Middleware\\EnsureEmailIsVerified->handle()
#51 /home/lionel/Documents/Junkyard/gotrip/bc-cms/vendor/barryvdh/laravel-debugbar/src/Middleware/InjectDebugbar.php(66): Illuminate\\Pipeline\\Pipeline->{closure:{closure:Illuminate\\Pipeline\\Pipeline::carry():194}:195}()
#52 /home/lionel/Documents/Junkyard/gotrip/bc-cms/vendor/laravel/framework/src/Illuminate/Pipeline/Pipeline.php(219): Barryvdh\\Debugbar\\Middleware\\InjectDebugbar->handle()
#53 /home/lionel/Documents/Junkyard/gotrip/bc-cms/app/Http/Middleware/RequireChangePassword.php(41): Illuminate\\Pipeline\\Pipeline->{closure:{closure:Illuminate\\Pipeline\\Pipeline::carry():194}:195}()
#54 /home/lionel/Documents/Junkyard/gotrip/bc-cms/vendor/laravel/framework/src/Illuminate/Pipeline/Pipeline.php(219): App\\Http\\Middleware\\RequireChangePassword->handle()
#55 /home/lionel/Documents/Junkyard/gotrip/bc-cms/app/Http/Middleware/SetCurrentCurrency.php(48): Illuminate\\Pipeline\\Pipeline->{closure:{closure:Illuminate\\Pipeline\\Pipeline::carry():194}:195}()
#56 /home/lionel/Documents/Junkyard/gotrip/bc-cms/vendor/laravel/framework/src/Illuminate/Pipeline/Pipeline.php(219): App\\Http\\Middleware\\SetCurrentCurrency->handle()
#57 /home/lionel/Documents/Junkyard/gotrip/bc-cms/app/Http/Middleware/SetLanguageForAdmin.php(37): Illuminate\\Pipeline\\Pipeline->{closure:{closure:Illuminate\\Pipeline\\Pipeline::carry():194}:195}()
#58 /home/lionel/Documents/Junkyard/gotrip/bc-cms/vendor/laravel/framework/src/Illuminate/Pipeline/Pipeline.php(219): App\\Http\\Middleware\\SetLanguageForAdmin->handle()
#59 /home/lionel/Documents/Junkyard/gotrip/bc-cms/app/Http/Middleware/RedirectForMultiLanguage.php(58): Illuminate\\Pipeline\\Pipeline->{closure:{closure:Illuminate\\Pipeline\\Pipeline::carry():194}:195}()
#60 /home/lionel/Documents/Junkyard/gotrip/bc-cms/vendor/laravel/framework/src/Illuminate/Pipeline/Pipeline.php(219): App\\Http\\Middleware\\RedirectForMultiLanguage->handle()
#61 /home/lionel/Documents/Junkyard/gotrip/bc-cms/app/Http/Middleware/FrontendGuard.php(67): Illuminate\\Pipeline\\Pipeline->{closure:{closure:Illuminate\\Pipeline\\Pipeline::carry():194}:195}()
#62 /home/lionel/Documents/Junkyard/gotrip/bc-cms/vendor/laravel/framework/src/Illuminate/Pipeline/Pipeline.php(219): App\\Http\\Middleware\\FrontendGuard->handle()
#63 /home/lionel/Documents/Junkyard/gotrip/bc-cms/vendor/laravel/framework/src/Illuminate/Routing/Middleware/SubstituteBindings.php(50): Illuminate\\Pipeline\\Pipeline->{closure:{closure:Illuminate\\Pipeline\\Pipeline::carry():194}:195}()
#64 /home/lionel/Documents/Junkyard/gotrip/bc-cms/vendor/laravel/framework/src/Illuminate/Pipeline/Pipeline.php(219): Illuminate\\Routing\\Middleware\\SubstituteBindings->handle()
#65 /home/lionel/Documents/Junkyard/gotrip/bc-cms/vendor/laravel/framework/src/Illuminate/Auth/Middleware/Authenticate.php(63): Illuminate\\Pipeline\\Pipeline->{closure:{closure:Illuminate\\Pipeline\\Pipeline::carry():194}:195}()
#66 /home/lionel/Documents/Junkyard/gotrip/bc-cms/vendor/laravel/framework/src/Illuminate/Pipeline/Pipeline.php(219): Illuminate\\Auth\\Middleware\\Authenticate->handle()
#67 /home/lionel/Documents/Junkyard/gotrip/bc-cms/vendor/laravel/framework/src/Illuminate/Foundation/Http/Middleware/VerifyCsrfToken.php(87): Illuminate\\Pipeline\\Pipeline->{closure:{closure:Illuminate\\Pipeline\\Pipeline::carry():194}:195}()
#68 /home/lionel/Documents/Junkyard/gotrip/bc-cms/vendor/laravel/framework/src/Illuminate/Pipeline/Pipeline.php(219): Illuminate\\Foundation\\Http\\Middleware\\VerifyCsrfToken->handle()
#69 /home/lionel/Documents/Junkyard/gotrip/bc-cms/vendor/laravel/framework/src/Illuminate/View/Middleware/ShareErrorsFromSession.php(48): Illuminate\\Pipeline\\Pipeline->{closure:{closure:Illuminate\\Pipeline\\Pipeline::carry():194}:195}()
#70 /home/lionel/Documents/Junkyard/gotrip/bc-cms/vendor/laravel/framework/src/Illuminate/Pipeline/Pipeline.php(219): Illuminate\\View\\Middleware\\ShareErrorsFromSession->handle()
#71 /home/lionel/Documents/Junkyard/gotrip/bc-cms/vendor/laravel/framework/src/Illuminate/Session/Middleware/StartSession.php(120): Illuminate\\Pipeline\\Pipeline->{closure:{closure:Illuminate\\Pipeline\\Pipeline::carry():194}:195}()
#72 /home/lionel/Documents/Junkyard/gotrip/bc-cms/vendor/laravel/framework/src/Illuminate/Session/Middleware/StartSession.php(63): Illuminate\\Session\\Middleware\\StartSession->handleStatefulRequest()
#73 /home/lionel/Documents/Junkyard/gotrip/bc-cms/vendor/laravel/framework/src/Illuminate/Pipeline/Pipeline.php(219): Illuminate\\Session\\Middleware\\StartSession->handle()
#74 /home/lionel/Documents/Junkyard/gotrip/bc-cms/vendor/laravel/framework/src/Illuminate/Cookie/Middleware/AddQueuedCookiesToResponse.php(36): Illuminate\\Pipeline\\Pipeline->{closure:{closure:Illuminate\\Pipeline\\Pipeline::carry():194}:195}()
#75 /home/lionel/Documents/Junkyard/gotrip/bc-cms/vendor/laravel/framework/src/Illuminate/Pipeline/Pipeline.php(219): Illuminate\\Cookie\\Middleware\\AddQueuedCookiesToResponse->handle()
#76 /home/lionel/Documents/Junkyard/gotrip/bc-cms/vendor/laravel/framework/src/Illuminate/Cookie/Middleware/EncryptCookies.php(74): Illuminate\\Pipeline\\Pipeline->{closure:{closure:Illuminate\\Pipeline\\Pipeline::carry():194}:195}()
#77 /home/lionel/Documents/Junkyard/gotrip/bc-cms/vendor/laravel/framework/src/Illuminate/Pipeline/Pipeline.php(219): Illuminate\\Cookie\\Middleware\\EncryptCookies->handle()
#78 /home/lionel/Documents/Junkyard/gotrip/bc-cms/vendor/laravel/framework/src/Illuminate/Pipeline/Pipeline.php(137): Illuminate\\Pipeline\\Pipeline->{closure:{closure:Illuminate\\Pipeline\\Pipeline::carry():194}:195}()
#79 /home/lionel/Documents/Junkyard/gotrip/bc-cms/vendor/laravel/framework/src/Illuminate/Routing/Router.php(821): Illuminate\\Pipeline\\Pipeline->then()
#80 /home/lionel/Documents/Junkyard/gotrip/bc-cms/vendor/laravel/framework/src/Illuminate/Routing/Router.php(800): Illuminate\\Routing\\Router->runRouteWithinStack()
#81 /home/lionel/Documents/Junkyard/gotrip/bc-cms/vendor/laravel/framework/src/Illuminate/Routing/Router.php(764): Illuminate\\Routing\\Router->runRoute()
#82 /home/lionel/Documents/Junkyard/gotrip/bc-cms/vendor/laravel/framework/src/Illuminate/Routing/Router.php(753): Illuminate\\Routing\\Router->dispatchToRoute()
#83 /home/lionel/Documents/Junkyard/gotrip/bc-cms/vendor/laravel/framework/src/Illuminate/Foundation/Http/Kernel.php(200): Illuminate\\Routing\\Router->dispatch()
#84 /home/lionel/Documents/Junkyard/gotrip/bc-cms/vendor/laravel/framework/src/Illuminate/Pipeline/Pipeline.php(180): Illuminate\\Foundation\\Http\\Kernel->{closure:Illuminate\\Foundation\\Http\\Kernel::dispatchToRouter():197}()
#85 /home/lionel/Documents/Junkyard/gotrip/bc-cms/themes/Base/Core/Middleware/RunUpdater.php(77): Illuminate\\Pipeline\\Pipeline->{closure:Illuminate\\Pipeline\\Pipeline::prepareDestination():178}()
#86 /home/lionel/Documents/Junkyard/gotrip/bc-cms/vendor/laravel/framework/src/Illuminate/Pipeline/Pipeline.php(219): Themes\\Base\\Core\\Middleware\\RunUpdater->handle()
#87 /home/lionel/Documents/Junkyard/gotrip/bc-cms/vendor/livewire/livewire/src/Features/SupportDisablingBackButtonCache/DisableBackButtonCacheMiddleware.php(19): Illuminate\\Pipeline\\Pipeline->{closure:{closure:Illuminate\\Pipeline\\Pipeline::carry():194}:195}()
#88 /home/lionel/Documents/Junkyard/gotrip/bc-cms/vendor/laravel/framework/src/Illuminate/Pipeline/Pipeline.php(219): Livewire\\Features\\SupportDisablingBackButtonCache\\DisableBackButtonCacheMiddleware->handle()
#89 /home/lionel/Documents/Junkyard/gotrip/bc-cms/vendor/barryvdh/laravel-debugbar/src/Middleware/InjectDebugbar.php(66): Illuminate\\Pipeline\\Pipeline->{closure:{closure:Illuminate\\Pipeline\\Pipeline::carry():194}:195}()
#90 /home/lionel/Documents/Junkyard/gotrip/bc-cms/vendor/laravel/framework/src/Illuminate/Pipeline/Pipeline.php(219): Barryvdh\\Debugbar\\Middleware\\InjectDebugbar->handle()
#91 /home/lionel/Documents/Junkyard/gotrip/bc-cms/app/Http/Middleware/RedirectToInstaller.php(40): Illuminate\\Pipeline\\Pipeline->{closure:{closure:Illuminate\\Pipeline\\Pipeline::carry():194}:195}()
#92 /home/lionel/Documents/Junkyard/gotrip/bc-cms/vendor/laravel/framework/src/Illuminate/Pipeline/Pipeline.php(219): App\\Http\\Middleware\\RedirectToInstaller->handle()
#93 /home/lionel/Documents/Junkyard/gotrip/bc-cms/vendor/laravel/framework/src/Illuminate/Foundation/Http/Middleware/TransformsRequest.php(21): Illuminate\\Pipeline\\Pipeline->{closure:{closure:Illuminate\\Pipeline\\Pipeline::carry():194}:195}()
#94 /home/lionel/Documents/Junkyard/gotrip/bc-cms/vendor/laravel/framework/src/Illuminate/Foundation/Http/Middleware/ConvertEmptyStringsToNull.php(31): Illuminate\\Foundation\\Http\\Middleware\\TransformsRequest->handle()
#95 /home/lionel/Documents/Junkyard/gotrip/bc-cms/vendor/laravel/framework/src/Illuminate/Pipeline/Pipeline.php(219): Illuminate\\Foundation\\Http\\Middleware\\ConvertEmptyStringsToNull->handle()
#96 /home/lionel/Documents/Junkyard/gotrip/bc-cms/vendor/laravel/framework/src/Illuminate/Foundation/Http/Middleware/TransformsRequest.php(21): Illuminate\\Pipeline\\Pipeline->{closure:{closure:Illuminate\\Pipeline\\Pipeline::carry():194}:195}()
#97 /home/lionel/Documents/Junkyard/gotrip/bc-cms/vendor/laravel/framework/src/Illuminate/Foundation/Http/Middleware/TrimStrings.php(51): Illuminate\\Foundation\\Http\\Middleware\\TransformsRequest->handle()
#98 /home/lionel/Documents/Junkyard/gotrip/bc-cms/vendor/laravel/framework/src/Illuminate/Pipeline/Pipeline.php(219): Illuminate\\Foundation\\Http\\Middleware\\TrimStrings->handle()
#99 /home/lionel/Documents/Junkyard/gotrip/bc-cms/vendor/laravel/framework/src/Illuminate/Http/Middleware/ValidatePostSize.php(27): Illuminate\\Pipeline\\Pipeline->{closure:{closure:Illuminate\\Pipeline\\Pipeline::carry():194}:195}()
#100 /home/lionel/Documents/Junkyard/gotrip/bc-cms/vendor/laravel/framework/src/Illuminate/Pipeline/Pipeline.php(219): Illuminate\\Http\\Middleware\\ValidatePostSize->handle()
#101 /home/lionel/Documents/Junkyard/gotrip/bc-cms/vendor/laravel/framework/src/Illuminate/Foundation/Http/Middleware/PreventRequestsDuringMaintenance.php(109): Illuminate\\Pipeline\\Pipeline->{closure:{closure:Illuminate\\Pipeline\\Pipeline::carry():194}:195}()
#102 /home/lionel/Documents/Junkyard/gotrip/bc-cms/vendor/laravel/framework/src/Illuminate/Pipeline/Pipeline.php(219): Illuminate\\Foundation\\Http\\Middleware\\PreventRequestsDuringMaintenance->handle()
#103 /home/lionel/Documents/Junkyard/gotrip/bc-cms/vendor/laravel/framework/src/Illuminate/Http/Middleware/HandleCors.php(48): Illuminate\\Pipeline\\Pipeline->{closure:{closure:Illuminate\\Pipeline\\Pipeline::carry():194}:195}()
#104 /home/lionel/Documents/Junkyard/gotrip/bc-cms/vendor/laravel/framework/src/Illuminate/Pipeline/Pipeline.php(219): Illuminate\\Http\\Middleware\\HandleCors->handle()
#105 /home/lionel/Documents/Junkyard/gotrip/bc-cms/vendor/laravel/framework/src/Illuminate/Http/Middleware/TrustProxies.php(58): Illuminate\\Pipeline\\Pipeline->{closure:{closure:Illuminate\\Pipeline\\Pipeline::carry():194}:195}()
#106 /home/lionel/Documents/Junkyard/gotrip/bc-cms/vendor/laravel/framework/src/Illuminate/Pipeline/Pipeline.php(219): Illuminate\\Http\\Middleware\\TrustProxies->handle()
#107 /home/lionel/Documents/Junkyard/gotrip/bc-cms/vendor/laravel/framework/src/Illuminate/Foundation/Http/Middleware/InvokeDeferredCallbacks.php(22): Illuminate\\Pipeline\\Pipeline->{closure:{closure:Illuminate\\Pipeline\\Pipeline::carry():194}:195}()
#108 /home/lionel/Documents/Junkyard/gotrip/bc-cms/vendor/laravel/framework/src/Illuminate/Pipeline/Pipeline.php(219): Illuminate\\Foundation\\Http\\Middleware\\InvokeDeferredCallbacks->handle()
#109 /home/lionel/Documents/Junkyard/gotrip/bc-cms/vendor/laravel/framework/src/Illuminate/Http/Middleware/ValidatePathEncoding.php(26): Illuminate\\Pipeline\\Pipeline->{closure:{closure:Illuminate\\Pipeline\\Pipeline::carry():194}:195}()
#110 /home/lionel/Documents/Junkyard/gotrip/bc-cms/vendor/laravel/framework/src/Illuminate/Pipeline/Pipeline.php(219): Illuminate\\Http\\Middleware\\ValidatePathEncoding->handle()
#111 /home/lionel/Documents/Junkyard/gotrip/bc-cms/vendor/laravel/framework/src/Illuminate/Pipeline/Pipeline.php(137): Illuminate\\Pipeline\\Pipeline->{closure:{closure:Illuminate\\Pipeline\\Pipeline::carry():194}:195}()
#112 /home/lionel/Documents/Junkyard/gotrip/bc-cms/vendor/laravel/framework/src/Illuminate/Foundation/Http/Kernel.php(175): Illuminate\\Pipeline\\Pipeline->then()
#113 /home/lionel/Documents/Junkyard/gotrip/bc-cms/vendor/laravel/framework/src/Illuminate/Foundation/Http/Kernel.php(144): Illuminate\\Foundation\\Http\\Kernel->sendRequestThroughRouter()
#114 /home/lionel/Documents/Junkyard/gotrip/bc-cms/vendor/laravel/framework/src/Illuminate/Foundation/Application.php(1219): Illuminate\\Foundation\\Http\\Kernel->handle()
#115 /home/lionel/Documents/Junkyard/gotrip/public_html/index.php(84): Illuminate\\Foundation\\Application->handleRequest()
#116 /home/lionel/Documents/Junkyard/gotrip/bc-cms/server.php(21): require_once('...')
#117 {main}

[previous exception] [object] (BadMethodCallException(code: 0): Call to undefined method Pro\\Tanova\\Models\\TanovaTrip::isEnable() at /home/lionel/Documents/Junkyard/gotrip/bc-cms/vendor/laravel/framework/src/Illuminate/Support/Traits/ForwardsCalls.php:67)
[stacktrace]
#0 /home/lionel/Documents/Junkyard/gotrip/bc-cms/vendor/laravel/framework/src/Illuminate/Support/Traits/ForwardsCalls.php(36): Illuminate\\Database\\Eloquent\\Model::throwBadMethodCallException()
#1 /home/lionel/Documents/Junkyard/gotrip/bc-cms/vendor/laravel/framework/src/Illuminate/Database/Eloquent/Model.php(2525): Illuminate\\Database\\Eloquent\\Model->forwardCallTo()
#2 /home/lionel/Documents/Junkyard/gotrip/bc-cms/vendor/laravel/framework/src/Illuminate/Database/Eloquent/Model.php(2541): Illuminate\\Database\\Eloquent\\Model->__call()
#3 /home/lionel/Documents/Junkyard/gotrip/bc-cms/storage/framework/views/c9533d54e60bba401ed8f7e3f144f38b.php(43): Illuminate\\Database\\Eloquent\\Model::__callStatic()
#4 /home/lionel/Documents/Junkyard/gotrip/bc-cms/vendor/laravel/framework/src/Illuminate/Filesystem/Filesystem.php(123): require('...')
#5 /home/lionel/Documents/Junkyard/gotrip/bc-cms/vendor/laravel/framework/src/Illuminate/Filesystem/Filesystem.php(124): Illuminate\\Filesystem\\Filesystem::{closure:Illuminate\\Filesystem\\Filesystem::getRequire():120}()
#6 /home/lionel/Documents/Junkyard/gotrip/bc-cms/vendor/laravel/framework/src/Illuminate/View/Engines/PhpEngine.php(57): Illuminate\\Filesystem\\Filesystem->getRequire()
#7 /home/lionel/Documents/Junkyard/gotrip/bc-cms/vendor/livewire/livewire/src/Mechanisms/ExtendBlade/ExtendedCompilerEngine.php(22): Illuminate\\View\\Engines\\PhpEngine->evaluatePath()
#8 /home/lionel/Documents/Junkyard/gotrip/bc-cms/vendor/laravel/framework/src/Illuminate/View/Engines/CompilerEngine.php(76): Livewire\\Mechanisms\\ExtendBlade\\ExtendedCompilerEngine->evaluatePath()
#9 /home/lionel/Documents/Junkyard/gotrip/bc-cms/vendor/livewire/livewire/src/Mechanisms/ExtendBlade/ExtendedCompilerEngine.php(10): Illuminate\\View\\Engines\\CompilerEngine->get()
#10 /home/lionel/Documents/Junkyard/gotrip/bc-cms/vendor/laravel/framework/src/Illuminate/View/View.php(208): Livewire\\Mechanisms\\ExtendBlade\\ExtendedCompilerEngine->get()
#11 /home/lionel/Documents/Junkyard/gotrip/bc-cms/vendor/laravel/framework/src/Illuminate/View/View.php(191): Illuminate\\View\\View->getContents()
#12 /home/lionel/Documents/Junkyard/gotrip/bc-cms/vendor/laravel/framework/src/Illuminate/View/View.php(160): Illuminate\\View\\View->renderContents()
#13 /home/lionel/Documents/Junkyard/gotrip/bc-cms/storage/framework/views/45f317d791718a9b908a2c111d0fb237.php(387): Illuminate\\View\\View->render()
#14 /home/lionel/Documents/Junkyard/gotrip/bc-cms/vendor/laravel/framework/src/Illuminate/Filesystem/Filesystem.php(123): require('...')
#15 /home/lionel/Documents/Junkyard/gotrip/bc-cms/vendor/laravel/framework/src/Illuminate/Filesystem/Filesystem.php(124): Illuminate\\Filesystem\\Filesystem::{closure:Illuminate\\Filesystem\\Filesystem::getRequire():120}()
#16 /home/lionel/Documents/Junkyard/gotrip/bc-cms/vendor/laravel/framework/src/Illuminate/View/Engines/PhpEngine.php(57): Illuminate\\Filesystem\\Filesystem->getRequire()
#17 /home/lionel/Documents/Junkyard/gotrip/bc-cms/vendor/livewire/livewire/src/Mechanisms/ExtendBlade/ExtendedCompilerEngine.php(22): Illuminate\\View\\Engines\\PhpEngine->evaluatePath()
#18 /home/lionel/Documents/Junkyard/gotrip/bc-cms/vendor/laravel/framework/src/Illuminate/View/Engines/CompilerEngine.php(76): Livewire\\Mechanisms\\ExtendBlade\\ExtendedCompilerEngine->evaluatePath()
#19 /home/lionel/Documents/Junkyard/gotrip/bc-cms/vendor/livewire/livewire/src/Mechanisms/ExtendBlade/ExtendedCompilerEngine.php(10): Illuminate\\View\\Engines\\CompilerEngine->get()
#20 /home/lionel/Documents/Junkyard/gotrip/bc-cms/vendor/laravel/framework/src/Illuminate/View/View.php(208): Livewire\\Mechanisms\\ExtendBlade\\ExtendedCompilerEngine->get()
#21 /home/lionel/Documents/Junkyard/gotrip/bc-cms/vendor/laravel/framework/src/Illuminate/View/View.php(191): Illuminate\\View\\View->getContents()
#22 /home/lionel/Documents/Junkyard/gotrip/bc-cms/vendor/laravel/framework/src/Illuminate/View/View.php(160): Illuminate\\View\\View->renderContents()
#23 /home/lionel/Documents/Junkyard/gotrip/bc-cms/storage/framework/views/0ab1a4cb401158430b2611ec1dd48d90.php(1): Illuminate\\View\\View->render()
#24 /home/lionel/Documents/Junkyard/gotrip/bc-cms/vendor/laravel/framework/src/Illuminate/Filesystem/Filesystem.php(123): require('...')
#25 /home/lionel/Documents/Junkyard/gotrip/bc-cms/vendor/laravel/framework/src/Illuminate/Filesystem/Filesystem.php(124): Illuminate\\Filesystem\\Filesystem::{closure:Illuminate\\Filesystem\\Filesystem::getRequire():120}()
#26 /home/lionel/Documents/Junkyard/gotrip/bc-cms/vendor/laravel/framework/src/Illuminate/View/Engines/PhpEngine.php(57): Illuminate\\Filesystem\\Filesystem->getRequire()
#27 /home/lionel/Documents/Junkyard/gotrip/bc-cms/vendor/livewire/livewire/src/Mechanisms/ExtendBlade/ExtendedCompilerEngine.php(22): Illuminate\\View\\Engines\\PhpEngine->evaluatePath()
#28 /home/lionel/Documents/Junkyard/gotrip/bc-cms/vendor/laravel/framework/src/Illuminate/View/Engines/CompilerEngine.php(76): Livewire\\Mechanisms\\ExtendBlade\\ExtendedCompilerEngine->evaluatePath()
#29 /home/lionel/Documents/Junkyard/gotrip/bc-cms/vendor/livewire/livewire/src/Mechanisms/ExtendBlade/ExtendedCompilerEngine.php(10): Illuminate\\View\\Engines\\CompilerEngine->get()
#30 /home/lionel/Documents/Junkyard/gotrip/bc-cms/vendor/laravel/framework/src/Illuminate/View/View.php(208): Livewire\\Mechanisms\\ExtendBlade\\ExtendedCompilerEngine->get()
#31 /home/lionel/Documents/Junkyard/gotrip/bc-cms/vendor/laravel/framework/src/Illuminate/View/View.php(191): Illuminate\\View\\View->getContents()
#32 /home/lionel/Documents/Junkyard/gotrip/bc-cms/vendor/laravel/framework/src/Illuminate/View/View.php(160): Illuminate\\View\\View->renderContents()
#33 /home/lionel/Documents/Junkyard/gotrip/bc-cms/storage/framework/views/13bad257085a3c85d419627c214466d7.php(187): Illuminate\\View\\View->render()
#34 /home/lionel/Documents/Junkyard/gotrip/bc-cms/vendor/laravel/framework/src/Illuminate/Filesystem/Filesystem.php(123): require('...')
#35 /home/lionel/Documents/Junkyard/gotrip/bc-cms/vendor/laravel/framework/src/Illuminate/Filesystem/Filesystem.php(124): Illuminate\\Filesystem\\Filesystem::{closure:Illuminate\\Filesystem\\Filesystem::getRequire():120}()
#36 /home/lionel/Documents/Junkyard/gotrip/bc-cms/vendor/laravel/framework/src/Illuminate/View/Engines/PhpEngine.php(57): Illuminate\\Filesystem\\Filesystem->getRequire()
#37 /home/lionel/Documents/Junkyard/gotrip/bc-cms/vendor/livewire/livewire/src/Mechanisms/ExtendBlade/ExtendedCompilerEngine.php(22): Illuminate\\View\\Engines\\PhpEngine->evaluatePath()
#38 /home/lionel/Documents/Junkyard/gotrip/bc-cms/vendor/laravel/framework/src/Illuminate/View/Engines/CompilerEngine.php(76): Livewire\\Mechanisms\\ExtendBlade\\ExtendedCompilerEngine->evaluatePath()
#39 /home/lionel/Documents/Junkyard/gotrip/bc-cms/vendor/livewire/livewire/src/Mechanisms/ExtendBlade/ExtendedCompilerEngine.php(10): Illuminate\\View\\Engines\\CompilerEngine->get()
#40 /home/lionel/Documents/Junkyard/gotrip/bc-cms/vendor/laravel/framework/src/Illuminate/View/View.php(208): Livewire\\Mechanisms\\ExtendBlade\\ExtendedCompilerEngine->get()
#41 /home/lionel/Documents/Junkyard/gotrip/bc-cms/vendor/laravel/framework/src/Illuminate/View/View.php(191): Illuminate\\View\\View->getContents()
#42 /home/lionel/Documents/Junkyard/gotrip/bc-cms/vendor/laravel/framework/src/Illuminate/View/View.php(160): Illuminate\\View\\View->renderContents()
#43 /home/lionel/Documents/Junkyard/gotrip/bc-cms/vendor/laravel/framework/src/Illuminate/Http/Response.php(78): Illuminate\\View\\View->render()
#44 /home/lionel/Documents/Junkyard/gotrip/bc-cms/vendor/laravel/framework/src/Illuminate/Http/Response.php(34): Illuminate\\Http\\Response->setContent()
#45 /home/lionel/Documents/Junkyard/gotrip/bc-cms/vendor/laravel/framework/src/Illuminate/Routing/Router.php(939): Illuminate\\Http\\Response->__construct()
#46 /home/lionel/Documents/Junkyard/gotrip/bc-cms/vendor/laravel/framework/src/Illuminate/Routing/Router.php(906): Illuminate\\Routing\\Router::toResponse()
#47 /home/lionel/Documents/Junkyard/gotrip/bc-cms/vendor/laravel/framework/src/Illuminate/Routing/Router.php(821): Illuminate\\Routing\\Router->prepareResponse()
#48 /home/lionel/Documents/Junkyard/gotrip/bc-cms/vendor/laravel/framework/src/Illuminate/Pipeline/Pipeline.php(180): Illuminate\\Routing\\Router->{closure:Illuminate\\Routing\\Router::runRouteWithinStack():821}()
#49 /home/lionel/Documents/Junkyard/gotrip/bc-cms/vendor/laravel/framework/src/Illuminate/Auth/Middleware/EnsureEmailIsVerified.php(41): Illuminate\\Pipeline\\Pipeline->{closure:Illuminate\\Pipeline\\Pipeline::prepareDestination():178}()
#50 /home/lionel/Documents/Junkyard/gotrip/bc-cms/vendor/laravel/framework/src/Illuminate/Pipeline/Pipeline.php(219): Illuminate\\Auth\\Middleware\\EnsureEmailIsVerified->handle()
#51 /home/lionel/Documents/Junkyard/gotrip/bc-cms/vendor/barryvdh/laravel-debugbar/src/Middleware/InjectDebugbar.php(66): Illuminate\\Pipeline\\Pipeline->{closure:{closure:Illuminate\\Pipeline\\Pipeline::carry():194}:195}()
#52 /home/lionel/Documents/Junkyard/gotrip/bc-cms/vendor/laravel/framework/src/Illuminate/Pipeline/Pipeline.php(219): Barryvdh\\Debugbar\\Middleware\\InjectDebugbar->handle()
#53 /home/lionel/Documents/Junkyard/gotrip/bc-cms/app/Http/Middleware/RequireChangePassword.php(41): Illuminate\\Pipeline\\Pipeline->{closure:{closure:Illuminate\\Pipeline\\Pipeline::carry():194}:195}()
#54 /home/lionel/Documents/Junkyard/gotrip/bc-cms/vendor/laravel/framework/src/Illuminate/Pipeline/Pipeline.php(219): App\\Http\\Middleware\\RequireChangePassword->handle()
#55 /home/lionel/Documents/Junkyard/gotrip/bc-cms/app/Http/Middleware/SetCurrentCurrency.php(48): Illuminate\\Pipeline\\Pipeline->{closure:{closure:Illuminate\\Pipeline\\Pipeline::carry():194}:195}()
#56 /home/lionel/Documents/Junkyard/gotrip/bc-cms/vendor/laravel/framework/src/Illuminate/Pipeline/Pipeline.php(219): App\\Http\\Middleware\\SetCurrentCurrency->handle()
#57 /home/lionel/Documents/Junkyard/gotrip/bc-cms/app/Http/Middleware/SetLanguageForAdmin.php(37): Illuminate\\Pipeline\\Pipeline->{closure:{closure:Illuminate\\Pipeline\\Pipeline::carry():194}:195}()
#58 /home/lionel/Documents/Junkyard/gotrip/bc-cms/vendor/laravel/framework/src/Illuminate/Pipeline/Pipeline.php(219): App\\Http\\Middleware\\SetLanguageForAdmin->handle()
#59 /home/lionel/Documents/Junkyard/gotrip/bc-cms/app/Http/Middleware/RedirectForMultiLanguage.php(58): Illuminate\\Pipeline\\Pipeline->{closure:{closure:Illuminate\\Pipeline\\Pipeline::carry():194}:195}()
#60 /home/lionel/Documents/Junkyard/gotrip/bc-cms/vendor/laravel/framework/src/Illuminate/Pipeline/Pipeline.php(219): App\\Http\\Middleware\\RedirectForMultiLanguage->handle()
#61 /home/lionel/Documents/Junkyard/gotrip/bc-cms/app/Http/Middleware/FrontendGuard.php(67): Illuminate\\Pipeline\\Pipeline->{closure:{closure:Illuminate\\Pipeline\\Pipeline::carry():194}:195}()
#62 /home/lionel/Documents/Junkyard/gotrip/bc-cms/vendor/laravel/framework/src/Illuminate/Pipeline/Pipeline.php(219): App\\Http\\Middleware\\FrontendGuard->handle()
#63 /home/lionel/Documents/Junkyard/gotrip/bc-cms/vendor/laravel/framework/src/Illuminate/Routing/Middleware/SubstituteBindings.php(50): Illuminate\\Pipeline\\Pipeline->{closure:{closure:Illuminate\\Pipeline\\Pipeline::carry():194}:195}()
#64 /home/lionel/Documents/Junkyard/gotrip/bc-cms/vendor/laravel/framework/src/Illuminate/Pipeline/Pipeline.php(219): Illuminate\\Routing\\Middleware\\SubstituteBindings->handle()
#65 /home/lionel/Documents/Junkyard/gotrip/bc-cms/vendor/laravel/framework/src/Illuminate/Auth/Middleware/Authenticate.php(63): Illuminate\\Pipeline\\Pipeline->{closure:{closure:Illuminate\\Pipeline\\Pipeline::carry():194}:195}()
#66 /home/lionel/Documents/Junkyard/gotrip/bc-cms/vendor/laravel/framework/src/Illuminate/Pipeline/Pipeline.php(219): Illuminate\\Auth\\Middleware\\Authenticate->handle()
#67 /home/lionel/Documents/Junkyard/gotrip/bc-cms/vendor/laravel/framework/src/Illuminate/Foundation/Http/Middleware/VerifyCsrfToken.php(87): Illuminate\\Pipeline\\Pipeline->{closure:{closure:Illuminate\\Pipeline\\Pipeline::carry():194}:195}()
#68 /home/lionel/Documents/Junkyard/gotrip/bc-cms/vendor/laravel/framework/src/Illuminate/Pipeline/Pipeline.php(219): Illuminate\\Foundation\\Http\\Middleware\\VerifyCsrfToken->handle()
#69 /home/lionel/Documents/Junkyard/gotrip/bc-cms/vendor/laravel/framework/src/Illuminate/View/Middleware/ShareErrorsFromSession.php(48): Illuminate\\Pipeline\\Pipeline->{closure:{closure:Illuminate\\Pipeline\\Pipeline::carry():194}:195}()
#70 /home/lionel/Documents/Junkyard/gotrip/bc-cms/vendor/laravel/framework/src/Illuminate/Pipeline/Pipeline.php(219): Illuminate\\View\\Middleware\\ShareErrorsFromSession->handle()
#71 /home/lionel/Documents/Junkyard/gotrip/bc-cms/vendor/laravel/framework/src/Illuminate/Session/Middleware/StartSession.php(120): Illuminate\\Pipeline\\Pipeline->{closure:{closure:Illuminate\\Pipeline\\Pipeline::carry():194}:195}()
#72 /home/lionel/Documents/Junkyard/gotrip/bc-cms/vendor/laravel/framework/src/Illuminate/Session/Middleware/StartSession.php(63): Illuminate\\Session\\Middleware\\StartSession->handleStatefulRequest()
#73 /home/lionel/Documents/Junkyard/gotrip/bc-cms/vendor/laravel/framework/src/Illuminate/Pipeline/Pipeline.php(219): Illuminate\\Session\\Middleware\\StartSession->handle()
#74 /home/lionel/Documents/Junkyard/gotrip/bc-cms/vendor/laravel/framework/src/Illuminate/Cookie/Middleware/AddQueuedCookiesToResponse.php(36): Illuminate\\Pipeline\\Pipeline->{closure:{closure:Illuminate\\Pipeline\\Pipeline::carry():194}:195}()
#75 /home/lionel/Documents/Junkyard/gotrip/bc-cms/vendor/laravel/framework/src/Illuminate/Pipeline/Pipeline.php(219): Illuminate\\Cookie\\Middleware\\AddQueuedCookiesToResponse->handle()
#76 /home/lionel/Documents/Junkyard/gotrip/bc-cms/vendor/laravel/framework/src/Illuminate/Cookie/Middleware/EncryptCookies.php(74): Illuminate\\Pipeline\\Pipeline->{closure:{closure:Illuminate\\Pipeline\\Pipeline::carry():194}:195}()
#77 /home/lionel/Documents/Junkyard/gotrip/bc-cms/vendor/laravel/framework/src/Illuminate/Pipeline/Pipeline.php(219): Illuminate\\Cookie\\Middleware\\EncryptCookies->handle()
#78 /home/lionel/Documents/Junkyard/gotrip/bc-cms/vendor/laravel/framework/src/Illuminate/Pipeline/Pipeline.php(137): Illuminate\\Pipeline\\Pipeline->{closure:{closure:Illuminate\\Pipeline\\Pipeline::carry():194}:195}()
#79 /home/lionel/Documents/Junkyard/gotrip/bc-cms/vendor/laravel/framework/src/Illuminate/Routing/Router.php(821): Illuminate\\Pipeline\\Pipeline->then()
#80 /home/lionel/Documents/Junkyard/gotrip/bc-cms/vendor/laravel/framework/src/Illuminate/Routing/Router.php(800): Illuminate\\Routing\\Router->runRouteWithinStack()
#81 /home/lionel/Documents/Junkyard/gotrip/bc-cms/vendor/laravel/framework/src/Illuminate/Routing/Router.php(764): Illuminate\\Routing\\Router->runRoute()
#82 /home/lionel/Documents/Junkyard/gotrip/bc-cms/vendor/laravel/framework/src/Illuminate/Routing/Router.php(753): Illuminate\\Routing\\Router->dispatchToRoute()
#83 /home/lionel/Documents/Junkyard/gotrip/bc-cms/vendor/laravel/framework/src/Illuminate/Foundation/Http/Kernel.php(200): Illuminate\\Routing\\Router->dispatch()
#84 /home/lionel/Documents/Junkyard/gotrip/bc-cms/vendor/laravel/framework/src/Illuminate/Pipeline/Pipeline.php(180): Illuminate\\Foundation\\Http\\Kernel->{closure:Illuminate\\Foundation\\Http\\Kernel::dispatchToRouter():197}()
#85 /home/lionel/Documents/Junkyard/gotrip/bc-cms/themes/Base/Core/Middleware/RunUpdater.php(77): Illuminate\\Pipeline\\Pipeline->{closure:Illuminate\\Pipeline\\Pipeline::prepareDestination():178}()
#86 /home/lionel/Documents/Junkyard/gotrip/bc-cms/vendor/laravel/framework/src/Illuminate/Pipeline/Pipeline.php(219): Themes\\Base\\Core\\Middleware\\RunUpdater->handle()
#87 /home/lionel/Documents/Junkyard/gotrip/bc-cms/vendor/livewire/livewire/src/Features/SupportDisablingBackButtonCache/DisableBackButtonCacheMiddleware.php(19): Illuminate\\Pipeline\\Pipeline->{closure:{closure:Illuminate\\Pipeline\\Pipeline::carry():194}:195}()
#88 /home/lionel/Documents/Junkyard/gotrip/bc-cms/vendor/laravel/framework/src/Illuminate/Pipeline/Pipeline.php(219): Livewire\\Features\\SupportDisablingBackButtonCache\\DisableBackButtonCacheMiddleware->handle()
#89 /home/lionel/Documents/Junkyard/gotrip/bc-cms/vendor/barryvdh/laravel-debugbar/src/Middleware/InjectDebugbar.php(66): Illuminate\\Pipeline\\Pipeline->{closure:{closure:Illuminate\\Pipeline\\Pipeline::carry():194}:195}()
#90 /home/lionel/Documents/Junkyard/gotrip/bc-cms/vendor/laravel/framework/src/Illuminate/Pipeline/Pipeline.php(219): Barryvdh\\Debugbar\\Middleware\\InjectDebugbar->handle()
#91 /home/lionel/Documents/Junkyard/gotrip/bc-cms/app/Http/Middleware/RedirectToInstaller.php(40): Illuminate\\Pipeline\\Pipeline->{closure:{closure:Illuminate\\Pipeline\\Pipeline::carry():194}:195}()
#92 /home/lionel/Documents/Junkyard/gotrip/bc-cms/vendor/laravel/framework/src/Illuminate/Pipeline/Pipeline.php(219): App\\Http\\Middleware\\RedirectToInstaller->handle()
#93 /home/lionel/Documents/Junkyard/gotrip/bc-cms/vendor/laravel/framework/src/Illuminate/Foundation/Http/Middleware/TransformsRequest.php(21): Illuminate\\Pipeline\\Pipeline->{closure:{closure:Illuminate\\Pipeline\\Pipeline::carry():194}:195}()
#94 /home/lionel/Documents/Junkyard/gotrip/bc-cms/vendor/laravel/framework/src/Illuminate/Foundation/Http/Middleware/ConvertEmptyStringsToNull.php(31): Illuminate\\Foundation\\Http\\Middleware\\TransformsRequest->handle()
#95 /home/lionel/Documents/Junkyard/gotrip/bc-cms/vendor/laravel/framework/src/Illuminate/Pipeline/Pipeline.php(219): Illuminate\\Foundation\\Http\\Middleware\\ConvertEmptyStringsToNull->handle()
#96 /home/lionel/Documents/Junkyard/gotrip/bc-cms/vendor/laravel/framework/src/Illuminate/Foundation/Http/Middleware/TransformsRequest.php(21): Illuminate\\Pipeline\\Pipeline->{closure:{closure:Illuminate\\Pipeline\\Pipeline::carry():194}:195}()
#97 /home/lionel/Documents/Junkyard/gotrip/bc-cms/vendor/laravel/framework/src/Illuminate/Foundation/Http/Middleware/TrimStrings.php(51): Illuminate\\Foundation\\Http\\Middleware\\TransformsRequest->handle()
#98 /home/lionel/Documents/Junkyard/gotrip/bc-cms/vendor/laravel/framework/src/Illuminate/Pipeline/Pipeline.php(219): Illuminate\\Foundation\\Http\\Middleware\\TrimStrings->handle()
#99 /home/lionel/Documents/Junkyard/gotrip/bc-cms/vendor/laravel/framework/src/Illuminate/Http/Middleware/ValidatePostSize.php(27): Illuminate\\Pipeline\\Pipeline->{closure:{closure:Illuminate\\Pipeline\\Pipeline::carry():194}:195}()
#100 /home/lionel/Documents/Junkyard/gotrip/bc-cms/vendor/laravel/framework/src/Illuminate/Pipeline/Pipeline.php(219): Illuminate\\Http\\Middleware\\ValidatePostSize->handle()
#101 /home/lionel/Documents/Junkyard/gotrip/bc-cms/vendor/laravel/framework/src/Illuminate/Foundation/Http/Middleware/PreventRequestsDuringMaintenance.php(109): Illuminate\\Pipeline\\Pipeline->{closure:{closure:Illuminate\\Pipeline\\Pipeline::carry():194}:195}()
#102 /home/lionel/Documents/Junkyard/gotrip/bc-cms/vendor/laravel/framework/src/Illuminate/Pipeline/Pipeline.php(219): Illuminate\\Foundation\\Http\\Middleware\\PreventRequestsDuringMaintenance->handle()
#103 /home/lionel/Documents/Junkyard/gotrip/bc-cms/vendor/laravel/framework/src/Illuminate/Http/Middleware/HandleCors.php(48): Illuminate\\Pipeline\\Pipeline->{closure:{closure:Illuminate\\Pipeline\\Pipeline::carry():194}:195}()
#104 /home/lionel/Documents/Junkyard/gotrip/bc-cms/vendor/laravel/framework/src/Illuminate/Pipeline/Pipeline.php(219): Illuminate\\Http\\Middleware\\HandleCors->handle()
#105 /home/lionel/Documents/Junkyard/gotrip/bc-cms/vendor/laravel/framework/src/Illuminate/Http/Middleware/TrustProxies.php(58): Illuminate\\Pipeline\\Pipeline->{closure:{closure:Illuminate\\Pipeline\\Pipeline::carry():194}:195}()
#106 /home/lionel/Documents/Junkyard/gotrip/bc-cms/vendor/laravel/framework/src/Illuminate/Pipeline/Pipeline.php(219): Illuminate\\Http\\Middleware\\TrustProxies->handle()
#107 /home/lionel/Documents/Junkyard/gotrip/bc-cms/vendor/laravel/framework/src/Illuminate/Foundation/Http/Middleware/InvokeDeferredCallbacks.php(22): Illuminate\\Pipeline\\Pipeline->{closure:{closure:Illuminate\\Pipeline\\Pipeline::carry():194}:195}()
#108 /home/lionel/Documents/Junkyard/gotrip/bc-cms/vendor/laravel/framework/src/Illuminate/Pipeline/Pipeline.php(219): Illuminate\\Foundation\\Http\\Middleware\\InvokeDeferredCallbacks->handle()
#109 /home/lionel/Documents/Junkyard/gotrip/bc-cms/vendor/laravel/framework/src/Illuminate/Http/Middleware/ValidatePathEncoding.php(26): Illuminate\\Pipeline\\Pipeline->{closure:{closure:Illuminate\\Pipeline\\Pipeline::carry():194}:195}()
#110 /home/lionel/Documents/Junkyard/gotrip/bc-cms/vendor/laravel/framework/src/Illuminate/Pipeline/Pipeline.php(219): Illuminate\\Http\\Middleware\\ValidatePathEncoding->handle()
#111 /home/lionel/Documents/Junkyard/gotrip/bc-cms/vendor/laravel/framework/src/Illuminate/Pipeline/Pipeline.php(137): Illuminate\\Pipeline\\Pipeline->{closure:{closure:Illuminate\\Pipeline\\Pipeline::carry():194}:195}()
#112 /home/lionel/Documents/Junkyard/gotrip/bc-cms/vendor/laravel/framework/src/Illuminate/Foundation/Http/Kernel.php(175): Illuminate\\Pipeline\\Pipeline->then()
#113 /home/lionel/Documents/Junkyard/gotrip/bc-cms/vendor/laravel/framework/src/Illuminate/Foundation/Http/Kernel.php(144): Illuminate\\Foundation\\Http\\Kernel->sendRequestThroughRouter()
#114 /home/lionel/Documents/Junkyard/gotrip/bc-cms/vendor/laravel/framework/src/Illuminate/Foundation/Application.php(1219): Illuminate\\Foundation\\Http\\Kernel->handle()
#115 /home/lionel/Documents/Junkyard/gotrip/public_html/index.php(84): Illuminate\\Foundation\\Application->handleRequest()
#116 /home/lionel/Documents/Junkyard/gotrip/bc-cms/server.php(21): require_once('...')
#117 {main}
"} 
[2026-05-24 15:52:00] local.ERROR: Route [tanova_trip.search] not defined. {"view":{"view":"/home/lionel/Documents/Junkyard/gotrip/bc-cms/modules/Layout/parts/global-script.blade.php","data":[]},"userId":6,"exception":"[object] (Spatie\\LaravelIgnition\\Exceptions\\ViewException(code: 0): Route [tanova_trip.search] not defined. at /home/lionel/Documents/Junkyard/gotrip/bc-cms/vendor/laravel/framework/src/Illuminate/Routing/UrlGenerator.php:526)
[stacktrace]
#0 /home/lionel/Documents/Junkyard/gotrip/bc-cms/vendor/laravel/framework/src/Illuminate/Foundation/helpers.php(885): Illuminate\\Routing\\UrlGenerator->route()
#1 /home/lionel/Documents/Junkyard/gotrip/bc-cms/modules/Layout/parts/global-script.blade.php(44): route()
#2 /home/lionel/Documents/Junkyard/gotrip/bc-cms/vendor/laravel/framework/src/Illuminate/Filesystem/Filesystem.php(123): require('...')
#3 /home/lionel/Documents/Junkyard/gotrip/bc-cms/vendor/laravel/framework/src/Illuminate/Filesystem/Filesystem.php(124): Illuminate\\Filesystem\\Filesystem::{closure:Illuminate\\Filesystem\\Filesystem::getRequire():120}()
#4 /home/lionel/Documents/Junkyard/gotrip/bc-cms/vendor/laravel/framework/src/Illuminate/View/Engines/PhpEngine.php(57): Illuminate\\Filesystem\\Filesystem->getRequire()
#5 /home/lionel/Documents/Junkyard/gotrip/bc-cms/vendor/livewire/livewire/src/Mechanisms/ExtendBlade/ExtendedCompilerEngine.php(22): Illuminate\\View\\Engines\\PhpEngine->evaluatePath()
#6 /home/lionel/Documents/Junkyard/gotrip/bc-cms/vendor/laravel/framework/src/Illuminate/View/Engines/CompilerEngine.php(76): Livewire\\Mechanisms\\ExtendBlade\\ExtendedCompilerEngine->evaluatePath()
#7 /home/lionel/Documents/Junkyard/gotrip/bc-cms/vendor/livewire/livewire/src/Mechanisms/ExtendBlade/ExtendedCompilerEngine.php(10): Illuminate\\View\\Engines\\CompilerEngine->get()
#8 /home/lionel/Documents/Junkyard/gotrip/bc-cms/vendor/laravel/framework/src/Illuminate/View/View.php(208): Livewire\\Mechanisms\\ExtendBlade\\ExtendedCompilerEngine->get()
#9 /home/lionel/Documents/Junkyard/gotrip/bc-cms/vendor/laravel/framework/src/Illuminate/View/View.php(191): Illuminate\\View\\View->getContents()
#10 /home/lionel/Documents/Junkyard/gotrip/bc-cms/vendor/laravel/framework/src/Illuminate/View/View.php(160): Illuminate\\View\\View->renderContents()
#11 /home/lionel/Documents/Junkyard/gotrip/bc-cms/themes/GoTrip/Layout/user.blade.php(387): Illuminate\\View\\View->render()
#12 /home/lionel/Documents/Junkyard/gotrip/bc-cms/vendor/laravel/framework/src/Illuminate/Filesystem/Filesystem.php(123): require('...')
#13 /home/lionel/Documents/Junkyard/gotrip/bc-cms/vendor/laravel/framework/src/Illuminate/Filesystem/Filesystem.php(124): Illuminate\\Filesystem\\Filesystem::{closure:Illuminate\\Filesystem\\Filesystem::getRequire():120}()
#14 /home/lionel/Documents/Junkyard/gotrip/bc-cms/vendor/laravel/framework/src/Illuminate/View/Engines/PhpEngine.php(57): Illuminate\\Filesystem\\Filesystem->getRequire()
#15 /home/lionel/Documents/Junkyard/gotrip/bc-cms/vendor/livewire/livewire/src/Mechanisms/ExtendBlade/ExtendedCompilerEngine.php(22): Illuminate\\View\\Engines\\PhpEngine->evaluatePath()
#16 /home/lionel/Documents/Junkyard/gotrip/bc-cms/vendor/laravel/framework/src/Illuminate/View/Engines/CompilerEngine.php(76): Livewire\\Mechanisms\\ExtendBlade\\ExtendedCompilerEngine->evaluatePath()
#17 /home/lionel/Documents/Junkyard/gotrip/bc-cms/vendor/livewire/livewire/src/Mechanisms/ExtendBlade/ExtendedCompilerEngine.php(10): Illuminate\\View\\Engines\\CompilerEngine->get()
#18 /home/lionel/Documents/Junkyard/gotrip/bc-cms/vendor/laravel/framework/src/Illuminate/View/View.php(208): Livewire\\Mechanisms\\ExtendBlade\\ExtendedCompilerEngine->get()
#19 /home/lionel/Documents/Junkyard/gotrip/bc-cms/vendor/laravel/framework/src/Illuminate/View/View.php(191): Illuminate\\View\\View->getContents()
#20 /home/lionel/Documents/Junkyard/gotrip/bc-cms/vendor/laravel/framework/src/Illuminate/View/View.php(160): Illuminate\\View\\View->renderContents()
#21 /home/lionel/Documents/Junkyard/gotrip/bc-cms/resources/views/layouts/user.blade.php(1): Illuminate\\View\\View->render()
#22 /home/lionel/Documents/Junkyard/gotrip/bc-cms/vendor/laravel/framework/src/Illuminate/Filesystem/Filesystem.php(123): require('...')
#23 /home/lionel/Documents/Junkyard/gotrip/bc-cms/vendor/laravel/framework/src/Illuminate/Filesystem/Filesystem.php(124): Illuminate\\Filesystem\\Filesystem::{closure:Illuminate\\Filesystem\\Filesystem::getRequire():120}()
#24 /home/lionel/Documents/Junkyard/gotrip/bc-cms/vendor/laravel/framework/src/Illuminate/View/Engines/PhpEngine.php(57): Illuminate\\Filesystem\\Filesystem->getRequire()
#25 /home/lionel/Documents/Junkyard/gotrip/bc-cms/vendor/livewire/livewire/src/Mechanisms/ExtendBlade/ExtendedCompilerEngine.php(22): Illuminate\\View\\Engines\\PhpEngine->evaluatePath()
#26 /home/lionel/Documents/Junkyard/gotrip/bc-cms/vendor/laravel/framework/src/Illuminate/View/Engines/CompilerEngine.php(76): Livewire\\Mechanisms\\ExtendBlade\\ExtendedCompilerEngine->evaluatePath()
#27 /home/lionel/Documents/Junkyard/gotrip/bc-cms/vendor/livewire/livewire/src/Mechanisms/ExtendBlade/ExtendedCompilerEngine.php(10): Illuminate\\View\\Engines\\CompilerEngine->get()
#28 /home/lionel/Documents/Junkyard/gotrip/bc-cms/vendor/laravel/framework/src/Illuminate/View/View.php(208): Livewire\\Mechanisms\\ExtendBlade\\ExtendedCompilerEngine->get()
#29 /home/lionel/Documents/Junkyard/gotrip/bc-cms/vendor/laravel/framework/src/Illuminate/View/View.php(191): Illuminate\\View\\View->getContents()
#30 /home/lionel/Documents/Junkyard/gotrip/bc-cms/vendor/laravel/framework/src/Illuminate/View/View.php(160): Illuminate\\View\\View->renderContents()
#31 /home/lionel/Documents/Junkyard/gotrip/bc-cms/themes/GoTrip/User/Views/frontend/dashboard.blade.php(185): Illuminate\\View\\View->render()
#32 /home/lionel/Documents/Junkyard/gotrip/bc-cms/vendor/laravel/framework/src/Illuminate/Filesystem/Filesystem.php(123): require('...')
#33 /home/lionel/Documents/Junkyard/gotrip/bc-cms/vendor/laravel/framework/src/Illuminate/Filesystem/Filesystem.php(124): Illuminate\\Filesystem\\Filesystem::{closure:Illuminate\\Filesystem\\Filesystem::getRequire():120}()
#34 /home/lionel/Documents/Junkyard/gotrip/bc-cms/vendor/laravel/framework/src/Illuminate/View/Engines/PhpEngine.php(57): Illuminate\\Filesystem\\Filesystem->getRequire()
#35 /home/lionel/Documents/Junkyard/gotrip/bc-cms/vendor/livewire/livewire/src/Mechanisms/ExtendBlade/ExtendedCompilerEngine.php(22): Illuminate\\View\\Engines\\PhpEngine->evaluatePath()
#36 /home/lionel/Documents/Junkyard/gotrip/bc-cms/vendor/laravel/framework/src/Illuminate/View/Engines/CompilerEngine.php(76): Livewire\\Mechanisms\\ExtendBlade\\ExtendedCompilerEngine->evaluatePath()
#37 /home/lionel/Documents/Junkyard/gotrip/bc-cms/vendor/livewire/livewire/src/Mechanisms/ExtendBlade/ExtendedCompilerEngine.php(10): Illuminate\\View\\Engines\\CompilerEngine->get()
#38 /home/lionel/Documents/Junkyard/gotrip/bc-cms/vendor/laravel/framework/src/Illuminate/View/View.php(208): Livewire\\Mechanisms\\ExtendBlade\\ExtendedCompilerEngine->get()
#39 /home/lionel/Documents/Junkyard/gotrip/bc-cms/vendor/laravel/framework/src/Illuminate/View/View.php(191): Illuminate\\View\\View->getContents()
#40 /home/lionel/Documents/Junkyard/gotrip/bc-cms/vendor/laravel/framework/src/Illuminate/View/View.php(160): Illuminate\\View\\View->renderContents()
#41 /home/lionel/Documents/Junkyard/gotrip/bc-cms/vendor/laravel/framework/src/Illuminate/Http/Response.php(78): Illuminate\\View\\View->render()
#42 /home/lionel/Documents/Junkyard/gotrip/bc-cms/vendor/laravel/framework/src/Illuminate/Http/Response.php(34): Illuminate\\Http\\Response->setContent()
#43 /home/lionel/Documents/Junkyard/gotrip/bc-cms/vendor/laravel/framework/src/Illuminate/Routing/Router.php(939): Illuminate\\Http\\Response->__construct()
#44 /home/lionel/Documents/Junkyard/gotrip/bc-cms/vendor/laravel/framework/src/Illuminate/Routing/Router.php(906): Illuminate\\Routing\\Router::toResponse()
#45 /home/lionel/Documents/Junkyard/gotrip/bc-cms/vendor/laravel/framework/src/Illuminate/Routing/Router.php(821): Illuminate\\Routing\\Router->prepareResponse()
#46 /home/lionel/Documents/Junkyard/gotrip/bc-cms/vendor/laravel/framework/src/Illuminate/Pipeline/Pipeline.php(180): Illuminate\\Routing\\Router->{closure:Illuminate\\Routing\\Router::runRouteWithinStack():821}()
#47 /home/lionel/Documents/Junkyard/gotrip/bc-cms/vendor/laravel/framework/src/Illuminate/Auth/Middleware/EnsureEmailIsVerified.php(41): Illuminate\\Pipeline\\Pipeline->{closure:Illuminate\\Pipeline\\Pipeline::prepareDestination():178}()
#48 /home/lionel/Documents/Junkyard/gotrip/bc-cms/vendor/laravel/framework/src/Illuminate/Pipeline/Pipeline.php(219): Illuminate\\Auth\\Middleware\\EnsureEmailIsVerified->handle()
#49 /home/lionel/Documents/Junkyard/gotrip/bc-cms/vendor/barryvdh/laravel-debugbar/src/Middleware/InjectDebugbar.php(66): Illuminate\\Pipeline\\Pipeline->{closure:{closure:Illuminate\\Pipeline\\Pipeline::carry():194}:195}()
#50 /home/lionel/Documents/Junkyard/gotrip/bc-cms/vendor/laravel/framework/src/Illuminate/Pipeline/Pipeline.php(219): Barryvdh\\Debugbar\\Middleware\\InjectDebugbar->handle()
#51 /home/lionel/Documents/Junkyard/gotrip/bc-cms/app/Http/Middleware/RequireChangePassword.php(41): Illuminate\\Pipeline\\Pipeline->{closure:{closure:Illuminate\\Pipeline\\Pipeline::carry():194}:195}()
#52 /home/lionel/Documents/Junkyard/gotrip/bc-cms/vendor/laravel/framework/src/Illuminate/Pipeline/Pipeline.php(219): App\\Http\\Middleware\\RequireChangePassword->handle()
#53 /home/lionel/Documents/Junkyard/gotrip/bc-cms/app/Http/Middleware/SetCurrentCurrency.php(48): Illuminate\\Pipeline\\Pipeline->{closure:{closure:Illuminate\\Pipeline\\Pipeline::carry():194}:195}()
#54 /home/lionel/Documents/Junkyard/gotrip/bc-cms/vendor/laravel/framework/src/Illuminate/Pipeline/Pipeline.php(219): App\\Http\\Middleware\\SetCurrentCurrency->handle()
#55 /home/lionel/Documents/Junkyard/gotrip/bc-cms/app/Http/Middleware/SetLanguageForAdmin.php(37): Illuminate\\Pipeline\\Pipeline->{closure:{closure:Illuminate\\Pipeline\\Pipeline::carry():194}:195}()
#56 /home/lionel/Documents/Junkyard/gotrip/bc-cms/vendor/laravel/framework/src/Illuminate/Pipeline/Pipeline.php(219): App\\Http\\Middleware\\SetLanguageForAdmin->handle()
#57 /home/lionel/Documents/Junkyard/gotrip/bc-cms/app/Http/Middleware/RedirectForMultiLanguage.php(58): Illuminate\\Pipeline\\Pipeline->{closure:{closure:Illuminate\\Pipeline\\Pipeline::carry():194}:195}()
#58 /home/lionel/Documents/Junkyard/gotrip/bc-cms/vendor/laravel/framework/src/Illuminate/Pipeline/Pipeline.php(219): App\\Http\\Middleware\\RedirectForMultiLanguage->handle()
#59 /home/lionel/Documents/Junkyard/gotrip/bc-cms/app/Http/Middleware/FrontendGuard.php(67): Illuminate\\Pipeline\\Pipeline->{closure:{closure:Illuminate\\Pipeline\\Pipeline::carry():194}:195}()
#60 /home/lionel/Documents/Junkyard/gotrip/bc-cms/vendor/laravel/framework/src/Illuminate/Pipeline/Pipeline.php(219): App\\Http\\Middleware\\FrontendGuard->handle()
#61 /home/lionel/Documents/Junkyard/gotrip/bc-cms/vendor/laravel/framework/src/Illuminate/Routing/Middleware/SubstituteBindings.php(50): Illuminate\\Pipeline\\Pipeline->{closure:{closure:Illuminate\\Pipeline\\Pipeline::carry():194}:195}()
#62 /home/lionel/Documents/Junkyard/gotrip/bc-cms/vendor/laravel/framework/src/Illuminate/Pipeline/Pipeline.php(219): Illuminate\\Routing\\Middleware\\SubstituteBindings->handle()
#63 /home/lionel/Documents/Junkyard/gotrip/bc-cms/vendor/laravel/framework/src/Illuminate/Auth/Middleware/Authenticate.php(63): Illuminate\\Pipeline\\Pipeline->{closure:{closure:Illuminate\\Pipeline\\Pipeline::carry():194}:195}()
#64 /home/lionel/Documents/Junkyard/gotrip/bc-cms/vendor/laravel/framework/src/Illuminate/Pipeline/Pipeline.php(219): Illuminate\\Auth\\Middleware\\Authenticate->handle()
#65 /home/lionel/Documents/Junkyard/gotrip/bc-cms/vendor/laravel/framework/src/Illuminate/Foundation/Http/Middleware/VerifyCsrfToken.php(87): Illuminate\\Pipeline\\Pipeline->{closure:{closure:Illuminate\\Pipeline\\Pipeline::carry():194}:195}()
#66 /home/lionel/Documents/Junkyard/gotrip/bc-cms/vendor/laravel/framework/src/Illuminate/Pipeline/Pipeline.php(219): Illuminate\\Foundation\\Http\\Middleware\\VerifyCsrfToken->handle()
#67 /home/lionel/Documents/Junkyard/gotrip/bc-cms/vendor/laravel/framework/src/Illuminate/View/Middleware/ShareErrorsFromSession.php(48): Illuminate\\Pipeline\\Pipeline->{closure:{closure:Illuminate\\Pipeline\\Pipeline::carry():194}:195}()
#68 /home/lionel/Documents/Junkyard/gotrip/bc-cms/vendor/laravel/framework/src/Illuminate/Pipeline/Pipeline.php(219): Illuminate\\View\\Middleware\\ShareErrorsFromSession->handle()
#69 /home/lionel/Documents/Junkyard/gotrip/bc-cms/vendor/laravel/framework/src/Illuminate/Session/Middleware/StartSession.php(120): Illuminate\\Pipeline\\Pipeline->{closure:{closure:Illuminate\\Pipeline\\Pipeline::carry():194}:195}()
#70 /home/lionel/Documents/Junkyard/gotrip/bc-cms/vendor/laravel/framework/src/Illuminate/Session/Middleware/StartSession.php(63): Illuminate\\Session\\Middleware\\StartSession->handleStatefulRequest()
#71 /home/lionel/Documents/Junkyard/gotrip/bc-cms/vendor/laravel/framework/src/Illuminate/Pipeline/Pipeline.php(219): Illuminate\\Session\\Middleware\\StartSession->handle()
#72 /home/lionel/Documents/Junkyard/gotrip/bc-cms/vendor/laravel/framework/src/Illuminate/Cookie/Middleware/AddQueuedCookiesToResponse.php(36): Illuminate\\Pipeline\\Pipeline->{closure:{closure:Illuminate\\Pipeline\\Pipeline::carry():194}:195}()
#73 /home/lionel/Documents/Junkyard/gotrip/bc-cms/vendor/laravel/framework/src/Illuminate/Pipeline/Pipeline.php(219): Illuminate\\Cookie\\Middleware\\AddQueuedCookiesToResponse->handle()
#74 /home/lionel/Documents/Junkyard/gotrip/bc-cms/vendor/laravel/framework/src/Illuminate/Cookie/Middleware/EncryptCookies.php(74): Illuminate\\Pipeline\\Pipeline->{closure:{closure:Illuminate\\Pipeline\\Pipeline::carry():194}:195}()
#75 /home/lionel/Documents/Junkyard/gotrip/bc-cms/vendor/laravel/framework/src/Illuminate/Pipeline/Pipeline.php(219): Illuminate\\Cookie\\Middleware\\EncryptCookies->handle()
#76 /home/lionel/Documents/Junkyard/gotrip/bc-cms/vendor/laravel/framework/src/Illuminate/Pipeline/Pipeline.php(137): Illuminate\\Pipeline\\Pipeline->{closure:{closure:Illuminate\\Pipeline\\Pipeline::carry():194}:195}()
#77 /home/lionel/Documents/Junkyard/gotrip/bc-cms/vendor/laravel/framework/src/Illuminate/Routing/Router.php(821): Illuminate\\Pipeline\\Pipeline->then()
#78 /home/lionel/Documents/Junkyard/gotrip/bc-cms/vendor/laravel/framework/src/Illuminate/Routing/Router.php(800): Illuminate\\Routing\\Router->runRouteWithinStack()
#79 /home/lionel/Documents/Junkyard/gotrip/bc-cms/vendor/laravel/framework/src/Illuminate/Routing/Router.php(764): Illuminate\\Routing\\Router->runRoute()
#80 /home/lionel/Documents/Junkyard/gotrip/bc-cms/vendor/laravel/framework/src/Illuminate/Routing/Router.php(753): Illuminate\\Routing\\Router->dispatchToRoute()
#81 /home/lionel/Documents/Junkyard/gotrip/bc-cms/vendor/laravel/framework/src/Illuminate/Foundation/Http/Kernel.php(200): Illuminate\\Routing\\Router->dispatch()
#82 /home/lionel/Documents/Junkyard/gotrip/bc-cms/vendor/laravel/framework/src/Illuminate/Pipeline/Pipeline.php(180): Illuminate\\Foundation\\Http\\Kernel->{closure:Illuminate\\Foundation\\Http\\Kernel::dispatchToRouter():197}()
#83 /home/lionel/Documents/Junkyard/gotrip/bc-cms/themes/Base/Core/Middleware/RunUpdater.php(77): Illuminate\\Pipeline\\Pipeline->{closure:Illuminate\\Pipeline\\Pipeline::prepareDestination():178}()
#84 /home/lionel/Documents/Junkyard/gotrip/bc-cms/vendor/laravel/framework/src/Illuminate/Pipeline/Pipeline.php(219): Themes\\Base\\Core\\Middleware\\RunUpdater->handle()
#85 /home/lionel/Documents/Junkyard/gotrip/bc-cms/vendor/livewire/livewire/src/Features/SupportDisablingBackButtonCache/DisableBackButtonCacheMiddleware.php(19): Illuminate\\Pipeline\\Pipeline->{closure:{closure:Illuminate\\Pipeline\\Pipeline::carry():194}:195}()
#86 /home/lionel/Documents/Junkyard/gotrip/bc-cms/vendor/laravel/framework/src/Illuminate/Pipeline/Pipeline.php(219): Livewire\\Features\\SupportDisablingBackButtonCache\\DisableBackButtonCacheMiddleware->handle()
#87 /home/lionel/Documents/Junkyard/gotrip/bc-cms/vendor/barryvdh/laravel-debugbar/src/Middleware/InjectDebugbar.php(66): Illuminate\\Pipeline\\Pipeline->{closure:{closure:Illuminate\\Pipeline\\Pipeline::carry():194}:195}()
#88 /home/lionel/Documents/Junkyard/gotrip/bc-cms/vendor/laravel/framework/src/Illuminate/Pipeline/Pipeline.php(219): Barryvdh\\Debugbar\\Middleware\\InjectDebugbar->handle()
#89 /home/lionel/Documents/Junkyard/gotrip/bc-cms/app/Http/Middleware/RedirectToInstaller.php(40): Illuminate\\Pipeline\\Pipeline->{closure:{closure:Illuminate\\Pipeline\\Pipeline::carry():194}:195}()
#90 /home/lionel/Documents/Junkyard/gotrip/bc-cms/vendor/laravel/framework/src/Illuminate/Pipeline/Pipeline.php(219): App\\Http\\Middleware\\RedirectToInstaller->handle()
#91 /home/lionel/Documents/Junkyard/gotrip/bc-cms/vendor/laravel/framework/src/Illuminate/Foundation/Http/Middleware/TransformsRequest.php(21): Illuminate\\Pipeline\\Pipeline->{closure:{closure:Illuminate\\Pipeline\\Pipeline::carry():194}:195}()
#92 /home/lionel/Documents/Junkyard/gotrip/bc-cms/vendor/laravel/framework/src/Illuminate/Foundation/Http/Middleware/ConvertEmptyStringsToNull.php(31): Illuminate\\Foundation\\Http\\Middleware\\TransformsRequest->handle()
#93 /home/lionel/Documents/Junkyard/gotrip/bc-cms/vendor/laravel/framework/src/Illuminate/Pipeline/Pipeline.php(219): Illuminate\\Foundation\\Http\\Middleware\\ConvertEmptyStringsToNull->handle()
#94 /home/lionel/Documents/Junkyard/gotrip/bc-cms/vendor/laravel/framework/src/Illuminate/Foundation/Http/Middleware/TransformsRequest.php(21): Illuminate\\Pipeline\\Pipeline->{closure:{closure:Illuminate\\Pipeline\\Pipeline::carry():194}:195}()
#95 /home/lionel/Documents/Junkyard/gotrip/bc-cms/vendor/laravel/framework/src/Illuminate/Foundation/Http/Middleware/TrimStrings.php(51): Illuminate\\Foundation\\Http\\Middleware\\TransformsRequest->handle()
#96 /home/lionel/Documents/Junkyard/gotrip/bc-cms/vendor/laravel/framework/src/Illuminate/Pipeline/Pipeline.php(219): Illuminate\\Foundation\\Http\\Middleware\\TrimStrings->handle()
#97 /home/lionel/Documents/Junkyard/gotrip/bc-cms/vendor/laravel/framework/src/Illuminate/Http/Middleware/ValidatePostSize.php(27): Illuminate\\Pipeline\\Pipeline->{closure:{closure:Illuminate\\Pipeline\\Pipeline::carry():194}:195}()
#98 /home/lionel/Documents/Junkyard/gotrip/bc-cms/vendor/laravel/framework/src/Illuminate/Pipeline/Pipeline.php(219): Illuminate\\Http\\Middleware\\ValidatePostSize->handle()
#99 /home/lionel/Documents/Junkyard/gotrip/bc-cms/vendor/laravel/framework/src/Illuminate/Foundation/Http/Middleware/PreventRequestsDuringMaintenance.php(109): Illuminate\\Pipeline\\Pipeline->{closure:{closure:Illuminate\\Pipeline\\Pipeline::carry():194}:195}()
#100 /home/lionel/Documents/Junkyard/gotrip/bc-cms/vendor/laravel/framework/src/Illuminate/Pipeline/Pipeline.php(219): Illuminate\\Foundation\\Http\\Middleware\\PreventRequestsDuringMaintenance->handle()
#101 /home/lionel/Documents/Junkyard/gotrip/bc-cms/vendor/laravel/framework/src/Illuminate/Http/Middleware/HandleCors.php(48): Illuminate\\Pipeline\\Pipeline->{closure:{closure:Illuminate\\Pipeline\\Pipeline::carry():194}:195}()
#102 /home/lionel/Documents/Junkyard/gotrip/bc-cms/vendor/laravel/framework/src/Illuminate/Pipeline/Pipeline.php(219): Illuminate\\Http\\Middleware\\HandleCors->handle()
#103 /home/lionel/Documents/Junkyard/gotrip/bc-cms/vendor/laravel/framework/src/Illuminate/Http/Middleware/TrustProxies.php(58): Illuminate\\Pipeline\\Pipeline->{closure:{closure:Illuminate\\Pipeline\\Pipeline::carry():194}:195}()
#104 /home/lionel/Documents/Junkyard/gotrip/bc-cms/vendor/laravel/framework/src/Illuminate/Pipeline/Pipeline.php(219): Illuminate\\Http\\Middleware\\TrustProxies->handle()
#105 /home/lionel/Documents/Junkyard/gotrip/bc-cms/vendor/laravel/framework/src/Illuminate/Foundation/Http/Middleware/InvokeDeferredCallbacks.php(22): Illuminate\\Pipeline\\Pipeline->{closure:{closure:Illuminate\\Pipeline\\Pipeline::carry():194}:195}()
#106 /home/lionel/Documents/Junkyard/gotrip/bc-cms/vendor/laravel/framework/src/Illuminate/Pipeline/Pipeline.php(219): Illuminate\\Foundation\\Http\\Middleware\\InvokeDeferredCallbacks->handle()
#107 /home/lionel/Documents/Junkyard/gotrip/bc-cms/vendor/laravel/framework/src/Illuminate/Http/Middleware/ValidatePathEncoding.php(26): Illuminate\\Pipeline\\Pipeline->{closure:{closure:Illuminate\\Pipeline\\Pipeline::carry():194}:195}()
#108 /home/lionel/Documents/Junkyard/gotrip/bc-cms/vendor/laravel/framework/src/Illuminate/Pipeline/Pipeline.php(219): Illuminate\\Http\\Middleware\\ValidatePathEncoding->handle()
#109 /home/lionel/Documents/Junkyard/gotrip/bc-cms/vendor/laravel/framework/src/Illuminate/Pipeline/Pipeline.php(137): Illuminate\\Pipeline\\Pipeline->{closure:{closure:Illuminate\\Pipeline\\Pipeline::carry():194}:195}()
#110 /home/lionel/Documents/Junkyard/gotrip/bc-cms/vendor/laravel/framework/src/Illuminate/Foundation/Http/Kernel.php(175): Illuminate\\Pipeline\\Pipeline->then()
#111 /home/lionel/Documents/Junkyard/gotrip/bc-cms/vendor/laravel/framework/src/Illuminate/Foundation/Http/Kernel.php(144): Illuminate\\Foundation\\Http\\Kernel->sendRequestThroughRouter()
#112 /home/lionel/Documents/Junkyard/gotrip/bc-cms/vendor/laravel/framework/src/Illuminate/Foundation/Application.php(1219): Illuminate\\Foundation\\Http\\Kernel->handle()
#113 /home/lionel/Documents/Junkyard/gotrip/public_html/index.php(84): Illuminate\\Foundation\\Application->handleRequest()
#114 /home/lionel/Documents/Junkyard/gotrip/bc-cms/server.php(21): require_once('...')
#115 {main}

[previous exception] [object] (Symfony\\Component\\Routing\\Exception\\RouteNotFoundException(code: 0): Route [tanova_trip.search] not defined. at /home/lionel/Documents/Junkyard/gotrip/bc-cms/vendor/laravel/framework/src/Illuminate/Routing/UrlGenerator.php:526)
[stacktrace]
#0 /home/lionel/Documents/Junkyard/gotrip/bc-cms/vendor/laravel/framework/src/Illuminate/Foundation/helpers.php(885): Illuminate\\Routing\\UrlGenerator->route()
#1 /home/lionel/Documents/Junkyard/gotrip/bc-cms/storage/framework/views/c9533d54e60bba401ed8f7e3f144f38b.php(44): route()
#2 /home/lionel/Documents/Junkyard/gotrip/bc-cms/vendor/laravel/framework/src/Illuminate/Filesystem/Filesystem.php(123): require('...')
#3 /home/lionel/Documents/Junkyard/gotrip/bc-cms/vendor/laravel/framework/src/Illuminate/Filesystem/Filesystem.php(124): Illuminate\\Filesystem\\Filesystem::{closure:Illuminate\\Filesystem\\Filesystem::getRequire():120}()
#4 /home/lionel/Documents/Junkyard/gotrip/bc-cms/vendor/laravel/framework/src/Illuminate/View/Engines/PhpEngine.php(57): Illuminate\\Filesystem\\Filesystem->getRequire()
#5 /home/lionel/Documents/Junkyard/gotrip/bc-cms/vendor/livewire/livewire/src/Mechanisms/ExtendBlade/ExtendedCompilerEngine.php(22): Illuminate\\View\\Engines\\PhpEngine->evaluatePath()
#6 /home/lionel/Documents/Junkyard/gotrip/bc-cms/vendor/laravel/framework/src/Illuminate/View/Engines/CompilerEngine.php(76): Livewire\\Mechanisms\\ExtendBlade\\ExtendedCompilerEngine->evaluatePath()
#7 /home/lionel/Documents/Junkyard/gotrip/bc-cms/vendor/livewire/livewire/src/Mechanisms/ExtendBlade/ExtendedCompilerEngine.php(10): Illuminate\\View\\Engines\\CompilerEngine->get()
#8 /home/lionel/Documents/Junkyard/gotrip/bc-cms/vendor/laravel/framework/src/Illuminate/View/View.php(208): Livewire\\Mechanisms\\ExtendBlade\\ExtendedCompilerEngine->get()
#9 /home/lionel/Documents/Junkyard/gotrip/bc-cms/vendor/laravel/framework/src/Illuminate/View/View.php(191): Illuminate\\View\\View->getContents()
#10 /home/lionel/Documents/Junkyard/gotrip/bc-cms/vendor/laravel/framework/src/Illuminate/View/View.php(160): Illuminate\\View\\View->renderContents()
#11 /home/lionel/Documents/Junkyard/gotrip/bc-cms/storage/framework/views/45f317d791718a9b908a2c111d0fb237.php(387): Illuminate\\View\\View->render()
#12 /home/lionel/Documents/Junkyard/gotrip/bc-cms/vendor/laravel/framework/src/Illuminate/Filesystem/Filesystem.php(123): require('...')
#13 /home/lionel/Documents/Junkyard/gotrip/bc-cms/vendor/laravel/framework/src/Illuminate/Filesystem/Filesystem.php(124): Illuminate\\Filesystem\\Filesystem::{closure:Illuminate\\Filesystem\\Filesystem::getRequire():120}()
#14 /home/lionel/Documents/Junkyard/gotrip/bc-cms/vendor/laravel/framework/src/Illuminate/View/Engines/PhpEngine.php(57): Illuminate\\Filesystem\\Filesystem->getRequire()
#15 /home/lionel/Documents/Junkyard/gotrip/bc-cms/vendor/livewire/livewire/src/Mechanisms/ExtendBlade/ExtendedCompilerEngine.php(22): Illuminate\\View\\Engines\\PhpEngine->evaluatePath()
#16 /home/lionel/Documents/Junkyard/gotrip/bc-cms/vendor/laravel/framework/src/Illuminate/View/Engines/CompilerEngine.php(76): Livewire\\Mechanisms\\ExtendBlade\\ExtendedCompilerEngine->evaluatePath()
#17 /home/lionel/Documents/Junkyard/gotrip/bc-cms/vendor/livewire/livewire/src/Mechanisms/ExtendBlade/ExtendedCompilerEngine.php(10): Illuminate\\View\\Engines\\CompilerEngine->get()
#18 /home/lionel/Documents/Junkyard/gotrip/bc-cms/vendor/laravel/framework/src/Illuminate/View/View.php(208): Livewire\\Mechanisms\\ExtendBlade\\ExtendedCompilerEngine->get()
#19 /home/lionel/Documents/Junkyard/gotrip/bc-cms/vendor/laravel/framework/src/Illuminate/View/View.php(191): Illuminate\\View\\View->getContents()
#20 /home/lionel/Documents/Junkyard/gotrip/bc-cms/vendor/laravel/framework/src/Illuminate/View/View.php(160): Illuminate\\View\\View->renderContents()
#21 /home/lionel/Documents/Junkyard/gotrip/bc-cms/storage/framework/views/0ab1a4cb401158430b2611ec1dd48d90.php(1): Illuminate\\View\\View->render()
#22 /home/lionel/Documents/Junkyard/gotrip/bc-cms/vendor/laravel/framework/src/Illuminate/Filesystem/Filesystem.php(123): require('...')
#23 /home/lionel/Documents/Junkyard/gotrip/bc-cms/vendor/laravel/framework/src/Illuminate/Filesystem/Filesystem.php(124): Illuminate\\Filesystem\\Filesystem::{closure:Illuminate\\Filesystem\\Filesystem::getRequire():120}()
#24 /home/lionel/Documents/Junkyard/gotrip/bc-cms/vendor/laravel/framework/src/Illuminate/View/Engines/PhpEngine.php(57): Illuminate\\Filesystem\\Filesystem->getRequire()
#25 /home/lionel/Documents/Junkyard/gotrip/bc-cms/vendor/livewire/livewire/src/Mechanisms/ExtendBlade/ExtendedCompilerEngine.php(22): Illuminate\\View\\Engines\\PhpEngine->evaluatePath()
#26 /home/lionel/Documents/Junkyard/gotrip/bc-cms/vendor/laravel/framework/src/Illuminate/View/Engines/CompilerEngine.php(76): Livewire\\Mechanisms\\ExtendBlade\\ExtendedCompilerEngine->evaluatePath()
#27 /home/lionel/Documents/Junkyard/gotrip/bc-cms/vendor/livewire/livewire/src/Mechanisms/ExtendBlade/ExtendedCompilerEngine.php(10): Illuminate\\View\\Engines\\CompilerEngine->get()
#28 /home/lionel/Documents/Junkyard/gotrip/bc-cms/vendor/laravel/framework/src/Illuminate/View/View.php(208): Livewire\\Mechanisms\\ExtendBlade\\ExtendedCompilerEngine->get()
#29 /home/lionel/Documents/Junkyard/gotrip/bc-cms/vendor/laravel/framework/src/Illuminate/View/View.php(191): Illuminate\\View\\View->getContents()
#30 /home/lionel/Documents/Junkyard/gotrip/bc-cms/vendor/laravel/framework/src/Illuminate/View/View.php(160): Illuminate\\View\\View->renderContents()
#31 /home/lionel/Documents/Junkyard/gotrip/bc-cms/storage/framework/views/13bad257085a3c85d419627c214466d7.php(187): Illuminate\\View\\View->render()
#32 /home/lionel/Documents/Junkyard/gotrip/bc-cms/vendor/laravel/framework/src/Illuminate/Filesystem/Filesystem.php(123): require('...')
#33 /home/lionel/Documents/Junkyard/gotrip/bc-cms/vendor/laravel/framework/src/Illuminate/Filesystem/Filesystem.php(124): Illuminate\\Filesystem\\Filesystem::{closure:Illuminate\\Filesystem\\Filesystem::getRequire():120}()
#34 /home/lionel/Documents/Junkyard/gotrip/bc-cms/vendor/laravel/framework/src/Illuminate/View/Engines/PhpEngine.php(57): Illuminate\\Filesystem\\Filesystem->getRequire()
#35 /home/lionel/Documents/Junkyard/gotrip/bc-cms/vendor/livewire/livewire/src/Mechanisms/ExtendBlade/ExtendedCompilerEngine.php(22): Illuminate\\View\\Engines\\PhpEngine->evaluatePath()
#36 /home/lionel/Documents/Junkyard/gotrip/bc-cms/vendor/laravel/framework/src/Illuminate/View/Engines/CompilerEngine.php(76): Livewire\\Mechanisms\\ExtendBlade\\ExtendedCompilerEngine->evaluatePath()
#37 /home/lionel/Documents/Junkyard/gotrip/bc-cms/vendor/livewire/livewire/src/Mechanisms/ExtendBlade/ExtendedCompilerEngine.php(10): Illuminate\\View\\Engines\\CompilerEngine->get()
#38 /home/lionel/Documents/Junkyard/gotrip/bc-cms/vendor/laravel/framework/src/Illuminate/View/View.php(208): Livewire\\Mechanisms\\ExtendBlade\\ExtendedCompilerEngine->get()
#39 /home/lionel/Documents/Junkyard/gotrip/bc-cms/vendor/laravel/framework/src/Illuminate/View/View.php(191): Illuminate\\View\\View->getContents()
#40 /home/lionel/Documents/Junkyard/gotrip/bc-cms/vendor/laravel/framework/src/Illuminate/View/View.php(160): Illuminate\\View\\View->renderContents()
#41 /home/lionel/Documents/Junkyard/gotrip/bc-cms/vendor/laravel/framework/src/Illuminate/Http/Response.php(78): Illuminate\\View\\View->render()
#42 /home/lionel/Documents/Junkyard/gotrip/bc-cms/vendor/laravel/framework/src/Illuminate/Http/Response.php(34): Illuminate\\Http\\Response->setContent()
#43 /home/lionel/Documents/Junkyard/gotrip/bc-cms/vendor/laravel/framework/src/Illuminate/Routing/Router.php(939): Illuminate\\Http\\Response->__construct()
#44 /home/lionel/Documents/Junkyard/gotrip/bc-cms/vendor/laravel/framework/src/Illuminate/Routing/Router.php(906): Illuminate\\Routing\\Router::toResponse()
#45 /home/lionel/Documents/Junkyard/gotrip/bc-cms/vendor/laravel/framework/src/Illuminate/Routing/Router.php(821): Illuminate\\Routing\\Router->prepareResponse()
#46 /home/lionel/Documents/Junkyard/gotrip/bc-cms/vendor/laravel/framework/src/Illuminate/Pipeline/Pipeline.php(180): Illuminate\\Routing\\Router->{closure:Illuminate\\Routing\\Router::runRouteWithinStack():821}()
#47 /home/lionel/Documents/Junkyard/gotrip/bc-cms/vendor/laravel/framework/src/Illuminate/Auth/Middleware/EnsureEmailIsVerified.php(41): Illuminate\\Pipeline\\Pipeline->{closure:Illuminate\\Pipeline\\Pipeline::prepareDestination():178}()
#48 /home/lionel/Documents/Junkyard/gotrip/bc-cms/vendor/laravel/framework/src/Illuminate/Pipeline/Pipeline.php(219): Illuminate\\Auth\\Middleware\\EnsureEmailIsVerified->handle()
#49 /home/lionel/Documents/Junkyard/gotrip/bc-cms/vendor/barryvdh/laravel-debugbar/src/Middleware/InjectDebugbar.php(66): Illuminate\\Pipeline\\Pipeline->{closure:{closure:Illuminate\\Pipeline\\Pipeline::carry():194}:195}()
#50 /home/lionel/Documents/Junkyard/gotrip/bc-cms/vendor/laravel/framework/src/Illuminate/Pipeline/Pipeline.php(219): Barryvdh\\Debugbar\\Middleware\\InjectDebugbar->handle()
#51 /home/lionel/Documents/Junkyard/gotrip/bc-cms/app/Http/Middleware/RequireChangePassword.php(41): Illuminate\\Pipeline\\Pipeline->{closure:{closure:Illuminate\\Pipeline\\Pipeline::carry():194}:195}()
#52 /home/lionel/Documents/Junkyard/gotrip/bc-cms/vendor/laravel/framework/src/Illuminate/Pipeline/Pipeline.php(219): App\\Http\\Middleware\\RequireChangePassword->handle()
#53 /home/lionel/Documents/Junkyard/gotrip/bc-cms/app/Http/Middleware/SetCurrentCurrency.php(48): Illuminate\\Pipeline\\Pipeline->{closure:{closure:Illuminate\\Pipeline\\Pipeline::carry():194}:195}()
#54 /home/lionel/Documents/Junkyard/gotrip/bc-cms/vendor/laravel/framework/src/Illuminate/Pipeline/Pipeline.php(219): App\\Http\\Middleware\\SetCurrentCurrency->handle()
#55 /home/lionel/Documents/Junkyard/gotrip/bc-cms/app/Http/Middleware/SetLanguageForAdmin.php(37): Illuminate\\Pipeline\\Pipeline->{closure:{closure:Illuminate\\Pipeline\\Pipeline::carry():194}:195}()
#56 /home/lionel/Documents/Junkyard/gotrip/bc-cms/vendor/laravel/framework/src/Illuminate/Pipeline/Pipeline.php(219): App\\Http\\Middleware\\SetLanguageForAdmin->handle()
#57 /home/lionel/Documents/Junkyard/gotrip/bc-cms/app/Http/Middleware/RedirectForMultiLanguage.php(58): Illuminate\\Pipeline\\Pipeline->{closure:{closure:Illuminate\\Pipeline\\Pipeline::carry():194}:195}()
#58 /home/lionel/Documents/Junkyard/gotrip/bc-cms/vendor/laravel/framework/src/Illuminate/Pipeline/Pipeline.php(219): App\\Http\\Middleware\\RedirectForMultiLanguage->handle()
#59 /home/lionel/Documents/Junkyard/gotrip/bc-cms/app/Http/Middleware/FrontendGuard.php(67): Illuminate\\Pipeline\\Pipeline->{closure:{closure:Illuminate\\Pipeline\\Pipeline::carry():194}:195}()
#60 /home/lionel/Documents/Junkyard/gotrip/bc-cms/vendor/laravel/framework/src/Illuminate/Pipeline/Pipeline.php(219): App\\Http\\Middleware\\FrontendGuard->handle()
#61 /home/lionel/Documents/Junkyard/gotrip/bc-cms/vendor/laravel/framework/src/Illuminate/Routing/Middleware/SubstituteBindings.php(50): Illuminate\\Pipeline\\Pipeline->{closure:{closure:Illuminate\\Pipeline\\Pipeline::carry():194}:195}()
#62 /home/lionel/Documents/Junkyard/gotrip/bc-cms/vendor/laravel/framework/src/Illuminate/Pipeline/Pipeline.php(219): Illuminate\\Routing\\Middleware\\SubstituteBindings->handle()
#63 /home/lionel/Documents/Junkyard/gotrip/bc-cms/vendor/laravel/framework/src/Illuminate/Auth/Middleware/Authenticate.php(63): Illuminate\\Pipeline\\Pipeline->{closure:{closure:Illuminate\\Pipeline\\Pipeline::carry():194}:195}()
#64 /home/lionel/Documents/Junkyard/gotrip/bc-cms/vendor/laravel/framework/src/Illuminate/Pipeline/Pipeline.php(219): Illuminate\\Auth\\Middleware\\Authenticate->handle()
#65 /home/lionel/Documents/Junkyard/gotrip/bc-cms/vendor/laravel/framework/src/Illuminate/Foundation/Http/Middleware/VerifyCsrfToken.php(87): Illuminate\\Pipeline\\Pipeline->{closure:{closure:Illuminate\\Pipeline\\Pipeline::carry():194}:195}()
#66 /home/lionel/Documents/Junkyard/gotrip/bc-cms/vendor/laravel/framework/src/Illuminate/Pipeline/Pipeline.php(219): Illuminate\\Foundation\\Http\\Middleware\\VerifyCsrfToken->handle()
#67 /home/lionel/Documents/Junkyard/gotrip/bc-cms/vendor/laravel/framework/src/Illuminate/View/Middleware/ShareErrorsFromSession.php(48): Illuminate\\Pipeline\\Pipeline->{closure:{closure:Illuminate\\Pipeline\\Pipeline::carry():194}:195}()
#68 /home/lionel/Documents/Junkyard/gotrip/bc-cms/vendor/laravel/framework/src/Illuminate/Pipeline/Pipeline.php(219): Illuminate\\View\\Middleware\\ShareErrorsFromSession->handle()
#69 /home/lionel/Documents/Junkyard/gotrip/bc-cms/vendor/laravel/framework/src/Illuminate/Session/Middleware/StartSession.php(120): Illuminate\\Pipeline\\Pipeline->{closure:{closure:Illuminate\\Pipeline\\Pipeline::carry():194}:195}()
#70 /home/lionel/Documents/Junkyard/gotrip/bc-cms/vendor/laravel/framework/src/Illuminate/Session/Middleware/StartSession.php(63): Illuminate\\Session\\Middleware\\StartSession->handleStatefulRequest()
#71 /home/lionel/Documents/Junkyard/gotrip/bc-cms/vendor/laravel/framework/src/Illuminate/Pipeline/Pipeline.php(219): Illuminate\\Session\\Middleware\\StartSession->handle()
#72 /home/lionel/Documents/Junkyard/gotrip/bc-cms/vendor/laravel/framework/src/Illuminate/Cookie/Middleware/AddQueuedCookiesToResponse.php(36): Illuminate\\Pipeline\\Pipeline->{closure:{closure:Illuminate\\Pipeline\\Pipeline::carry():194}:195}()
#73 /home/lionel/Documents/Junkyard/gotrip/bc-cms/vendor/laravel/framework/src/Illuminate/Pipeline/Pipeline.php(219): Illuminate\\Cookie\\Middleware\\AddQueuedCookiesToResponse->handle()
#74 /home/lionel/Documents/Junkyard/gotrip/bc-cms/vendor/laravel/framework/src/Illuminate/Cookie/Middleware/EncryptCookies.php(74): Illuminate\\Pipeline\\Pipeline->{closure:{closure:Illuminate\\Pipeline\\Pipeline::carry():194}:195}()
#75 /home/lionel/Documents/Junkyard/gotrip/bc-cms/vendor/laravel/framework/src/Illuminate/Pipeline/Pipeline.php(219): Illuminate\\Cookie\\Middleware\\EncryptCookies->handle()
#76 /home/lionel/Documents/Junkyard/gotrip/bc-cms/vendor/laravel/framework/src/Illuminate/Pipeline/Pipeline.php(137): Illuminate\\Pipeline\\Pipeline->{closure:{closure:Illuminate\\Pipeline\\Pipeline::carry():194}:195}()
#77 /home/lionel/Documents/Junkyard/gotrip/bc-cms/vendor/laravel/framework/src/Illuminate/Routing/Router.php(821): Illuminate\\Pipeline\\Pipeline->then()
#78 /home/lionel/Documents/Junkyard/gotrip/bc-cms/vendor/laravel/framework/src/Illuminate/Routing/Router.php(800): Illuminate\\Routing\\Router->runRouteWithinStack()
#79 /home/lionel/Documents/Junkyard/gotrip/bc-cms/vendor/laravel/framework/src/Illuminate/Routing/Router.php(764): Illuminate\\Routing\\Router->runRoute()
#80 /home/lionel/Documents/Junkyard/gotrip/bc-cms/vendor/laravel/framework/src/Illuminate/Routing/Router.php(753): Illuminate\\Routing\\Router->dispatchToRoute()
#81 /home/lionel/Documents/Junkyard/gotrip/bc-cms/vendor/laravel/framework/src/Illuminate/Foundation/Http/Kernel.php(200): Illuminate\\Routing\\Router->dispatch()
#82 /home/lionel/Documents/Junkyard/gotrip/bc-cms/vendor/laravel/framework/src/Illuminate/Pipeline/Pipeline.php(180): Illuminate\\Foundation\\Http\\Kernel->{closure:Illuminate\\Foundation\\Http\\Kernel::dispatchToRouter():197}()
#83 /home/lionel/Documents/Junkyard/gotrip/bc-cms/themes/Base/Core/Middleware/RunUpdater.php(77): Illuminate\\Pipeline\\Pipeline->{closure:Illuminate\\Pipeline\\Pipeline::prepareDestination():178}()
#84 /home/lionel/Documents/Junkyard/gotrip/bc-cms/vendor/laravel/framework/src/Illuminate/Pipeline/Pipeline.php(219): Themes\\Base\\Core\\Middleware\\RunUpdater->handle()
#85 /home/lionel/Documents/Junkyard/gotrip/bc-cms/vendor/livewire/livewire/src/Features/SupportDisablingBackButtonCache/DisableBackButtonCacheMiddleware.php(19): Illuminate\\Pipeline\\Pipeline->{closure:{closure:Illuminate\\Pipeline\\Pipeline::carry():194}:195}()
#86 /home/lionel/Documents/Junkyard/gotrip/bc-cms/vendor/laravel/framework/src/Illuminate/Pipeline/Pipeline.php(219): Livewire\\Features\\SupportDisablingBackButtonCache\\DisableBackButtonCacheMiddleware->handle()
#87 /home/lionel/Documents/Junkyard/gotrip/bc-cms/vendor/barryvdh/laravel-debugbar/src/Middleware/InjectDebugbar.php(66): Illuminate\\Pipeline\\Pipeline->{closure:{closure:Illuminate\\Pipeline\\Pipeline::carry():194}:195}()
#88 /home/lionel/Documents/Junkyard/gotrip/bc-cms/vendor/laravel/framework/src/Illuminate/Pipeline/Pipeline.php(219): Barryvdh\\Debugbar\\Middleware\\InjectDebugbar->handle()
#89 /home/lionel/Documents/Junkyard/gotrip/bc-cms/app/Http/Middleware/RedirectToInstaller.php(40): Illuminate\\Pipeline\\Pipeline->{closure:{closure:Illuminate\\Pipeline\\Pipeline::carry():194}:195}()
#90 /home/lionel/Documents/Junkyard/gotrip/bc-cms/vendor/laravel/framework/src/Illuminate/Pipeline/Pipeline.php(219): App\\Http\\Middleware\\RedirectToInstaller->handle()
#91 /home/lionel/Documents/Junkyard/gotrip/bc-cms/vendor/laravel/framework/src/Illuminate/Foundation/Http/Middleware/TransformsRequest.php(21): Illuminate\\Pipeline\\Pipeline->{closure:{closure:Illuminate\\Pipeline\\Pipeline::carry():194}:195}()
#92 /home/lionel/Documents/Junkyard/gotrip/bc-cms/vendor/laravel/framework/src/Illuminate/Foundation/Http/Middleware/ConvertEmptyStringsToNull.php(31): Illuminate\\Foundation\\Http\\Middleware\\TransformsRequest->handle()
#93 /home/lionel/Documents/Junkyard/gotrip/bc-cms/vendor/laravel/framework/src/Illuminate/Pipeline/Pipeline.php(219): Illuminate\\Foundation\\Http\\Middleware\\ConvertEmptyStringsToNull->handle()
#94 /home/lionel/Documents/Junkyard/gotrip/bc-cms/vendor/laravel/framework/src/Illuminate/Foundation/Http/Middleware/TransformsRequest.php(21): Illuminate\\Pipeline\\Pipeline->{closure:{closure:Illuminate\\Pipeline\\Pipeline::carry():194}:195}()
#95 /home/lionel/Documents/Junkyard/gotrip/bc-cms/vendor/laravel/framework/src/Illuminate/Foundation/Http/Middleware/TrimStrings.php(51): Illuminate\\Foundation\\Http\\Middleware\\TransformsRequest->handle()
#96 /home/lionel/Documents/Junkyard/gotrip/bc-cms/vendor/laravel/framework/src/Illuminate/Pipeline/Pipeline.php(219): Illuminate\\Foundation\\Http\\Middleware\\TrimStrings->handle()
#97 /home/lionel/Documents/Junkyard/gotrip/bc-cms/vendor/laravel/framework/src/Illuminate/Http/Middleware/ValidatePostSize.php(27): Illuminate\\Pipeline\\Pipeline->{closure:{closure:Illuminate\\Pipeline\\Pipeline::carry():194}:195}()
#98 /home/lionel/Documents/Junkyard/gotrip/bc-cms/vendor/laravel/framework/src/Illuminate/Pipeline/Pipeline.php(219): Illuminate\\Http\\Middleware\\ValidatePostSize->handle()
#99 /home/lionel/Documents/Junkyard/gotrip/bc-cms/vendor/laravel/framework/src/Illuminate/Foundation/Http/Middleware/PreventRequestsDuringMaintenance.php(109): Illuminate\\Pipeline\\Pipeline->{closure:{closure:Illuminate\\Pipeline\\Pipeline::carry():194}:195}()
#100 /home/lionel/Documents/Junkyard/gotrip/bc-cms/vendor/laravel/framework/src/Illuminate/Pipeline/Pipeline.php(219): Illuminate\\Foundation\\Http\\Middleware\\PreventRequestsDuringMaintenance->handle()
#101 /home/lionel/Documents/Junkyard/gotrip/bc-cms/vendor/laravel/framework/src/Illuminate/Http/Middleware/HandleCors.php(48): Illuminate\\Pipeline\\Pipeline->{closure:{closure:Illuminate\\Pipeline\\Pipeline::carry():194}:195}()
#102 /home/lionel/Documents/Junkyard/gotrip/bc-cms/vendor/laravel/framework/src/Illuminate/Pipeline/Pipeline.php(219): Illuminate\\Http\\Middleware\\HandleCors->handle()
#103 /home/lionel/Documents/Junkyard/gotrip/bc-cms/vendor/laravel/framework/src/Illuminate/Http/Middleware/TrustProxies.php(58): Illuminate\\Pipeline\\Pipeline->{closure:{closure:Illuminate\\Pipeline\\Pipeline::carry():194}:195}()
#104 /home/lionel/Documents/Junkyard/gotrip/bc-cms/vendor/laravel/framework/src/Illuminate/Pipeline/Pipeline.php(219): Illuminate\\Http\\Middleware\\TrustProxies->handle()
#105 /home/lionel/Documents/Junkyard/gotrip/bc-cms/vendor/laravel/framework/src/Illuminate/Foundation/Http/Middleware/InvokeDeferredCallbacks.php(22): Illuminate\\Pipeline\\Pipeline->{closure:{closure:Illuminate\\Pipeline\\Pipeline::carry():194}:195}()
#106 /home/lionel/Documents/Junkyard/gotrip/bc-cms/vendor/laravel/framework/src/Illuminate/Pipeline/Pipeline.php(219): Illuminate\\Foundation\\Http\\Middleware\\InvokeDeferredCallbacks->handle()
#107 /home/lionel/Documents/Junkyard/gotrip/bc-cms/vendor/laravel/framework/src/Illuminate/Http/Middleware/ValidatePathEncoding.php(26): Illuminate\\Pipeline\\Pipeline->{closure:{closure:Illuminate\\Pipeline\\Pipeline::carry():194}:195}()
#108 /home/lionel/Documents/Junkyard/gotrip/bc-cms/vendor/laravel/framework/src/Illuminate/Pipeline/Pipeline.php(219): Illuminate\\Http\\Middleware\\ValidatePathEncoding->handle()
#109 /home/lionel/Documents/Junkyard/gotrip/bc-cms/vendor/laravel/framework/src/Illuminate/Pipeline/Pipeline.php(137): Illuminate\\Pipeline\\Pipeline->{closure:{closure:Illuminate\\Pipeline\\Pipeline::carry():194}:195}()
#110 /home/lionel/Documents/Junkyard/gotrip/bc-cms/vendor/laravel/framework/src/Illuminate/Foundation/Http/Kernel.php(175): Illuminate\\Pipeline\\Pipeline->then()
#111 /home/lionel/Documents/Junkyard/gotrip/bc-cms/vendor/laravel/framework/src/Illuminate/Foundation/Http/Kernel.php(144): Illuminate\\Foundation\\Http\\Kernel->sendRequestThroughRouter()
#112 /home/lionel/Documents/Junkyard/gotrip/bc-cms/vendor/laravel/framework/src/Illuminate/Foundation/Application.php(1219): Illuminate\\Foundation\\Http\\Kernel->handle()
#113 /home/lionel/Documents/Junkyard/gotrip/public_html/index.php(84): Illuminate\\Foundation\\Application->handleRequest()
#114 /home/lionel/Documents/Junkyard/gotrip/bc-cms/server.php(21): require_once('...')
#115 {main}
"} 
[2026-05-24 16:08:41] local.ERROR: SQLSTATE[42S22]: Column not found: 1054 Unknown column 'author_id' in 'where clause' (Connection: mysql, SQL: select `status`, `slug` from `bc_integrations` where `author_id` = 6) {"userId":6,"exception":"[object] (Illuminate\\Database\\QueryException(code: 42S22): SQLSTATE[42S22]: Column not found: 1054 Unknown column 'author_id' in 'where clause' (Connection: mysql, SQL: select `status`, `slug` from `bc_integrations` where `author_id` = 6) at /home/lionel/Documents/Junkyard/gotrip/bc-cms/vendor/laravel/framework/src/Illuminate/Database/Connection.php:824)
[stacktrace]
#0 /home/lionel/Documents/Junkyard/gotrip/bc-cms/vendor/laravel/framework/src/Illuminate/Database/Connection.php(778): Illuminate\\Database\\Connection->runQueryCallback()
#1 /home/lionel/Documents/Junkyard/gotrip/bc-cms/vendor/laravel/framework/src/Illuminate/Database/Connection.php(397): Illuminate\\Database\\Connection->run()
#2 /home/lionel/Documents/Junkyard/gotrip/bc-cms/vendor/laravel/framework/src/Illuminate/Database/Query/Builder.php(3188): Illuminate\\Database\\Connection->select()
#3 /home/lionel/Documents/Junkyard/gotrip/bc-cms/vendor/laravel/framework/src/Illuminate/Database/Query/Builder.php(3446): Illuminate\\Database\\Query\\Builder->runSelect()
#4 /home/lionel/Documents/Junkyard/gotrip/bc-cms/vendor/laravel/framework/src/Illuminate/Database/Query/Builder.php(3763): Illuminate\\Database\\Query\\Builder->{closure:Illuminate\\Database\\Query\\Builder::pluck():3444}()
#5 /home/lionel/Documents/Junkyard/gotrip/bc-cms/vendor/laravel/framework/src/Illuminate/Database/Query/Builder.php(3442): Illuminate\\Database\\Query\\Builder->onceWithColumns()
#6 /home/lionel/Documents/Junkyard/gotrip/bc-cms/vendor/laravel/framework/src/Illuminate/Database/Eloquent/Builder.php(1067): Illuminate\\Database\\Query\\Builder->pluck()
#7 /home/lionel/Documents/Junkyard/gotrip/bc-cms/pro/Integrations/Controllers/IntegrationsAdminController.php(21): Illuminate\\Database\\Eloquent\\Builder->pluck()
#8 /home/lionel/Documents/Junkyard/gotrip/bc-cms/vendor/laravel/framework/src/Illuminate/Routing/Controller.php(54): Pro\\Integrations\\Controllers\\IntegrationsAdminController->hub()
#9 /home/lionel/Documents/Junkyard/gotrip/bc-cms/vendor/laravel/framework/src/Illuminate/Routing/ControllerDispatcher.php(43): Illuminate\\Routing\\Controller->callAction()
#10 /home/lionel/Documents/Junkyard/gotrip/bc-cms/vendor/laravel/framework/src/Illuminate/Routing/Route.php(265): Illuminate\\Routing\\ControllerDispatcher->dispatch()
#11 /home/lionel/Documents/Junkyard/gotrip/bc-cms/vendor/laravel/framework/src/Illuminate/Routing/Route.php(211): Illuminate\\Routing\\Route->runController()
#12 /home/lionel/Documents/Junkyard/gotrip/bc-cms/vendor/laravel/framework/src/Illuminate/Routing/Router.php(822): Illuminate\\Routing\\Route->run()
#13 /home/lionel/Documents/Junkyard/gotrip/bc-cms/vendor/laravel/framework/src/Illuminate/Pipeline/Pipeline.php(180): Illuminate\\Routing\\Router->{closure:Illuminate\\Routing\\Router::runRouteWithinStack():821}()
#14 /home/lionel/Documents/Junkyard/gotrip/bc-cms/vendor/laravel/framework/src/Illuminate/Auth/Middleware/EnsureEmailIsVerified.php(41): Illuminate\\Pipeline\\Pipeline->{closure:Illuminate\\Pipeline\\Pipeline::prepareDestination():178}()
#15 /home/lionel/Documents/Junkyard/gotrip/bc-cms/vendor/laravel/framework/src/Illuminate/Pipeline/Pipeline.php(219): Illuminate\\Auth\\Middleware\\EnsureEmailIsVerified->handle()
#16 /home/lionel/Documents/Junkyard/gotrip/bc-cms/vendor/barryvdh/laravel-debugbar/src/Middleware/InjectDebugbar.php(66): Illuminate\\Pipeline\\Pipeline->{closure:{closure:Illuminate\\Pipeline\\Pipeline::carry():194}:195}()
#17 /home/lionel/Documents/Junkyard/gotrip/bc-cms/vendor/laravel/framework/src/Illuminate/Pipeline/Pipeline.php(219): Barryvdh\\Debugbar\\Middleware\\InjectDebugbar->handle()
#18 /home/lionel/Documents/Junkyard/gotrip/bc-cms/app/Http/Middleware/RequireChangePassword.php(41): Illuminate\\Pipeline\\Pipeline->{closure:{closure:Illuminate\\Pipeline\\Pipeline::carry():194}:195}()
#19 /home/lionel/Documents/Junkyard/gotrip/bc-cms/vendor/laravel/framework/src/Illuminate/Pipeline/Pipeline.php(219): App\\Http\\Middleware\\RequireChangePassword->handle()
#20 /home/lionel/Documents/Junkyard/gotrip/bc-cms/app/Http/Middleware/SetCurrentCurrency.php(48): Illuminate\\Pipeline\\Pipeline->{closure:{closure:Illuminate\\Pipeline\\Pipeline::carry():194}:195}()
#21 /home/lionel/Documents/Junkyard/gotrip/bc-cms/vendor/laravel/framework/src/Illuminate/Pipeline/Pipeline.php(219): App\\Http\\Middleware\\SetCurrentCurrency->handle()
#22 /home/lionel/Documents/Junkyard/gotrip/bc-cms/app/Http/Middleware/SetLanguageForAdmin.php(37): Illuminate\\Pipeline\\Pipeline->{closure:{closure:Illuminate\\Pipeline\\Pipeline::carry():194}:195}()
#23 /home/lionel/Documents/Junkyard/gotrip/bc-cms/vendor/laravel/framework/src/Illuminate/Pipeline/Pipeline.php(219): App\\Http\\Middleware\\SetLanguageForAdmin->handle()
#24 /home/lionel/Documents/Junkyard/gotrip/bc-cms/app/Http/Middleware/RedirectForMultiLanguage.php(58): Illuminate\\Pipeline\\Pipeline->{closure:{closure:Illuminate\\Pipeline\\Pipeline::carry():194}:195}()
#25 /home/lionel/Documents/Junkyard/gotrip/bc-cms/vendor/laravel/framework/src/Illuminate/Pipeline/Pipeline.php(219): App\\Http\\Middleware\\RedirectForMultiLanguage->handle()
#26 /home/lionel/Documents/Junkyard/gotrip/bc-cms/app/Http/Middleware/FrontendGuard.php(67): Illuminate\\Pipeline\\Pipeline->{closure:{closure:Illuminate\\Pipeline\\Pipeline::carry():194}:195}()
#27 /home/lionel/Documents/Junkyard/gotrip/bc-cms/vendor/laravel/framework/src/Illuminate/Pipeline/Pipeline.php(219): App\\Http\\Middleware\\FrontendGuard->handle()
#28 /home/lionel/Documents/Junkyard/gotrip/bc-cms/vendor/laravel/framework/src/Illuminate/Routing/Middleware/SubstituteBindings.php(50): Illuminate\\Pipeline\\Pipeline->{closure:{closure:Illuminate\\Pipeline\\Pipeline::carry():194}:195}()
#29 /home/lionel/Documents/Junkyard/gotrip/bc-cms/vendor/laravel/framework/src/Illuminate/Pipeline/Pipeline.php(219): Illuminate\\Routing\\Middleware\\SubstituteBindings->handle()
#30 /home/lionel/Documents/Junkyard/gotrip/bc-cms/vendor/laravel/framework/src/Illuminate/Auth/Middleware/Authenticate.php(63): Illuminate\\Pipeline\\Pipeline->{closure:{closure:Illuminate\\Pipeline\\Pipeline::carry():194}:195}()
#31 /home/lionel/Documents/Junkyard/gotrip/bc-cms/vendor/laravel/framework/src/Illuminate/Pipeline/Pipeline.php(219): Illuminate\\Auth\\Middleware\\Authenticate->handle()
#32 /home/lionel/Documents/Junkyard/gotrip/bc-cms/vendor/laravel/framework/src/Illuminate/Foundation/Http/Middleware/VerifyCsrfToken.php(87): Illuminate\\Pipeline\\Pipeline->{closure:{closure:Illuminate\\Pipeline\\Pipeline::carry():194}:195}()
#33 /home/lionel/Documents/Junkyard/gotrip/bc-cms/vendor/laravel/framework/src/Illuminate/Pipeline/Pipeline.php(219): Illuminate\\Foundation\\Http\\Middleware\\VerifyCsrfToken->handle()
#34 /home/lionel/Documents/Junkyard/gotrip/bc-cms/vendor/laravel/framework/src/Illuminate/View/Middleware/ShareErrorsFromSession.php(48): Illuminate\\Pipeline\\Pipeline->{closure:{closure:Illuminate\\Pipeline\\Pipeline::carry():194}:195}()
#35 /home/lionel/Documents/Junkyard/gotrip/bc-cms/vendor/laravel/framework/src/Illuminate/Pipeline/Pipeline.php(219): Illuminate\\View\\Middleware\\ShareErrorsFromSession->handle()
#36 /home/lionel/Documents/Junkyard/gotrip/bc-cms/vendor/laravel/framework/src/Illuminate/Session/Middleware/StartSession.php(120): Illuminate\\Pipeline\\Pipeline->{closure:{closure:Illuminate\\Pipeline\\Pipeline::carry():194}:195}()
#37 /home/lionel/Documents/Junkyard/gotrip/bc-cms/vendor/laravel/framework/src/Illuminate/Session/Middleware/StartSession.php(63): Illuminate\\Session\\Middleware\\StartSession->handleStatefulRequest()
#38 /home/lionel/Documents/Junkyard/gotrip/bc-cms/vendor/laravel/framework/src/Illuminate/Pipeline/Pipeline.php(219): Illuminate\\Session\\Middleware\\StartSession->handle()
#39 /home/lionel/Documents/Junkyard/gotrip/bc-cms/vendor/laravel/framework/src/Illuminate/Cookie/Middleware/AddQueuedCookiesToResponse.php(36): Illuminate\\Pipeline\\Pipeline->{closure:{closure:Illuminate\\Pipeline\\Pipeline::carry():194}:195}()
#40 /home/lionel/Documents/Junkyard/gotrip/bc-cms/vendor/laravel/framework/src/Illuminate/Pipeline/Pipeline.php(219): Illuminate\\Cookie\\Middleware\\AddQueuedCookiesToResponse->handle()
#41 /home/lionel/Documents/Junkyard/gotrip/bc-cms/vendor/laravel/framework/src/Illuminate/Cookie/Middleware/EncryptCookies.php(74): Illuminate\\Pipeline\\Pipeline->{closure:{closure:Illuminate\\Pipeline\\Pipeline::carry():194}:195}()
#42 /home/lionel/Documents/Junkyard/gotrip/bc-cms/vendor/laravel/framework/src/Illuminate/Pipeline/Pipeline.php(219): Illuminate\\Cookie\\Middleware\\EncryptCookies->handle()
#43 /home/lionel/Documents/Junkyard/gotrip/bc-cms/vendor/laravel/framework/src/Illuminate/Pipeline/Pipeline.php(137): Illuminate\\Pipeline\\Pipeline->{closure:{closure:Illuminate\\Pipeline\\Pipeline::carry():194}:195}()
#44 /home/lionel/Documents/Junkyard/gotrip/bc-cms/vendor/laravel/framework/src/Illuminate/Routing/Router.php(821): Illuminate\\Pipeline\\Pipeline->then()
#45 /home/lionel/Documents/Junkyard/gotrip/bc-cms/vendor/laravel/framework/src/Illuminate/Routing/Router.php(800): Illuminate\\Routing\\Router->runRouteWithinStack()
#46 /home/lionel/Documents/Junkyard/gotrip/bc-cms/vendor/laravel/framework/src/Illuminate/Routing/Router.php(764): Illuminate\\Routing\\Router->runRoute()
#47 /home/lionel/Documents/Junkyard/gotrip/bc-cms/vendor/laravel/framework/src/Illuminate/Routing/Router.php(753): Illuminate\\Routing\\Router->dispatchToRoute()
#48 /home/lionel/Documents/Junkyard/gotrip/bc-cms/vendor/laravel/framework/src/Illuminate/Foundation/Http/Kernel.php(200): Illuminate\\Routing\\Router->dispatch()
#49 /home/lionel/Documents/Junkyard/gotrip/bc-cms/vendor/laravel/framework/src/Illuminate/Pipeline/Pipeline.php(180): Illuminate\\Foundation\\Http\\Kernel->{closure:Illuminate\\Foundation\\Http\\Kernel::dispatchToRouter():197}()
#50 /home/lionel/Documents/Junkyard/gotrip/bc-cms/themes/Base/Core/Middleware/RunUpdater.php(77): Illuminate\\Pipeline\\Pipeline->{closure:Illuminate\\Pipeline\\Pipeline::prepareDestination():178}()
#51 /home/lionel/Documents/Junkyard/gotrip/bc-cms/vendor/laravel/framework/src/Illuminate/Pipeline/Pipeline.php(219): Themes\\Base\\Core\\Middleware\\RunUpdater->handle()
#52 /home/lionel/Documents/Junkyard/gotrip/bc-cms/vendor/livewire/livewire/src/Features/SupportDisablingBackButtonCache/DisableBackButtonCacheMiddleware.php(19): Illuminate\\Pipeline\\Pipeline->{closure:{closure:Illuminate\\Pipeline\\Pipeline::carry():194}:195}()
#53 /home/lionel/Documents/Junkyard/gotrip/bc-cms/vendor/laravel/framework/src/Illuminate/Pipeline/Pipeline.php(219): Livewire\\Features\\SupportDisablingBackButtonCache\\DisableBackButtonCacheMiddleware->handle()
#54 /home/lionel/Documents/Junkyard/gotrip/bc-cms/vendor/barryvdh/laravel-debugbar/src/Middleware/InjectDebugbar.php(66): Illuminate\\Pipeline\\Pipeline->{closure:{closure:Illuminate\\Pipeline\\Pipeline::carry():194}:195}()
#55 /home/lionel/Documents/Junkyard/gotrip/bc-cms/vendor/laravel/framework/src/Illuminate/Pipeline/Pipeline.php(219): Barryvdh\\Debugbar\\Middleware\\InjectDebugbar->handle()
#56 /home/lionel/Documents/Junkyard/gotrip/bc-cms/app/Http/Middleware/RedirectToInstaller.php(40): Illuminate\\Pipeline\\Pipeline->{closure:{closure:Illuminate\\Pipeline\\Pipeline::carry():194}:195}()
#57 /home/lionel/Documents/Junkyard/gotrip/bc-cms/vendor/laravel/framework/src/Illuminate/Pipeline/Pipeline.php(219): App\\Http\\Middleware\\RedirectToInstaller->handle()
#58 /home/lionel/Documents/Junkyard/gotrip/bc-cms/vendor/laravel/framework/src/Illuminate/Foundation/Http/Middleware/TransformsRequest.php(21): Illuminate\\Pipeline\\Pipeline->{closure:{closure:Illuminate\\Pipeline\\Pipeline::carry():194}:195}()
#59 /home/lionel/Documents/Junkyard/gotrip/bc-cms/vendor/laravel/framework/src/Illuminate/Foundation/Http/Middleware/ConvertEmptyStringsToNull.php(31): Illuminate\\Foundation\\Http\\Middleware\\TransformsRequest->handle()
#60 /home/lionel/Documents/Junkyard/gotrip/bc-cms/vendor/laravel/framework/src/Illuminate/Pipeline/Pipeline.php(219): Illuminate\\Foundation\\Http\\Middleware\\ConvertEmptyStringsToNull->handle()
#61 /home/lionel/Documents/Junkyard/gotrip/bc-cms/vendor/laravel/framework/src/Illuminate/Foundation/Http/Middleware/TransformsRequest.php(21): Illuminate\\Pipeline\\Pipeline->{closure:{closure:Illuminate\\Pipeline\\Pipeline::carry():194}:195}()
#62 /home/lionel/Documents/Junkyard/gotrip/bc-cms/vendor/laravel/framework/src/Illuminate/Foundation/Http/Middleware/TrimStrings.php(51): Illuminate\\Foundation\\Http\\Middleware\\TransformsRequest->handle()
#63 /home/lionel/Documents/Junkyard/gotrip/bc-cms/vendor/laravel/framework/src/Illuminate/Pipeline/Pipeline.php(219): Illuminate\\Foundation\\Http\\Middleware\\TrimStrings->handle()
#64 /home/lionel/Documents/Junkyard/gotrip/bc-cms/vendor/laravel/framework/src/Illuminate/Http/Middleware/ValidatePostSize.php(27): Illuminate\\Pipeline\\Pipeline->{closure:{closure:Illuminate\\Pipeline\\Pipeline::carry():194}:195}()
#65 /home/lionel/Documents/Junkyard/gotrip/bc-cms/vendor/laravel/framework/src/Illuminate/Pipeline/Pipeline.php(219): Illuminate\\Http\\Middleware\\ValidatePostSize->handle()
#66 /home/lionel/Documents/Junkyard/gotrip/bc-cms/vendor/laravel/framework/src/Illuminate/Foundation/Http/Middleware/PreventRequestsDuringMaintenance.php(109): Illuminate\\Pipeline\\Pipeline->{closure:{closure:Illuminate\\Pipeline\\Pipeline::carry():194}:195}()
#67 /home/lionel/Documents/Junkyard/gotrip/bc-cms/vendor/laravel/framework/src/Illuminate/Pipeline/Pipeline.php(219): Illuminate\\Foundation\\Http\\Middleware\\PreventRequestsDuringMaintenance->handle()
#68 /home/lionel/Documents/Junkyard/gotrip/bc-cms/vendor/laravel/framework/src/Illuminate/Http/Middleware/HandleCors.php(48): Illuminate\\Pipeline\\Pipeline->{closure:{closure:Illuminate\\Pipeline\\Pipeline::carry():194}:195}()
#69 /home/lionel/Documents/Junkyard/gotrip/bc-cms/vendor/laravel/framework/src/Illuminate/Pipeline/Pipeline.php(219): Illuminate\\Http\\Middleware\\HandleCors->handle()
#70 /home/lionel/Documents/Junkyard/gotrip/bc-cms/vendor/laravel/framework/src/Illuminate/Http/Middleware/TrustProxies.php(58): Illuminate\\Pipeline\\Pipeline->{closure:{closure:Illuminate\\Pipeline\\Pipeline::carry():194}:195}()
#71 /home/lionel/Documents/Junkyard/gotrip/bc-cms/vendor/laravel/framework/src/Illuminate/Pipeline/Pipeline.php(219): Illuminate\\Http\\Middleware\\TrustProxies->handle()
#72 /home/lionel/Documents/Junkyard/gotrip/bc-cms/vendor/laravel/framework/src/Illuminate/Foundation/Http/Middleware/InvokeDeferredCallbacks.php(22): Illuminate\\Pipeline\\Pipeline->{closure:{closure:Illuminate\\Pipeline\\Pipeline::carry():194}:195}()
#73 /home/lionel/Documents/Junkyard/gotrip/bc-cms/vendor/laravel/framework/src/Illuminate/Pipeline/Pipeline.php(219): Illuminate\\Foundation\\Http\\Middleware\\InvokeDeferredCallbacks->handle()
#74 /home/lionel/Documents/Junkyard/gotrip/bc-cms/vendor/laravel/framework/src/Illuminate/Http/Middleware/ValidatePathEncoding.php(26): Illuminate\\Pipeline\\Pipeline->{closure:{closure:Illuminate\\Pipeline\\Pipeline::carry():194}:195}()
#75 /home/lionel/Documents/Junkyard/gotrip/bc-cms/vendor/laravel/framework/src/Illuminate/Pipeline/Pipeline.php(219): Illuminate\\Http\\Middleware\\ValidatePathEncoding->handle()
#76 /home/lionel/Documents/Junkyard/gotrip/bc-cms/vendor/laravel/framework/src/Illuminate/Pipeline/Pipeline.php(137): Illuminate\\Pipeline\\Pipeline->{closure:{closure:Illuminate\\Pipeline\\Pipeline::carry():194}:195}()
#77 /home/lionel/Documents/Junkyard/gotrip/bc-cms/vendor/laravel/framework/src/Illuminate/Foundation/Http/Kernel.php(175): Illuminate\\Pipeline\\Pipeline->then()
#78 /home/lionel/Documents/Junkyard/gotrip/bc-cms/vendor/laravel/framework/src/Illuminate/Foundation/Http/Kernel.php(144): Illuminate\\Foundation\\Http\\Kernel->sendRequestThroughRouter()
#79 /home/lionel/Documents/Junkyard/gotrip/bc-cms/vendor/laravel/framework/src/Illuminate/Foundation/Application.php(1219): Illuminate\\Foundation\\Http\\Kernel->handle()
#80 /home/lionel/Documents/Junkyard/gotrip/public_html/index.php(84): Illuminate\\Foundation\\Application->handleRequest()
#81 /home/lionel/Documents/Junkyard/gotrip/bc-cms/server.php(21): require_once('...')
#82 {main}

[previous exception] [object] (PDOException(code: 42S22): SQLSTATE[42S22]: Column not found: 1054 Unknown column 'author_id' in 'where clause' at /home/lionel/Documents/Junkyard/gotrip/bc-cms/vendor/laravel/framework/src/Illuminate/Database/Connection.php:406)
[stacktrace]
#0 /home/lionel/Documents/Junkyard/gotrip/bc-cms/vendor/laravel/framework/src/Illuminate/Database/Connection.php(406): PDO->prepare()
#1 /home/lionel/Documents/Junkyard/gotrip/bc-cms/vendor/laravel/framework/src/Illuminate/Database/Connection.php(811): Illuminate\\Database\\Connection->{closure:Illuminate\\Database\\Connection::select():397}()
#2 /home/lionel/Documents/Junkyard/gotrip/bc-cms/vendor/laravel/framework/src/Illuminate/Database/Connection.php(778): Illuminate\\Database\\Connection->runQueryCallback()
#3 /home/lionel/Documents/Junkyard/gotrip/bc-cms/vendor/laravel/framework/src/Illuminate/Database/Connection.php(397): Illuminate\\Database\\Connection->run()
#4 /home/lionel/Documents/Junkyard/gotrip/bc-cms/vendor/laravel/framework/src/Illuminate/Database/Query/Builder.php(3188): Illuminate\\Database\\Connection->select()
#5 /home/lionel/Documents/Junkyard/gotrip/bc-cms/vendor/laravel/framework/src/Illuminate/Database/Query/Builder.php(3446): Illuminate\\Database\\Query\\Builder->runSelect()
#6 /home/lionel/Documents/Junkyard/gotrip/bc-cms/vendor/laravel/framework/src/Illuminate/Database/Query/Builder.php(3763): Illuminate\\Database\\Query\\Builder->{closure:Illuminate\\Database\\Query\\Builder::pluck():3444}()
#7 /home/lionel/Documents/Junkyard/gotrip/bc-cms/vendor/laravel/framework/src/Illuminate/Database/Query/Builder.php(3442): Illuminate\\Database\\Query\\Builder->onceWithColumns()
#8 /home/lionel/Documents/Junkyard/gotrip/bc-cms/vendor/laravel/framework/src/Illuminate/Database/Eloquent/Builder.php(1067): Illuminate\\Database\\Query\\Builder->pluck()
#9 /home/lionel/Documents/Junkyard/gotrip/bc-cms/pro/Integrations/Controllers/IntegrationsAdminController.php(21): Illuminate\\Database\\Eloquent\\Builder->pluck()
#10 /home/lionel/Documents/Junkyard/gotrip/bc-cms/vendor/laravel/framework/src/Illuminate/Routing/Controller.php(54): Pro\\Integrations\\Controllers\\IntegrationsAdminController->hub()
#11 /home/lionel/Documents/Junkyard/gotrip/bc-cms/vendor/laravel/framework/src/Illuminate/Routing/ControllerDispatcher.php(43): Illuminate\\Routing\\Controller->callAction()
#12 /home/lionel/Documents/Junkyard/gotrip/bc-cms/vendor/laravel/framework/src/Illuminate/Routing/Route.php(265): Illuminate\\Routing\\ControllerDispatcher->dispatch()
#13 /home/lionel/Documents/Junkyard/gotrip/bc-cms/vendor/laravel/framework/src/Illuminate/Routing/Route.php(211): Illuminate\\Routing\\Route->runController()
#14 /home/lionel/Documents/Junkyard/gotrip/bc-cms/vendor/laravel/framework/src/Illuminate/Routing/Router.php(822): Illuminate\\Routing\\Route->run()
#15 /home/lionel/Documents/Junkyard/gotrip/bc-cms/vendor/laravel/framework/src/Illuminate/Pipeline/Pipeline.php(180): Illuminate\\Routing\\Router->{closure:Illuminate\\Routing\\Router::runRouteWithinStack():821}()
#16 /home/lionel/Documents/Junkyard/gotrip/bc-cms/vendor/laravel/framework/src/Illuminate/Auth/Middleware/EnsureEmailIsVerified.php(41): Illuminate\\Pipeline\\Pipeline->{closure:Illuminate\\Pipeline\\Pipeline::prepareDestination():178}()
#17 /home/lionel/Documents/Junkyard/gotrip/bc-cms/vendor/laravel/framework/src/Illuminate/Pipeline/Pipeline.php(219): Illuminate\\Auth\\Middleware\\EnsureEmailIsVerified->handle()
#18 /home/lionel/Documents/Junkyard/gotrip/bc-cms/vendor/barryvdh/laravel-debugbar/src/Middleware/InjectDebugbar.php(66): Illuminate\\Pipeline\\Pipeline->{closure:{closure:Illuminate\\Pipeline\\Pipeline::carry():194}:195}()
#19 /home/lionel/Documents/Junkyard/gotrip/bc-cms/vendor/laravel/framework/src/Illuminate/Pipeline/Pipeline.php(219): Barryvdh\\Debugbar\\Middleware\\InjectDebugbar->handle()
#20 /home/lionel/Documents/Junkyard/gotrip/bc-cms/app/Http/Middleware/RequireChangePassword.php(41): Illuminate\\Pipeline\\Pipeline->{closure:{closure:Illuminate\\Pipeline\\Pipeline::carry():194}:195}()
#21 /home/lionel/Documents/Junkyard/gotrip/bc-cms/vendor/laravel/framework/src/Illuminate/Pipeline/Pipeline.php(219): App\\Http\\Middleware\\RequireChangePassword->handle()
#22 /home/lionel/Documents/Junkyard/gotrip/bc-cms/app/Http/Middleware/SetCurrentCurrency.php(48): Illuminate\\Pipeline\\Pipeline->{closure:{closure:Illuminate\\Pipeline\\Pipeline::carry():194}:195}()
#23 /home/lionel/Documents/Junkyard/gotrip/bc-cms/vendor/laravel/framework/src/Illuminate/Pipeline/Pipeline.php(219): App\\Http\\Middleware\\SetCurrentCurrency->handle()
#24 /home/lionel/Documents/Junkyard/gotrip/bc-cms/app/Http/Middleware/SetLanguageForAdmin.php(37): Illuminate\\Pipeline\\Pipeline->{closure:{closure:Illuminate\\Pipeline\\Pipeline::carry():194}:195}()
#25 /home/lionel/Documents/Junkyard/gotrip/bc-cms/vendor/laravel/framework/src/Illuminate/Pipeline/Pipeline.php(219): App\\Http\\Middleware\\SetLanguageForAdmin->handle()
#26 /home/lionel/Documents/Junkyard/gotrip/bc-cms/app/Http/Middleware/RedirectForMultiLanguage.php(58): Illuminate\\Pipeline\\Pipeline->{closure:{closure:Illuminate\\Pipeline\\Pipeline::carry():194}:195}()
#27 /home/lionel/Documents/Junkyard/gotrip/bc-cms/vendor/laravel/framework/src/Illuminate/Pipeline/Pipeline.php(219): App\\Http\\Middleware\\RedirectForMultiLanguage->handle()
#28 /home/lionel/Documents/Junkyard/gotrip/bc-cms/app/Http/Middleware/FrontendGuard.php(67): Illuminate\\Pipeline\\Pipeline->{closure:{closure:Illuminate\\Pipeline\\Pipeline::carry():194}:195}()
#29 /home/lionel/Documents/Junkyard/gotrip/bc-cms/vendor/laravel/framework/src/Illuminate/Pipeline/Pipeline.php(219): App\\Http\\Middleware\\FrontendGuard->handle()
#30 /home/lionel/Documents/Junkyard/gotrip/bc-cms/vendor/laravel/framework/src/Illuminate/Routing/Middleware/SubstituteBindings.php(50): Illuminate\\Pipeline\\Pipeline->{closure:{closure:Illuminate\\Pipeline\\Pipeline::carry():194}:195}()
#31 /home/lionel/Documents/Junkyard/gotrip/bc-cms/vendor/laravel/framework/src/Illuminate/Pipeline/Pipeline.php(219): Illuminate\\Routing\\Middleware\\SubstituteBindings->handle()
#32 /home/lionel/Documents/Junkyard/gotrip/bc-cms/vendor/laravel/framework/src/Illuminate/Auth/Middleware/Authenticate.php(63): Illuminate\\Pipeline\\Pipeline->{closure:{closure:Illuminate\\Pipeline\\Pipeline::carry():194}:195}()
#33 /home/lionel/Documents/Junkyard/gotrip/bc-cms/vendor/laravel/framework/src/Illuminate/Pipeline/Pipeline.php(219): Illuminate\\Auth\\Middleware\\Authenticate->handle()
#34 /home/lionel/Documents/Junkyard/gotrip/bc-cms/vendor/laravel/framework/src/Illuminate/Foundation/Http/Middleware/VerifyCsrfToken.php(87): Illuminate\\Pipeline\\Pipeline->{closure:{closure:Illuminate\\Pipeline\\Pipeline::carry():194}:195}()
#35 /home/lionel/Documents/Junkyard/gotrip/bc-cms/vendor/laravel/framework/src/Illuminate/Pipeline/Pipeline.php(219): Illuminate\\Foundation\\Http\\Middleware\\VerifyCsrfToken->handle()
#36 /home/lionel/Documents/Junkyard/gotrip/bc-cms/vendor/laravel/framework/src/Illuminate/View/Middleware/ShareErrorsFromSession.php(48): Illuminate\\Pipeline\\Pipeline->{closure:{closure:Illuminate\\Pipeline\\Pipeline::carry():194}:195}()
#37 /home/lionel/Documents/Junkyard/gotrip/bc-cms/vendor/laravel/framework/src/Illuminate/Pipeline/Pipeline.php(219): Illuminate\\View\\Middleware\\ShareErrorsFromSession->handle()
#38 /home/lionel/Documents/Junkyard/gotrip/bc-cms/vendor/laravel/framework/src/Illuminate/Session/Middleware/StartSession.php(120): Illuminate\\Pipeline\\Pipeline->{closure:{closure:Illuminate\\Pipeline\\Pipeline::carry():194}:195}()
#39 /home/lionel/Documents/Junkyard/gotrip/bc-cms/vendor/laravel/framework/src/Illuminate/Session/Middleware/StartSession.php(63): Illuminate\\Session\\Middleware\\StartSession->handleStatefulRequest()
#40 /home/lionel/Documents/Junkyard/gotrip/bc-cms/vendor/laravel/framework/src/Illuminate/Pipeline/Pipeline.php(219): Illuminate\\Session\\Middleware\\StartSession->handle()
#41 /home/lionel/Documents/Junkyard/gotrip/bc-cms/vendor/laravel/framework/src/Illuminate/Cookie/Middleware/AddQueuedCookiesToResponse.php(36): Illuminate\\Pipeline\\Pipeline->{closure:{closure:Illuminate\\Pipeline\\Pipeline::carry():194}:195}()
#42 /home/lionel/Documents/Junkyard/gotrip/bc-cms/vendor/laravel/framework/src/Illuminate/Pipeline/Pipeline.php(219): Illuminate\\Cookie\\Middleware\\AddQueuedCookiesToResponse->handle()
#43 /home/lionel/Documents/Junkyard/gotrip/bc-cms/vendor/laravel/framework/src/Illuminate/Cookie/Middleware/EncryptCookies.php(74): Illuminate\\Pipeline\\Pipeline->{closure:{closure:Illuminate\\Pipeline\\Pipeline::carry():194}:195}()
#44 /home/lionel/Documents/Junkyard/gotrip/bc-cms/vendor/laravel/framework/src/Illuminate/Pipeline/Pipeline.php(219): Illuminate\\Cookie\\Middleware\\EncryptCookies->handle()
#45 /home/lionel/Documents/Junkyard/gotrip/bc-cms/vendor/laravel/framework/src/Illuminate/Pipeline/Pipeline.php(137): Illuminate\\Pipeline\\Pipeline->{closure:{closure:Illuminate\\Pipeline\\Pipeline::carry():194}:195}()
#46 /home/lionel/Documents/Junkyard/gotrip/bc-cms/vendor/laravel/framework/src/Illuminate/Routing/Router.php(821): Illuminate\\Pipeline\\Pipeline->then()
#47 /home/lionel/Documents/Junkyard/gotrip/bc-cms/vendor/laravel/framework/src/Illuminate/Routing/Router.php(800): Illuminate\\Routing\\Router->runRouteWithinStack()
#48 /home/lionel/Documents/Junkyard/gotrip/bc-cms/vendor/laravel/framework/src/Illuminate/Routing/Router.php(764): Illuminate\\Routing\\Router->runRoute()
#49 /home/lionel/Documents/Junkyard/gotrip/bc-cms/vendor/laravel/framework/src/Illuminate/Routing/Router.php(753): Illuminate\\Routing\\Router->dispatchToRoute()
#50 /home/lionel/Documents/Junkyard/gotrip/bc-cms/vendor/laravel/framework/src/Illuminate/Foundation/Http/Kernel.php(200): Illuminate\\Routing\\Router->dispatch()
#51 /home/lionel/Documents/Junkyard/gotrip/bc-cms/vendor/laravel/framework/src/Illuminate/Pipeline/Pipeline.php(180): Illuminate\\Foundation\\Http\\Kernel->{closure:Illuminate\\Foundation\\Http\\Kernel::dispatchToRouter():197}()
#52 /home/lionel/Documents/Junkyard/gotrip/bc-cms/themes/Base/Core/Middleware/RunUpdater.php(77): Illuminate\\Pipeline\\Pipeline->{closure:Illuminate\\Pipeline\\Pipeline::prepareDestination():178}()
#53 /home/lionel/Documents/Junkyard/gotrip/bc-cms/vendor/laravel/framework/src/Illuminate/Pipeline/Pipeline.php(219): Themes\\Base\\Core\\Middleware\\RunUpdater->handle()
#54 /home/lionel/Documents/Junkyard/gotrip/bc-cms/vendor/livewire/livewire/src/Features/SupportDisablingBackButtonCache/DisableBackButtonCacheMiddleware.php(19): Illuminate\\Pipeline\\Pipeline->{closure:{closure:Illuminate\\Pipeline\\Pipeline::carry():194}:195}()
#55 /home/lionel/Documents/Junkyard/gotrip/bc-cms/vendor/laravel/framework/src/Illuminate/Pipeline/Pipeline.php(219): Livewire\\Features\\SupportDisablingBackButtonCache\\DisableBackButtonCacheMiddleware->handle()
#56 /home/lionel/Documents/Junkyard/gotrip/bc-cms/vendor/barryvdh/laravel-debugbar/src/Middleware/InjectDebugbar.php(66): Illuminate\\Pipeline\\Pipeline->{closure:{closure:Illuminate\\Pipeline\\Pipeline::carry():194}:195}()
#57 /home/lionel/Documents/Junkyard/gotrip/bc-cms/vendor/laravel/framework/src/Illuminate/Pipeline/Pipeline.php(219): Barryvdh\\Debugbar\\Middleware\\InjectDebugbar->handle()
#58 /home/lionel/Documents/Junkyard/gotrip/bc-cms/app/Http/Middleware/RedirectToInstaller.php(40): Illuminate\\Pipeline\\Pipeline->{closure:{closure:Illuminate\\Pipeline\\Pipeline::carry():194}:195}()
#59 /home/lionel/Documents/Junkyard/gotrip/bc-cms/vendor/laravel/framework/src/Illuminate/Pipeline/Pipeline.php(219): App\\Http\\Middleware\\RedirectToInstaller->handle()
#60 /home/lionel/Documents/Junkyard/gotrip/bc-cms/vendor/laravel/framework/src/Illuminate/Foundation/Http/Middleware/TransformsRequest.php(21): Illuminate\\Pipeline\\Pipeline->{closure:{closure:Illuminate\\Pipeline\\Pipeline::carry():194}:195}()
#61 /home/lionel/Documents/Junkyard/gotrip/bc-cms/vendor/laravel/framework/src/Illuminate/Foundation/Http/Middleware/ConvertEmptyStringsToNull.php(31): Illuminate\\Foundation\\Http\\Middleware\\TransformsRequest->handle()
#62 /home/lionel/Documents/Junkyard/gotrip/bc-cms/vendor/laravel/framework/src/Illuminate/Pipeline/Pipeline.php(219): Illuminate\\Foundation\\Http\\Middleware\\ConvertEmptyStringsToNull->handle()
#63 /home/lionel/Documents/Junkyard/gotrip/bc-cms/vendor/laravel/framework/src/Illuminate/Foundation/Http/Middleware/TransformsRequest.php(21): Illuminate\\Pipeline\\Pipeline->{closure:{closure:Illuminate\\Pipeline\\Pipeline::carry():194}:195}()
#64 /home/lionel/Documents/Junkyard/gotrip/bc-cms/vendor/laravel/framework/src/Illuminate/Foundation/Http/Middleware/TrimStrings.php(51): Illuminate\\Foundation\\Http\\Middleware\\TransformsRequest->handle()
#65 /home/lionel/Documents/Junkyard/gotrip/bc-cms/vendor/laravel/framework/src/Illuminate/Pipeline/Pipeline.php(219): Illuminate\\Foundation\\Http\\Middleware\\TrimStrings->handle()
#66 /home/lionel/Documents/Junkyard/gotrip/bc-cms/vendor/laravel/framework/src/Illuminate/Http/Middleware/ValidatePostSize.php(27): Illuminate\\Pipeline\\Pipeline->{closure:{closure:Illuminate\\Pipeline\\Pipeline::carry():194}:195}()
#67 /home/lionel/Documents/Junkyard/gotrip/bc-cms/vendor/laravel/framework/src/Illuminate/Pipeline/Pipeline.php(219): Illuminate\\Http\\Middleware\\ValidatePostSize->handle()
#68 /home/lionel/Documents/Junkyard/gotrip/bc-cms/vendor/laravel/framework/src/Illuminate/Foundation/Http/Middleware/PreventRequestsDuringMaintenance.php(109): Illuminate\\Pipeline\\Pipeline->{closure:{closure:Illuminate\\Pipeline\\Pipeline::carry():194}:195}()
#69 /home/lionel/Documents/Junkyard/gotrip/bc-cms/vendor/laravel/framework/src/Illuminate/Pipeline/Pipeline.php(219): Illuminate\\Foundation\\Http\\Middleware\\PreventRequestsDuringMaintenance->handle()
#70 /home/lionel/Documents/Junkyard/gotrip/bc-cms/vendor/laravel/framework/src/Illuminate/Http/Middleware/HandleCors.php(48): Illuminate\\Pipeline\\Pipeline->{closure:{closure:Illuminate\\Pipeline\\Pipeline::carry():194}:195}()
#71 /home/lionel/Documents/Junkyard/gotrip/bc-cms/vendor/laravel/framework/src/Illuminate/Pipeline/Pipeline.php(219): Illuminate\\Http\\Middleware\\HandleCors->handle()
#72 /home/lionel/Documents/Junkyard/gotrip/bc-cms/vendor/laravel/framework/src/Illuminate/Http/Middleware/TrustProxies.php(58): Illuminate\\Pipeline\\Pipeline->{closure:{closure:Illuminate\\Pipeline\\Pipeline::carry():194}:195}()
#73 /home/lionel/Documents/Junkyard/gotrip/bc-cms/vendor/laravel/framework/src/Illuminate/Pipeline/Pipeline.php(219): Illuminate\\Http\\Middleware\\TrustProxies->handle()
#74 /home/lionel/Documents/Junkyard/gotrip/bc-cms/vendor/laravel/framework/src/Illuminate/Foundation/Http/Middleware/InvokeDeferredCallbacks.php(22): Illuminate\\Pipeline\\Pipeline->{closure:{closure:Illuminate\\Pipeline\\Pipeline::carry():194}:195}()
#75 /home/lionel/Documents/Junkyard/gotrip/bc-cms/vendor/laravel/framework/src/Illuminate/Pipeline/Pipeline.php(219): Illuminate\\Foundation\\Http\\Middleware\\InvokeDeferredCallbacks->handle()
#76 /home/lionel/Documents/Junkyard/gotrip/bc-cms/vendor/laravel/framework/src/Illuminate/Http/Middleware/ValidatePathEncoding.php(26): Illuminate\\Pipeline\\Pipeline->{closure:{closure:Illuminate\\Pipeline\\Pipeline::carry():194}:195}()
#77 /home/lionel/Documents/Junkyard/gotrip/bc-cms/vendor/laravel/framework/src/Illuminate/Pipeline/Pipeline.php(219): Illuminate\\Http\\Middleware\\ValidatePathEncoding->handle()
#78 /home/lionel/Documents/Junkyard/gotrip/bc-cms/vendor/laravel/framework/src/Illuminate/Pipeline/Pipeline.php(137): Illuminate\\Pipeline\\Pipeline->{closure:{closure:Illuminate\\Pipeline\\Pipeline::carry():194}:195}()
#79 /home/lionel/Documents/Junkyard/gotrip/bc-cms/vendor/laravel/framework/src/Illuminate/Foundation/Http/Kernel.php(175): Illuminate\\Pipeline\\Pipeline->then()
#80 /home/lionel/Documents/Junkyard/gotrip/bc-cms/vendor/laravel/framework/src/Illuminate/Foundation/Http/Kernel.php(144): Illuminate\\Foundation\\Http\\Kernel->sendRequestThroughRouter()
#81 /home/lionel/Documents/Junkyard/gotrip/bc-cms/vendor/laravel/framework/src/Illuminate/Foundation/Application.php(1219): Illuminate\\Foundation\\Http\\Kernel->handle()
#82 /home/lionel/Documents/Junkyard/gotrip/public_html/index.php(84): Illuminate\\Foundation\\Application->handleRequest()
#83 /home/lionel/Documents/Junkyard/gotrip/bc-cms/server.php(21): require_once('...')
#84 {main}
"} 
[2026-05-24 21:55:27] local.ERROR: View [] not found. {"view":{"view":"/home/lionel/Documents/Junkyard/gotrip/bc-cms/themes/Base/Booking/Views/emails/new-booking.blade.php","data":[]},"userId":6,"exception":"[object] (Spatie\\LaravelIgnition\\Exceptions\\ViewException(code: 0): View [] not found. at /home/lionel/Documents/Junkyard/gotrip/bc-cms/vendor/laravel/framework/src/Illuminate/View/FileViewFinder.php:138)
[stacktrace]
#0 /home/lionel/Documents/Junkyard/gotrip/bc-cms/vendor/laravel/framework/src/Illuminate/View/FileViewFinder.php(78): Illuminate\\View\\FileViewFinder->findInPaths()
#1 /home/lionel/Documents/Junkyard/gotrip/bc-cms/vendor/laravel/framework/src/Illuminate/View/Factory.php(150): Illuminate\\View\\FileViewFinder->find()
#2 /home/lionel/Documents/Junkyard/gotrip/bc-cms/themes/Base/Booking/Views/emails/new-booking.blade.php(23): Illuminate\\View\\Factory->make()
#3 /home/lionel/Documents/Junkyard/gotrip/bc-cms/vendor/laravel/framework/src/Illuminate/Filesystem/Filesystem.php(123): require('...')
#4 /home/lionel/Documents/Junkyard/gotrip/bc-cms/vendor/laravel/framework/src/Illuminate/Filesystem/Filesystem.php(124): Illuminate\\Filesystem\\Filesystem::{closure:Illuminate\\Filesystem\\Filesystem::getRequire():120}()
#5 /home/lionel/Documents/Junkyard/gotrip/bc-cms/vendor/laravel/framework/src/Illuminate/View/Engines/PhpEngine.php(57): Illuminate\\Filesystem\\Filesystem->getRequire()
#6 /home/lionel/Documents/Junkyard/gotrip/bc-cms/vendor/livewire/livewire/src/Mechanisms/ExtendBlade/ExtendedCompilerEngine.php(22): Illuminate\\View\\Engines\\PhpEngine->evaluatePath()
#7 /home/lionel/Documents/Junkyard/gotrip/bc-cms/vendor/laravel/framework/src/Illuminate/View/Engines/CompilerEngine.php(76): Livewire\\Mechanisms\\ExtendBlade\\ExtendedCompilerEngine->evaluatePath()
#8 /home/lionel/Documents/Junkyard/gotrip/bc-cms/vendor/livewire/livewire/src/Mechanisms/ExtendBlade/ExtendedCompilerEngine.php(10): Illuminate\\View\\Engines\\CompilerEngine->get()
#9 /home/lionel/Documents/Junkyard/gotrip/bc-cms/vendor/laravel/framework/src/Illuminate/View/View.php(208): Livewire\\Mechanisms\\ExtendBlade\\ExtendedCompilerEngine->get()
#10 /home/lionel/Documents/Junkyard/gotrip/bc-cms/vendor/laravel/framework/src/Illuminate/View/View.php(191): Illuminate\\View\\View->getContents()
#11 /home/lionel/Documents/Junkyard/gotrip/bc-cms/vendor/laravel/framework/src/Illuminate/View/View.php(160): Illuminate\\View\\View->renderContents()
#12 /home/lionel/Documents/Junkyard/gotrip/bc-cms/vendor/laravel/framework/src/Illuminate/Mail/Mailer.php(444): Illuminate\\View\\View->render()
#13 /home/lionel/Documents/Junkyard/gotrip/bc-cms/vendor/laravel/framework/src/Illuminate/Mail/Mailer.php(256): Illuminate\\Mail\\Mailer->renderView()
#14 /home/lionel/Documents/Junkyard/gotrip/bc-cms/vendor/laravel/framework/src/Illuminate/Mail/Mailable.php(284): Illuminate\\Mail\\Mailer->render()
#15 /home/lionel/Documents/Junkyard/gotrip/bc-cms/vendor/laravel/framework/src/Illuminate/Support/Traits/Localizable.php(19): Illuminate\\Mail\\Mailable->{closure:Illuminate\\Mail\\Mailable::render():281}()
#16 /home/lionel/Documents/Junkyard/gotrip/bc-cms/vendor/laravel/framework/src/Illuminate/Mail/Mailable.php(281): Illuminate\\Mail\\Mailable->withLocale()
#17 /home/lionel/Documents/Junkyard/gotrip/bc-cms/modules/Booking/Admin/BookingController.php(102): Illuminate\\Mail\\Mailable->render()
#18 /home/lionel/Documents/Junkyard/gotrip/bc-cms/vendor/laravel/framework/src/Illuminate/Routing/Controller.php(54): Modules\\Booking\\Admin\\BookingController->email_preview()
#19 /home/lionel/Documents/Junkyard/gotrip/bc-cms/vendor/laravel/framework/src/Illuminate/Routing/ControllerDispatcher.php(43): Illuminate\\Routing\\Controller->callAction()
#20 /home/lionel/Documents/Junkyard/gotrip/bc-cms/vendor/laravel/framework/src/Illuminate/Routing/Route.php(265): Illuminate\\Routing\\ControllerDispatcher->dispatch()
#21 /home/lionel/Documents/Junkyard/gotrip/bc-cms/vendor/laravel/framework/src/Illuminate/Routing/Route.php(211): Illuminate\\Routing\\Route->runController()
#22 /home/lionel/Documents/Junkyard/gotrip/bc-cms/vendor/laravel/framework/src/Illuminate/Routing/Router.php(822): Illuminate\\Routing\\Route->run()
#23 /home/lionel/Documents/Junkyard/gotrip/bc-cms/vendor/laravel/framework/src/Illuminate/Pipeline/Pipeline.php(180): Illuminate\\Routing\\Router->{closure:Illuminate\\Routing\\Router::runRouteWithinStack():821}()
#24 /home/lionel/Documents/Junkyard/gotrip/bc-cms/app/Http/Middleware/Dashboard.php(28): Illuminate\\Pipeline\\Pipeline->{closure:Illuminate\\Pipeline\\Pipeline::prepareDestination():178}()
#25 /home/lionel/Documents/Junkyard/gotrip/bc-cms/vendor/laravel/framework/src/Illuminate/Pipeline/Pipeline.php(219): App\\Http\\Middleware\\Dashboard->handle()
#26 /home/lionel/Documents/Junkyard/gotrip/bc-cms/vendor/barryvdh/laravel-debugbar/src/Middleware/InjectDebugbar.php(66): Illuminate\\Pipeline\\Pipeline->{closure:{closure:Illuminate\\Pipeline\\Pipeline::carry():194}:195}()
#27 /home/lionel/Documents/Junkyard/gotrip/bc-cms/vendor/laravel/framework/src/Illuminate/Pipeline/Pipeline.php(219): Barryvdh\\Debugbar\\Middleware\\InjectDebugbar->handle()
#28 /home/lionel/Documents/Junkyard/gotrip/bc-cms/app/Http/Middleware/RequireChangePassword.php(41): Illuminate\\Pipeline\\Pipeline->{closure:{closure:Illuminate\\Pipeline\\Pipeline::carry():194}:195}()
#29 /home/lionel/Documents/Junkyard/gotrip/bc-cms/vendor/laravel/framework/src/Illuminate/Pipeline/Pipeline.php(219): App\\Http\\Middleware\\RequireChangePassword->handle()
#30 /home/lionel/Documents/Junkyard/gotrip/bc-cms/app/Http/Middleware/SetCurrentCurrency.php(48): Illuminate\\Pipeline\\Pipeline->{closure:{closure:Illuminate\\Pipeline\\Pipeline::carry():194}:195}()
#31 /home/lionel/Documents/Junkyard/gotrip/bc-cms/vendor/laravel/framework/src/Illuminate/Pipeline/Pipeline.php(219): App\\Http\\Middleware\\SetCurrentCurrency->handle()
#32 /home/lionel/Documents/Junkyard/gotrip/bc-cms/app/Http/Middleware/SetLanguageForAdmin.php(37): Illuminate\\Pipeline\\Pipeline->{closure:{closure:Illuminate\\Pipeline\\Pipeline::carry():194}:195}()
#33 /home/lionel/Documents/Junkyard/gotrip/bc-cms/vendor/laravel/framework/src/Illuminate/Pipeline/Pipeline.php(219): App\\Http\\Middleware\\SetLanguageForAdmin->handle()
#34 /home/lionel/Documents/Junkyard/gotrip/bc-cms/app/Http/Middleware/RedirectForMultiLanguage.php(58): Illuminate\\Pipeline\\Pipeline->{closure:{closure:Illuminate\\Pipeline\\Pipeline::carry():194}:195}()
#35 /home/lionel/Documents/Junkyard/gotrip/bc-cms/vendor/laravel/framework/src/Illuminate/Pipeline/Pipeline.php(219): App\\Http\\Middleware\\RedirectForMultiLanguage->handle()
#36 /home/lionel/Documents/Junkyard/gotrip/bc-cms/app/Http/Middleware/FrontendGuard.php(67): Illuminate\\Pipeline\\Pipeline->{closure:{closure:Illuminate\\Pipeline\\Pipeline::carry():194}:195}()
#37 /home/lionel/Documents/Junkyard/gotrip/bc-cms/vendor/laravel/framework/src/Illuminate/Pipeline/Pipeline.php(219): App\\Http\\Middleware\\FrontendGuard->handle()
#38 /home/lionel/Documents/Junkyard/gotrip/bc-cms/vendor/laravel/framework/src/Illuminate/Routing/Middleware/SubstituteBindings.php(50): Illuminate\\Pipeline\\Pipeline->{closure:{closure:Illuminate\\Pipeline\\Pipeline::carry():194}:195}()
#39 /home/lionel/Documents/Junkyard/gotrip/bc-cms/vendor/laravel/framework/src/Illuminate/Pipeline/Pipeline.php(219): Illuminate\\Routing\\Middleware\\SubstituteBindings->handle()
#40 /home/lionel/Documents/Junkyard/gotrip/bc-cms/vendor/laravel/framework/src/Illuminate/Foundation/Http/Middleware/VerifyCsrfToken.php(87): Illuminate\\Pipeline\\Pipeline->{closure:{closure:Illuminate\\Pipeline\\Pipeline::carry():194}:195}()
#41 /home/lionel/Documents/Junkyard/gotrip/bc-cms/vendor/laravel/framework/src/Illuminate/Pipeline/Pipeline.php(219): Illuminate\\Foundation\\Http\\Middleware\\VerifyCsrfToken->handle()
#42 /home/lionel/Documents/Junkyard/gotrip/bc-cms/vendor/laravel/framework/src/Illuminate/View/Middleware/ShareErrorsFromSession.php(48): Illuminate\\Pipeline\\Pipeline->{closure:{closure:Illuminate\\Pipeline\\Pipeline::carry():194}:195}()
#43 /home/lionel/Documents/Junkyard/gotrip/bc-cms/vendor/laravel/framework/src/Illuminate/Pipeline/Pipeline.php(219): Illuminate\\View\\Middleware\\ShareErrorsFromSession->handle()
#44 /home/lionel/Documents/Junkyard/gotrip/bc-cms/vendor/laravel/framework/src/Illuminate/Session/Middleware/StartSession.php(120): Illuminate\\Pipeline\\Pipeline->{closure:{closure:Illuminate\\Pipeline\\Pipeline::carry():194}:195}()
#45 /home/lionel/Documents/Junkyard/gotrip/bc-cms/vendor/laravel/framework/src/Illuminate/Session/Middleware/StartSession.php(63): Illuminate\\Session\\Middleware\\StartSession->handleStatefulRequest()
#46 /home/lionel/Documents/Junkyard/gotrip/bc-cms/vendor/laravel/framework/src/Illuminate/Pipeline/Pipeline.php(219): Illuminate\\Session\\Middleware\\StartSession->handle()
#47 /home/lionel/Documents/Junkyard/gotrip/bc-cms/vendor/laravel/framework/src/Illuminate/Cookie/Middleware/AddQueuedCookiesToResponse.php(36): Illuminate\\Pipeline\\Pipeline->{closure:{closure:Illuminate\\Pipeline\\Pipeline::carry():194}:195}()
#48 /home/lionel/Documents/Junkyard/gotrip/bc-cms/vendor/laravel/framework/src/Illuminate/Pipeline/Pipeline.php(219): Illuminate\\Cookie\\Middleware\\AddQueuedCookiesToResponse->handle()
#49 /home/lionel/Documents/Junkyard/gotrip/bc-cms/vendor/laravel/framework/src/Illuminate/Cookie/Middleware/EncryptCookies.php(74): Illuminate\\Pipeline\\Pipeline->{closure:{closure:Illuminate\\Pipeline\\Pipeline::carry():194}:195}()
#50 /home/lionel/Documents/Junkyard/gotrip/bc-cms/vendor/laravel/framework/src/Illuminate/Pipeline/Pipeline.php(219): Illuminate\\Cookie\\Middleware\\EncryptCookies->handle()
#51 /home/lionel/Documents/Junkyard/gotrip/bc-cms/vendor/laravel/framework/src/Illuminate/Pipeline/Pipeline.php(137): Illuminate\\Pipeline\\Pipeline->{closure:{closure:Illuminate\\Pipeline\\Pipeline::carry():194}:195}()
#52 /home/lionel/Documents/Junkyard/gotrip/bc-cms/vendor/laravel/framework/src/Illuminate/Routing/Router.php(821): Illuminate\\Pipeline\\Pipeline->then()
#53 /home/lionel/Documents/Junkyard/gotrip/bc-cms/vendor/laravel/framework/src/Illuminate/Routing/Router.php(800): Illuminate\\Routing\\Router->runRouteWithinStack()
#54 /home/lionel/Documents/Junkyard/gotrip/bc-cms/vendor/laravel/framework/src/Illuminate/Routing/Router.php(764): Illuminate\\Routing\\Router->runRoute()
#55 /home/lionel/Documents/Junkyard/gotrip/bc-cms/vendor/laravel/framework/src/Illuminate/Routing/Router.php(753): Illuminate\\Routing\\Router->dispatchToRoute()
#56 /home/lionel/Documents/Junkyard/gotrip/bc-cms/vendor/laravel/framework/src/Illuminate/Foundation/Http/Kernel.php(200): Illuminate\\Routing\\Router->dispatch()
#57 /home/lionel/Documents/Junkyard/gotrip/bc-cms/vendor/laravel/framework/src/Illuminate/Pipeline/Pipeline.php(180): Illuminate\\Foundation\\Http\\Kernel->{closure:Illuminate\\Foundation\\Http\\Kernel::dispatchToRouter():197}()
#58 /home/lionel/Documents/Junkyard/gotrip/bc-cms/themes/Base/Core/Middleware/RunUpdater.php(77): Illuminate\\Pipeline\\Pipeline->{closure:Illuminate\\Pipeline\\Pipeline::prepareDestination():178}()
#59 /home/lionel/Documents/Junkyard/gotrip/bc-cms/vendor/laravel/framework/src/Illuminate/Pipeline/Pipeline.php(219): Themes\\Base\\Core\\Middleware\\RunUpdater->handle()
#60 /home/lionel/Documents/Junkyard/gotrip/bc-cms/vendor/livewire/livewire/src/Features/SupportDisablingBackButtonCache/DisableBackButtonCacheMiddleware.php(19): Illuminate\\Pipeline\\Pipeline->{closure:{closure:Illuminate\\Pipeline\\Pipeline::carry():194}:195}()
#61 /home/lionel/Documents/Junkyard/gotrip/bc-cms/vendor/laravel/framework/src/Illuminate/Pipeline/Pipeline.php(219): Livewire\\Features\\SupportDisablingBackButtonCache\\DisableBackButtonCacheMiddleware->handle()
#62 /home/lionel/Documents/Junkyard/gotrip/bc-cms/vendor/barryvdh/laravel-debugbar/src/Middleware/InjectDebugbar.php(66): Illuminate\\Pipeline\\Pipeline->{closure:{closure:Illuminate\\Pipeline\\Pipeline::carry():194}:195}()
#63 /home/lionel/Documents/Junkyard/gotrip/bc-cms/vendor/laravel/framework/src/Illuminate/Pipeline/Pipeline.php(219): Barryvdh\\Debugbar\\Middleware\\InjectDebugbar->handle()
#64 /home/lionel/Documents/Junkyard/gotrip/bc-cms/app/Http/Middleware/RedirectToInstaller.php(40): Illuminate\\Pipeline\\Pipeline->{closure:{closure:Illuminate\\Pipeline\\Pipeline::carry():194}:195}()
#65 /home/lionel/Documents/Junkyard/gotrip/bc-cms/vendor/laravel/framework/src/Illuminate/Pipeline/Pipeline.php(219): App\\Http\\Middleware\\RedirectToInstaller->handle()
#66 /home/lionel/Documents/Junkyard/gotrip/bc-cms/vendor/laravel/framework/src/Illuminate/Foundation/Http/Middleware/TransformsRequest.php(21): Illuminate\\Pipeline\\Pipeline->{closure:{closure:Illuminate\\Pipeline\\Pipeline::carry():194}:195}()
#67 /home/lionel/Documents/Junkyard/gotrip/bc-cms/vendor/laravel/framework/src/Illuminate/Foundation/Http/Middleware/ConvertEmptyStringsToNull.php(31): Illuminate\\Foundation\\Http\\Middleware\\TransformsRequest->handle()
#68 /home/lionel/Documents/Junkyard/gotrip/bc-cms/vendor/laravel/framework/src/Illuminate/Pipeline/Pipeline.php(219): Illuminate\\Foundation\\Http\\Middleware\\ConvertEmptyStringsToNull->handle()
#69 /home/lionel/Documents/Junkyard/gotrip/bc-cms/vendor/laravel/framework/src/Illuminate/Foundation/Http/Middleware/TransformsRequest.php(21): Illuminate\\Pipeline\\Pipeline->{closure:{closure:Illuminate\\Pipeline\\Pipeline::carry():194}:195}()
#70 /home/lionel/Documents/Junkyard/gotrip/bc-cms/vendor/laravel/framework/src/Illuminate/Foundation/Http/Middleware/TrimStrings.php(51): Illuminate\\Foundation\\Http\\Middleware\\TransformsRequest->handle()
#71 /home/lionel/Documents/Junkyard/gotrip/bc-cms/vendor/laravel/framework/src/Illuminate/Pipeline/Pipeline.php(219): Illuminate\\Foundation\\Http\\Middleware\\TrimStrings->handle()
#72 /home/lionel/Documents/Junkyard/gotrip/bc-cms/vendor/laravel/framework/src/Illuminate/Http/Middleware/ValidatePostSize.php(27): Illuminate\\Pipeline\\Pipeline->{closure:{closure:Illuminate\\Pipeline\\Pipeline::carry():194}:195}()
#73 /home/lionel/Documents/Junkyard/gotrip/bc-cms/vendor/laravel/framework/src/Illuminate/Pipeline/Pipeline.php(219): Illuminate\\Http\\Middleware\\ValidatePostSize->handle()
#74 /home/lionel/Documents/Junkyard/gotrip/bc-cms/vendor/laravel/framework/src/Illuminate/Foundation/Http/Middleware/PreventRequestsDuringMaintenance.php(109): Illuminate\\Pipeline\\Pipeline->{closure:{closure:Illuminate\\Pipeline\\Pipeline::carry():194}:195}()
#75 /home/lionel/Documents/Junkyard/gotrip/bc-cms/vendor/laravel/framework/src/Illuminate/Pipeline/Pipeline.php(219): Illuminate\\Foundation\\Http\\Middleware\\PreventRequestsDuringMaintenance->handle()
#76 /home/lionel/Documents/Junkyard/gotrip/bc-cms/vendor/laravel/framework/src/Illuminate/Http/Middleware/HandleCors.php(48): Illuminate\\Pipeline\\Pipeline->{closure:{closure:Illuminate\\Pipeline\\Pipeline::carry():194}:195}()
#77 /home/lionel/Documents/Junkyard/gotrip/bc-cms/vendor/laravel/framework/src/Illuminate/Pipeline/Pipeline.php(219): Illuminate\\Http\\Middleware\\HandleCors->handle()
#78 /home/lionel/Documents/Junkyard/gotrip/bc-cms/vendor/laravel/framework/src/Illuminate/Http/Middleware/TrustProxies.php(58): Illuminate\\Pipeline\\Pipeline->{closure:{closure:Illuminate\\Pipeline\\Pipeline::carry():194}:195}()
#79 /home/lionel/Documents/Junkyard/gotrip/bc-cms/vendor/laravel/framework/src/Illuminate/Pipeline/Pipeline.php(219): Illuminate\\Http\\Middleware\\TrustProxies->handle()
#80 /home/lionel/Documents/Junkyard/gotrip/bc-cms/vendor/laravel/framework/src/Illuminate/Foundation/Http/Middleware/InvokeDeferredCallbacks.php(22): Illuminate\\Pipeline\\Pipeline->{closure:{closure:Illuminate\\Pipeline\\Pipeline::carry():194}:195}()
#81 /home/lionel/Documents/Junkyard/gotrip/bc-cms/vendor/laravel/framework/src/Illuminate/Pipeline/Pipeline.php(219): Illuminate\\Foundation\\Http\\Middleware\\InvokeDeferredCallbacks->handle()
#82 /home/lionel/Documents/Junkyard/gotrip/bc-cms/vendor/laravel/framework/src/Illuminate/Http/Middleware/ValidatePathEncoding.php(26): Illuminate\\Pipeline\\Pipeline->{closure:{closure:Illuminate\\Pipeline\\Pipeline::carry():194}:195}()
#83 /home/lionel/Documents/Junkyard/gotrip/bc-cms/vendor/laravel/framework/src/Illuminate/Pipeline/Pipeline.php(219): Illuminate\\Http\\Middleware\\ValidatePathEncoding->handle()
#84 /home/lionel/Documents/Junkyard/gotrip/bc-cms/vendor/laravel/framework/src/Illuminate/Pipeline/Pipeline.php(137): Illuminate\\Pipeline\\Pipeline->{closure:{closure:Illuminate\\Pipeline\\Pipeline::carry():194}:195}()
#85 /home/lionel/Documents/Junkyard/gotrip/bc-cms/vendor/laravel/framework/src/Illuminate/Foundation/Http/Kernel.php(175): Illuminate\\Pipeline\\Pipeline->then()
#86 /home/lionel/Documents/Junkyard/gotrip/bc-cms/vendor/laravel/framework/src/Illuminate/Foundation/Http/Kernel.php(144): Illuminate\\Foundation\\Http\\Kernel->sendRequestThroughRouter()
#87 /home/lionel/Documents/Junkyard/gotrip/bc-cms/vendor/laravel/framework/src/Illuminate/Foundation/Application.php(1219): Illuminate\\Foundation\\Http\\Kernel->handle()
#88 /home/lionel/Documents/Junkyard/gotrip/public_html/index.php(84): Illuminate\\Foundation\\Application->handleRequest()
#89 /home/lionel/Documents/Junkyard/gotrip/bc-cms/server.php(21): require_once('...')
#90 {main}

[previous exception] [object] (InvalidArgumentException(code: 0): View [] not found. at /home/lionel/Documents/Junkyard/gotrip/bc-cms/vendor/laravel/framework/src/Illuminate/View/FileViewFinder.php:138)
[stacktrace]
#0 /home/lionel/Documents/Junkyard/gotrip/bc-cms/vendor/laravel/framework/src/Illuminate/View/FileViewFinder.php(78): Illuminate\\View\\FileViewFinder->findInPaths()
#1 /home/lionel/Documents/Junkyard/gotrip/bc-cms/vendor/laravel/framework/src/Illuminate/View/Factory.php(150): Illuminate\\View\\FileViewFinder->find()
#2 /home/lionel/Documents/Junkyard/gotrip/bc-cms/storage/framework/views/754c9e018d9530160bf860160f237c8a.php(23): Illuminate\\View\\Factory->make()
#3 /home/lionel/Documents/Junkyard/gotrip/bc-cms/vendor/laravel/framework/src/Illuminate/Filesystem/Filesystem.php(123): require('...')
#4 /home/lionel/Documents/Junkyard/gotrip/bc-cms/vendor/laravel/framework/src/Illuminate/Filesystem/Filesystem.php(124): Illuminate\\Filesystem\\Filesystem::{closure:Illuminate\\Filesystem\\Filesystem::getRequire():120}()
#5 /home/lionel/Documents/Junkyard/gotrip/bc-cms/vendor/laravel/framework/src/Illuminate/View/Engines/PhpEngine.php(57): Illuminate\\Filesystem\\Filesystem->getRequire()
#6 /home/lionel/Documents/Junkyard/gotrip/bc-cms/vendor/livewire/livewire/src/Mechanisms/ExtendBlade/ExtendedCompilerEngine.php(22): Illuminate\\View\\Engines\\PhpEngine->evaluatePath()
#7 /home/lionel/Documents/Junkyard/gotrip/bc-cms/vendor/laravel/framework/src/Illuminate/View/Engines/CompilerEngine.php(76): Livewire\\Mechanisms\\ExtendBlade\\ExtendedCompilerEngine->evaluatePath()
#8 /home/lionel/Documents/Junkyard/gotrip/bc-cms/vendor/livewire/livewire/src/Mechanisms/ExtendBlade/ExtendedCompilerEngine.php(10): Illuminate\\View\\Engines\\CompilerEngine->get()
#9 /home/lionel/Documents/Junkyard/gotrip/bc-cms/vendor/laravel/framework/src/Illuminate/View/View.php(208): Livewire\\Mechanisms\\ExtendBlade\\ExtendedCompilerEngine->get()
#10 /home/lionel/Documents/Junkyard/gotrip/bc-cms/vendor/laravel/framework/src/Illuminate/View/View.php(191): Illuminate\\View\\View->getContents()
#11 /home/lionel/Documents/Junkyard/gotrip/bc-cms/vendor/laravel/framework/src/Illuminate/View/View.php(160): Illuminate\\View\\View->renderContents()
#12 /home/lionel/Documents/Junkyard/gotrip/bc-cms/vendor/laravel/framework/src/Illuminate/Mail/Mailer.php(444): Illuminate\\View\\View->render()
#13 /home/lionel/Documents/Junkyard/gotrip/bc-cms/vendor/laravel/framework/src/Illuminate/Mail/Mailer.php(256): Illuminate\\Mail\\Mailer->renderView()
#14 /home/lionel/Documents/Junkyard/gotrip/bc-cms/vendor/laravel/framework/src/Illuminate/Mail/Mailable.php(284): Illuminate\\Mail\\Mailer->render()
#15 /home/lionel/Documents/Junkyard/gotrip/bc-cms/vendor/laravel/framework/src/Illuminate/Support/Traits/Localizable.php(19): Illuminate\\Mail\\Mailable->{closure:Illuminate\\Mail\\Mailable::render():281}()
#16 /home/lionel/Documents/Junkyard/gotrip/bc-cms/vendor/laravel/framework/src/Illuminate/Mail/Mailable.php(281): Illuminate\\Mail\\Mailable->withLocale()
#17 /home/lionel/Documents/Junkyard/gotrip/bc-cms/modules/Booking/Admin/BookingController.php(102): Illuminate\\Mail\\Mailable->render()
#18 /home/lionel/Documents/Junkyard/gotrip/bc-cms/vendor/laravel/framework/src/Illuminate/Routing/Controller.php(54): Modules\\Booking\\Admin\\BookingController->email_preview()
#19 /home/lionel/Documents/Junkyard/gotrip/bc-cms/vendor/laravel/framework/src/Illuminate/Routing/ControllerDispatcher.php(43): Illuminate\\Routing\\Controller->callAction()
#20 /home/lionel/Documents/Junkyard/gotrip/bc-cms/vendor/laravel/framework/src/Illuminate/Routing/Route.php(265): Illuminate\\Routing\\ControllerDispatcher->dispatch()
#21 /home/lionel/Documents/Junkyard/gotrip/bc-cms/vendor/laravel/framework/src/Illuminate/Routing/Route.php(211): Illuminate\\Routing\\Route->runController()
#22 /home/lionel/Documents/Junkyard/gotrip/bc-cms/vendor/laravel/framework/src/Illuminate/Routing/Router.php(822): Illuminate\\Routing\\Route->run()
#23 /home/lionel/Documents/Junkyard/gotrip/bc-cms/vendor/laravel/framework/src/Illuminate/Pipeline/Pipeline.php(180): Illuminate\\Routing\\Router->{closure:Illuminate\\Routing\\Router::runRouteWithinStack():821}()
#24 /home/lionel/Documents/Junkyard/gotrip/bc-cms/app/Http/Middleware/Dashboard.php(28): Illuminate\\Pipeline\\Pipeline->{closure:Illuminate\\Pipeline\\Pipeline::prepareDestination():178}()
#25 /home/lionel/Documents/Junkyard/gotrip/bc-cms/vendor/laravel/framework/src/Illuminate/Pipeline/Pipeline.php(219): App\\Http\\Middleware\\Dashboard->handle()
#26 /home/lionel/Documents/Junkyard/gotrip/bc-cms/vendor/barryvdh/laravel-debugbar/src/Middleware/InjectDebugbar.php(66): Illuminate\\Pipeline\\Pipeline->{closure:{closure:Illuminate\\Pipeline\\Pipeline::carry():194}:195}()
#27 /home/lionel/Documents/Junkyard/gotrip/bc-cms/vendor/laravel/framework/src/Illuminate/Pipeline/Pipeline.php(219): Barryvdh\\Debugbar\\Middleware\\InjectDebugbar->handle()
#28 /home/lionel/Documents/Junkyard/gotrip/bc-cms/app/Http/Middleware/RequireChangePassword.php(41): Illuminate\\Pipeline\\Pipeline->{closure:{closure:Illuminate\\Pipeline\\Pipeline::carry():194}:195}()
#29 /home/lionel/Documents/Junkyard/gotrip/bc-cms/vendor/laravel/framework/src/Illuminate/Pipeline/Pipeline.php(219): App\\Http\\Middleware\\RequireChangePassword->handle()
#30 /home/lionel/Documents/Junkyard/gotrip/bc-cms/app/Http/Middleware/SetCurrentCurrency.php(48): Illuminate\\Pipeline\\Pipeline->{closure:{closure:Illuminate\\Pipeline\\Pipeline::carry():194}:195}()
#31 /home/lionel/Documents/Junkyard/gotrip/bc-cms/vendor/laravel/framework/src/Illuminate/Pipeline/Pipeline.php(219): App\\Http\\Middleware\\SetCurrentCurrency->handle()
#32 /home/lionel/Documents/Junkyard/gotrip/bc-cms/app/Http/Middleware/SetLanguageForAdmin.php(37): Illuminate\\Pipeline\\Pipeline->{closure:{closure:Illuminate\\Pipeline\\Pipeline::carry():194}:195}()
#33 /home/lionel/Documents/Junkyard/gotrip/bc-cms/vendor/laravel/framework/src/Illuminate/Pipeline/Pipeline.php(219): App\\Http\\Middleware\\SetLanguageForAdmin->handle()
#34 /home/lionel/Documents/Junkyard/gotrip/bc-cms/app/Http/Middleware/RedirectForMultiLanguage.php(58): Illuminate\\Pipeline\\Pipeline->{closure:{closure:Illuminate\\Pipeline\\Pipeline::carry():194}:195}()
#35 /home/lionel/Documents/Junkyard/gotrip/bc-cms/vendor/laravel/framework/src/Illuminate/Pipeline/Pipeline.php(219): App\\Http\\Middleware\\RedirectForMultiLanguage->handle()
#36 /home/lionel/Documents/Junkyard/gotrip/bc-cms/app/Http/Middleware/FrontendGuard.php(67): Illuminate\\Pipeline\\Pipeline->{closure:{closure:Illuminate\\Pipeline\\Pipeline::carry():194}:195}()
#37 /home/lionel/Documents/Junkyard/gotrip/bc-cms/vendor/laravel/framework/src/Illuminate/Pipeline/Pipeline.php(219): App\\Http\\Middleware\\FrontendGuard->handle()
#38 /home/lionel/Documents/Junkyard/gotrip/bc-cms/vendor/laravel/framework/src/Illuminate/Routing/Middleware/SubstituteBindings.php(50): Illuminate\\Pipeline\\Pipeline->{closure:{closure:Illuminate\\Pipeline\\Pipeline::carry():194}:195}()
#39 /home/lionel/Documents/Junkyard/gotrip/bc-cms/vendor/laravel/framework/src/Illuminate/Pipeline/Pipeline.php(219): Illuminate\\Routing\\Middleware\\SubstituteBindings->handle()
#40 /home/lionel/Documents/Junkyard/gotrip/bc-cms/vendor/laravel/framework/src/Illuminate/Foundation/Http/Middleware/VerifyCsrfToken.php(87): Illuminate\\Pipeline\\Pipeline->{closure:{closure:Illuminate\\Pipeline\\Pipeline::carry():194}:195}()
#41 /home/lionel/Documents/Junkyard/gotrip/bc-cms/vendor/laravel/framework/src/Illuminate/Pipeline/Pipeline.php(219): Illuminate\\Foundation\\Http\\Middleware\\VerifyCsrfToken->handle()
#42 /home/lionel/Documents/Junkyard/gotrip/bc-cms/vendor/laravel/framework/src/Illuminate/View/Middleware/ShareErrorsFromSession.php(48): Illuminate\\Pipeline\\Pipeline->{closure:{closure:Illuminate\\Pipeline\\Pipeline::carry():194}:195}()
#43 /home/lionel/Documents/Junkyard/gotrip/bc-cms/vendor/laravel/framework/src/Illuminate/Pipeline/Pipeline.php(219): Illuminate\\View\\Middleware\\ShareErrorsFromSession->handle()
#44 /home/lionel/Documents/Junkyard/gotrip/bc-cms/vendor/laravel/framework/src/Illuminate/Session/Middleware/StartSession.php(120): Illuminate\\Pipeline\\Pipeline->{closure:{closure:Illuminate\\Pipeline\\Pipeline::carry():194}:195}()
#45 /home/lionel/Documents/Junkyard/gotrip/bc-cms/vendor/laravel/framework/src/Illuminate/Session/Middleware/StartSession.php(63): Illuminate\\Session\\Middleware\\StartSession->handleStatefulRequest()
#46 /home/lionel/Documents/Junkyard/gotrip/bc-cms/vendor/laravel/framework/src/Illuminate/Pipeline/Pipeline.php(219): Illuminate\\Session\\Middleware\\StartSession->handle()
#47 /home/lionel/Documents/Junkyard/gotrip/bc-cms/vendor/laravel/framework/src/Illuminate/Cookie/Middleware/AddQueuedCookiesToResponse.php(36): Illuminate\\Pipeline\\Pipeline->{closure:{closure:Illuminate\\Pipeline\\Pipeline::carry():194}:195}()
#48 /home/lionel/Documents/Junkyard/gotrip/bc-cms/vendor/laravel/framework/src/Illuminate/Pipeline/Pipeline.php(219): Illuminate\\Cookie\\Middleware\\AddQueuedCookiesToResponse->handle()
#49 /home/lionel/Documents/Junkyard/gotrip/bc-cms/vendor/laravel/framework/src/Illuminate/Cookie/Middleware/EncryptCookies.php(74): Illuminate\\Pipeline\\Pipeline->{closure:{closure:Illuminate\\Pipeline\\Pipeline::carry():194}:195}()
#50 /home/lionel/Documents/Junkyard/gotrip/bc-cms/vendor/laravel/framework/src/Illuminate/Pipeline/Pipeline.php(219): Illuminate\\Cookie\\Middleware\\EncryptCookies->handle()
#51 /home/lionel/Documents/Junkyard/gotrip/bc-cms/vendor/laravel/framework/src/Illuminate/Pipeline/Pipeline.php(137): Illuminate\\Pipeline\\Pipeline->{closure:{closure:Illuminate\\Pipeline\\Pipeline::carry():194}:195}()
#52 /home/lionel/Documents/Junkyard/gotrip/bc-cms/vendor/laravel/framework/src/Illuminate/Routing/Router.php(821): Illuminate\\Pipeline\\Pipeline->then()
#53 /home/lionel/Documents/Junkyard/gotrip/bc-cms/vendor/laravel/framework/src/Illuminate/Routing/Router.php(800): Illuminate\\Routing\\Router->runRouteWithinStack()
#54 /home/lionel/Documents/Junkyard/gotrip/bc-cms/vendor/laravel/framework/src/Illuminate/Routing/Router.php(764): Illuminate\\Routing\\Router->runRoute()
#55 /home/lionel/Documents/Junkyard/gotrip/bc-cms/vendor/laravel/framework/src/Illuminate/Routing/Router.php(753): Illuminate\\Routing\\Router->dispatchToRoute()
#56 /home/lionel/Documents/Junkyard/gotrip/bc-cms/vendor/laravel/framework/src/Illuminate/Foundation/Http/Kernel.php(200): Illuminate\\Routing\\Router->dispatch()
#57 /home/lionel/Documents/Junkyard/gotrip/bc-cms/vendor/laravel/framework/src/Illuminate/Pipeline/Pipeline.php(180): Illuminate\\Foundation\\Http\\Kernel->{closure:Illuminate\\Foundation\\Http\\Kernel::dispatchToRouter():197}()
#58 /home/lionel/Documents/Junkyard/gotrip/bc-cms/themes/Base/Core/Middleware/RunUpdater.php(77): Illuminate\\Pipeline\\Pipeline->{closure:Illuminate\\Pipeline\\Pipeline::prepareDestination():178}()
#59 /home/lionel/Documents/Junkyard/gotrip/bc-cms/vendor/laravel/framework/src/Illuminate/Pipeline/Pipeline.php(219): Themes\\Base\\Core\\Middleware\\RunUpdater->handle()
#60 /home/lionel/Documents/Junkyard/gotrip/bc-cms/vendor/livewire/livewire/src/Features/SupportDisablingBackButtonCache/DisableBackButtonCacheMiddleware.php(19): Illuminate\\Pipeline\\Pipeline->{closure:{closure:Illuminate\\Pipeline\\Pipeline::carry():194}:195}()
#61 /home/lionel/Documents/Junkyard/gotrip/bc-cms/vendor/laravel/framework/src/Illuminate/Pipeline/Pipeline.php(219): Livewire\\Features\\SupportDisablingBackButtonCache\\DisableBackButtonCacheMiddleware->handle()
#62 /home/lionel/Documents/Junkyard/gotrip/bc-cms/vendor/barryvdh/laravel-debugbar/src/Middleware/InjectDebugbar.php(66): Illuminate\\Pipeline\\Pipeline->{closure:{closure:Illuminate\\Pipeline\\Pipeline::carry():194}:195}()
#63 /home/lionel/Documents/Junkyard/gotrip/bc-cms/vendor/laravel/framework/src/Illuminate/Pipeline/Pipeline.php(219): Barryvdh\\Debugbar\\Middleware\\InjectDebugbar->handle()
#64 /home/lionel/Documents/Junkyard/gotrip/bc-cms/app/Http/Middleware/RedirectToInstaller.php(40): Illuminate\\Pipeline\\Pipeline->{closure:{closure:Illuminate\\Pipeline\\Pipeline::carry():194}:195}()
#65 /home/lionel/Documents/Junkyard/gotrip/bc-cms/vendor/laravel/framework/src/Illuminate/Pipeline/Pipeline.php(219): App\\Http\\Middleware\\RedirectToInstaller->handle()
#66 /home/lionel/Documents/Junkyard/gotrip/bc-cms/vendor/laravel/framework/src/Illuminate/Foundation/Http/Middleware/TransformsRequest.php(21): Illuminate\\Pipeline\\Pipeline->{closure:{closure:Illuminate\\Pipeline\\Pipeline::carry():194}:195}()
#67 /home/lionel/Documents/Junkyard/gotrip/bc-cms/vendor/laravel/framework/src/Illuminate/Foundation/Http/Middleware/ConvertEmptyStringsToNull.php(31): Illuminate\\Foundation\\Http\\Middleware\\TransformsRequest->handle()
#68 /home/lionel/Documents/Junkyard/gotrip/bc-cms/vendor/laravel/framework/src/Illuminate/Pipeline/Pipeline.php(219): Illuminate\\Foundation\\Http\\Middleware\\ConvertEmptyStringsToNull->handle()
#69 /home/lionel/Documents/Junkyard/gotrip/bc-cms/vendor/laravel/framework/src/Illuminate/Foundation/Http/Middleware/TransformsRequest.php(21): Illuminate\\Pipeline\\Pipeline->{closure:{closure:Illuminate\\Pipeline\\Pipeline::carry():194}:195}()
#70 /home/lionel/Documents/Junkyard/gotrip/bc-cms/vendor/laravel/framework/src/Illuminate/Foundation/Http/Middleware/TrimStrings.php(51): Illuminate\\Foundation\\Http\\Middleware\\TransformsRequest->handle()
#71 /home/lionel/Documents/Junkyard/gotrip/bc-cms/vendor/laravel/framework/src/Illuminate/Pipeline/Pipeline.php(219): Illuminate\\Foundation\\Http\\Middleware\\TrimStrings->handle()
#72 /home/lionel/Documents/Junkyard/gotrip/bc-cms/vendor/laravel/framework/src/Illuminate/Http/Middleware/ValidatePostSize.php(27): Illuminate\\Pipeline\\Pipeline->{closure:{closure:Illuminate\\Pipeline\\Pipeline::carry():194}:195}()
#73 /home/lionel/Documents/Junkyard/gotrip/bc-cms/vendor/laravel/framework/src/Illuminate/Pipeline/Pipeline.php(219): Illuminate\\Http\\Middleware\\ValidatePostSize->handle()
#74 /home/lionel/Documents/Junkyard/gotrip/bc-cms/vendor/laravel/framework/src/Illuminate/Foundation/Http/Middleware/PreventRequestsDuringMaintenance.php(109): Illuminate\\Pipeline\\Pipeline->{closure:{closure:Illuminate\\Pipeline\\Pipeline::carry():194}:195}()
#75 /home/lionel/Documents/Junkyard/gotrip/bc-cms/vendor/laravel/framework/src/Illuminate/Pipeline/Pipeline.php(219): Illuminate\\Foundation\\Http\\Middleware\\PreventRequestsDuringMaintenance->handle()
#76 /home/lionel/Documents/Junkyard/gotrip/bc-cms/vendor/laravel/framework/src/Illuminate/Http/Middleware/HandleCors.php(48): Illuminate\\Pipeline\\Pipeline->{closure:{closure:Illuminate\\Pipeline\\Pipeline::carry():194}:195}()
#77 /home/lionel/Documents/Junkyard/gotrip/bc-cms/vendor/laravel/framework/src/Illuminate/Pipeline/Pipeline.php(219): Illuminate\\Http\\Middleware\\HandleCors->handle()
#78 /home/lionel/Documents/Junkyard/gotrip/bc-cms/vendor/laravel/framework/src/Illuminate/Http/Middleware/TrustProxies.php(58): Illuminate\\Pipeline\\Pipeline->{closure:{closure:Illuminate\\Pipeline\\Pipeline::carry():194}:195}()
#79 /home/lionel/Documents/Junkyard/gotrip/bc-cms/vendor/laravel/framework/src/Illuminate/Pipeline/Pipeline.php(219): Illuminate\\Http\\Middleware\\TrustProxies->handle()
#80 /home/lionel/Documents/Junkyard/gotrip/bc-cms/vendor/laravel/framework/src/Illuminate/Foundation/Http/Middleware/InvokeDeferredCallbacks.php(22): Illuminate\\Pipeline\\Pipeline->{closure:{closure:Illuminate\\Pipeline\\Pipeline::carry():194}:195}()
#81 /home/lionel/Documents/Junkyard/gotrip/bc-cms/vendor/laravel/framework/src/Illuminate/Pipeline/Pipeline.php(219): Illuminate\\Foundation\\Http\\Middleware\\InvokeDeferredCallbacks->handle()
#82 /home/lionel/Documents/Junkyard/gotrip/bc-cms/vendor/laravel/framework/src/Illuminate/Http/Middleware/ValidatePathEncoding.php(26): Illuminate\\Pipeline\\Pipeline->{closure:{closure:Illuminate\\Pipeline\\Pipeline::carry():194}:195}()
#83 /home/lionel/Documents/Junkyard/gotrip/bc-cms/vendor/laravel/framework/src/Illuminate/Pipeline/Pipeline.php(219): Illuminate\\Http\\Middleware\\ValidatePathEncoding->handle()
#84 /home/lionel/Documents/Junkyard/gotrip/bc-cms/vendor/laravel/framework/src/Illuminate/Pipeline/Pipeline.php(137): Illuminate\\Pipeline\\Pipeline->{closure:{closure:Illuminate\\Pipeline\\Pipeline::carry():194}:195}()
#85 /home/lionel/Documents/Junkyard/gotrip/bc-cms/vendor/laravel/framework/src/Illuminate/Foundation/Http/Kernel.php(175): Illuminate\\Pipeline\\Pipeline->then()
#86 /home/lionel/Documents/Junkyard/gotrip/bc-cms/vendor/laravel/framework/src/Illuminate/Foundation/Http/Kernel.php(144): Illuminate\\Foundation\\Http\\Kernel->sendRequestThroughRouter()
#87 /home/lionel/Documents/Junkyard/gotrip/bc-cms/vendor/laravel/framework/src/Illuminate/Foundation/Application.php(1219): Illuminate\\Foundation\\Http\\Kernel->handle()
#88 /home/lionel/Documents/Junkyard/gotrip/public_html/index.php(84): Illuminate\\Foundation\\Application->handleRequest()
#89 /home/lionel/Documents/Junkyard/gotrip/bc-cms/server.php(21): require_once('...')
#90 {main}
"} 
[2026-05-24 22:13:20] local.ERROR: Cannot use Modules\Booking\Models\Booking as Booking because the name is already in use {"exception":"[object] (Symfony\\Component\\ErrorHandler\\Error\\FatalError(code: 0): Cannot use Modules\\Booking\\Models\\Booking as Booking because the name is already in use at /home/lionel/Documents/Junkyard/gotrip/bc-cms/modules/User/Controllers/UserController.php:25)
[stacktrace]
#0 {main}
"} 
[2026-05-24 22:13:25] local.ERROR: Cannot use Modules\Booking\Models\Booking as Booking because the name is already in use {"exception":"[object] (Symfony\\Component\\ErrorHandler\\Error\\FatalError(code: 0): Cannot use Modules\\Booking\\Models\\Booking as Booking because the name is already in use at /home/lionel/Documents/Junkyard/gotrip/bc-cms/modules/User/Controllers/UserController.php:25)
[stacktrace]
#0 {main}
"} 
[2026-05-24 22:13:30] local.ERROR: Cannot use Modules\Booking\Models\Booking as Booking because the name is already in use {"exception":"[object] (Symfony\\Component\\ErrorHandler\\Error\\FatalError(code: 0): Cannot use Modules\\Booking\\Models\\Booking as Booking because the name is already in use at /home/lionel/Documents/Junkyard/gotrip/bc-cms/modules/User/Controllers/UserController.php:25)
[stacktrace]
#0 {main}
"} 
[2026-05-24 22:13:38] local.ERROR: Cannot use Modules\Booking\Models\Booking as Booking because the name is already in use {"exception":"[object] (Symfony\\Component\\ErrorHandler\\Error\\FatalError(code: 0): Cannot use Modules\\Booking\\Models\\Booking as Booking because the name is already in use at /home/lionel/Documents/Junkyard/gotrip/bc-cms/modules/User/Controllers/UserController.php:25)
[stacktrace]
#0 {main}
"} 
[2026-05-24 23:24:03] local.ERROR: View [user.layouts.master] not found. {"view":{"view":"/home/lionel/Documents/Junkyard/gotrip/bc-cms/modules/Vendor/Views/frontend/subscription/index.blade.php","data":[]},"userId":7,"exception":"[object] (Spatie\\LaravelIgnition\\Exceptions\\ViewException(code: 0): View [user.layouts.master] not found. at /home/lionel/Documents/Junkyard/gotrip/bc-cms/vendor/laravel/framework/src/Illuminate/View/FileViewFinder.php:138)
[stacktrace]
#0 /home/lionel/Documents/Junkyard/gotrip/bc-cms/vendor/laravel/framework/src/Illuminate/View/FileViewFinder.php(78): Illuminate\\View\\FileViewFinder->findInPaths()
#1 /home/lionel/Documents/Junkyard/gotrip/bc-cms/vendor/laravel/framework/src/Illuminate/View/Factory.php(150): Illuminate\\View\\FileViewFinder->find()
#2 /home/lionel/Documents/Junkyard/gotrip/bc-cms/modules/Vendor/Views/frontend/subscription/index.blade.php(116): Illuminate\\View\\Factory->make()
#3 /home/lionel/Documents/Junkyard/gotrip/bc-cms/vendor/laravel/framework/src/Illuminate/Filesystem/Filesystem.php(123): require('...')
#4 /home/lionel/Documents/Junkyard/gotrip/bc-cms/vendor/laravel/framework/src/Illuminate/Filesystem/Filesystem.php(124): Illuminate\\Filesystem\\Filesystem::{closure:Illuminate\\Filesystem\\Filesystem::getRequire():120}()
#5 /home/lionel/Documents/Junkyard/gotrip/bc-cms/vendor/laravel/framework/src/Illuminate/View/Engines/PhpEngine.php(57): Illuminate\\Filesystem\\Filesystem->getRequire()
#6 /home/lionel/Documents/Junkyard/gotrip/bc-cms/vendor/livewire/livewire/src/Mechanisms/ExtendBlade/ExtendedCompilerEngine.php(22): Illuminate\\View\\Engines\\PhpEngine->evaluatePath()
#7 /home/lionel/Documents/Junkyard/gotrip/bc-cms/vendor/laravel/framework/src/Illuminate/View/Engines/CompilerEngine.php(76): Livewire\\Mechanisms\\ExtendBlade\\ExtendedCompilerEngine->evaluatePath()
#8 /home/lionel/Documents/Junkyard/gotrip/bc-cms/vendor/livewire/livewire/src/Mechanisms/ExtendBlade/ExtendedCompilerEngine.php(10): Illuminate\\View\\Engines\\CompilerEngine->get()
#9 /home/lionel/Documents/Junkyard/gotrip/bc-cms/vendor/laravel/framework/src/Illuminate/View/View.php(208): Livewire\\Mechanisms\\ExtendBlade\\ExtendedCompilerEngine->get()
#10 /home/lionel/Documents/Junkyard/gotrip/bc-cms/vendor/laravel/framework/src/Illuminate/View/View.php(191): Illuminate\\View\\View->getContents()
#11 /home/lionel/Documents/Junkyard/gotrip/bc-cms/vendor/laravel/framework/src/Illuminate/View/View.php(160): Illuminate\\View\\View->renderContents()
#12 /home/lionel/Documents/Junkyard/gotrip/bc-cms/vendor/laravel/framework/src/Illuminate/Http/Response.php(78): Illuminate\\View\\View->render()
#13 /home/lionel/Documents/Junkyard/gotrip/bc-cms/vendor/laravel/framework/src/Illuminate/Http/Response.php(34): Illuminate\\Http\\Response->setContent()
#14 /home/lionel/Documents/Junkyard/gotrip/bc-cms/vendor/laravel/framework/src/Illuminate/Routing/Router.php(939): Illuminate\\Http\\Response->__construct()
#15 /home/lionel/Documents/Junkyard/gotrip/bc-cms/vendor/laravel/framework/src/Illuminate/Routing/Router.php(906): Illuminate\\Routing\\Router::toResponse()
#16 /home/lionel/Documents/Junkyard/gotrip/bc-cms/vendor/laravel/framework/src/Illuminate/Routing/Router.php(821): Illuminate\\Routing\\Router->prepareResponse()
#17 /home/lionel/Documents/Junkyard/gotrip/bc-cms/vendor/laravel/framework/src/Illuminate/Pipeline/Pipeline.php(180): Illuminate\\Routing\\Router->{closure:Illuminate\\Routing\\Router::runRouteWithinStack():821}()
#18 /home/lionel/Documents/Junkyard/gotrip/bc-cms/vendor/barryvdh/laravel-debugbar/src/Middleware/InjectDebugbar.php(66): Illuminate\\Pipeline\\Pipeline->{closure:Illuminate\\Pipeline\\Pipeline::prepareDestination():178}()
#19 /home/lionel/Documents/Junkyard/gotrip/bc-cms/vendor/laravel/framework/src/Illuminate/Pipeline/Pipeline.php(219): Barryvdh\\Debugbar\\Middleware\\InjectDebugbar->handle()
#20 /home/lionel/Documents/Junkyard/gotrip/bc-cms/app/Http/Middleware/RequireChangePassword.php(41): Illuminate\\Pipeline\\Pipeline->{closure:{closure:Illuminate\\Pipeline\\Pipeline::carry():194}:195}()
#21 /home/lionel/Documents/Junkyard/gotrip/bc-cms/vendor/laravel/framework/src/Illuminate/Pipeline/Pipeline.php(219): App\\Http\\Middleware\\RequireChangePassword->handle()
#22 /home/lionel/Documents/Junkyard/gotrip/bc-cms/app/Http/Middleware/SetCurrentCurrency.php(48): Illuminate\\Pipeline\\Pipeline->{closure:{closure:Illuminate\\Pipeline\\Pipeline::carry():194}:195}()
#23 /home/lionel/Documents/Junkyard/gotrip/bc-cms/vendor/laravel/framework/src/Illuminate/Pipeline/Pipeline.php(219): App\\Http\\Middleware\\SetCurrentCurrency->handle()
#24 /home/lionel/Documents/Junkyard/gotrip/bc-cms/app/Http/Middleware/SetLanguageForAdmin.php(37): Illuminate\\Pipeline\\Pipeline->{closure:{closure:Illuminate\\Pipeline\\Pipeline::carry():194}:195}()
#25 /home/lionel/Documents/Junkyard/gotrip/bc-cms/vendor/laravel/framework/src/Illuminate/Pipeline/Pipeline.php(219): App\\Http\\Middleware\\SetLanguageForAdmin->handle()
#26 /home/lionel/Documents/Junkyard/gotrip/bc-cms/app/Http/Middleware/RedirectForMultiLanguage.php(58): Illuminate\\Pipeline\\Pipeline->{closure:{closure:Illuminate\\Pipeline\\Pipeline::carry():194}:195}()
#27 /home/lionel/Documents/Junkyard/gotrip/bc-cms/vendor/laravel/framework/src/Illuminate/Pipeline/Pipeline.php(219): App\\Http\\Middleware\\RedirectForMultiLanguage->handle()
#28 /home/lionel/Documents/Junkyard/gotrip/bc-cms/app/Http/Middleware/FrontendGuard.php(67): Illuminate\\Pipeline\\Pipeline->{closure:{closure:Illuminate\\Pipeline\\Pipeline::carry():194}:195}()
#29 /home/lionel/Documents/Junkyard/gotrip/bc-cms/vendor/laravel/framework/src/Illuminate/Pipeline/Pipeline.php(219): App\\Http\\Middleware\\FrontendGuard->handle()
#30 /home/lionel/Documents/Junkyard/gotrip/bc-cms/vendor/laravel/framework/src/Illuminate/Routing/Middleware/SubstituteBindings.php(50): Illuminate\\Pipeline\\Pipeline->{closure:{closure:Illuminate\\Pipeline\\Pipeline::carry():194}:195}()
#31 /home/lionel/Documents/Junkyard/gotrip/bc-cms/vendor/laravel/framework/src/Illuminate/Pipeline/Pipeline.php(219): Illuminate\\Routing\\Middleware\\SubstituteBindings->handle()
#32 /home/lionel/Documents/Junkyard/gotrip/bc-cms/vendor/laravel/framework/src/Illuminate/Auth/Middleware/Authenticate.php(63): Illuminate\\Pipeline\\Pipeline->{closure:{closure:Illuminate\\Pipeline\\Pipeline::carry():194}:195}()
#33 /home/lionel/Documents/Junkyard/gotrip/bc-cms/vendor/laravel/framework/src/Illuminate/Pipeline/Pipeline.php(219): Illuminate\\Auth\\Middleware\\Authenticate->handle()
#34 /home/lionel/Documents/Junkyard/gotrip/bc-cms/vendor/laravel/framework/src/Illuminate/Foundation/Http/Middleware/VerifyCsrfToken.php(87): Illuminate\\Pipeline\\Pipeline->{closure:{closure:Illuminate\\Pipeline\\Pipeline::carry():194}:195}()
#35 /home/lionel/Documents/Junkyard/gotrip/bc-cms/vendor/laravel/framework/src/Illuminate/Pipeline/Pipeline.php(219): Illuminate\\Foundation\\Http\\Middleware\\VerifyCsrfToken->handle()
#36 /home/lionel/Documents/Junkyard/gotrip/bc-cms/vendor/laravel/framework/src/Illuminate/View/Middleware/ShareErrorsFromSession.php(48): Illuminate\\Pipeline\\Pipeline->{closure:{closure:Illuminate\\Pipeline\\Pipeline::carry():194}:195}()
#37 /home/lionel/Documents/Junkyard/gotrip/bc-cms/vendor/laravel/framework/src/Illuminate/Pipeline/Pipeline.php(219): Illuminate\\View\\Middleware\\ShareErrorsFromSession->handle()
#38 /home/lionel/Documents/Junkyard/gotrip/bc-cms/vendor/laravel/framework/src/Illuminate/Session/Middleware/StartSession.php(120): Illuminate\\Pipeline\\Pipeline->{closure:{closure:Illuminate\\Pipeline\\Pipeline::carry():194}:195}()
#39 /home/lionel/Documents/Junkyard/gotrip/bc-cms/vendor/laravel/framework/src/Illuminate/Session/Middleware/StartSession.php(63): Illuminate\\Session\\Middleware\\StartSession->handleStatefulRequest()
#40 /home/lionel/Documents/Junkyard/gotrip/bc-cms/vendor/laravel/framework/src/Illuminate/Pipeline/Pipeline.php(219): Illuminate\\Session\\Middleware\\StartSession->handle()
#41 /home/lionel/Documents/Junkyard/gotrip/bc-cms/vendor/laravel/framework/src/Illuminate/Cookie/Middleware/AddQueuedCookiesToResponse.php(36): Illuminate\\Pipeline\\Pipeline->{closure:{closure:Illuminate\\Pipeline\\Pipeline::carry():194}:195}()
#42 /home/lionel/Documents/Junkyard/gotrip/bc-cms/vendor/laravel/framework/src/Illuminate/Pipeline/Pipeline.php(219): Illuminate\\Cookie\\Middleware\\AddQueuedCookiesToResponse->handle()
#43 /home/lionel/Documents/Junkyard/gotrip/bc-cms/vendor/laravel/framework/src/Illuminate/Cookie/Middleware/EncryptCookies.php(74): Illuminate\\Pipeline\\Pipeline->{closure:{closure:Illuminate\\Pipeline\\Pipeline::carry():194}:195}()
#44 /home/lionel/Documents/Junkyard/gotrip/bc-cms/vendor/laravel/framework/src/Illuminate/Pipeline/Pipeline.php(219): Illuminate\\Cookie\\Middleware\\EncryptCookies->handle()
#45 /home/lionel/Documents/Junkyard/gotrip/bc-cms/vendor/laravel/framework/src/Illuminate/Pipeline/Pipeline.php(137): Illuminate\\Pipeline\\Pipeline->{closure:{closure:Illuminate\\Pipeline\\Pipeline::carry():194}:195}()
#46 /home/lionel/Documents/Junkyard/gotrip/bc-cms/vendor/laravel/framework/src/Illuminate/Routing/Router.php(821): Illuminate\\Pipeline\\Pipeline->then()
#47 /home/lionel/Documents/Junkyard/gotrip/bc-cms/vendor/laravel/framework/src/Illuminate/Routing/Router.php(800): Illuminate\\Routing\\Router->runRouteWithinStack()
#48 /home/lionel/Documents/Junkyard/gotrip/bc-cms/vendor/laravel/framework/src/Illuminate/Routing/Router.php(764): Illuminate\\Routing\\Router->runRoute()
#49 /home/lionel/Documents/Junkyard/gotrip/bc-cms/vendor/laravel/framework/src/Illuminate/Routing/Router.php(753): Illuminate\\Routing\\Router->dispatchToRoute()
#50 /home/lionel/Documents/Junkyard/gotrip/bc-cms/vendor/laravel/framework/src/Illuminate/Foundation/Http/Kernel.php(200): Illuminate\\Routing\\Router->dispatch()
#51 /home/lionel/Documents/Junkyard/gotrip/bc-cms/vendor/laravel/framework/src/Illuminate/Pipeline/Pipeline.php(180): Illuminate\\Foundation\\Http\\Kernel->{closure:Illuminate\\Foundation\\Http\\Kernel::dispatchToRouter():197}()
#52 /home/lionel/Documents/Junkyard/gotrip/bc-cms/themes/Base/Core/Middleware/RunUpdater.php(77): Illuminate\\Pipeline\\Pipeline->{closure:Illuminate\\Pipeline\\Pipeline::prepareDestination():178}()
#53 /home/lionel/Documents/Junkyard/gotrip/bc-cms/vendor/laravel/framework/src/Illuminate/Pipeline/Pipeline.php(219): Themes\\Base\\Core\\Middleware\\RunUpdater->handle()
#54 /home/lionel/Documents/Junkyard/gotrip/bc-cms/vendor/livewire/livewire/src/Features/SupportDisablingBackButtonCache/DisableBackButtonCacheMiddleware.php(19): Illuminate\\Pipeline\\Pipeline->{closure:{closure:Illuminate\\Pipeline\\Pipeline::carry():194}:195}()
#55 /home/lionel/Documents/Junkyard/gotrip/bc-cms/vendor/laravel/framework/src/Illuminate/Pipeline/Pipeline.php(219): Livewire\\Features\\SupportDisablingBackButtonCache\\DisableBackButtonCacheMiddleware->handle()
#56 /home/lionel/Documents/Junkyard/gotrip/bc-cms/vendor/barryvdh/laravel-debugbar/src/Middleware/InjectDebugbar.php(66): Illuminate\\Pipeline\\Pipeline->{closure:{closure:Illuminate\\Pipeline\\Pipeline::carry():194}:195}()
#57 /home/lionel/Documents/Junkyard/gotrip/bc-cms/vendor/laravel/framework/src/Illuminate/Pipeline/Pipeline.php(219): Barryvdh\\Debugbar\\Middleware\\InjectDebugbar->handle()
#58 /home/lionel/Documents/Junkyard/gotrip/bc-cms/app/Http/Middleware/RedirectToInstaller.php(40): Illuminate\\Pipeline\\Pipeline->{closure:{closure:Illuminate\\Pipeline\\Pipeline::carry():194}:195}()
#59 /home/lionel/Documents/Junkyard/gotrip/bc-cms/vendor/laravel/framework/src/Illuminate/Pipeline/Pipeline.php(219): App\\Http\\Middleware\\RedirectToInstaller->handle()
#60 /home/lionel/Documents/Junkyard/gotrip/bc-cms/vendor/laravel/framework/src/Illuminate/Foundation/Http/Middleware/TransformsRequest.php(21): Illuminate\\Pipeline\\Pipeline->{closure:{closure:Illuminate\\Pipeline\\Pipeline::carry():194}:195}()
#61 /home/lionel/Documents/Junkyard/gotrip/bc-cms/vendor/laravel/framework/src/Illuminate/Foundation/Http/Middleware/ConvertEmptyStringsToNull.php(31): Illuminate\\Foundation\\Http\\Middleware\\TransformsRequest->handle()
#62 /home/lionel/Documents/Junkyard/gotrip/bc-cms/vendor/laravel/framework/src/Illuminate/Pipeline/Pipeline.php(219): Illuminate\\Foundation\\Http\\Middleware\\ConvertEmptyStringsToNull->handle()
#63 /home/lionel/Documents/Junkyard/gotrip/bc-cms/vendor/laravel/framework/src/Illuminate/Foundation/Http/Middleware/TransformsRequest.php(21): Illuminate\\Pipeline\\Pipeline->{closure:{closure:Illuminate\\Pipeline\\Pipeline::carry():194}:195}()
#64 /home/lionel/Documents/Junkyard/gotrip/bc-cms/vendor/laravel/framework/src/Illuminate/Foundation/Http/Middleware/TrimStrings.php(51): Illuminate\\Foundation\\Http\\Middleware\\TransformsRequest->handle()
#65 /home/lionel/Documents/Junkyard/gotrip/bc-cms/vendor/laravel/framework/src/Illuminate/Pipeline/Pipeline.php(219): Illuminate\\Foundation\\Http\\Middleware\\TrimStrings->handle()
#66 /home/lionel/Documents/Junkyard/gotrip/bc-cms/vendor/laravel/framework/src/Illuminate/Http/Middleware/ValidatePostSize.php(27): Illuminate\\Pipeline\\Pipeline->{closure:{closure:Illuminate\\Pipeline\\Pipeline::carry():194}:195}()
#67 /home/lionel/Documents/Junkyard/gotrip/bc-cms/vendor/laravel/framework/src/Illuminate/Pipeline/Pipeline.php(219): Illuminate\\Http\\Middleware\\ValidatePostSize->handle()
#68 /home/lionel/Documents/Junkyard/gotrip/bc-cms/vendor/laravel/framework/src/Illuminate/Foundation/Http/Middleware/PreventRequestsDuringMaintenance.php(109): Illuminate\\Pipeline\\Pipeline->{closure:{closure:Illuminate\\Pipeline\\Pipeline::carry():194}:195}()
#69 /home/lionel/Documents/Junkyard/gotrip/bc-cms/vendor/laravel/framework/src/Illuminate/Pipeline/Pipeline.php(219): Illuminate\\Foundation\\Http\\Middleware\\PreventRequestsDuringMaintenance->handle()
#70 /home/lionel/Documents/Junkyard/gotrip/bc-cms/vendor/laravel/framework/src/Illuminate/Http/Middleware/HandleCors.php(48): Illuminate\\Pipeline\\Pipeline->{closure:{closure:Illuminate\\Pipeline\\Pipeline::carry():194}:195}()
#71 /home/lionel/Documents/Junkyard/gotrip/bc-cms/vendor/laravel/framework/src/Illuminate/Pipeline/Pipeline.php(219): Illuminate\\Http\\Middleware\\HandleCors->handle()
#72 /home/lionel/Documents/Junkyard/gotrip/bc-cms/vendor/laravel/framework/src/Illuminate/Http/Middleware/TrustProxies.php(58): Illuminate\\Pipeline\\Pipeline->{closure:{closure:Illuminate\\Pipeline\\Pipeline::carry():194}:195}()
#73 /home/lionel/Documents/Junkyard/gotrip/bc-cms/vendor/laravel/framework/src/Illuminate/Pipeline/Pipeline.php(219): Illuminate\\Http\\Middleware\\TrustProxies->handle()
#74 /home/lionel/Documents/Junkyard/gotrip/bc-cms/vendor/laravel/framework/src/Illuminate/Foundation/Http/Middleware/InvokeDeferredCallbacks.php(22): Illuminate\\Pipeline\\Pipeline->{closure:{closure:Illuminate\\Pipeline\\Pipeline::carry():194}:195}()
#75 /home/lionel/Documents/Junkyard/gotrip/bc-cms/vendor/laravel/framework/src/Illuminate/Pipeline/Pipeline.php(219): Illuminate\\Foundation\\Http\\Middleware\\InvokeDeferredCallbacks->handle()
#76 /home/lionel/Documents/Junkyard/gotrip/bc-cms/vendor/laravel/framework/src/Illuminate/Http/Middleware/ValidatePathEncoding.php(26): Illuminate\\Pipeline\\Pipeline->{closure:{closure:Illuminate\\Pipeline\\Pipeline::carry():194}:195}()
#77 /home/lionel/Documents/Junkyard/gotrip/bc-cms/vendor/laravel/framework/src/Illuminate/Pipeline/Pipeline.php(219): Illuminate\\Http\\Middleware\\ValidatePathEncoding->handle()
#78 /home/lionel/Documents/Junkyard/gotrip/bc-cms/vendor/laravel/framework/src/Illuminate/Pipeline/Pipeline.php(137): Illuminate\\Pipeline\\Pipeline->{closure:{closure:Illuminate\\Pipeline\\Pipeline::carry():194}:195}()
#79 /home/lionel/Documents/Junkyard/gotrip/bc-cms/vendor/laravel/framework/src/Illuminate/Foundation/Http/Kernel.php(175): Illuminate\\Pipeline\\Pipeline->then()
#80 /home/lionel/Documents/Junkyard/gotrip/bc-cms/vendor/laravel/framework/src/Illuminate/Foundation/Http/Kernel.php(144): Illuminate\\Foundation\\Http\\Kernel->sendRequestThroughRouter()
#81 /home/lionel/Documents/Junkyard/gotrip/bc-cms/vendor/laravel/framework/src/Illuminate/Foundation/Application.php(1219): Illuminate\\Foundation\\Http\\Kernel->handle()
#82 /home/lionel/Documents/Junkyard/gotrip/public_html/index.php(84): Illuminate\\Foundation\\Application->handleRequest()
#83 /home/lionel/Documents/Junkyard/gotrip/bc-cms/server.php(21): require_once('...')
#84 {main}

[previous exception] [object] (InvalidArgumentException(code: 0): View [user.layouts.master] not found. at /home/lionel/Documents/Junkyard/gotrip/bc-cms/vendor/laravel/framework/src/Illuminate/View/FileViewFinder.php:138)
[stacktrace]
#0 /home/lionel/Documents/Junkyard/gotrip/bc-cms/vendor/laravel/framework/src/Illuminate/View/FileViewFinder.php(78): Illuminate\\View\\FileViewFinder->findInPaths()
#1 /home/lionel/Documents/Junkyard/gotrip/bc-cms/vendor/laravel/framework/src/Illuminate/View/Factory.php(150): Illuminate\\View\\FileViewFinder->find()
#2 /home/lionel/Documents/Junkyard/gotrip/bc-cms/storage/framework/views/81157d428e99091d4b4262ab76a6e02a.php(122): Illuminate\\View\\Factory->make()
#3 /home/lionel/Documents/Junkyard/gotrip/bc-cms/vendor/laravel/framework/src/Illuminate/Filesystem/Filesystem.php(123): require('...')
#4 /home/lionel/Documents/Junkyard/gotrip/bc-cms/vendor/laravel/framework/src/Illuminate/Filesystem/Filesystem.php(124): Illuminate\\Filesystem\\Filesystem::{closure:Illuminate\\Filesystem\\Filesystem::getRequire():120}()
#5 /home/lionel/Documents/Junkyard/gotrip/bc-cms/vendor/laravel/framework/src/Illuminate/View/Engines/PhpEngine.php(57): Illuminate\\Filesystem\\Filesystem->getRequire()
#6 /home/lionel/Documents/Junkyard/gotrip/bc-cms/vendor/livewire/livewire/src/Mechanisms/ExtendBlade/ExtendedCompilerEngine.php(22): Illuminate\\View\\Engines\\PhpEngine->evaluatePath()
#7 /home/lionel/Documents/Junkyard/gotrip/bc-cms/vendor/laravel/framework/src/Illuminate/View/Engines/CompilerEngine.php(76): Livewire\\Mechanisms\\ExtendBlade\\ExtendedCompilerEngine->evaluatePath()
#8 /home/lionel/Documents/Junkyard/gotrip/bc-cms/vendor/livewire/livewire/src/Mechanisms/ExtendBlade/ExtendedCompilerEngine.php(10): Illuminate\\View\\Engines\\CompilerEngine->get()
#9 /home/lionel/Documents/Junkyard/gotrip/bc-cms/vendor/laravel/framework/src/Illuminate/View/View.php(208): Livewire\\Mechanisms\\ExtendBlade\\ExtendedCompilerEngine->get()
#10 /home/lionel/Documents/Junkyard/gotrip/bc-cms/vendor/laravel/framework/src/Illuminate/View/View.php(191): Illuminate\\View\\View->getContents()
#11 /home/lionel/Documents/Junkyard/gotrip/bc-cms/vendor/laravel/framework/src/Illuminate/View/View.php(160): Illuminate\\View\\View->renderContents()
#12 /home/lionel/Documents/Junkyard/gotrip/bc-cms/vendor/laravel/framework/src/Illuminate/Http/Response.php(78): Illuminate\\View\\View->render()
#13 /home/lionel/Documents/Junkyard/gotrip/bc-cms/vendor/laravel/framework/src/Illuminate/Http/Response.php(34): Illuminate\\Http\\Response->setContent()
#14 /home/lionel/Documents/Junkyard/gotrip/bc-cms/vendor/laravel/framework/src/Illuminate/Routing/Router.php(939): Illuminate\\Http\\Response->__construct()
#15 /home/lionel/Documents/Junkyard/gotrip/bc-cms/vendor/laravel/framework/src/Illuminate/Routing/Router.php(906): Illuminate\\Routing\\Router::toResponse()
#16 /home/lionel/Documents/Junkyard/gotrip/bc-cms/vendor/laravel/framework/src/Illuminate/Routing/Router.php(821): Illuminate\\Routing\\Router->prepareResponse()
#17 /home/lionel/Documents/Junkyard/gotrip/bc-cms/vendor/laravel/framework/src/Illuminate/Pipeline/Pipeline.php(180): Illuminate\\Routing\\Router->{closure:Illuminate\\Routing\\Router::runRouteWithinStack():821}()
#18 /home/lionel/Documents/Junkyard/gotrip/bc-cms/vendor/barryvdh/laravel-debugbar/src/Middleware/InjectDebugbar.php(66): Illuminate\\Pipeline\\Pipeline->{closure:Illuminate\\Pipeline\\Pipeline::prepareDestination():178}()
#19 /home/lionel/Documents/Junkyard/gotrip/bc-cms/vendor/laravel/framework/src/Illuminate/Pipeline/Pipeline.php(219): Barryvdh\\Debugbar\\Middleware\\InjectDebugbar->handle()
#20 /home/lionel/Documents/Junkyard/gotrip/bc-cms/app/Http/Middleware/RequireChangePassword.php(41): Illuminate\\Pipeline\\Pipeline->{closure:{closure:Illuminate\\Pipeline\\Pipeline::carry():194}:195}()
#21 /home/lionel/Documents/Junkyard/gotrip/bc-cms/vendor/laravel/framework/src/Illuminate/Pipeline/Pipeline.php(219): App\\Http\\Middleware\\RequireChangePassword->handle()
#22 /home/lionel/Documents/Junkyard/gotrip/bc-cms/app/Http/Middleware/SetCurrentCurrency.php(48): Illuminate\\Pipeline\\Pipeline->{closure:{closure:Illuminate\\Pipeline\\Pipeline::carry():194}:195}()
#23 /home/lionel/Documents/Junkyard/gotrip/bc-cms/vendor/laravel/framework/src/Illuminate/Pipeline/Pipeline.php(219): App\\Http\\Middleware\\SetCurrentCurrency->handle()
#24 /home/lionel/Documents/Junkyard/gotrip/bc-cms/app/Http/Middleware/SetLanguageForAdmin.php(37): Illuminate\\Pipeline\\Pipeline->{closure:{closure:Illuminate\\Pipeline\\Pipeline::carry():194}:195}()
#25 /home/lionel/Documents/Junkyard/gotrip/bc-cms/vendor/laravel/framework/src/Illuminate/Pipeline/Pipeline.php(219): App\\Http\\Middleware\\SetLanguageForAdmin->handle()
#26 /home/lionel/Documents/Junkyard/gotrip/bc-cms/app/Http/Middleware/RedirectForMultiLanguage.php(58): Illuminate\\Pipeline\\Pipeline->{closure:{closure:Illuminate\\Pipeline\\Pipeline::carry():194}:195}()
#27 /home/lionel/Documents/Junkyard/gotrip/bc-cms/vendor/laravel/framework/src/Illuminate/Pipeline/Pipeline.php(219): App\\Http\\Middleware\\RedirectForMultiLanguage->handle()
#28 /home/lionel/Documents/Junkyard/gotrip/bc-cms/app/Http/Middleware/FrontendGuard.php(67): Illuminate\\Pipeline\\Pipeline->{closure:{closure:Illuminate\\Pipeline\\Pipeline::carry():194}:195}()
#29 /home/lionel/Documents/Junkyard/gotrip/bc-cms/vendor/laravel/framework/src/Illuminate/Pipeline/Pipeline.php(219): App\\Http\\Middleware\\FrontendGuard->handle()
#30 /home/lionel/Documents/Junkyard/gotrip/bc-cms/vendor/laravel/framework/src/Illuminate/Routing/Middleware/SubstituteBindings.php(50): Illuminate\\Pipeline\\Pipeline->{closure:{closure:Illuminate\\Pipeline\\Pipeline::carry():194}:195}()
#31 /home/lionel/Documents/Junkyard/gotrip/bc-cms/vendor/laravel/framework/src/Illuminate/Pipeline/Pipeline.php(219): Illuminate\\Routing\\Middleware\\SubstituteBindings->handle()
#32 /home/lionel/Documents/Junkyard/gotrip/bc-cms/vendor/laravel/framework/src/Illuminate/Auth/Middleware/Authenticate.php(63): Illuminate\\Pipeline\\Pipeline->{closure:{closure:Illuminate\\Pipeline\\Pipeline::carry():194}:195}()
#33 /home/lionel/Documents/Junkyard/gotrip/bc-cms/vendor/laravel/framework/src/Illuminate/Pipeline/Pipeline.php(219): Illuminate\\Auth\\Middleware\\Authenticate->handle()
#34 /home/lionel/Documents/Junkyard/gotrip/bc-cms/vendor/laravel/framework/src/Illuminate/Foundation/Http/Middleware/VerifyCsrfToken.php(87): Illuminate\\Pipeline\\Pipeline->{closure:{closure:Illuminate\\Pipeline\\Pipeline::carry():194}:195}()
#35 /home/lionel/Documents/Junkyard/gotrip/bc-cms/vendor/laravel/framework/src/Illuminate/Pipeline/Pipeline.php(219): Illuminate\\Foundation\\Http\\Middleware\\VerifyCsrfToken->handle()
#36 /home/lionel/Documents/Junkyard/gotrip/bc-cms/vendor/laravel/framework/src/Illuminate/View/Middleware/ShareErrorsFromSession.php(48): Illuminate\\Pipeline\\Pipeline->{closure:{closure:Illuminate\\Pipeline\\Pipeline::carry():194}:195}()
#37 /home/lionel/Documents/Junkyard/gotrip/bc-cms/vendor/laravel/framework/src/Illuminate/Pipeline/Pipeline.php(219): Illuminate\\View\\Middleware\\ShareErrorsFromSession->handle()
#38 /home/lionel/Documents/Junkyard/gotrip/bc-cms/vendor/laravel/framework/src/Illuminate/Session/Middleware/StartSession.php(120): Illuminate\\Pipeline\\Pipeline->{closure:{closure:Illuminate\\Pipeline\\Pipeline::carry():194}:195}()
#39 /home/lionel/Documents/Junkyard/gotrip/bc-cms/vendor/laravel/framework/src/Illuminate/Session/Middleware/StartSession.php(63): Illuminate\\Session\\Middleware\\StartSession->handleStatefulRequest()
#40 /home/lionel/Documents/Junkyard/gotrip/bc-cms/vendor/laravel/framework/src/Illuminate/Pipeline/Pipeline.php(219): Illuminate\\Session\\Middleware\\StartSession->handle()
#41 /home/lionel/Documents/Junkyard/gotrip/bc-cms/vendor/laravel/framework/src/Illuminate/Cookie/Middleware/AddQueuedCookiesToResponse.php(36): Illuminate\\Pipeline\\Pipeline->{closure:{closure:Illuminate\\Pipeline\\Pipeline::carry():194}:195}()
#42 /home/lionel/Documents/Junkyard/gotrip/bc-cms/vendor/laravel/framework/src/Illuminate/Pipeline/Pipeline.php(219): Illuminate\\Cookie\\Middleware\\AddQueuedCookiesToResponse->handle()
#43 /home/lionel/Documents/Junkyard/gotrip/bc-cms/vendor/laravel/framework/src/Illuminate/Cookie/Middleware/EncryptCookies.php(74): Illuminate\\Pipeline\\Pipeline->{closure:{closure:Illuminate\\Pipeline\\Pipeline::carry():194}:195}()
#44 /home/lionel/Documents/Junkyard/gotrip/bc-cms/vendor/laravel/framework/src/Illuminate/Pipeline/Pipeline.php(219): Illuminate\\Cookie\\Middleware\\EncryptCookies->handle()
#45 /home/lionel/Documents/Junkyard/gotrip/bc-cms/vendor/laravel/framework/src/Illuminate/Pipeline/Pipeline.php(137): Illuminate\\Pipeline\\Pipeline->{closure:{closure:Illuminate\\Pipeline\\Pipeline::carry():194}:195}()
#46 /home/lionel/Documents/Junkyard/gotrip/bc-cms/vendor/laravel/framework/src/Illuminate/Routing/Router.php(821): Illuminate\\Pipeline\\Pipeline->then()
#47 /home/lionel/Documents/Junkyard/gotrip/bc-cms/vendor/laravel/framework/src/Illuminate/Routing/Router.php(800): Illuminate\\Routing\\Router->runRouteWithinStack()
#48 /home/lionel/Documents/Junkyard/gotrip/bc-cms/vendor/laravel/framework/src/Illuminate/Routing/Router.php(764): Illuminate\\Routing\\Router->runRoute()
#49 /home/lionel/Documents/Junkyard/gotrip/bc-cms/vendor/laravel/framework/src/Illuminate/Routing/Router.php(753): Illuminate\\Routing\\Router->dispatchToRoute()
#50 /home/lionel/Documents/Junkyard/gotrip/bc-cms/vendor/laravel/framework/src/Illuminate/Foundation/Http/Kernel.php(200): Illuminate\\Routing\\Router->dispatch()
#51 /home/lionel/Documents/Junkyard/gotrip/bc-cms/vendor/laravel/framework/src/Illuminate/Pipeline/Pipeline.php(180): Illuminate\\Foundation\\Http\\Kernel->{closure:Illuminate\\Foundation\\Http\\Kernel::dispatchToRouter():197}()
#52 /home/lionel/Documents/Junkyard/gotrip/bc-cms/themes/Base/Core/Middleware/RunUpdater.php(77): Illuminate\\Pipeline\\Pipeline->{closure:Illuminate\\Pipeline\\Pipeline::prepareDestination():178}()
#53 /home/lionel/Documents/Junkyard/gotrip/bc-cms/vendor/laravel/framework/src/Illuminate/Pipeline/Pipeline.php(219): Themes\\Base\\Core\\Middleware\\RunUpdater->handle()
#54 /home/lionel/Documents/Junkyard/gotrip/bc-cms/vendor/livewire/livewire/src/Features/SupportDisablingBackButtonCache/DisableBackButtonCacheMiddleware.php(19): Illuminate\\Pipeline\\Pipeline->{closure:{closure:Illuminate\\Pipeline\\Pipeline::carry():194}:195}()
#55 /home/lionel/Documents/Junkyard/gotrip/bc-cms/vendor/laravel/framework/src/Illuminate/Pipeline/Pipeline.php(219): Livewire\\Features\\SupportDisablingBackButtonCache\\DisableBackButtonCacheMiddleware->handle()
#56 /home/lionel/Documents/Junkyard/gotrip/bc-cms/vendor/barryvdh/laravel-debugbar/src/Middleware/InjectDebugbar.php(66): Illuminate\\Pipeline\\Pipeline->{closure:{closure:Illuminate\\Pipeline\\Pipeline::carry():194}:195}()
#57 /home/lionel/Documents/Junkyard/gotrip/bc-cms/vendor/laravel/framework/src/Illuminate/Pipeline/Pipeline.php(219): Barryvdh\\Debugbar\\Middleware\\InjectDebugbar->handle()
#58 /home/lionel/Documents/Junkyard/gotrip/bc-cms/app/Http/Middleware/RedirectToInstaller.php(40): Illuminate\\Pipeline\\Pipeline->{closure:{closure:Illuminate\\Pipeline\\Pipeline::carry():194}:195}()
#59 /home/lionel/Documents/Junkyard/gotrip/bc-cms/vendor/laravel/framework/src/Illuminate/Pipeline/Pipeline.php(219): App\\Http\\Middleware\\RedirectToInstaller->handle()
#60 /home/lionel/Documents/Junkyard/gotrip/bc-cms/vendor/laravel/framework/src/Illuminate/Foundation/Http/Middleware/TransformsRequest.php(21): Illuminate\\Pipeline\\Pipeline->{closure:{closure:Illuminate\\Pipeline\\Pipeline::carry():194}:195}()
#61 /home/lionel/Documents/Junkyard/gotrip/bc-cms/vendor/laravel/framework/src/Illuminate/Foundation/Http/Middleware/ConvertEmptyStringsToNull.php(31): Illuminate\\Foundation\\Http\\Middleware\\TransformsRequest->handle()
#62 /home/lionel/Documents/Junkyard/gotrip/bc-cms/vendor/laravel/framework/src/Illuminate/Pipeline/Pipeline.php(219): Illuminate\\Foundation\\Http\\Middleware\\ConvertEmptyStringsToNull->handle()
#63 /home/lionel/Documents/Junkyard/gotrip/bc-cms/vendor/laravel/framework/src/Illuminate/Foundation/Http/Middleware/TransformsRequest.php(21): Illuminate\\Pipeline\\Pipeline->{closure:{closure:Illuminate\\Pipeline\\Pipeline::carry():194}:195}()
#64 /home/lionel/Documents/Junkyard/gotrip/bc-cms/vendor/laravel/framework/src/Illuminate/Foundation/Http/Middleware/TrimStrings.php(51): Illuminate\\Foundation\\Http\\Middleware\\TransformsRequest->handle()
#65 /home/lionel/Documents/Junkyard/gotrip/bc-cms/vendor/laravel/framework/src/Illuminate/Pipeline/Pipeline.php(219): Illuminate\\Foundation\\Http\\Middleware\\TrimStrings->handle()
#66 /home/lionel/Documents/Junkyard/gotrip/bc-cms/vendor/laravel/framework/src/Illuminate/Http/Middleware/ValidatePostSize.php(27): Illuminate\\Pipeline\\Pipeline->{closure:{closure:Illuminate\\Pipeline\\Pipeline::carry():194}:195}()
#67 /home/lionel/Documents/Junkyard/gotrip/bc-cms/vendor/laravel/framework/src/Illuminate/Pipeline/Pipeline.php(219): Illuminate\\Http\\Middleware\\ValidatePostSize->handle()
#68 /home/lionel/Documents/Junkyard/gotrip/bc-cms/vendor/laravel/framework/src/Illuminate/Foundation/Http/Middleware/PreventRequestsDuringMaintenance.php(109): Illuminate\\Pipeline\\Pipeline->{closure:{closure:Illuminate\\Pipeline\\Pipeline::carry():194}:195}()
#69 /home/lionel/Documents/Junkyard/gotrip/bc-cms/vendor/laravel/framework/src/Illuminate/Pipeline/Pipeline.php(219): Illuminate\\Foundation\\Http\\Middleware\\PreventRequestsDuringMaintenance->handle()
#70 /home/lionel/Documents/Junkyard/gotrip/bc-cms/vendor/laravel/framework/src/Illuminate/Http/Middleware/HandleCors.php(48): Illuminate\\Pipeline\\Pipeline->{closure:{closure:Illuminate\\Pipeline\\Pipeline::carry():194}:195}()
#71 /home/lionel/Documents/Junkyard/gotrip/bc-cms/vendor/laravel/framework/src/Illuminate/Pipeline/Pipeline.php(219): Illuminate\\Http\\Middleware\\HandleCors->handle()
#72 /home/lionel/Documents/Junkyard/gotrip/bc-cms/vendor/laravel/framework/src/Illuminate/Http/Middleware/TrustProxies.php(58): Illuminate\\Pipeline\\Pipeline->{closure:{closure:Illuminate\\Pipeline\\Pipeline::carry():194}:195}()
#73 /home/lionel/Documents/Junkyard/gotrip/bc-cms/vendor/laravel/framework/src/Illuminate/Pipeline/Pipeline.php(219): Illuminate\\Http\\Middleware\\TrustProxies->handle()
#74 /home/lionel/Documents/Junkyard/gotrip/bc-cms/vendor/laravel/framework/src/Illuminate/Foundation/Http/Middleware/InvokeDeferredCallbacks.php(22): Illuminate\\Pipeline\\Pipeline->{closure:{closure:Illuminate\\Pipeline\\Pipeline::carry():194}:195}()
#75 /home/lionel/Documents/Junkyard/gotrip/bc-cms/vendor/laravel/framework/src/Illuminate/Pipeline/Pipeline.php(219): Illuminate\\Foundation\\Http\\Middleware\\InvokeDeferredCallbacks->handle()
#76 /home/lionel/Documents/Junkyard/gotrip/bc-cms/vendor/laravel/framework/src/Illuminate/Http/Middleware/ValidatePathEncoding.php(26): Illuminate\\Pipeline\\Pipeline->{closure:{closure:Illuminate\\Pipeline\\Pipeline::carry():194}:195}()
#77 /home/lionel/Documents/Junkyard/gotrip/bc-cms/vendor/laravel/framework/src/Illuminate/Pipeline/Pipeline.php(219): Illuminate\\Http\\Middleware\\ValidatePathEncoding->handle()
#78 /home/lionel/Documents/Junkyard/gotrip/bc-cms/vendor/laravel/framework/src/Illuminate/Pipeline/Pipeline.php(137): Illuminate\\Pipeline\\Pipeline->{closure:{closure:Illuminate\\Pipeline\\Pipeline::carry():194}:195}()
#79 /home/lionel/Documents/Junkyard/gotrip/bc-cms/vendor/laravel/framework/src/Illuminate/Foundation/Http/Kernel.php(175): Illuminate\\Pipeline\\Pipeline->then()
#80 /home/lionel/Documents/Junkyard/gotrip/bc-cms/vendor/laravel/framework/src/Illuminate/Foundation/Http/Kernel.php(144): Illuminate\\Foundation\\Http\\Kernel->sendRequestThroughRouter()
#81 /home/lionel/Documents/Junkyard/gotrip/bc-cms/vendor/laravel/framework/src/Illuminate/Foundation/Application.php(1219): Illuminate\\Foundation\\Http\\Kernel->handle()
#82 /home/lionel/Documents/Junkyard/gotrip/public_html/index.php(84): Illuminate\\Foundation\\Application->handleRequest()
#83 /home/lionel/Documents/Junkyard/gotrip/bc-cms/server.php(21): require_once('...')
#84 {main}
"} 
[2026-05-24 23:31:04] local.ERROR: SQLSTATE[42S22]: Column not found: 1054 Unknown column 'create_user' in 'field list' (Connection: mysql, SQL: insert into `vendor_subscriptions` (`vendor_id`, `plan_id`, `billing_cycle`, `amount_paid`, `payment_gateway`, `status`, `starts_at`, `ends_at`, `notes`, `created_by`, `create_user`, `updated_at`, `created_at`) values (7, 1, monthly, 49.00, manual, active, 2026-05-24 00:00:00, 2026-06-24 00:00:00, paid, 6, 6, 2026-05-24 23:31:04, 2026-05-24 23:31:04)) {"userId":6,"exception":"[object] (Illuminate\\Database\\QueryException(code: 42S22): SQLSTATE[42S22]: Column not found: 1054 Unknown column 'create_user' in 'field list' (Connection: mysql, SQL: insert into `vendor_subscriptions` (`vendor_id`, `plan_id`, `billing_cycle`, `amount_paid`, `payment_gateway`, `status`, `starts_at`, `ends_at`, `notes`, `created_by`, `create_user`, `updated_at`, `created_at`) values (7, 1, monthly, 49.00, manual, active, 2026-05-24 00:00:00, 2026-06-24 00:00:00, paid, 6, 6, 2026-05-24 23:31:04, 2026-05-24 23:31:04)) at /home/lionel/Documents/Junkyard/gotrip/bc-cms/vendor/laravel/framework/src/Illuminate/Database/Connection.php:824)
[stacktrace]
#0 /home/lionel/Documents/Junkyard/gotrip/bc-cms/vendor/laravel/framework/src/Illuminate/Database/Connection.php(778): Illuminate\\Database\\Connection->runQueryCallback()
#1 /home/lionel/Documents/Junkyard/gotrip/bc-cms/vendor/laravel/framework/src/Illuminate/Database/MySqlConnection.php(42): Illuminate\\Database\\Connection->run()
#2 /home/lionel/Documents/Junkyard/gotrip/bc-cms/vendor/laravel/framework/src/Illuminate/Database/Query/Processors/MySqlProcessor.php(35): Illuminate\\Database\\MySqlConnection->insert()
#3 /home/lionel/Documents/Junkyard/gotrip/bc-cms/vendor/laravel/framework/src/Illuminate/Database/Query/Builder.php(3853): Illuminate\\Database\\Query\\Processors\\MySqlProcessor->processInsertGetId()
#4 /home/lionel/Documents/Junkyard/gotrip/bc-cms/vendor/laravel/framework/src/Illuminate/Database/Eloquent/Builder.php(2220): Illuminate\\Database\\Query\\Builder->insertGetId()
#5 /home/lionel/Documents/Junkyard/gotrip/bc-cms/vendor/laravel/framework/src/Illuminate/Database/Eloquent/Model.php(1434): Illuminate\\Database\\Eloquent\\Builder->__call()
#6 /home/lionel/Documents/Junkyard/gotrip/bc-cms/vendor/laravel/framework/src/Illuminate/Database/Eloquent/Model.php(1399): Illuminate\\Database\\Eloquent\\Model->insertAndSetId()
#7 /home/lionel/Documents/Junkyard/gotrip/bc-cms/vendor/laravel/framework/src/Illuminate/Database/Eloquent/Model.php(1238): Illuminate\\Database\\Eloquent\\Model->performInsert()
#8 /home/lionel/Documents/Junkyard/gotrip/bc-cms/app/BaseModel.php(60): Illuminate\\Database\\Eloquent\\Model->save()
#9 /home/lionel/Documents/Junkyard/gotrip/bc-cms/vendor/laravel/framework/src/Illuminate/Database/Eloquent/Builder.php(1204): App\\BaseModel->save()
#10 /home/lionel/Documents/Junkyard/gotrip/bc-cms/vendor/laravel/framework/src/Illuminate/Support/helpers.php(399): Illuminate\\Database\\Eloquent\\Builder->{closure:Illuminate\\Database\\Eloquent\\Builder::create():1203}()
#11 /home/lionel/Documents/Junkyard/gotrip/bc-cms/vendor/laravel/framework/src/Illuminate/Database/Eloquent/Builder.php(1203): tap()
#12 /home/lionel/Documents/Junkyard/gotrip/bc-cms/vendor/laravel/framework/src/Illuminate/Support/Traits/ForwardsCalls.php(23): Illuminate\\Database\\Eloquent\\Builder->create()
#13 /home/lionel/Documents/Junkyard/gotrip/bc-cms/vendor/laravel/framework/src/Illuminate/Database/Eloquent/Model.php(2525): Illuminate\\Database\\Eloquent\\Model->forwardCallTo()
#14 /home/lionel/Documents/Junkyard/gotrip/bc-cms/vendor/laravel/framework/src/Illuminate/Database/Eloquent/Model.php(2541): Illuminate\\Database\\Eloquent\\Model->__call()
#15 /home/lionel/Documents/Junkyard/gotrip/bc-cms/modules/Vendor/Admin/SubscriptionController.php(98): Illuminate\\Database\\Eloquent\\Model::__callStatic()
#16 /home/lionel/Documents/Junkyard/gotrip/bc-cms/vendor/laravel/framework/src/Illuminate/Routing/Controller.php(54): Modules\\Vendor\\Admin\\SubscriptionController->doAssign()
#17 /home/lionel/Documents/Junkyard/gotrip/bc-cms/vendor/laravel/framework/src/Illuminate/Routing/ControllerDispatcher.php(43): Illuminate\\Routing\\Controller->callAction()
#18 /home/lionel/Documents/Junkyard/gotrip/bc-cms/vendor/laravel/framework/src/Illuminate/Routing/Route.php(265): Illuminate\\Routing\\ControllerDispatcher->dispatch()
#19 /home/lionel/Documents/Junkyard/gotrip/bc-cms/vendor/laravel/framework/src/Illuminate/Routing/Route.php(211): Illuminate\\Routing\\Route->runController()
#20 /home/lionel/Documents/Junkyard/gotrip/bc-cms/vendor/laravel/framework/src/Illuminate/Routing/Router.php(822): Illuminate\\Routing\\Route->run()
#21 /home/lionel/Documents/Junkyard/gotrip/bc-cms/vendor/laravel/framework/src/Illuminate/Pipeline/Pipeline.php(180): Illuminate\\Routing\\Router->{closure:Illuminate\\Routing\\Router::runRouteWithinStack():821}()
#22 /home/lionel/Documents/Junkyard/gotrip/bc-cms/app/Http/Middleware/Dashboard.php(28): Illuminate\\Pipeline\\Pipeline->{closure:Illuminate\\Pipeline\\Pipeline::prepareDestination():178}()
#23 /home/lionel/Documents/Junkyard/gotrip/bc-cms/vendor/laravel/framework/src/Illuminate/Pipeline/Pipeline.php(219): App\\Http\\Middleware\\Dashboard->handle()
#24 /home/lionel/Documents/Junkyard/gotrip/bc-cms/vendor/barryvdh/laravel-debugbar/src/Middleware/InjectDebugbar.php(66): Illuminate\\Pipeline\\Pipeline->{closure:{closure:Illuminate\\Pipeline\\Pipeline::carry():194}:195}()
#25 /home/lionel/Documents/Junkyard/gotrip/bc-cms/vendor/laravel/framework/src/Illuminate/Pipeline/Pipeline.php(219): Barryvdh\\Debugbar\\Middleware\\InjectDebugbar->handle()
#26 /home/lionel/Documents/Junkyard/gotrip/bc-cms/app/Http/Middleware/RequireChangePassword.php(41): Illuminate\\Pipeline\\Pipeline->{closure:{closure:Illuminate\\Pipeline\\Pipeline::carry():194}:195}()
#27 /home/lionel/Documents/Junkyard/gotrip/bc-cms/vendor/laravel/framework/src/Illuminate/Pipeline/Pipeline.php(219): App\\Http\\Middleware\\RequireChangePassword->handle()
#28 /home/lionel/Documents/Junkyard/gotrip/bc-cms/app/Http/Middleware/SetCurrentCurrency.php(48): Illuminate\\Pipeline\\Pipeline->{closure:{closure:Illuminate\\Pipeline\\Pipeline::carry():194}:195}()
#29 /home/lionel/Documents/Junkyard/gotrip/bc-cms/vendor/laravel/framework/src/Illuminate/Pipeline/Pipeline.php(219): App\\Http\\Middleware\\SetCurrentCurrency->handle()
#30 /home/lionel/Documents/Junkyard/gotrip/bc-cms/app/Http/Middleware/SetLanguageForAdmin.php(37): Illuminate\\Pipeline\\Pipeline->{closure:{closure:Illuminate\\Pipeline\\Pipeline::carry():194}:195}()
#31 /home/lionel/Documents/Junkyard/gotrip/bc-cms/vendor/laravel/framework/src/Illuminate/Pipeline/Pipeline.php(219): App\\Http\\Middleware\\SetLanguageForAdmin->handle()
#32 /home/lionel/Documents/Junkyard/gotrip/bc-cms/app/Http/Middleware/RedirectForMultiLanguage.php(58): Illuminate\\Pipeline\\Pipeline->{closure:{closure:Illuminate\\Pipeline\\Pipeline::carry():194}:195}()
#33 /home/lionel/Documents/Junkyard/gotrip/bc-cms/vendor/laravel/framework/src/Illuminate/Pipeline/Pipeline.php(219): App\\Http\\Middleware\\RedirectForMultiLanguage->handle()
#34 /home/lionel/Documents/Junkyard/gotrip/bc-cms/app/Http/Middleware/FrontendGuard.php(67): Illuminate\\Pipeline\\Pipeline->{closure:{closure:Illuminate\\Pipeline\\Pipeline::carry():194}:195}()
#35 /home/lionel/Documents/Junkyard/gotrip/bc-cms/vendor/laravel/framework/src/Illuminate/Pipeline/Pipeline.php(219): App\\Http\\Middleware\\FrontendGuard->handle()
#36 /home/lionel/Documents/Junkyard/gotrip/bc-cms/vendor/laravel/framework/src/Illuminate/Routing/Middleware/SubstituteBindings.php(50): Illuminate\\Pipeline\\Pipeline->{closure:{closure:Illuminate\\Pipeline\\Pipeline::carry():194}:195}()
#37 /home/lionel/Documents/Junkyard/gotrip/bc-cms/vendor/laravel/framework/src/Illuminate/Pipeline/Pipeline.php(219): Illuminate\\Routing\\Middleware\\SubstituteBindings->handle()
#38 /home/lionel/Documents/Junkyard/gotrip/bc-cms/vendor/laravel/framework/src/Illuminate/Foundation/Http/Middleware/VerifyCsrfToken.php(87): Illuminate\\Pipeline\\Pipeline->{closure:{closure:Illuminate\\Pipeline\\Pipeline::carry():194}:195}()
#39 /home/lionel/Documents/Junkyard/gotrip/bc-cms/vendor/laravel/framework/src/Illuminate/Pipeline/Pipeline.php(219): Illuminate\\Foundation\\Http\\Middleware\\VerifyCsrfToken->handle()
#40 /home/lionel/Documents/Junkyard/gotrip/bc-cms/vendor/laravel/framework/src/Illuminate/View/Middleware/ShareErrorsFromSession.php(48): Illuminate\\Pipeline\\Pipeline->{closure:{closure:Illuminate\\Pipeline\\Pipeline::carry():194}:195}()
#41 /home/lionel/Documents/Junkyard/gotrip/bc-cms/vendor/laravel/framework/src/Illuminate/Pipeline/Pipeline.php(219): Illuminate\\View\\Middleware\\ShareErrorsFromSession->handle()
#42 /home/lionel/Documents/Junkyard/gotrip/bc-cms/vendor/laravel/framework/src/Illuminate/Session/Middleware/StartSession.php(120): Illuminate\\Pipeline\\Pipeline->{closure:{closure:Illuminate\\Pipeline\\Pipeline::carry():194}:195}()
#43 /home/lionel/Documents/Junkyard/gotrip/bc-cms/vendor/laravel/framework/src/Illuminate/Session/Middleware/StartSession.php(63): Illuminate\\Session\\Middleware\\StartSession->handleStatefulRequest()
#44 /home/lionel/Documents/Junkyard/gotrip/bc-cms/vendor/laravel/framework/src/Illuminate/Pipeline/Pipeline.php(219): Illuminate\\Session\\Middleware\\StartSession->handle()
#45 /home/lionel/Documents/Junkyard/gotrip/bc-cms/vendor/laravel/framework/src/Illuminate/Cookie/Middleware/AddQueuedCookiesToResponse.php(36): Illuminate\\Pipeline\\Pipeline->{closure:{closure:Illuminate\\Pipeline\\Pipeline::carry():194}:195}()
#46 /home/lionel/Documents/Junkyard/gotrip/bc-cms/vendor/laravel/framework/src/Illuminate/Pipeline/Pipeline.php(219): Illuminate\\Cookie\\Middleware\\AddQueuedCookiesToResponse->handle()
#47 /home/lionel/Documents/Junkyard/gotrip/bc-cms/vendor/laravel/framework/src/Illuminate/Cookie/Middleware/EncryptCookies.php(74): Illuminate\\Pipeline\\Pipeline->{closure:{closure:Illuminate\\Pipeline\\Pipeline::carry():194}:195}()
#48 /home/lionel/Documents/Junkyard/gotrip/bc-cms/vendor/laravel/framework/src/Illuminate/Pipeline/Pipeline.php(219): Illuminate\\Cookie\\Middleware\\EncryptCookies->handle()
#49 /home/lionel/Documents/Junkyard/gotrip/bc-cms/vendor/laravel/framework/src/Illuminate/Pipeline/Pipeline.php(137): Illuminate\\Pipeline\\Pipeline->{closure:{closure:Illuminate\\Pipeline\\Pipeline::carry():194}:195}()
#50 /home/lionel/Documents/Junkyard/gotrip/bc-cms/vendor/laravel/framework/src/Illuminate/Routing/Router.php(821): Illuminate\\Pipeline\\Pipeline->then()
#51 /home/lionel/Documents/Junkyard/gotrip/bc-cms/vendor/laravel/framework/src/Illuminate/Routing/Router.php(800): Illuminate\\Routing\\Router->runRouteWithinStack()
#52 /home/lionel/Documents/Junkyard/gotrip/bc-cms/vendor/laravel/framework/src/Illuminate/Routing/Router.php(764): Illuminate\\Routing\\Router->runRoute()
#53 /home/lionel/Documents/Junkyard/gotrip/bc-cms/vendor/laravel/framework/src/Illuminate/Routing/Router.php(753): Illuminate\\Routing\\Router->dispatchToRoute()
#54 /home/lionel/Documents/Junkyard/gotrip/bc-cms/vendor/laravel/framework/src/Illuminate/Foundation/Http/Kernel.php(200): Illuminate\\Routing\\Router->dispatch()
#55 /home/lionel/Documents/Junkyard/gotrip/bc-cms/vendor/laravel/framework/src/Illuminate/Pipeline/Pipeline.php(180): Illuminate\\Foundation\\Http\\Kernel->{closure:Illuminate\\Foundation\\Http\\Kernel::dispatchToRouter():197}()
#56 /home/lionel/Documents/Junkyard/gotrip/bc-cms/themes/Base/Core/Middleware/RunUpdater.php(77): Illuminate\\Pipeline\\Pipeline->{closure:Illuminate\\Pipeline\\Pipeline::prepareDestination():178}()
#57 /home/lionel/Documents/Junkyard/gotrip/bc-cms/vendor/laravel/framework/src/Illuminate/Pipeline/Pipeline.php(219): Themes\\Base\\Core\\Middleware\\RunUpdater->handle()
#58 /home/lionel/Documents/Junkyard/gotrip/bc-cms/vendor/livewire/livewire/src/Features/SupportDisablingBackButtonCache/DisableBackButtonCacheMiddleware.php(19): Illuminate\\Pipeline\\Pipeline->{closure:{closure:Illuminate\\Pipeline\\Pipeline::carry():194}:195}()
#59 /home/lionel/Documents/Junkyard/gotrip/bc-cms/vendor/laravel/framework/src/Illuminate/Pipeline/Pipeline.php(219): Livewire\\Features\\SupportDisablingBackButtonCache\\DisableBackButtonCacheMiddleware->handle()
#60 /home/lionel/Documents/Junkyard/gotrip/bc-cms/vendor/barryvdh/laravel-debugbar/src/Middleware/InjectDebugbar.php(66): Illuminate\\Pipeline\\Pipeline->{closure:{closure:Illuminate\\Pipeline\\Pipeline::carry():194}:195}()
#61 /home/lionel/Documents/Junkyard/gotrip/bc-cms/vendor/laravel/framework/src/Illuminate/Pipeline/Pipeline.php(219): Barryvdh\\Debugbar\\Middleware\\InjectDebugbar->handle()
#62 /home/lionel/Documents/Junkyard/gotrip/bc-cms/app/Http/Middleware/RedirectToInstaller.php(40): Illuminate\\Pipeline\\Pipeline->{closure:{closure:Illuminate\\Pipeline\\Pipeline::carry():194}:195}()
#63 /home/lionel/Documents/Junkyard/gotrip/bc-cms/vendor/laravel/framework/src/Illuminate/Pipeline/Pipeline.php(219): App\\Http\\Middleware\\RedirectToInstaller->handle()
#64 /home/lionel/Documents/Junkyard/gotrip/bc-cms/vendor/laravel/framework/src/Illuminate/Foundation/Http/Middleware/TransformsRequest.php(21): Illuminate\\Pipeline\\Pipeline->{closure:{closure:Illuminate\\Pipeline\\Pipeline::carry():194}:195}()
#65 /home/lionel/Documents/Junkyard/gotrip/bc-cms/vendor/laravel/framework/src/Illuminate/Foundation/Http/Middleware/ConvertEmptyStringsToNull.php(31): Illuminate\\Foundation\\Http\\Middleware\\TransformsRequest->handle()
#66 /home/lionel/Documents/Junkyard/gotrip/bc-cms/vendor/laravel/framework/src/Illuminate/Pipeline/Pipeline.php(219): Illuminate\\Foundation\\Http\\Middleware\\ConvertEmptyStringsToNull->handle()
#67 /home/lionel/Documents/Junkyard/gotrip/bc-cms/vendor/laravel/framework/src/Illuminate/Foundation/Http/Middleware/TransformsRequest.php(21): Illuminate\\Pipeline\\Pipeline->{closure:{closure:Illuminate\\Pipeline\\Pipeline::carry():194}:195}()
#68 /home/lionel/Documents/Junkyard/gotrip/bc-cms/vendor/laravel/framework/src/Illuminate/Foundation/Http/Middleware/TrimStrings.php(51): Illuminate\\Foundation\\Http\\Middleware\\TransformsRequest->handle()
#69 /home/lionel/Documents/Junkyard/gotrip/bc-cms/vendor/laravel/framework/src/Illuminate/Pipeline/Pipeline.php(219): Illuminate\\Foundation\\Http\\Middleware\\TrimStrings->handle()
#70 /home/lionel/Documents/Junkyard/gotrip/bc-cms/vendor/laravel/framework/src/Illuminate/Http/Middleware/ValidatePostSize.php(27): Illuminate\\Pipeline\\Pipeline->{closure:{closure:Illuminate\\Pipeline\\Pipeline::carry():194}:195}()
#71 /home/lionel/Documents/Junkyard/gotrip/bc-cms/vendor/laravel/framework/src/Illuminate/Pipeline/Pipeline.php(219): Illuminate\\Http\\Middleware\\ValidatePostSize->handle()
#72 /home/lionel/Documents/Junkyard/gotrip/bc-cms/vendor/laravel/framework/src/Illuminate/Foundation/Http/Middleware/PreventRequestsDuringMaintenance.php(109): Illuminate\\Pipeline\\Pipeline->{closure:{closure:Illuminate\\Pipeline\\Pipeline::carry():194}:195}()
#73 /home/lionel/Documents/Junkyard/gotrip/bc-cms/vendor/laravel/framework/src/Illuminate/Pipeline/Pipeline.php(219): Illuminate\\Foundation\\Http\\Middleware\\PreventRequestsDuringMaintenance->handle()
#74 /home/lionel/Documents/Junkyard/gotrip/bc-cms/vendor/laravel/framework/src/Illuminate/Http/Middleware/HandleCors.php(48): Illuminate\\Pipeline\\Pipeline->{closure:{closure:Illuminate\\Pipeline\\Pipeline::carry():194}:195}()
#75 /home/lionel/Documents/Junkyard/gotrip/bc-cms/vendor/laravel/framework/src/Illuminate/Pipeline/Pipeline.php(219): Illuminate\\Http\\Middleware\\HandleCors->handle()
#76 /home/lionel/Documents/Junkyard/gotrip/bc-cms/vendor/laravel/framework/src/Illuminate/Http/Middleware/TrustProxies.php(58): Illuminate\\Pipeline\\Pipeline->{closure:{closure:Illuminate\\Pipeline\\Pipeline::carry():194}:195}()
#77 /home/lionel/Documents/Junkyard/gotrip/bc-cms/vendor/laravel/framework/src/Illuminate/Pipeline/Pipeline.php(219): Illuminate\\Http\\Middleware\\TrustProxies->handle()
#78 /home/lionel/Documents/Junkyard/gotrip/bc-cms/vendor/laravel/framework/src/Illuminate/Foundation/Http/Middleware/InvokeDeferredCallbacks.php(22): Illuminate\\Pipeline\\Pipeline->{closure:{closure:Illuminate\\Pipeline\\Pipeline::carry():194}:195}()
#79 /home/lionel/Documents/Junkyard/gotrip/bc-cms/vendor/laravel/framework/src/Illuminate/Pipeline/Pipeline.php(219): Illuminate\\Foundation\\Http\\Middleware\\InvokeDeferredCallbacks->handle()
#80 /home/lionel/Documents/Junkyard/gotrip/bc-cms/vendor/laravel/framework/src/Illuminate/Http/Middleware/ValidatePathEncoding.php(26): Illuminate\\Pipeline\\Pipeline->{closure:{closure:Illuminate\\Pipeline\\Pipeline::carry():194}:195}()
#81 /home/lionel/Documents/Junkyard/gotrip/bc-cms/vendor/laravel/framework/src/Illuminate/Pipeline/Pipeline.php(219): Illuminate\\Http\\Middleware\\ValidatePathEncoding->handle()
#82 /home/lionel/Documents/Junkyard/gotrip/bc-cms/vendor/laravel/framework/src/Illuminate/Pipeline/Pipeline.php(137): Illuminate\\Pipeline\\Pipeline->{closure:{closure:Illuminate\\Pipeline\\Pipeline::carry():194}:195}()
#83 /home/lionel/Documents/Junkyard/gotrip/bc-cms/vendor/laravel/framework/src/Illuminate/Foundation/Http/Kernel.php(175): Illuminate\\Pipeline\\Pipeline->then()
#84 /home/lionel/Documents/Junkyard/gotrip/bc-cms/vendor/laravel/framework/src/Illuminate/Foundation/Http/Kernel.php(144): Illuminate\\Foundation\\Http\\Kernel->sendRequestThroughRouter()
#85 /home/lionel/Documents/Junkyard/gotrip/bc-cms/vendor/laravel/framework/src/Illuminate/Foundation/Application.php(1219): Illuminate\\Foundation\\Http\\Kernel->handle()
#86 /home/lionel/Documents/Junkyard/gotrip/public_html/index.php(84): Illuminate\\Foundation\\Application->handleRequest()
#87 /home/lionel/Documents/Junkyard/gotrip/bc-cms/server.php(21): require_once('...')
#88 {main}

[previous exception] [object] (PDOException(code: 42S22): SQLSTATE[42S22]: Column not found: 1054 Unknown column 'create_user' in 'field list' at /home/lionel/Documents/Junkyard/gotrip/bc-cms/vendor/laravel/framework/src/Illuminate/Database/MySqlConnection.php:47)
[stacktrace]
#0 /home/lionel/Documents/Junkyard/gotrip/bc-cms/vendor/laravel/framework/src/Illuminate/Database/MySqlConnection.php(47): PDO->prepare()
#1 /home/lionel/Documents/Junkyard/gotrip/bc-cms/vendor/laravel/framework/src/Illuminate/Database/Connection.php(811): Illuminate\\Database\\MySqlConnection->{closure:Illuminate\\Database\\MySqlConnection::insert():42}()
#2 /home/lionel/Documents/Junkyard/gotrip/bc-cms/vendor/laravel/framework/src/Illuminate/Database/Connection.php(778): Illuminate\\Database\\Connection->runQueryCallback()
#3 /home/lionel/Documents/Junkyard/gotrip/bc-cms/vendor/laravel/framework/src/Illuminate/Database/MySqlConnection.php(42): Illuminate\\Database\\Connection->run()
#4 /home/lionel/Documents/Junkyard/gotrip/bc-cms/vendor/laravel/framework/src/Illuminate/Database/Query/Processors/MySqlProcessor.php(35): Illuminate\\Database\\MySqlConnection->insert()
#5 /home/lionel/Documents/Junkyard/gotrip/bc-cms/vendor/laravel/framework/src/Illuminate/Database/Query/Builder.php(3853): Illuminate\\Database\\Query\\Processors\\MySqlProcessor->processInsertGetId()
#6 /home/lionel/Documents/Junkyard/gotrip/bc-cms/vendor/laravel/framework/src/Illuminate/Database/Eloquent/Builder.php(2220): Illuminate\\Database\\Query\\Builder->insertGetId()
#7 /home/lionel/Documents/Junkyard/gotrip/bc-cms/vendor/laravel/framework/src/Illuminate/Database/Eloquent/Model.php(1434): Illuminate\\Database\\Eloquent\\Builder->__call()
#8 /home/lionel/Documents/Junkyard/gotrip/bc-cms/vendor/laravel/framework/src/Illuminate/Database/Eloquent/Model.php(1399): Illuminate\\Database\\Eloquent\\Model->insertAndSetId()
#9 /home/lionel/Documents/Junkyard/gotrip/bc-cms/vendor/laravel/framework/src/Illuminate/Database/Eloquent/Model.php(1238): Illuminate\\Database\\Eloquent\\Model->performInsert()
#10 /home/lionel/Documents/Junkyard/gotrip/bc-cms/app/BaseModel.php(60): Illuminate\\Database\\Eloquent\\Model->save()
#11 /home/lionel/Documents/Junkyard/gotrip/bc-cms/vendor/laravel/framework/src/Illuminate/Database/Eloquent/Builder.php(1204): App\\BaseModel->save()
#12 /home/lionel/Documents/Junkyard/gotrip/bc-cms/vendor/laravel/framework/src/Illuminate/Support/helpers.php(399): Illuminate\\Database\\Eloquent\\Builder->{closure:Illuminate\\Database\\Eloquent\\Builder::create():1203}()
#13 /home/lionel/Documents/Junkyard/gotrip/bc-cms/vendor/laravel/framework/src/Illuminate/Database/Eloquent/Builder.php(1203): tap()
#14 /home/lionel/Documents/Junkyard/gotrip/bc-cms/vendor/laravel/framework/src/Illuminate/Support/Traits/ForwardsCalls.php(23): Illuminate\\Database\\Eloquent\\Builder->create()
#15 /home/lionel/Documents/Junkyard/gotrip/bc-cms/vendor/laravel/framework/src/Illuminate/Database/Eloquent/Model.php(2525): Illuminate\\Database\\Eloquent\\Model->forwardCallTo()
#16 /home/lionel/Documents/Junkyard/gotrip/bc-cms/vendor/laravel/framework/src/Illuminate/Database/Eloquent/Model.php(2541): Illuminate\\Database\\Eloquent\\Model->__call()
#17 /home/lionel/Documents/Junkyard/gotrip/bc-cms/modules/Vendor/Admin/SubscriptionController.php(98): Illuminate\\Database\\Eloquent\\Model::__callStatic()
#18 /home/lionel/Documents/Junkyard/gotrip/bc-cms/vendor/laravel/framework/src/Illuminate/Routing/Controller.php(54): Modules\\Vendor\\Admin\\SubscriptionController->doAssign()
#19 /home/lionel/Documents/Junkyard/gotrip/bc-cms/vendor/laravel/framework/src/Illuminate/Routing/ControllerDispatcher.php(43): Illuminate\\Routing\\Controller->callAction()
#20 /home/lionel/Documents/Junkyard/gotrip/bc-cms/vendor/laravel/framework/src/Illuminate/Routing/Route.php(265): Illuminate\\Routing\\ControllerDispatcher->dispatch()
#21 /home/lionel/Documents/Junkyard/gotrip/bc-cms/vendor/laravel/framework/src/Illuminate/Routing/Route.php(211): Illuminate\\Routing\\Route->runController()
#22 /home/lionel/Documents/Junkyard/gotrip/bc-cms/vendor/laravel/framework/src/Illuminate/Routing/Router.php(822): Illuminate\\Routing\\Route->run()
#23 /home/lionel/Documents/Junkyard/gotrip/bc-cms/vendor/laravel/framework/src/Illuminate/Pipeline/Pipeline.php(180): Illuminate\\Routing\\Router->{closure:Illuminate\\Routing\\Router::runRouteWithinStack():821}()
#24 /home/lionel/Documents/Junkyard/gotrip/bc-cms/app/Http/Middleware/Dashboard.php(28): Illuminate\\Pipeline\\Pipeline->{closure:Illuminate\\Pipeline\\Pipeline::prepareDestination():178}()
#25 /home/lionel/Documents/Junkyard/gotrip/bc-cms/vendor/laravel/framework/src/Illuminate/Pipeline/Pipeline.php(219): App\\Http\\Middleware\\Dashboard->handle()
#26 /home/lionel/Documents/Junkyard/gotrip/bc-cms/vendor/barryvdh/laravel-debugbar/src/Middleware/InjectDebugbar.php(66): Illuminate\\Pipeline\\Pipeline->{closure:{closure:Illuminate\\Pipeline\\Pipeline::carry():194}:195}()
#27 /home/lionel/Documents/Junkyard/gotrip/bc-cms/vendor/laravel/framework/src/Illuminate/Pipeline/Pipeline.php(219): Barryvdh\\Debugbar\\Middleware\\InjectDebugbar->handle()
#28 /home/lionel/Documents/Junkyard/gotrip/bc-cms/app/Http/Middleware/RequireChangePassword.php(41): Illuminate\\Pipeline\\Pipeline->{closure:{closure:Illuminate\\Pipeline\\Pipeline::carry():194}:195}()
#29 /home/lionel/Documents/Junkyard/gotrip/bc-cms/vendor/laravel/framework/src/Illuminate/Pipeline/Pipeline.php(219): App\\Http\\Middleware\\RequireChangePassword->handle()
#30 /home/lionel/Documents/Junkyard/gotrip/bc-cms/app/Http/Middleware/SetCurrentCurrency.php(48): Illuminate\\Pipeline\\Pipeline->{closure:{closure:Illuminate\\Pipeline\\Pipeline::carry():194}:195}()
#31 /home/lionel/Documents/Junkyard/gotrip/bc-cms/vendor/laravel/framework/src/Illuminate/Pipeline/Pipeline.php(219): App\\Http\\Middleware\\SetCurrentCurrency->handle()
#32 /home/lionel/Documents/Junkyard/gotrip/bc-cms/app/Http/Middleware/SetLanguageForAdmin.php(37): Illuminate\\Pipeline\\Pipeline->{closure:{closure:Illuminate\\Pipeline\\Pipeline::carry():194}:195}()
#33 /home/lionel/Documents/Junkyard/gotrip/bc-cms/vendor/laravel/framework/src/Illuminate/Pipeline/Pipeline.php(219): App\\Http\\Middleware\\SetLanguageForAdmin->handle()
#34 /home/lionel/Documents/Junkyard/gotrip/bc-cms/app/Http/Middleware/RedirectForMultiLanguage.php(58): Illuminate\\Pipeline\\Pipeline->{closure:{closure:Illuminate\\Pipeline\\Pipeline::carry():194}:195}()
#35 /home/lionel/Documents/Junkyard/gotrip/bc-cms/vendor/laravel/framework/src/Illuminate/Pipeline/Pipeline.php(219): App\\Http\\Middleware\\RedirectForMultiLanguage->handle()
#36 /home/lionel/Documents/Junkyard/gotrip/bc-cms/app/Http/Middleware/FrontendGuard.php(67): Illuminate\\Pipeline\\Pipeline->{closure:{closure:Illuminate\\Pipeline\\Pipeline::carry():194}:195}()
#37 /home/lionel/Documents/Junkyard/gotrip/bc-cms/vendor/laravel/framework/src/Illuminate/Pipeline/Pipeline.php(219): App\\Http\\Middleware\\FrontendGuard->handle()
#38 /home/lionel/Documents/Junkyard/gotrip/bc-cms/vendor/laravel/framework/src/Illuminate/Routing/Middleware/SubstituteBindings.php(50): Illuminate\\Pipeline\\Pipeline->{closure:{closure:Illuminate\\Pipeline\\Pipeline::carry():194}:195}()
#39 /home/lionel/Documents/Junkyard/gotrip/bc-cms/vendor/laravel/framework/src/Illuminate/Pipeline/Pipeline.php(219): Illuminate\\Routing\\Middleware\\SubstituteBindings->handle()
#40 /home/lionel/Documents/Junkyard/gotrip/bc-cms/vendor/laravel/framework/src/Illuminate/Foundation/Http/Middleware/VerifyCsrfToken.php(87): Illuminate\\Pipeline\\Pipeline->{closure:{closure:Illuminate\\Pipeline\\Pipeline::carry():194}:195}()
#41 /home/lionel/Documents/Junkyard/gotrip/bc-cms/vendor/laravel/framework/src/Illuminate/Pipeline/Pipeline.php(219): Illuminate\\Foundation\\Http\\Middleware\\VerifyCsrfToken->handle()
#42 /home/lionel/Documents/Junkyard/gotrip/bc-cms/vendor/laravel/framework/src/Illuminate/View/Middleware/ShareErrorsFromSession.php(48): Illuminate\\Pipeline\\Pipeline->{closure:{closure:Illuminate\\Pipeline\\Pipeline::carry():194}:195}()
#43 /home/lionel/Documents/Junkyard/gotrip/bc-cms/vendor/laravel/framework/src/Illuminate/Pipeline/Pipeline.php(219): Illuminate\\View\\Middleware\\ShareErrorsFromSession->handle()
#44 /home/lionel/Documents/Junkyard/gotrip/bc-cms/vendor/laravel/framework/src/Illuminate/Session/Middleware/StartSession.php(120): Illuminate\\Pipeline\\Pipeline->{closure:{closure:Illuminate\\Pipeline\\Pipeline::carry():194}:195}()
#45 /home/lionel/Documents/Junkyard/gotrip/bc-cms/vendor/laravel/framework/src/Illuminate/Session/Middleware/StartSession.php(63): Illuminate\\Session\\Middleware\\StartSession->handleStatefulRequest()
#46 /home/lionel/Documents/Junkyard/gotrip/bc-cms/vendor/laravel/framework/src/Illuminate/Pipeline/Pipeline.php(219): Illuminate\\Session\\Middleware\\StartSession->handle()
#47 /home/lionel/Documents/Junkyard/gotrip/bc-cms/vendor/laravel/framework/src/Illuminate/Cookie/Middleware/AddQueuedCookiesToResponse.php(36): Illuminate\\Pipeline\\Pipeline->{closure:{closure:Illuminate\\Pipeline\\Pipeline::carry():194}:195}()
#48 /home/lionel/Documents/Junkyard/gotrip/bc-cms/vendor/laravel/framework/src/Illuminate/Pipeline/Pipeline.php(219): Illuminate\\Cookie\\Middleware\\AddQueuedCookiesToResponse->handle()
#49 /home/lionel/Documents/Junkyard/gotrip/bc-cms/vendor/laravel/framework/src/Illuminate/Cookie/Middleware/EncryptCookies.php(74): Illuminate\\Pipeline\\Pipeline->{closure:{closure:Illuminate\\Pipeline\\Pipeline::carry():194}:195}()
#50 /home/lionel/Documents/Junkyard/gotrip/bc-cms/vendor/laravel/framework/src/Illuminate/Pipeline/Pipeline.php(219): Illuminate\\Cookie\\Middleware\\EncryptCookies->handle()
#51 /home/lionel/Documents/Junkyard/gotrip/bc-cms/vendor/laravel/framework/src/Illuminate/Pipeline/Pipeline.php(137): Illuminate\\Pipeline\\Pipeline->{closure:{closure:Illuminate\\Pipeline\\Pipeline::carry():194}:195}()
#52 /home/lionel/Documents/Junkyard/gotrip/bc-cms/vendor/laravel/framework/src/Illuminate/Routing/Router.php(821): Illuminate\\Pipeline\\Pipeline->then()
#53 /home/lionel/Documents/Junkyard/gotrip/bc-cms/vendor/laravel/framework/src/Illuminate/Routing/Router.php(800): Illuminate\\Routing\\Router->runRouteWithinStack()
#54 /home/lionel/Documents/Junkyard/gotrip/bc-cms/vendor/laravel/framework/src/Illuminate/Routing/Router.php(764): Illuminate\\Routing\\Router->runRoute()
#55 /home/lionel/Documents/Junkyard/gotrip/bc-cms/vendor/laravel/framework/src/Illuminate/Routing/Router.php(753): Illuminate\\Routing\\Router->dispatchToRoute()
#56 /home/lionel/Documents/Junkyard/gotrip/bc-cms/vendor/laravel/framework/src/Illuminate/Foundation/Http/Kernel.php(200): Illuminate\\Routing\\Router->dispatch()
#57 /home/lionel/Documents/Junkyard/gotrip/bc-cms/vendor/laravel/framework/src/Illuminate/Pipeline/Pipeline.php(180): Illuminate\\Foundation\\Http\\Kernel->{closure:Illuminate\\Foundation\\Http\\Kernel::dispatchToRouter():197}()
#58 /home/lionel/Documents/Junkyard/gotrip/bc-cms/themes/Base/Core/Middleware/RunUpdater.php(77): Illuminate\\Pipeline\\Pipeline->{closure:Illuminate\\Pipeline\\Pipeline::prepareDestination():178}()
#59 /home/lionel/Documents/Junkyard/gotrip/bc-cms/vendor/laravel/framework/src/Illuminate/Pipeline/Pipeline.php(219): Themes\\Base\\Core\\Middleware\\RunUpdater->handle()
#60 /home/lionel/Documents/Junkyard/gotrip/bc-cms/vendor/livewire/livewire/src/Features/SupportDisablingBackButtonCache/DisableBackButtonCacheMiddleware.php(19): Illuminate\\Pipeline\\Pipeline->{closure:{closure:Illuminate\\Pipeline\\Pipeline::carry():194}:195}()
#61 /home/lionel/Documents/Junkyard/gotrip/bc-cms/vendor/laravel/framework/src/Illuminate/Pipeline/Pipeline.php(219): Livewire\\Features\\SupportDisablingBackButtonCache\\DisableBackButtonCacheMiddleware->handle()
#62 /home/lionel/Documents/Junkyard/gotrip/bc-cms/vendor/barryvdh/laravel-debugbar/src/Middleware/InjectDebugbar.php(66): Illuminate\\Pipeline\\Pipeline->{closure:{closure:Illuminate\\Pipeline\\Pipeline::carry():194}:195}()
#63 /home/lionel/Documents/Junkyard/gotrip/bc-cms/vendor/laravel/framework/src/Illuminate/Pipeline/Pipeline.php(219): Barryvdh\\Debugbar\\Middleware\\InjectDebugbar->handle()
#64 /home/lionel/Documents/Junkyard/gotrip/bc-cms/app/Http/Middleware/RedirectToInstaller.php(40): Illuminate\\Pipeline\\Pipeline->{closure:{closure:Illuminate\\Pipeline\\Pipeline::carry():194}:195}()
#65 /home/lionel/Documents/Junkyard/gotrip/bc-cms/vendor/laravel/framework/src/Illuminate/Pipeline/Pipeline.php(219): App\\Http\\Middleware\\RedirectToInstaller->handle()
#66 /home/lionel/Documents/Junkyard/gotrip/bc-cms/vendor/laravel/framework/src/Illuminate/Foundation/Http/Middleware/TransformsRequest.php(21): Illuminate\\Pipeline\\Pipeline->{closure:{closure:Illuminate\\Pipeline\\Pipeline::carry():194}:195}()
#67 /home/lionel/Documents/Junkyard/gotrip/bc-cms/vendor/laravel/framework/src/Illuminate/Foundation/Http/Middleware/ConvertEmptyStringsToNull.php(31): Illuminate\\Foundation\\Http\\Middleware\\TransformsRequest->handle()
#68 /home/lionel/Documents/Junkyard/gotrip/bc-cms/vendor/laravel/framework/src/Illuminate/Pipeline/Pipeline.php(219): Illuminate\\Foundation\\Http\\Middleware\\ConvertEmptyStringsToNull->handle()
#69 /home/lionel/Documents/Junkyard/gotrip/bc-cms/vendor/laravel/framework/src/Illuminate/Foundation/Http/Middleware/TransformsRequest.php(21): Illuminate\\Pipeline\\Pipeline->{closure:{closure:Illuminate\\Pipeline\\Pipeline::carry():194}:195}()
#70 /home/lionel/Documents/Junkyard/gotrip/bc-cms/vendor/laravel/framework/src/Illuminate/Foundation/Http/Middleware/TrimStrings.php(51): Illuminate\\Foundation\\Http\\Middleware\\TransformsRequest->handle()
#71 /home/lionel/Documents/Junkyard/gotrip/bc-cms/vendor/laravel/framework/src/Illuminate/Pipeline/Pipeline.php(219): Illuminate\\Foundation\\Http\\Middleware\\TrimStrings->handle()
#72 /home/lionel/Documents/Junkyard/gotrip/bc-cms/vendor/laravel/framework/src/Illuminate/Http/Middleware/ValidatePostSize.php(27): Illuminate\\Pipeline\\Pipeline->{closure:{closure:Illuminate\\Pipeline\\Pipeline::carry():194}:195}()
#73 /home/lionel/Documents/Junkyard/gotrip/bc-cms/vendor/laravel/framework/src/Illuminate/Pipeline/Pipeline.php(219): Illuminate\\Http\\Middleware\\ValidatePostSize->handle()
#74 /home/lionel/Documents/Junkyard/gotrip/bc-cms/vendor/laravel/framework/src/Illuminate/Foundation/Http/Middleware/PreventRequestsDuringMaintenance.php(109): Illuminate\\Pipeline\\Pipeline->{closure:{closure:Illuminate\\Pipeline\\Pipeline::carry():194}:195}()
#75 /home/lionel/Documents/Junkyard/gotrip/bc-cms/vendor/laravel/framework/src/Illuminate/Pipeline/Pipeline.php(219): Illuminate\\Foundation\\Http\\Middleware\\PreventRequestsDuringMaintenance->handle()
#76 /home/lionel/Documents/Junkyard/gotrip/bc-cms/vendor/laravel/framework/src/Illuminate/Http/Middleware/HandleCors.php(48): Illuminate\\Pipeline\\Pipeline->{closure:{closure:Illuminate\\Pipeline\\Pipeline::carry():194}:195}()
#77 /home/lionel/Documents/Junkyard/gotrip/bc-cms/vendor/laravel/framework/src/Illuminate/Pipeline/Pipeline.php(219): Illuminate\\Http\\Middleware\\HandleCors->handle()
#78 /home/lionel/Documents/Junkyard/gotrip/bc-cms/vendor/laravel/framework/src/Illuminate/Http/Middleware/TrustProxies.php(58): Illuminate\\Pipeline\\Pipeline->{closure:{closure:Illuminate\\Pipeline\\Pipeline::carry():194}:195}()
#79 /home/lionel/Documents/Junkyard/gotrip/bc-cms/vendor/laravel/framework/src/Illuminate/Pipeline/Pipeline.php(219): Illuminate\\Http\\Middleware\\TrustProxies->handle()
#80 /home/lionel/Documents/Junkyard/gotrip/bc-cms/vendor/laravel/framework/src/Illuminate/Foundation/Http/Middleware/InvokeDeferredCallbacks.php(22): Illuminate\\Pipeline\\Pipeline->{closure:{closure:Illuminate\\Pipeline\\Pipeline::carry():194}:195}()
#81 /home/lionel/Documents/Junkyard/gotrip/bc-cms/vendor/laravel/framework/src/Illuminate/Pipeline/Pipeline.php(219): Illuminate\\Foundation\\Http\\Middleware\\InvokeDeferredCallbacks->handle()
#82 /home/lionel/Documents/Junkyard/gotrip/bc-cms/vendor/laravel/framework/src/Illuminate/Http/Middleware/ValidatePathEncoding.php(26): Illuminate\\Pipeline\\Pipeline->{closure:{closure:Illuminate\\Pipeline\\Pipeline::carry():194}:195}()
#83 /home/lionel/Documents/Junkyard/gotrip/bc-cms/vendor/laravel/framework/src/Illuminate/Pipeline/Pipeline.php(219): Illuminate\\Http\\Middleware\\ValidatePathEncoding->handle()
#84 /home/lionel/Documents/Junkyard/gotrip/bc-cms/vendor/laravel/framework/src/Illuminate/Pipeline/Pipeline.php(137): Illuminate\\Pipeline\\Pipeline->{closure:{closure:Illuminate\\Pipeline\\Pipeline::carry():194}:195}()
#85 /home/lionel/Documents/Junkyard/gotrip/bc-cms/vendor/laravel/framework/src/Illuminate/Foundation/Http/Kernel.php(175): Illuminate\\Pipeline\\Pipeline->then()
#86 /home/lionel/Documents/Junkyard/gotrip/bc-cms/vendor/laravel/framework/src/Illuminate/Foundation/Http/Kernel.php(144): Illuminate\\Foundation\\Http\\Kernel->sendRequestThroughRouter()
#87 /home/lionel/Documents/Junkyard/gotrip/bc-cms/vendor/laravel/framework/src/Illuminate/Foundation/Application.php(1219): Illuminate\\Foundation\\Http\\Kernel->handle()
#88 /home/lionel/Documents/Junkyard/gotrip/public_html/index.php(84): Illuminate\\Foundation\\Application->handleRequest()
#89 /home/lionel/Documents/Junkyard/gotrip/bc-cms/server.php(21): require_once('...')
#90 {main}
"} 
