[2026-05-25 00:30:59] local.ERROR: Class "Dompdf\Dompdf" not found {"userId":7,"exception":"[object] (Error(code: 0): Class \"Dompdf\\Dompdf\" not found at /home/lionel/Documents/Junkyard/gotrip/bc-cms/modules/TourPay/Controllers/InvoiceController.php:288)
[stacktrace]
#0 /home/lionel/Documents/Junkyard/gotrip/bc-cms/modules/TourPay/Controllers/InvoiceController.php(180): Modules\\TourPay\\Controllers\\InvoiceController->streamPdf()
#1 /home/lionel/Documents/Junkyard/gotrip/bc-cms/vendor/laravel/framework/src/Illuminate/Routing/Controller.php(54): Modules\\TourPay\\Controllers\\InvoiceController->pdf()
#2 /home/lionel/Documents/Junkyard/gotrip/bc-cms/vendor/laravel/framework/src/Illuminate/Routing/ControllerDispatcher.php(43): Illuminate\\Routing\\Controller->callAction()
#3 /home/lionel/Documents/Junkyard/gotrip/bc-cms/vendor/laravel/framework/src/Illuminate/Routing/Route.php(265): Illuminate\\Routing\\ControllerDispatcher->dispatch()
#4 /home/lionel/Documents/Junkyard/gotrip/bc-cms/vendor/laravel/framework/src/Illuminate/Routing/Route.php(211): Illuminate\\Routing\\Route->runController()
#5 /home/lionel/Documents/Junkyard/gotrip/bc-cms/vendor/laravel/framework/src/Illuminate/Routing/Router.php(822): Illuminate\\Routing\\Route->run()
#6 /home/lionel/Documents/Junkyard/gotrip/bc-cms/vendor/laravel/framework/src/Illuminate/Pipeline/Pipeline.php(180): Illuminate\\Routing\\Router->{closure:Illuminate\\Routing\\Router::runRouteWithinStack():821}()
#7 /home/lionel/Documents/Junkyard/gotrip/bc-cms/vendor/laravel/framework/src/Illuminate/Auth/Middleware/EnsureEmailIsVerified.php(41): Illuminate\\Pipeline\\Pipeline->{closure:Illuminate\\Pipeline\\Pipeline::prepareDestination():178}()
#8 /home/lionel/Documents/Junkyard/gotrip/bc-cms/vendor/laravel/framework/src/Illuminate/Pipeline/Pipeline.php(219): Illuminate\\Auth\\Middleware\\EnsureEmailIsVerified->handle()
#9 /home/lionel/Documents/Junkyard/gotrip/bc-cms/vendor/barryvdh/laravel-debugbar/src/Middleware/InjectDebugbar.php(66): Illuminate\\Pipeline\\Pipeline->{closure:{closure:Illuminate\\Pipeline\\Pipeline::carry():194}:195}()
#10 /home/lionel/Documents/Junkyard/gotrip/bc-cms/vendor/laravel/framework/src/Illuminate/Pipeline/Pipeline.php(219): Barryvdh\\Debugbar\\Middleware\\InjectDebugbar->handle()
#11 /home/lionel/Documents/Junkyard/gotrip/bc-cms/app/Http/Middleware/RequireChangePassword.php(41): Illuminate\\Pipeline\\Pipeline->{closure:{closure:Illuminate\\Pipeline\\Pipeline::carry():194}:195}()
#12 /home/lionel/Documents/Junkyard/gotrip/bc-cms/vendor/laravel/framework/src/Illuminate/Pipeline/Pipeline.php(219): App\\Http\\Middleware\\RequireChangePassword->handle()
#13 /home/lionel/Documents/Junkyard/gotrip/bc-cms/app/Http/Middleware/SetCurrentCurrency.php(48): Illuminate\\Pipeline\\Pipeline->{closure:{closure:Illuminate\\Pipeline\\Pipeline::carry():194}:195}()
#14 /home/lionel/Documents/Junkyard/gotrip/bc-cms/vendor/laravel/framework/src/Illuminate/Pipeline/Pipeline.php(219): App\\Http\\Middleware\\SetCurrentCurrency->handle()
#15 /home/lionel/Documents/Junkyard/gotrip/bc-cms/app/Http/Middleware/SetLanguageForAdmin.php(37): Illuminate\\Pipeline\\Pipeline->{closure:{closure:Illuminate\\Pipeline\\Pipeline::carry():194}:195}()
#16 /home/lionel/Documents/Junkyard/gotrip/bc-cms/vendor/laravel/framework/src/Illuminate/Pipeline/Pipeline.php(219): App\\Http\\Middleware\\SetLanguageForAdmin->handle()
#17 /home/lionel/Documents/Junkyard/gotrip/bc-cms/app/Http/Middleware/RedirectForMultiLanguage.php(58): Illuminate\\Pipeline\\Pipeline->{closure:{closure:Illuminate\\Pipeline\\Pipeline::carry():194}:195}()
#18 /home/lionel/Documents/Junkyard/gotrip/bc-cms/vendor/laravel/framework/src/Illuminate/Pipeline/Pipeline.php(219): App\\Http\\Middleware\\RedirectForMultiLanguage->handle()
#19 /home/lionel/Documents/Junkyard/gotrip/bc-cms/app/Http/Middleware/FrontendGuard.php(67): Illuminate\\Pipeline\\Pipeline->{closure:{closure:Illuminate\\Pipeline\\Pipeline::carry():194}:195}()
#20 /home/lionel/Documents/Junkyard/gotrip/bc-cms/vendor/laravel/framework/src/Illuminate/Pipeline/Pipeline.php(219): App\\Http\\Middleware\\FrontendGuard->handle()
#21 /home/lionel/Documents/Junkyard/gotrip/bc-cms/vendor/laravel/framework/src/Illuminate/Routing/Middleware/SubstituteBindings.php(50): Illuminate\\Pipeline\\Pipeline->{closure:{closure:Illuminate\\Pipeline\\Pipeline::carry():194}:195}()
#22 /home/lionel/Documents/Junkyard/gotrip/bc-cms/vendor/laravel/framework/src/Illuminate/Pipeline/Pipeline.php(219): Illuminate\\Routing\\Middleware\\SubstituteBindings->handle()
#23 /home/lionel/Documents/Junkyard/gotrip/bc-cms/vendor/laravel/framework/src/Illuminate/Auth/Middleware/Authenticate.php(63): Illuminate\\Pipeline\\Pipeline->{closure:{closure:Illuminate\\Pipeline\\Pipeline::carry():194}:195}()
#24 /home/lionel/Documents/Junkyard/gotrip/bc-cms/vendor/laravel/framework/src/Illuminate/Pipeline/Pipeline.php(219): Illuminate\\Auth\\Middleware\\Authenticate->handle()
#25 /home/lionel/Documents/Junkyard/gotrip/bc-cms/vendor/laravel/framework/src/Illuminate/Foundation/Http/Middleware/VerifyCsrfToken.php(87): Illuminate\\Pipeline\\Pipeline->{closure:{closure:Illuminate\\Pipeline\\Pipeline::carry():194}:195}()
#26 /home/lionel/Documents/Junkyard/gotrip/bc-cms/vendor/laravel/framework/src/Illuminate/Pipeline/Pipeline.php(219): Illuminate\\Foundation\\Http\\Middleware\\VerifyCsrfToken->handle()
#27 /home/lionel/Documents/Junkyard/gotrip/bc-cms/vendor/laravel/framework/src/Illuminate/View/Middleware/ShareErrorsFromSession.php(48): Illuminate\\Pipeline\\Pipeline->{closure:{closure:Illuminate\\Pipeline\\Pipeline::carry():194}:195}()
#28 /home/lionel/Documents/Junkyard/gotrip/bc-cms/vendor/laravel/framework/src/Illuminate/Pipeline/Pipeline.php(219): Illuminate\\View\\Middleware\\ShareErrorsFromSession->handle()
#29 /home/lionel/Documents/Junkyard/gotrip/bc-cms/vendor/laravel/framework/src/Illuminate/Session/Middleware/StartSession.php(120): Illuminate\\Pipeline\\Pipeline->{closure:{closure:Illuminate\\Pipeline\\Pipeline::carry():194}:195}()
#30 /home/lionel/Documents/Junkyard/gotrip/bc-cms/vendor/laravel/framework/src/Illuminate/Session/Middleware/StartSession.php(63): Illuminate\\Session\\Middleware\\StartSession->handleStatefulRequest()
#31 /home/lionel/Documents/Junkyard/gotrip/bc-cms/vendor/laravel/framework/src/Illuminate/Pipeline/Pipeline.php(219): Illuminate\\Session\\Middleware\\StartSession->handle()
#32 /home/lionel/Documents/Junkyard/gotrip/bc-cms/vendor/laravel/framework/src/Illuminate/Cookie/Middleware/AddQueuedCookiesToResponse.php(36): Illuminate\\Pipeline\\Pipeline->{closure:{closure:Illuminate\\Pipeline\\Pipeline::carry():194}:195}()
#33 /home/lionel/Documents/Junkyard/gotrip/bc-cms/vendor/laravel/framework/src/Illuminate/Pipeline/Pipeline.php(219): Illuminate\\Cookie\\Middleware\\AddQueuedCookiesToResponse->handle()
#34 /home/lionel/Documents/Junkyard/gotrip/bc-cms/vendor/laravel/framework/src/Illuminate/Cookie/Middleware/EncryptCookies.php(74): Illuminate\\Pipeline\\Pipeline->{closure:{closure:Illuminate\\Pipeline\\Pipeline::carry():194}:195}()
#35 /home/lionel/Documents/Junkyard/gotrip/bc-cms/vendor/laravel/framework/src/Illuminate/Pipeline/Pipeline.php(219): Illuminate\\Cookie\\Middleware\\EncryptCookies->handle()
#36 /home/lionel/Documents/Junkyard/gotrip/bc-cms/vendor/laravel/framework/src/Illuminate/Pipeline/Pipeline.php(137): Illuminate\\Pipeline\\Pipeline->{closure:{closure:Illuminate\\Pipeline\\Pipeline::carry():194}:195}()
#37 /home/lionel/Documents/Junkyard/gotrip/bc-cms/vendor/laravel/framework/src/Illuminate/Routing/Router.php(821): Illuminate\\Pipeline\\Pipeline->then()
#38 /home/lionel/Documents/Junkyard/gotrip/bc-cms/vendor/laravel/framework/src/Illuminate/Routing/Router.php(800): Illuminate\\Routing\\Router->runRouteWithinStack()
#39 /home/lionel/Documents/Junkyard/gotrip/bc-cms/vendor/laravel/framework/src/Illuminate/Routing/Router.php(764): Illuminate\\Routing\\Router->runRoute()
#40 /home/lionel/Documents/Junkyard/gotrip/bc-cms/vendor/laravel/framework/src/Illuminate/Routing/Router.php(753): Illuminate\\Routing\\Router->dispatchToRoute()
#41 /home/lionel/Documents/Junkyard/gotrip/bc-cms/vendor/laravel/framework/src/Illuminate/Foundation/Http/Kernel.php(200): Illuminate\\Routing\\Router->dispatch()
#42 /home/lionel/Documents/Junkyard/gotrip/bc-cms/vendor/laravel/framework/src/Illuminate/Pipeline/Pipeline.php(180): Illuminate\\Foundation\\Http\\Kernel->{closure:Illuminate\\Foundation\\Http\\Kernel::dispatchToRouter():197}()
#43 /home/lionel/Documents/Junkyard/gotrip/bc-cms/themes/Base/Core/Middleware/RunUpdater.php(77): Illuminate\\Pipeline\\Pipeline->{closure:Illuminate\\Pipeline\\Pipeline::prepareDestination():178}()
#44 /home/lionel/Documents/Junkyard/gotrip/bc-cms/vendor/laravel/framework/src/Illuminate/Pipeline/Pipeline.php(219): Themes\\Base\\Core\\Middleware\\RunUpdater->handle()
#45 /home/lionel/Documents/Junkyard/gotrip/bc-cms/vendor/livewire/livewire/src/Features/SupportDisablingBackButtonCache/DisableBackButtonCacheMiddleware.php(19): Illuminate\\Pipeline\\Pipeline->{closure:{closure:Illuminate\\Pipeline\\Pipeline::carry():194}:195}()
#46 /home/lionel/Documents/Junkyard/gotrip/bc-cms/vendor/laravel/framework/src/Illuminate/Pipeline/Pipeline.php(219): Livewire\\Features\\SupportDisablingBackButtonCache\\DisableBackButtonCacheMiddleware->handle()
#47 /home/lionel/Documents/Junkyard/gotrip/bc-cms/vendor/barryvdh/laravel-debugbar/src/Middleware/InjectDebugbar.php(66): Illuminate\\Pipeline\\Pipeline->{closure:{closure:Illuminate\\Pipeline\\Pipeline::carry():194}:195}()
#48 /home/lionel/Documents/Junkyard/gotrip/bc-cms/vendor/laravel/framework/src/Illuminate/Pipeline/Pipeline.php(219): Barryvdh\\Debugbar\\Middleware\\InjectDebugbar->handle()
#49 /home/lionel/Documents/Junkyard/gotrip/bc-cms/app/Http/Middleware/RedirectToInstaller.php(40): Illuminate\\Pipeline\\Pipeline->{closure:{closure:Illuminate\\Pipeline\\Pipeline::carry():194}:195}()
#50 /home/lionel/Documents/Junkyard/gotrip/bc-cms/vendor/laravel/framework/src/Illuminate/Pipeline/Pipeline.php(219): App\\Http\\Middleware\\RedirectToInstaller->handle()
#51 /home/lionel/Documents/Junkyard/gotrip/bc-cms/vendor/laravel/framework/src/Illuminate/Foundation/Http/Middleware/TransformsRequest.php(21): Illuminate\\Pipeline\\Pipeline->{closure:{closure:Illuminate\\Pipeline\\Pipeline::carry():194}:195}()
#52 /home/lionel/Documents/Junkyard/gotrip/bc-cms/vendor/laravel/framework/src/Illuminate/Foundation/Http/Middleware/ConvertEmptyStringsToNull.php(31): Illuminate\\Foundation\\Http\\Middleware\\TransformsRequest->handle()
#53 /home/lionel/Documents/Junkyard/gotrip/bc-cms/vendor/laravel/framework/src/Illuminate/Pipeline/Pipeline.php(219): Illuminate\\Foundation\\Http\\Middleware\\ConvertEmptyStringsToNull->handle()
#54 /home/lionel/Documents/Junkyard/gotrip/bc-cms/vendor/laravel/framework/src/Illuminate/Foundation/Http/Middleware/TransformsRequest.php(21): Illuminate\\Pipeline\\Pipeline->{closure:{closure:Illuminate\\Pipeline\\Pipeline::carry():194}:195}()
#55 /home/lionel/Documents/Junkyard/gotrip/bc-cms/vendor/laravel/framework/src/Illuminate/Foundation/Http/Middleware/TrimStrings.php(51): Illuminate\\Foundation\\Http\\Middleware\\TransformsRequest->handle()
#56 /home/lionel/Documents/Junkyard/gotrip/bc-cms/vendor/laravel/framework/src/Illuminate/Pipeline/Pipeline.php(219): Illuminate\\Foundation\\Http\\Middleware\\TrimStrings->handle()
#57 /home/lionel/Documents/Junkyard/gotrip/bc-cms/vendor/laravel/framework/src/Illuminate/Http/Middleware/ValidatePostSize.php(27): Illuminate\\Pipeline\\Pipeline->{closure:{closure:Illuminate\\Pipeline\\Pipeline::carry():194}:195}()
#58 /home/lionel/Documents/Junkyard/gotrip/bc-cms/vendor/laravel/framework/src/Illuminate/Pipeline/Pipeline.php(219): Illuminate\\Http\\Middleware\\ValidatePostSize->handle()
#59 /home/lionel/Documents/Junkyard/gotrip/bc-cms/vendor/laravel/framework/src/Illuminate/Foundation/Http/Middleware/PreventRequestsDuringMaintenance.php(109): Illuminate\\Pipeline\\Pipeline->{closure:{closure:Illuminate\\Pipeline\\Pipeline::carry():194}:195}()
#60 /home/lionel/Documents/Junkyard/gotrip/bc-cms/vendor/laravel/framework/src/Illuminate/Pipeline/Pipeline.php(219): Illuminate\\Foundation\\Http\\Middleware\\PreventRequestsDuringMaintenance->handle()
#61 /home/lionel/Documents/Junkyard/gotrip/bc-cms/vendor/laravel/framework/src/Illuminate/Http/Middleware/HandleCors.php(48): Illuminate\\Pipeline\\Pipeline->{closure:{closure:Illuminate\\Pipeline\\Pipeline::carry():194}:195}()
#62 /home/lionel/Documents/Junkyard/gotrip/bc-cms/vendor/laravel/framework/src/Illuminate/Pipeline/Pipeline.php(219): Illuminate\\Http\\Middleware\\HandleCors->handle()
#63 /home/lionel/Documents/Junkyard/gotrip/bc-cms/vendor/laravel/framework/src/Illuminate/Http/Middleware/TrustProxies.php(58): Illuminate\\Pipeline\\Pipeline->{closure:{closure:Illuminate\\Pipeline\\Pipeline::carry():194}:195}()
#64 /home/lionel/Documents/Junkyard/gotrip/bc-cms/vendor/laravel/framework/src/Illuminate/Pipeline/Pipeline.php(219): Illuminate\\Http\\Middleware\\TrustProxies->handle()
#65 /home/lionel/Documents/Junkyard/gotrip/bc-cms/vendor/laravel/framework/src/Illuminate/Foundation/Http/Middleware/InvokeDeferredCallbacks.php(22): Illuminate\\Pipeline\\Pipeline->{closure:{closure:Illuminate\\Pipeline\\Pipeline::carry():194}:195}()
#66 /home/lionel/Documents/Junkyard/gotrip/bc-cms/vendor/laravel/framework/src/Illuminate/Pipeline/Pipeline.php(219): Illuminate\\Foundation\\Http\\Middleware\\InvokeDeferredCallbacks->handle()
#67 /home/lionel/Documents/Junkyard/gotrip/bc-cms/vendor/laravel/framework/src/Illuminate/Http/Middleware/ValidatePathEncoding.php(26): Illuminate\\Pipeline\\Pipeline->{closure:{closure:Illuminate\\Pipeline\\Pipeline::carry():194}:195}()
#68 /home/lionel/Documents/Junkyard/gotrip/bc-cms/vendor/laravel/framework/src/Illuminate/Pipeline/Pipeline.php(219): Illuminate\\Http\\Middleware\\ValidatePathEncoding->handle()
#69 /home/lionel/Documents/Junkyard/gotrip/bc-cms/vendor/laravel/framework/src/Illuminate/Pipeline/Pipeline.php(137): Illuminate\\Pipeline\\Pipeline->{closure:{closure:Illuminate\\Pipeline\\Pipeline::carry():194}:195}()
#70 /home/lionel/Documents/Junkyard/gotrip/bc-cms/vendor/laravel/framework/src/Illuminate/Foundation/Http/Kernel.php(175): Illuminate\\Pipeline\\Pipeline->then()
#71 /home/lionel/Documents/Junkyard/gotrip/bc-cms/vendor/laravel/framework/src/Illuminate/Foundation/Http/Kernel.php(144): Illuminate\\Foundation\\Http\\Kernel->sendRequestThroughRouter()
#72 /home/lionel/Documents/Junkyard/gotrip/bc-cms/vendor/laravel/framework/src/Illuminate/Foundation/Application.php(1219): Illuminate\\Foundation\\Http\\Kernel->handle()
#73 /home/lionel/Documents/Junkyard/gotrip/public_html/index.php(84): Illuminate\\Foundation\\Application->handleRequest()
#74 /home/lionel/Documents/Junkyard/gotrip/bc-cms/server.php(21): require_once('...')
#75 {main}
"} 
[2026-05-25 00:45:36] local.ERROR: Unable to prepare route [media/folder] for serialization. Another route has already been assigned name [media.folder.index]. {"exception":"[object] (LogicException(code: 0): Unable to prepare route [media/folder] for serialization. Another route has already been assigned name [media.folder.index]. at /home/lionel/Documents/Junkyard/gotrip/bc-cms/vendor/laravel/framework/src/Illuminate/Routing/AbstractRouteCollection.php:248)
[stacktrace]
#0 /home/lionel/Documents/Junkyard/gotrip/bc-cms/vendor/laravel/framework/src/Illuminate/Routing/AbstractRouteCollection.php(209): Illuminate\\Routing\\AbstractRouteCollection->addToSymfonyRoutesCollection()
#1 /home/lionel/Documents/Junkyard/gotrip/bc-cms/vendor/laravel/framework/src/Illuminate/Routing/RouteCollection.php(246): Illuminate\\Routing\\AbstractRouteCollection->toSymfonyRouteCollection()
#2 /home/lionel/Documents/Junkyard/gotrip/bc-cms/vendor/laravel/framework/src/Illuminate/Routing/AbstractRouteCollection.php(193): Illuminate\\Routing\\RouteCollection->toSymfonyRouteCollection()
#3 /home/lionel/Documents/Junkyard/gotrip/bc-cms/vendor/laravel/framework/src/Illuminate/Routing/AbstractRouteCollection.php(164): Illuminate\\Routing\\AbstractRouteCollection->dumper()
#4 /home/lionel/Documents/Junkyard/gotrip/bc-cms/vendor/laravel/framework/src/Illuminate/Foundation/Console/RouteCacheCommand.php(108): Illuminate\\Routing\\AbstractRouteCollection->compile()
#5 /home/lionel/Documents/Junkyard/gotrip/bc-cms/vendor/laravel/framework/src/Illuminate/Foundation/Console/RouteCacheCommand.php(67): Illuminate\\Foundation\\Console\\RouteCacheCommand->buildRouteCacheFile()
#6 /home/lionel/Documents/Junkyard/gotrip/bc-cms/vendor/laravel/framework/src/Illuminate/Container/BoundMethod.php(36): Illuminate\\Foundation\\Console\\RouteCacheCommand->handle()
#7 /home/lionel/Documents/Junkyard/gotrip/bc-cms/vendor/laravel/framework/src/Illuminate/Container/Util.php(43): Illuminate\\Container\\BoundMethod::{closure:Illuminate\\Container\\BoundMethod::call():35}()
#8 /home/lionel/Documents/Junkyard/gotrip/bc-cms/vendor/laravel/framework/src/Illuminate/Container/BoundMethod.php(96): Illuminate\\Container\\Util::unwrapIfClosure()
#9 /home/lionel/Documents/Junkyard/gotrip/bc-cms/vendor/laravel/framework/src/Illuminate/Container/BoundMethod.php(35): Illuminate\\Container\\BoundMethod::callBoundMethod()
#10 /home/lionel/Documents/Junkyard/gotrip/bc-cms/vendor/laravel/framework/src/Illuminate/Container/Container.php(835): Illuminate\\Container\\BoundMethod::call()
#11 /home/lionel/Documents/Junkyard/gotrip/bc-cms/vendor/laravel/framework/src/Illuminate/Console/Command.php(211): Illuminate\\Container\\Container->call()
#12 /home/lionel/Documents/Junkyard/gotrip/bc-cms/vendor/symfony/console/Command/Command.php(318): Illuminate\\Console\\Command->execute()
#13 /home/lionel/Documents/Junkyard/gotrip/bc-cms/vendor/laravel/framework/src/Illuminate/Console/Command.php(180): Symfony\\Component\\Console\\Command\\Command->run()
#14 /home/lionel/Documents/Junkyard/gotrip/bc-cms/vendor/laravel/framework/src/Illuminate/Console/Concerns/CallsCommands.php(68): Illuminate\\Console\\Command->run()
#15 /home/lionel/Documents/Junkyard/gotrip/bc-cms/vendor/laravel/framework/src/Illuminate/Console/Concerns/CallsCommands.php(41): Illuminate\\Console\\Command->runCommand()
#16 /home/lionel/Documents/Junkyard/gotrip/bc-cms/vendor/laravel/framework/src/Illuminate/Console/Concerns/CallsCommands.php(53): Illuminate\\Console\\Command->callSilent()
#17 /home/lionel/Documents/Junkyard/gotrip/bc-cms/vendor/laravel/framework/src/Illuminate/Foundation/Console/OptimizeCommand.php(48): Illuminate\\Console\\Command->callSilently()
#18 /home/lionel/Documents/Junkyard/gotrip/bc-cms/vendor/laravel/framework/src/Illuminate/Console/View/Components/Task.php(41): Illuminate\\Foundation\\Console\\OptimizeCommand->{closure:Illuminate\\Foundation\\Console\\OptimizeCommand::handle():48}()
#19 /home/lionel/Documents/Junkyard/gotrip/bc-cms/vendor/laravel/framework/src/Illuminate/Console/View/Components/Factory.php(59): Illuminate\\Console\\View\\Components\\Task->render()
#20 /home/lionel/Documents/Junkyard/gotrip/bc-cms/vendor/laravel/framework/src/Illuminate/Foundation/Console/OptimizeCommand.php(48): Illuminate\\Console\\View\\Components\\Factory->__call()
#21 /home/lionel/Documents/Junkyard/gotrip/bc-cms/vendor/laravel/framework/src/Illuminate/Container/BoundMethod.php(36): Illuminate\\Foundation\\Console\\OptimizeCommand->handle()
#22 /home/lionel/Documents/Junkyard/gotrip/bc-cms/vendor/laravel/framework/src/Illuminate/Container/Util.php(43): Illuminate\\Container\\BoundMethod::{closure:Illuminate\\Container\\BoundMethod::call():35}()
#23 /home/lionel/Documents/Junkyard/gotrip/bc-cms/vendor/laravel/framework/src/Illuminate/Container/BoundMethod.php(96): Illuminate\\Container\\Util::unwrapIfClosure()
#24 /home/lionel/Documents/Junkyard/gotrip/bc-cms/vendor/laravel/framework/src/Illuminate/Container/BoundMethod.php(35): Illuminate\\Container\\BoundMethod::callBoundMethod()
#25 /home/lionel/Documents/Junkyard/gotrip/bc-cms/vendor/laravel/framework/src/Illuminate/Container/Container.php(835): Illuminate\\Container\\BoundMethod::call()
#26 /home/lionel/Documents/Junkyard/gotrip/bc-cms/vendor/laravel/framework/src/Illuminate/Console/Command.php(211): Illuminate\\Container\\Container->call()
#27 /home/lionel/Documents/Junkyard/gotrip/bc-cms/vendor/symfony/console/Command/Command.php(318): Illuminate\\Console\\Command->execute()
#28 /home/lionel/Documents/Junkyard/gotrip/bc-cms/vendor/laravel/framework/src/Illuminate/Console/Command.php(180): Symfony\\Component\\Console\\Command\\Command->run()
#29 /home/lionel/Documents/Junkyard/gotrip/bc-cms/vendor/symfony/console/Application.php(1092): Illuminate\\Console\\Command->run()
#30 /home/lionel/Documents/Junkyard/gotrip/bc-cms/vendor/symfony/console/Application.php(341): Symfony\\Component\\Console\\Application->doRunCommand()
#31 /home/lionel/Documents/Junkyard/gotrip/bc-cms/vendor/symfony/console/Application.php(192): Symfony\\Component\\Console\\Application->doRun()
#32 /home/lionel/Documents/Junkyard/gotrip/bc-cms/vendor/laravel/framework/src/Illuminate/Foundation/Console/Kernel.php(197): Symfony\\Component\\Console\\Application->run()
#33 /home/lionel/Documents/Junkyard/gotrip/bc-cms/vendor/laravel/framework/src/Illuminate/Foundation/Application.php(1234): Illuminate\\Foundation\\Console\\Kernel->handle()
#34 /home/lionel/Documents/Junkyard/gotrip/bc-cms/artisan(19): Illuminate\\Foundation\\Application->handleCommand()
#35 {main}
"} 
[2026-05-25 00:46:16] local.ERROR: Unable to prepare route [user/permanently_delete] for serialization. Another route has already been assigned name [user.permanently.delete]. {"exception":"[object] (LogicException(code: 0): Unable to prepare route [user/permanently_delete] for serialization. Another route has already been assigned name [user.permanently.delete]. at /home/lionel/Documents/Junkyard/gotrip/bc-cms/vendor/laravel/framework/src/Illuminate/Routing/AbstractRouteCollection.php:248)
[stacktrace]
#0 /home/lionel/Documents/Junkyard/gotrip/bc-cms/vendor/laravel/framework/src/Illuminate/Routing/AbstractRouteCollection.php(209): Illuminate\\Routing\\AbstractRouteCollection->addToSymfonyRoutesCollection()
#1 /home/lionel/Documents/Junkyard/gotrip/bc-cms/vendor/laravel/framework/src/Illuminate/Routing/RouteCollection.php(246): Illuminate\\Routing\\AbstractRouteCollection->toSymfonyRouteCollection()
#2 /home/lionel/Documents/Junkyard/gotrip/bc-cms/vendor/laravel/framework/src/Illuminate/Routing/AbstractRouteCollection.php(193): Illuminate\\Routing\\RouteCollection->toSymfonyRouteCollection()
#3 /home/lionel/Documents/Junkyard/gotrip/bc-cms/vendor/laravel/framework/src/Illuminate/Routing/AbstractRouteCollection.php(164): Illuminate\\Routing\\AbstractRouteCollection->dumper()
#4 /home/lionel/Documents/Junkyard/gotrip/bc-cms/vendor/laravel/framework/src/Illuminate/Foundation/Console/RouteCacheCommand.php(108): Illuminate\\Routing\\AbstractRouteCollection->compile()
#5 /home/lionel/Documents/Junkyard/gotrip/bc-cms/vendor/laravel/framework/src/Illuminate/Foundation/Console/RouteCacheCommand.php(67): Illuminate\\Foundation\\Console\\RouteCacheCommand->buildRouteCacheFile()
#6 /home/lionel/Documents/Junkyard/gotrip/bc-cms/vendor/laravel/framework/src/Illuminate/Container/BoundMethod.php(36): Illuminate\\Foundation\\Console\\RouteCacheCommand->handle()
#7 /home/lionel/Documents/Junkyard/gotrip/bc-cms/vendor/laravel/framework/src/Illuminate/Container/Util.php(43): Illuminate\\Container\\BoundMethod::{closure:Illuminate\\Container\\BoundMethod::call():35}()
#8 /home/lionel/Documents/Junkyard/gotrip/bc-cms/vendor/laravel/framework/src/Illuminate/Container/BoundMethod.php(96): Illuminate\\Container\\Util::unwrapIfClosure()
#9 /home/lionel/Documents/Junkyard/gotrip/bc-cms/vendor/laravel/framework/src/Illuminate/Container/BoundMethod.php(35): Illuminate\\Container\\BoundMethod::callBoundMethod()
#10 /home/lionel/Documents/Junkyard/gotrip/bc-cms/vendor/laravel/framework/src/Illuminate/Container/Container.php(835): Illuminate\\Container\\BoundMethod::call()
#11 /home/lionel/Documents/Junkyard/gotrip/bc-cms/vendor/laravel/framework/src/Illuminate/Console/Command.php(211): Illuminate\\Container\\Container->call()
#12 /home/lionel/Documents/Junkyard/gotrip/bc-cms/vendor/symfony/console/Command/Command.php(318): Illuminate\\Console\\Command->execute()
#13 /home/lionel/Documents/Junkyard/gotrip/bc-cms/vendor/laravel/framework/src/Illuminate/Console/Command.php(180): Symfony\\Component\\Console\\Command\\Command->run()
#14 /home/lionel/Documents/Junkyard/gotrip/bc-cms/vendor/laravel/framework/src/Illuminate/Console/Concerns/CallsCommands.php(68): Illuminate\\Console\\Command->run()
#15 /home/lionel/Documents/Junkyard/gotrip/bc-cms/vendor/laravel/framework/src/Illuminate/Console/Concerns/CallsCommands.php(41): Illuminate\\Console\\Command->runCommand()
#16 /home/lionel/Documents/Junkyard/gotrip/bc-cms/vendor/laravel/framework/src/Illuminate/Console/Concerns/CallsCommands.php(53): Illuminate\\Console\\Command->callSilent()
#17 /home/lionel/Documents/Junkyard/gotrip/bc-cms/vendor/laravel/framework/src/Illuminate/Foundation/Console/OptimizeCommand.php(48): Illuminate\\Console\\Command->callSilently()
#18 /home/lionel/Documents/Junkyard/gotrip/bc-cms/vendor/laravel/framework/src/Illuminate/Console/View/Components/Task.php(41): Illuminate\\Foundation\\Console\\OptimizeCommand->{closure:Illuminate\\Foundation\\Console\\OptimizeCommand::handle():48}()
#19 /home/lionel/Documents/Junkyard/gotrip/bc-cms/vendor/laravel/framework/src/Illuminate/Console/View/Components/Factory.php(59): Illuminate\\Console\\View\\Components\\Task->render()
#20 /home/lionel/Documents/Junkyard/gotrip/bc-cms/vendor/laravel/framework/src/Illuminate/Foundation/Console/OptimizeCommand.php(48): Illuminate\\Console\\View\\Components\\Factory->__call()
#21 /home/lionel/Documents/Junkyard/gotrip/bc-cms/vendor/laravel/framework/src/Illuminate/Container/BoundMethod.php(36): Illuminate\\Foundation\\Console\\OptimizeCommand->handle()
#22 /home/lionel/Documents/Junkyard/gotrip/bc-cms/vendor/laravel/framework/src/Illuminate/Container/Util.php(43): Illuminate\\Container\\BoundMethod::{closure:Illuminate\\Container\\BoundMethod::call():35}()
#23 /home/lionel/Documents/Junkyard/gotrip/bc-cms/vendor/laravel/framework/src/Illuminate/Container/BoundMethod.php(96): Illuminate\\Container\\Util::unwrapIfClosure()
#24 /home/lionel/Documents/Junkyard/gotrip/bc-cms/vendor/laravel/framework/src/Illuminate/Container/BoundMethod.php(35): Illuminate\\Container\\BoundMethod::callBoundMethod()
#25 /home/lionel/Documents/Junkyard/gotrip/bc-cms/vendor/laravel/framework/src/Illuminate/Container/Container.php(835): Illuminate\\Container\\BoundMethod::call()
#26 /home/lionel/Documents/Junkyard/gotrip/bc-cms/vendor/laravel/framework/src/Illuminate/Console/Command.php(211): Illuminate\\Container\\Container->call()
#27 /home/lionel/Documents/Junkyard/gotrip/bc-cms/vendor/symfony/console/Command/Command.php(318): Illuminate\\Console\\Command->execute()
#28 /home/lionel/Documents/Junkyard/gotrip/bc-cms/vendor/laravel/framework/src/Illuminate/Console/Command.php(180): Symfony\\Component\\Console\\Command\\Command->run()
#29 /home/lionel/Documents/Junkyard/gotrip/bc-cms/vendor/symfony/console/Application.php(1092): Illuminate\\Console\\Command->run()
#30 /home/lionel/Documents/Junkyard/gotrip/bc-cms/vendor/symfony/console/Application.php(341): Symfony\\Component\\Console\\Application->doRunCommand()
#31 /home/lionel/Documents/Junkyard/gotrip/bc-cms/vendor/symfony/console/Application.php(192): Symfony\\Component\\Console\\Application->doRun()
#32 /home/lionel/Documents/Junkyard/gotrip/bc-cms/vendor/laravel/framework/src/Illuminate/Foundation/Console/Kernel.php(197): Symfony\\Component\\Console\\Application->run()
#33 /home/lionel/Documents/Junkyard/gotrip/bc-cms/vendor/laravel/framework/src/Illuminate/Foundation/Application.php(1234): Illuminate\\Foundation\\Console\\Kernel->handle()
#34 /home/lionel/Documents/Junkyard/gotrip/bc-cms/artisan(19): Illuminate\\Foundation\\Application->handleCommand()
#35 {main}
"} 
[2026-05-25 00:47:11] local.ERROR: The "/home/lionel/Documents/Junkyard/gotrip/bc-cms/themes/Base/Core/Views" directory does not exist. {"exception":"[object] (Symfony\\Component\\Finder\\Exception\\DirectoryNotFoundException(code: 0): The \"/home/lionel/Documents/Junkyard/gotrip/bc-cms/themes/Base/Core/Views\" directory does not exist. at /home/lionel/Documents/Junkyard/gotrip/bc-cms/vendor/symfony/finder/Finder.php:646)
[stacktrace]
#0 /home/lionel/Documents/Junkyard/gotrip/bc-cms/vendor/laravel/framework/src/Illuminate/Foundation/Console/ViewCacheCommand.php(88): Symfony\\Component\\Finder\\Finder->in()
#1 /home/lionel/Documents/Junkyard/gotrip/bc-cms/vendor/laravel/framework/src/Illuminate/Foundation/Console/ViewCacheCommand.php(43): Illuminate\\Foundation\\Console\\ViewCacheCommand->bladeFilesIn()
#2 /home/lionel/Documents/Junkyard/gotrip/bc-cms/vendor/laravel/framework/src/Illuminate/Collections/Traits/EnumeratesValues.php(271): Illuminate\\Foundation\\Console\\ViewCacheCommand->{closure:Illuminate\\Foundation\\Console\\ViewCacheCommand::handle():38}()
#3 /home/lionel/Documents/Junkyard/gotrip/bc-cms/vendor/laravel/framework/src/Illuminate/Foundation/Console/ViewCacheCommand.php(38): Illuminate\\Support\\Collection->each()
#4 /home/lionel/Documents/Junkyard/gotrip/bc-cms/vendor/laravel/framework/src/Illuminate/Container/BoundMethod.php(36): Illuminate\\Foundation\\Console\\ViewCacheCommand->handle()
#5 /home/lionel/Documents/Junkyard/gotrip/bc-cms/vendor/laravel/framework/src/Illuminate/Container/Util.php(43): Illuminate\\Container\\BoundMethod::{closure:Illuminate\\Container\\BoundMethod::call():35}()
#6 /home/lionel/Documents/Junkyard/gotrip/bc-cms/vendor/laravel/framework/src/Illuminate/Container/BoundMethod.php(96): Illuminate\\Container\\Util::unwrapIfClosure()
#7 /home/lionel/Documents/Junkyard/gotrip/bc-cms/vendor/laravel/framework/src/Illuminate/Container/BoundMethod.php(35): Illuminate\\Container\\BoundMethod::callBoundMethod()
#8 /home/lionel/Documents/Junkyard/gotrip/bc-cms/vendor/laravel/framework/src/Illuminate/Container/Container.php(835): Illuminate\\Container\\BoundMethod::call()
#9 /home/lionel/Documents/Junkyard/gotrip/bc-cms/vendor/laravel/framework/src/Illuminate/Console/Command.php(211): Illuminate\\Container\\Container->call()
#10 /home/lionel/Documents/Junkyard/gotrip/bc-cms/vendor/symfony/console/Command/Command.php(318): Illuminate\\Console\\Command->execute()
#11 /home/lionel/Documents/Junkyard/gotrip/bc-cms/vendor/laravel/framework/src/Illuminate/Console/Command.php(180): Symfony\\Component\\Console\\Command\\Command->run()
#12 /home/lionel/Documents/Junkyard/gotrip/bc-cms/vendor/laravel/framework/src/Illuminate/Console/Concerns/CallsCommands.php(68): Illuminate\\Console\\Command->run()
#13 /home/lionel/Documents/Junkyard/gotrip/bc-cms/vendor/laravel/framework/src/Illuminate/Console/Concerns/CallsCommands.php(41): Illuminate\\Console\\Command->runCommand()
#14 /home/lionel/Documents/Junkyard/gotrip/bc-cms/vendor/laravel/framework/src/Illuminate/Console/Concerns/CallsCommands.php(53): Illuminate\\Console\\Command->callSilent()
#15 /home/lionel/Documents/Junkyard/gotrip/bc-cms/vendor/laravel/framework/src/Illuminate/Foundation/Console/OptimizeCommand.php(48): Illuminate\\Console\\Command->callSilently()
#16 /home/lionel/Documents/Junkyard/gotrip/bc-cms/vendor/laravel/framework/src/Illuminate/Console/View/Components/Task.php(41): Illuminate\\Foundation\\Console\\OptimizeCommand->{closure:Illuminate\\Foundation\\Console\\OptimizeCommand::handle():48}()
#17 /home/lionel/Documents/Junkyard/gotrip/bc-cms/vendor/laravel/framework/src/Illuminate/Console/View/Components/Factory.php(59): Illuminate\\Console\\View\\Components\\Task->render()
#18 /home/lionel/Documents/Junkyard/gotrip/bc-cms/vendor/laravel/framework/src/Illuminate/Foundation/Console/OptimizeCommand.php(48): Illuminate\\Console\\View\\Components\\Factory->__call()
#19 /home/lionel/Documents/Junkyard/gotrip/bc-cms/vendor/laravel/framework/src/Illuminate/Container/BoundMethod.php(36): Illuminate\\Foundation\\Console\\OptimizeCommand->handle()
#20 /home/lionel/Documents/Junkyard/gotrip/bc-cms/vendor/laravel/framework/src/Illuminate/Container/Util.php(43): Illuminate\\Container\\BoundMethod::{closure:Illuminate\\Container\\BoundMethod::call():35}()
#21 /home/lionel/Documents/Junkyard/gotrip/bc-cms/vendor/laravel/framework/src/Illuminate/Container/BoundMethod.php(96): Illuminate\\Container\\Util::unwrapIfClosure()
#22 /home/lionel/Documents/Junkyard/gotrip/bc-cms/vendor/laravel/framework/src/Illuminate/Container/BoundMethod.php(35): Illuminate\\Container\\BoundMethod::callBoundMethod()
#23 /home/lionel/Documents/Junkyard/gotrip/bc-cms/vendor/laravel/framework/src/Illuminate/Container/Container.php(835): Illuminate\\Container\\BoundMethod::call()
#24 /home/lionel/Documents/Junkyard/gotrip/bc-cms/vendor/laravel/framework/src/Illuminate/Console/Command.php(211): Illuminate\\Container\\Container->call()
#25 /home/lionel/Documents/Junkyard/gotrip/bc-cms/vendor/symfony/console/Command/Command.php(318): Illuminate\\Console\\Command->execute()
#26 /home/lionel/Documents/Junkyard/gotrip/bc-cms/vendor/laravel/framework/src/Illuminate/Console/Command.php(180): Symfony\\Component\\Console\\Command\\Command->run()
#27 /home/lionel/Documents/Junkyard/gotrip/bc-cms/vendor/symfony/console/Application.php(1092): Illuminate\\Console\\Command->run()
#28 /home/lionel/Documents/Junkyard/gotrip/bc-cms/vendor/symfony/console/Application.php(341): Symfony\\Component\\Console\\Application->doRunCommand()
#29 /home/lionel/Documents/Junkyard/gotrip/bc-cms/vendor/symfony/console/Application.php(192): Symfony\\Component\\Console\\Application->doRun()
#30 /home/lionel/Documents/Junkyard/gotrip/bc-cms/vendor/laravel/framework/src/Illuminate/Foundation/Console/Kernel.php(197): Symfony\\Component\\Console\\Application->run()
#31 /home/lionel/Documents/Junkyard/gotrip/bc-cms/vendor/laravel/framework/src/Illuminate/Foundation/Application.php(1234): Illuminate\\Foundation\\Console\\Kernel->handle()
#32 /home/lionel/Documents/Junkyard/gotrip/bc-cms/artisan(19): Illuminate\\Foundation\\Application->handleCommand()
#33 {main}
"} 
[2026-05-25 00:50:43] local.ERROR: The "/home/lionel/Documents/Junkyard/gotrip/bc-cms/themes/GoTrip/Database/Views" directory does not exist. {"exception":"[object] (Symfony\\Component\\Finder\\Exception\\DirectoryNotFoundException(code: 0): The \"/home/lionel/Documents/Junkyard/gotrip/bc-cms/themes/GoTrip/Database/Views\" directory does not exist. at /home/lionel/Documents/Junkyard/gotrip/bc-cms/vendor/symfony/finder/Finder.php:646)
[stacktrace]
#0 /home/lionel/Documents/Junkyard/gotrip/bc-cms/vendor/laravel/framework/src/Illuminate/Foundation/Console/ViewCacheCommand.php(88): Symfony\\Component\\Finder\\Finder->in()
#1 /home/lionel/Documents/Junkyard/gotrip/bc-cms/vendor/laravel/framework/src/Illuminate/Foundation/Console/ViewCacheCommand.php(43): Illuminate\\Foundation\\Console\\ViewCacheCommand->bladeFilesIn()
#2 /home/lionel/Documents/Junkyard/gotrip/bc-cms/vendor/laravel/framework/src/Illuminate/Collections/Traits/EnumeratesValues.php(271): Illuminate\\Foundation\\Console\\ViewCacheCommand->{closure:Illuminate\\Foundation\\Console\\ViewCacheCommand::handle():38}()
#3 /home/lionel/Documents/Junkyard/gotrip/bc-cms/vendor/laravel/framework/src/Illuminate/Foundation/Console/ViewCacheCommand.php(38): Illuminate\\Support\\Collection->each()
#4 /home/lionel/Documents/Junkyard/gotrip/bc-cms/vendor/laravel/framework/src/Illuminate/Container/BoundMethod.php(36): Illuminate\\Foundation\\Console\\ViewCacheCommand->handle()
#5 /home/lionel/Documents/Junkyard/gotrip/bc-cms/vendor/laravel/framework/src/Illuminate/Container/Util.php(43): Illuminate\\Container\\BoundMethod::{closure:Illuminate\\Container\\BoundMethod::call():35}()
#6 /home/lionel/Documents/Junkyard/gotrip/bc-cms/vendor/laravel/framework/src/Illuminate/Container/BoundMethod.php(96): Illuminate\\Container\\Util::unwrapIfClosure()
#7 /home/lionel/Documents/Junkyard/gotrip/bc-cms/vendor/laravel/framework/src/Illuminate/Container/BoundMethod.php(35): Illuminate\\Container\\BoundMethod::callBoundMethod()
#8 /home/lionel/Documents/Junkyard/gotrip/bc-cms/vendor/laravel/framework/src/Illuminate/Container/Container.php(835): Illuminate\\Container\\BoundMethod::call()
#9 /home/lionel/Documents/Junkyard/gotrip/bc-cms/vendor/laravel/framework/src/Illuminate/Console/Command.php(211): Illuminate\\Container\\Container->call()
#10 /home/lionel/Documents/Junkyard/gotrip/bc-cms/vendor/symfony/console/Command/Command.php(318): Illuminate\\Console\\Command->execute()
#11 /home/lionel/Documents/Junkyard/gotrip/bc-cms/vendor/laravel/framework/src/Illuminate/Console/Command.php(180): Symfony\\Component\\Console\\Command\\Command->run()
#12 /home/lionel/Documents/Junkyard/gotrip/bc-cms/vendor/laravel/framework/src/Illuminate/Console/Concerns/CallsCommands.php(68): Illuminate\\Console\\Command->run()
#13 /home/lionel/Documents/Junkyard/gotrip/bc-cms/vendor/laravel/framework/src/Illuminate/Console/Concerns/CallsCommands.php(41): Illuminate\\Console\\Command->runCommand()
#14 /home/lionel/Documents/Junkyard/gotrip/bc-cms/vendor/laravel/framework/src/Illuminate/Console/Concerns/CallsCommands.php(53): Illuminate\\Console\\Command->callSilent()
#15 /home/lionel/Documents/Junkyard/gotrip/bc-cms/vendor/laravel/framework/src/Illuminate/Foundation/Console/OptimizeCommand.php(48): Illuminate\\Console\\Command->callSilently()
#16 /home/lionel/Documents/Junkyard/gotrip/bc-cms/vendor/laravel/framework/src/Illuminate/Console/View/Components/Task.php(41): Illuminate\\Foundation\\Console\\OptimizeCommand->{closure:Illuminate\\Foundation\\Console\\OptimizeCommand::handle():48}()
#17 /home/lionel/Documents/Junkyard/gotrip/bc-cms/vendor/laravel/framework/src/Illuminate/Console/View/Components/Factory.php(59): Illuminate\\Console\\View\\Components\\Task->render()
#18 /home/lionel/Documents/Junkyard/gotrip/bc-cms/vendor/laravel/framework/src/Illuminate/Foundation/Console/OptimizeCommand.php(48): Illuminate\\Console\\View\\Components\\Factory->__call()
#19 /home/lionel/Documents/Junkyard/gotrip/bc-cms/vendor/laravel/framework/src/Illuminate/Container/BoundMethod.php(36): Illuminate\\Foundation\\Console\\OptimizeCommand->handle()
#20 /home/lionel/Documents/Junkyard/gotrip/bc-cms/vendor/laravel/framework/src/Illuminate/Container/Util.php(43): Illuminate\\Container\\BoundMethod::{closure:Illuminate\\Container\\BoundMethod::call():35}()
#21 /home/lionel/Documents/Junkyard/gotrip/bc-cms/vendor/laravel/framework/src/Illuminate/Container/BoundMethod.php(96): Illuminate\\Container\\Util::unwrapIfClosure()
#22 /home/lionel/Documents/Junkyard/gotrip/bc-cms/vendor/laravel/framework/src/Illuminate/Container/BoundMethod.php(35): Illuminate\\Container\\BoundMethod::callBoundMethod()
#23 /home/lionel/Documents/Junkyard/gotrip/bc-cms/vendor/laravel/framework/src/Illuminate/Container/Container.php(835): Illuminate\\Container\\BoundMethod::call()
#24 /home/lionel/Documents/Junkyard/gotrip/bc-cms/vendor/laravel/framework/src/Illuminate/Console/Command.php(211): Illuminate\\Container\\Container->call()
#25 /home/lionel/Documents/Junkyard/gotrip/bc-cms/vendor/symfony/console/Command/Command.php(318): Illuminate\\Console\\Command->execute()
#26 /home/lionel/Documents/Junkyard/gotrip/bc-cms/vendor/laravel/framework/src/Illuminate/Console/Command.php(180): Symfony\\Component\\Console\\Command\\Command->run()
#27 /home/lionel/Documents/Junkyard/gotrip/bc-cms/vendor/symfony/console/Application.php(1092): Illuminate\\Console\\Command->run()
#28 /home/lionel/Documents/Junkyard/gotrip/bc-cms/vendor/symfony/console/Application.php(341): Symfony\\Component\\Console\\Application->doRunCommand()
#29 /home/lionel/Documents/Junkyard/gotrip/bc-cms/vendor/symfony/console/Application.php(192): Symfony\\Component\\Console\\Application->doRun()
#30 /home/lionel/Documents/Junkyard/gotrip/bc-cms/vendor/laravel/framework/src/Illuminate/Foundation/Console/Kernel.php(197): Symfony\\Component\\Console\\Application->run()
#31 /home/lionel/Documents/Junkyard/gotrip/bc-cms/vendor/laravel/framework/src/Illuminate/Foundation/Application.php(1234): Illuminate\\Foundation\\Console\\Kernel->handle()
#32 /home/lionel/Documents/Junkyard/gotrip/bc-cms/artisan(19): Illuminate\\Foundation\\Application->handleCommand()
#33 {main}
"} 
[2026-05-25 00:51:20] local.ERROR: The "/home/lionel/Documents/Junkyard/gotrip/bc-cms/themes/Base/resources/views" directory does not exist. {"exception":"[object] (Symfony\\Component\\Finder\\Exception\\DirectoryNotFoundException(code: 0): The \"/home/lionel/Documents/Junkyard/gotrip/bc-cms/themes/Base/resources/views\" directory does not exist. at /home/lionel/Documents/Junkyard/gotrip/bc-cms/vendor/symfony/finder/Finder.php:646)
[stacktrace]
#0 /home/lionel/Documents/Junkyard/gotrip/bc-cms/vendor/laravel/framework/src/Illuminate/Foundation/Console/ViewCacheCommand.php(88): Symfony\\Component\\Finder\\Finder->in()
#1 /home/lionel/Documents/Junkyard/gotrip/bc-cms/vendor/laravel/framework/src/Illuminate/Foundation/Console/ViewCacheCommand.php(43): Illuminate\\Foundation\\Console\\ViewCacheCommand->bladeFilesIn()
#2 /home/lionel/Documents/Junkyard/gotrip/bc-cms/vendor/laravel/framework/src/Illuminate/Collections/Traits/EnumeratesValues.php(271): Illuminate\\Foundation\\Console\\ViewCacheCommand->{closure:Illuminate\\Foundation\\Console\\ViewCacheCommand::handle():38}()
#3 /home/lionel/Documents/Junkyard/gotrip/bc-cms/vendor/laravel/framework/src/Illuminate/Foundation/Console/ViewCacheCommand.php(38): Illuminate\\Support\\Collection->each()
#4 /home/lionel/Documents/Junkyard/gotrip/bc-cms/vendor/laravel/framework/src/Illuminate/Container/BoundMethod.php(36): Illuminate\\Foundation\\Console\\ViewCacheCommand->handle()
#5 /home/lionel/Documents/Junkyard/gotrip/bc-cms/vendor/laravel/framework/src/Illuminate/Container/Util.php(43): Illuminate\\Container\\BoundMethod::{closure:Illuminate\\Container\\BoundMethod::call():35}()
#6 /home/lionel/Documents/Junkyard/gotrip/bc-cms/vendor/laravel/framework/src/Illuminate/Container/BoundMethod.php(96): Illuminate\\Container\\Util::unwrapIfClosure()
#7 /home/lionel/Documents/Junkyard/gotrip/bc-cms/vendor/laravel/framework/src/Illuminate/Container/BoundMethod.php(35): Illuminate\\Container\\BoundMethod::callBoundMethod()
#8 /home/lionel/Documents/Junkyard/gotrip/bc-cms/vendor/laravel/framework/src/Illuminate/Container/Container.php(835): Illuminate\\Container\\BoundMethod::call()
#9 /home/lionel/Documents/Junkyard/gotrip/bc-cms/vendor/laravel/framework/src/Illuminate/Console/Command.php(211): Illuminate\\Container\\Container->call()
#10 /home/lionel/Documents/Junkyard/gotrip/bc-cms/vendor/symfony/console/Command/Command.php(318): Illuminate\\Console\\Command->execute()
#11 /home/lionel/Documents/Junkyard/gotrip/bc-cms/vendor/laravel/framework/src/Illuminate/Console/Command.php(180): Symfony\\Component\\Console\\Command\\Command->run()
#12 /home/lionel/Documents/Junkyard/gotrip/bc-cms/vendor/laravel/framework/src/Illuminate/Console/Concerns/CallsCommands.php(68): Illuminate\\Console\\Command->run()
#13 /home/lionel/Documents/Junkyard/gotrip/bc-cms/vendor/laravel/framework/src/Illuminate/Console/Concerns/CallsCommands.php(41): Illuminate\\Console\\Command->runCommand()
#14 /home/lionel/Documents/Junkyard/gotrip/bc-cms/vendor/laravel/framework/src/Illuminate/Console/Concerns/CallsCommands.php(53): Illuminate\\Console\\Command->callSilent()
#15 /home/lionel/Documents/Junkyard/gotrip/bc-cms/vendor/laravel/framework/src/Illuminate/Foundation/Console/OptimizeCommand.php(48): Illuminate\\Console\\Command->callSilently()
#16 /home/lionel/Documents/Junkyard/gotrip/bc-cms/vendor/laravel/framework/src/Illuminate/Console/View/Components/Task.php(41): Illuminate\\Foundation\\Console\\OptimizeCommand->{closure:Illuminate\\Foundation\\Console\\OptimizeCommand::handle():48}()
#17 /home/lionel/Documents/Junkyard/gotrip/bc-cms/vendor/laravel/framework/src/Illuminate/Console/View/Components/Factory.php(59): Illuminate\\Console\\View\\Components\\Task->render()
#18 /home/lionel/Documents/Junkyard/gotrip/bc-cms/vendor/laravel/framework/src/Illuminate/Foundation/Console/OptimizeCommand.php(48): Illuminate\\Console\\View\\Components\\Factory->__call()
#19 /home/lionel/Documents/Junkyard/gotrip/bc-cms/vendor/laravel/framework/src/Illuminate/Container/BoundMethod.php(36): Illuminate\\Foundation\\Console\\OptimizeCommand->handle()
#20 /home/lionel/Documents/Junkyard/gotrip/bc-cms/vendor/laravel/framework/src/Illuminate/Container/Util.php(43): Illuminate\\Container\\BoundMethod::{closure:Illuminate\\Container\\BoundMethod::call():35}()
#21 /home/lionel/Documents/Junkyard/gotrip/bc-cms/vendor/laravel/framework/src/Illuminate/Container/BoundMethod.php(96): Illuminate\\Container\\Util::unwrapIfClosure()
#22 /home/lionel/Documents/Junkyard/gotrip/bc-cms/vendor/laravel/framework/src/Illuminate/Container/BoundMethod.php(35): Illuminate\\Container\\BoundMethod::callBoundMethod()
#23 /home/lionel/Documents/Junkyard/gotrip/bc-cms/vendor/laravel/framework/src/Illuminate/Container/Container.php(835): Illuminate\\Container\\BoundMethod::call()
#24 /home/lionel/Documents/Junkyard/gotrip/bc-cms/vendor/laravel/framework/src/Illuminate/Console/Command.php(211): Illuminate\\Container\\Container->call()
#25 /home/lionel/Documents/Junkyard/gotrip/bc-cms/vendor/symfony/console/Command/Command.php(318): Illuminate\\Console\\Command->execute()
#26 /home/lionel/Documents/Junkyard/gotrip/bc-cms/vendor/laravel/framework/src/Illuminate/Console/Command.php(180): Symfony\\Component\\Console\\Command\\Command->run()
#27 /home/lionel/Documents/Junkyard/gotrip/bc-cms/vendor/symfony/console/Application.php(1092): Illuminate\\Console\\Command->run()
#28 /home/lionel/Documents/Junkyard/gotrip/bc-cms/vendor/symfony/console/Application.php(341): Symfony\\Component\\Console\\Application->doRunCommand()
#29 /home/lionel/Documents/Junkyard/gotrip/bc-cms/vendor/symfony/console/Application.php(192): Symfony\\Component\\Console\\Application->doRun()
#30 /home/lionel/Documents/Junkyard/gotrip/bc-cms/vendor/laravel/framework/src/Illuminate/Foundation/Console/Kernel.php(197): Symfony\\Component\\Console\\Application->run()
#31 /home/lionel/Documents/Junkyard/gotrip/bc-cms/vendor/laravel/framework/src/Illuminate/Foundation/Application.php(1234): Illuminate\\Foundation\\Console\\Kernel->handle()
#32 /home/lionel/Documents/Junkyard/gotrip/bc-cms/artisan(19): Illuminate\\Foundation\\Application->handleCommand()
#33 {main}
"} 
[2026-05-25 00:51:38] local.ERROR: The "/home/lionel/Documents/Junkyard/gotrip/bc-cms/themes/Base/resources/Views" directory does not exist. {"exception":"[object] (Symfony\\Component\\Finder\\Exception\\DirectoryNotFoundException(code: 0): The \"/home/lionel/Documents/Junkyard/gotrip/bc-cms/themes/Base/resources/Views\" directory does not exist. at /home/lionel/Documents/Junkyard/gotrip/bc-cms/vendor/symfony/finder/Finder.php:646)
[stacktrace]
#0 /home/lionel/Documents/Junkyard/gotrip/bc-cms/vendor/laravel/framework/src/Illuminate/Foundation/Console/ViewCacheCommand.php(88): Symfony\\Component\\Finder\\Finder->in()
#1 /home/lionel/Documents/Junkyard/gotrip/bc-cms/vendor/laravel/framework/src/Illuminate/Foundation/Console/ViewCacheCommand.php(43): Illuminate\\Foundation\\Console\\ViewCacheCommand->bladeFilesIn()
#2 /home/lionel/Documents/Junkyard/gotrip/bc-cms/vendor/laravel/framework/src/Illuminate/Collections/Traits/EnumeratesValues.php(271): Illuminate\\Foundation\\Console\\ViewCacheCommand->{closure:Illuminate\\Foundation\\Console\\ViewCacheCommand::handle():38}()
#3 /home/lionel/Documents/Junkyard/gotrip/bc-cms/vendor/laravel/framework/src/Illuminate/Foundation/Console/ViewCacheCommand.php(38): Illuminate\\Support\\Collection->each()
#4 /home/lionel/Documents/Junkyard/gotrip/bc-cms/vendor/laravel/framework/src/Illuminate/Container/BoundMethod.php(36): Illuminate\\Foundation\\Console\\ViewCacheCommand->handle()
#5 /home/lionel/Documents/Junkyard/gotrip/bc-cms/vendor/laravel/framework/src/Illuminate/Container/Util.php(43): Illuminate\\Container\\BoundMethod::{closure:Illuminate\\Container\\BoundMethod::call():35}()
#6 /home/lionel/Documents/Junkyard/gotrip/bc-cms/vendor/laravel/framework/src/Illuminate/Container/BoundMethod.php(96): Illuminate\\Container\\Util::unwrapIfClosure()
#7 /home/lionel/Documents/Junkyard/gotrip/bc-cms/vendor/laravel/framework/src/Illuminate/Container/BoundMethod.php(35): Illuminate\\Container\\BoundMethod::callBoundMethod()
#8 /home/lionel/Documents/Junkyard/gotrip/bc-cms/vendor/laravel/framework/src/Illuminate/Container/Container.php(835): Illuminate\\Container\\BoundMethod::call()
#9 /home/lionel/Documents/Junkyard/gotrip/bc-cms/vendor/laravel/framework/src/Illuminate/Console/Command.php(211): Illuminate\\Container\\Container->call()
#10 /home/lionel/Documents/Junkyard/gotrip/bc-cms/vendor/symfony/console/Command/Command.php(318): Illuminate\\Console\\Command->execute()
#11 /home/lionel/Documents/Junkyard/gotrip/bc-cms/vendor/laravel/framework/src/Illuminate/Console/Command.php(180): Symfony\\Component\\Console\\Command\\Command->run()
#12 /home/lionel/Documents/Junkyard/gotrip/bc-cms/vendor/laravel/framework/src/Illuminate/Console/Concerns/CallsCommands.php(68): Illuminate\\Console\\Command->run()
#13 /home/lionel/Documents/Junkyard/gotrip/bc-cms/vendor/laravel/framework/src/Illuminate/Console/Concerns/CallsCommands.php(41): Illuminate\\Console\\Command->runCommand()
#14 /home/lionel/Documents/Junkyard/gotrip/bc-cms/vendor/laravel/framework/src/Illuminate/Console/Concerns/CallsCommands.php(53): Illuminate\\Console\\Command->callSilent()
#15 /home/lionel/Documents/Junkyard/gotrip/bc-cms/vendor/laravel/framework/src/Illuminate/Foundation/Console/OptimizeCommand.php(48): Illuminate\\Console\\Command->callSilently()
#16 /home/lionel/Documents/Junkyard/gotrip/bc-cms/vendor/laravel/framework/src/Illuminate/Console/View/Components/Task.php(41): Illuminate\\Foundation\\Console\\OptimizeCommand->{closure:Illuminate\\Foundation\\Console\\OptimizeCommand::handle():48}()
#17 /home/lionel/Documents/Junkyard/gotrip/bc-cms/vendor/laravel/framework/src/Illuminate/Console/View/Components/Factory.php(59): Illuminate\\Console\\View\\Components\\Task->render()
#18 /home/lionel/Documents/Junkyard/gotrip/bc-cms/vendor/laravel/framework/src/Illuminate/Foundation/Console/OptimizeCommand.php(48): Illuminate\\Console\\View\\Components\\Factory->__call()
#19 /home/lionel/Documents/Junkyard/gotrip/bc-cms/vendor/laravel/framework/src/Illuminate/Container/BoundMethod.php(36): Illuminate\\Foundation\\Console\\OptimizeCommand->handle()
#20 /home/lionel/Documents/Junkyard/gotrip/bc-cms/vendor/laravel/framework/src/Illuminate/Container/Util.php(43): Illuminate\\Container\\BoundMethod::{closure:Illuminate\\Container\\BoundMethod::call():35}()
#21 /home/lionel/Documents/Junkyard/gotrip/bc-cms/vendor/laravel/framework/src/Illuminate/Container/BoundMethod.php(96): Illuminate\\Container\\Util::unwrapIfClosure()
#22 /home/lionel/Documents/Junkyard/gotrip/bc-cms/vendor/laravel/framework/src/Illuminate/Container/BoundMethod.php(35): Illuminate\\Container\\BoundMethod::callBoundMethod()
#23 /home/lionel/Documents/Junkyard/gotrip/bc-cms/vendor/laravel/framework/src/Illuminate/Container/Container.php(835): Illuminate\\Container\\BoundMethod::call()
#24 /home/lionel/Documents/Junkyard/gotrip/bc-cms/vendor/laravel/framework/src/Illuminate/Console/Command.php(211): Illuminate\\Container\\Container->call()
#25 /home/lionel/Documents/Junkyard/gotrip/bc-cms/vendor/symfony/console/Command/Command.php(318): Illuminate\\Console\\Command->execute()
#26 /home/lionel/Documents/Junkyard/gotrip/bc-cms/vendor/laravel/framework/src/Illuminate/Console/Command.php(180): Symfony\\Component\\Console\\Command\\Command->run()
#27 /home/lionel/Documents/Junkyard/gotrip/bc-cms/vendor/symfony/console/Application.php(1092): Illuminate\\Console\\Command->run()
#28 /home/lionel/Documents/Junkyard/gotrip/bc-cms/vendor/symfony/console/Application.php(341): Symfony\\Component\\Console\\Application->doRunCommand()
#29 /home/lionel/Documents/Junkyard/gotrip/bc-cms/vendor/symfony/console/Application.php(192): Symfony\\Component\\Console\\Application->doRun()
#30 /home/lionel/Documents/Junkyard/gotrip/bc-cms/vendor/laravel/framework/src/Illuminate/Foundation/Console/Kernel.php(197): Symfony\\Component\\Console\\Application->run()
#31 /home/lionel/Documents/Junkyard/gotrip/bc-cms/vendor/laravel/framework/src/Illuminate/Foundation/Application.php(1234): Illuminate\\Foundation\\Console\\Kernel->handle()
#32 /home/lionel/Documents/Junkyard/gotrip/bc-cms/artisan(19): Illuminate\\Foundation\\Application->handleCommand()
#33 {main}
"} 
[2026-05-25 01:06:18] local.ERROR: Call to undefined method Pro\Tanova\Models\TanovaTrip::getServiceIconFeatured() {"exception":"[object] (BadMethodCallException(code: 0): Call to undefined method Pro\\Tanova\\Models\\TanovaTrip::getServiceIconFeatured() at /home/lionel/Documents/Junkyard/gotrip/bc-cms/vendor/laravel/framework/src/Illuminate/Support/Traits/ForwardsCalls.php:67)
[stacktrace]
#0 /home/lionel/Documents/Junkyard/gotrip/bc-cms/vendor/laravel/framework/src/Illuminate/Support/Traits/ForwardsCalls.php(36): Illuminate\\Database\\Eloquent\\Model::throwBadMethodCallException()
#1 /home/lionel/Documents/Junkyard/gotrip/bc-cms/vendor/laravel/framework/src/Illuminate/Database/Eloquent/Model.php(2525): Illuminate\\Database\\Eloquent\\Model->forwardCallTo()
#2 [internal function]: Illuminate\\Database\\Eloquent\\Model->__call()
#3 /home/lionel/Documents/Junkyard/gotrip/bc-cms/modules/Api/Controllers/BookingController.php(26): call_user_func()
#4 /home/lionel/Documents/Junkyard/gotrip/bc-cms/modules/Api/Controllers/BookingController.php(68): Modules\\Api\\Controllers\\BookingController->getTypes()
#5 /home/lionel/Documents/Junkyard/gotrip/bc-cms/vendor/laravel/framework/src/Illuminate/Routing/Controller.php(54): Modules\\Api\\Controllers\\BookingController->getConfigs()
#6 /home/lionel/Documents/Junkyard/gotrip/bc-cms/vendor/laravel/framework/src/Illuminate/Routing/ControllerDispatcher.php(43): Illuminate\\Routing\\Controller->callAction()
#7 /home/lionel/Documents/Junkyard/gotrip/bc-cms/vendor/laravel/framework/src/Illuminate/Routing/Route.php(265): Illuminate\\Routing\\ControllerDispatcher->dispatch()
#8 /home/lionel/Documents/Junkyard/gotrip/bc-cms/vendor/laravel/framework/src/Illuminate/Routing/Route.php(211): Illuminate\\Routing\\Route->runController()
#9 /home/lionel/Documents/Junkyard/gotrip/bc-cms/vendor/laravel/framework/src/Illuminate/Routing/Router.php(822): Illuminate\\Routing\\Route->run()
#10 /home/lionel/Documents/Junkyard/gotrip/bc-cms/vendor/laravel/framework/src/Illuminate/Pipeline/Pipeline.php(180): Illuminate\\Routing\\Router->{closure:Illuminate\\Routing\\Router::runRouteWithinStack():821}()
#11 /home/lionel/Documents/Junkyard/gotrip/bc-cms/app/Http/Middleware/MayAuthenticateWithSanctum.php(14): Illuminate\\Pipeline\\Pipeline->{closure:Illuminate\\Pipeline\\Pipeline::prepareDestination():178}()
#12 /home/lionel/Documents/Junkyard/gotrip/bc-cms/vendor/laravel/framework/src/Illuminate/Pipeline/Pipeline.php(219): App\\Http\\Middleware\\MayAuthenticateWithSanctum->handle()
#13 /home/lionel/Documents/Junkyard/gotrip/bc-cms/vendor/laravel/framework/src/Illuminate/Routing/Middleware/SubstituteBindings.php(50): Illuminate\\Pipeline\\Pipeline->{closure:{closure:Illuminate\\Pipeline\\Pipeline::carry():194}:195}()
#14 /home/lionel/Documents/Junkyard/gotrip/bc-cms/vendor/laravel/framework/src/Illuminate/Pipeline/Pipeline.php(219): Illuminate\\Routing\\Middleware\\SubstituteBindings->handle()
#15 /home/lionel/Documents/Junkyard/gotrip/bc-cms/vendor/laravel/framework/src/Illuminate/Routing/Middleware/ThrottleRequests.php(160): Illuminate\\Pipeline\\Pipeline->{closure:{closure:Illuminate\\Pipeline\\Pipeline::carry():194}:195}()
#16 /home/lionel/Documents/Junkyard/gotrip/bc-cms/vendor/laravel/framework/src/Illuminate/Routing/Middleware/ThrottleRequests.php(126): Illuminate\\Routing\\Middleware\\ThrottleRequests->handleRequest()
#17 /home/lionel/Documents/Junkyard/gotrip/bc-cms/vendor/laravel/framework/src/Illuminate/Routing/Middleware/ThrottleRequests.php(88): Illuminate\\Routing\\Middleware\\ThrottleRequests->handleRequestUsingNamedLimiter()
#18 /home/lionel/Documents/Junkyard/gotrip/bc-cms/vendor/laravel/framework/src/Illuminate/Pipeline/Pipeline.php(219): Illuminate\\Routing\\Middleware\\ThrottleRequests->handle()
#19 /home/lionel/Documents/Junkyard/gotrip/bc-cms/vendor/laravel/sanctum/src/Http/Middleware/EnsureFrontendRequestsAreStateful.php(26): Illuminate\\Pipeline\\Pipeline->{closure:{closure:Illuminate\\Pipeline\\Pipeline::carry():194}:195}()
#20 /home/lionel/Documents/Junkyard/gotrip/bc-cms/vendor/laravel/framework/src/Illuminate/Pipeline/Pipeline.php(180): Laravel\\Sanctum\\Http\\Middleware\\EnsureFrontendRequestsAreStateful->{closure:Laravel\\Sanctum\\Http\\Middleware\\EnsureFrontendRequestsAreStateful::handle():25}()
#21 /home/lionel/Documents/Junkyard/gotrip/bc-cms/vendor/laravel/framework/src/Illuminate/Pipeline/Pipeline.php(137): Illuminate\\Pipeline\\Pipeline->{closure:Illuminate\\Pipeline\\Pipeline::prepareDestination():178}()
#22 /home/lionel/Documents/Junkyard/gotrip/bc-cms/vendor/laravel/sanctum/src/Http/Middleware/EnsureFrontendRequestsAreStateful.php(25): Illuminate\\Pipeline\\Pipeline->then()
#23 /home/lionel/Documents/Junkyard/gotrip/bc-cms/vendor/laravel/framework/src/Illuminate/Pipeline/Pipeline.php(219): Laravel\\Sanctum\\Http\\Middleware\\EnsureFrontendRequestsAreStateful->handle()
#24 /home/lionel/Documents/Junkyard/gotrip/bc-cms/app/Http/Middleware/RequireChangePassword.php(41): Illuminate\\Pipeline\\Pipeline->{closure:{closure:Illuminate\\Pipeline\\Pipeline::carry():194}:195}()
#25 /home/lionel/Documents/Junkyard/gotrip/bc-cms/vendor/laravel/framework/src/Illuminate/Pipeline/Pipeline.php(219): App\\Http\\Middleware\\RequireChangePassword->handle()
#26 /home/lionel/Documents/Junkyard/gotrip/bc-cms/app/Http/Middleware/SetLanguageForApi.php(44): Illuminate\\Pipeline\\Pipeline->{closure:{closure:Illuminate\\Pipeline\\Pipeline::carry():194}:195}()
#27 /home/lionel/Documents/Junkyard/gotrip/bc-cms/vendor/laravel/framework/src/Illuminate/Pipeline/Pipeline.php(219): App\\Http\\Middleware\\SetLanguageForApi->handle()
#28 /home/lionel/Documents/Junkyard/gotrip/bc-cms/vendor/laravel/framework/src/Illuminate/Pipeline/Pipeline.php(137): Illuminate\\Pipeline\\Pipeline->{closure:{closure:Illuminate\\Pipeline\\Pipeline::carry():194}:195}()
#29 /home/lionel/Documents/Junkyard/gotrip/bc-cms/vendor/laravel/framework/src/Illuminate/Routing/Router.php(821): Illuminate\\Pipeline\\Pipeline->then()
#30 /home/lionel/Documents/Junkyard/gotrip/bc-cms/vendor/laravel/framework/src/Illuminate/Routing/Router.php(800): Illuminate\\Routing\\Router->runRouteWithinStack()
#31 /home/lionel/Documents/Junkyard/gotrip/bc-cms/vendor/laravel/framework/src/Illuminate/Routing/Router.php(764): Illuminate\\Routing\\Router->runRoute()
#32 /home/lionel/Documents/Junkyard/gotrip/bc-cms/vendor/laravel/framework/src/Illuminate/Routing/Router.php(753): Illuminate\\Routing\\Router->dispatchToRoute()
#33 /home/lionel/Documents/Junkyard/gotrip/bc-cms/vendor/laravel/framework/src/Illuminate/Foundation/Http/Kernel.php(200): Illuminate\\Routing\\Router->dispatch()
#34 /home/lionel/Documents/Junkyard/gotrip/bc-cms/vendor/laravel/framework/src/Illuminate/Pipeline/Pipeline.php(180): Illuminate\\Foundation\\Http\\Kernel->{closure:Illuminate\\Foundation\\Http\\Kernel::dispatchToRouter():197}()
#35 /home/lionel/Documents/Junkyard/gotrip/bc-cms/themes/Base/Core/Middleware/RunUpdater.php(77): Illuminate\\Pipeline\\Pipeline->{closure:Illuminate\\Pipeline\\Pipeline::prepareDestination():178}()
#36 /home/lionel/Documents/Junkyard/gotrip/bc-cms/vendor/laravel/framework/src/Illuminate/Pipeline/Pipeline.php(219): Themes\\Base\\Core\\Middleware\\RunUpdater->handle()
#37 /home/lionel/Documents/Junkyard/gotrip/bc-cms/vendor/livewire/livewire/src/Features/SupportDisablingBackButtonCache/DisableBackButtonCacheMiddleware.php(19): Illuminate\\Pipeline\\Pipeline->{closure:{closure:Illuminate\\Pipeline\\Pipeline::carry():194}:195}()
#38 /home/lionel/Documents/Junkyard/gotrip/bc-cms/vendor/laravel/framework/src/Illuminate/Pipeline/Pipeline.php(219): Livewire\\Features\\SupportDisablingBackButtonCache\\DisableBackButtonCacheMiddleware->handle()
#39 /home/lionel/Documents/Junkyard/gotrip/bc-cms/vendor/barryvdh/laravel-debugbar/src/Middleware/InjectDebugbar.php(66): Illuminate\\Pipeline\\Pipeline->{closure:{closure:Illuminate\\Pipeline\\Pipeline::carry():194}:195}()
#40 /home/lionel/Documents/Junkyard/gotrip/bc-cms/vendor/laravel/framework/src/Illuminate/Pipeline/Pipeline.php(219): Barryvdh\\Debugbar\\Middleware\\InjectDebugbar->handle()
#41 /home/lionel/Documents/Junkyard/gotrip/bc-cms/app/Http/Middleware/RedirectToInstaller.php(40): Illuminate\\Pipeline\\Pipeline->{closure:{closure:Illuminate\\Pipeline\\Pipeline::carry():194}:195}()
#42 /home/lionel/Documents/Junkyard/gotrip/bc-cms/vendor/laravel/framework/src/Illuminate/Pipeline/Pipeline.php(219): App\\Http\\Middleware\\RedirectToInstaller->handle()
#43 /home/lionel/Documents/Junkyard/gotrip/bc-cms/vendor/laravel/framework/src/Illuminate/Foundation/Http/Middleware/TransformsRequest.php(21): Illuminate\\Pipeline\\Pipeline->{closure:{closure:Illuminate\\Pipeline\\Pipeline::carry():194}:195}()
#44 /home/lionel/Documents/Junkyard/gotrip/bc-cms/vendor/laravel/framework/src/Illuminate/Foundation/Http/Middleware/ConvertEmptyStringsToNull.php(31): Illuminate\\Foundation\\Http\\Middleware\\TransformsRequest->handle()
#45 /home/lionel/Documents/Junkyard/gotrip/bc-cms/vendor/laravel/framework/src/Illuminate/Pipeline/Pipeline.php(219): Illuminate\\Foundation\\Http\\Middleware\\ConvertEmptyStringsToNull->handle()
#46 /home/lionel/Documents/Junkyard/gotrip/bc-cms/vendor/laravel/framework/src/Illuminate/Foundation/Http/Middleware/TransformsRequest.php(21): Illuminate\\Pipeline\\Pipeline->{closure:{closure:Illuminate\\Pipeline\\Pipeline::carry():194}:195}()
#47 /home/lionel/Documents/Junkyard/gotrip/bc-cms/vendor/laravel/framework/src/Illuminate/Foundation/Http/Middleware/TrimStrings.php(51): Illuminate\\Foundation\\Http\\Middleware\\TransformsRequest->handle()
#48 /home/lionel/Documents/Junkyard/gotrip/bc-cms/vendor/laravel/framework/src/Illuminate/Pipeline/Pipeline.php(219): Illuminate\\Foundation\\Http\\Middleware\\TrimStrings->handle()
#49 /home/lionel/Documents/Junkyard/gotrip/bc-cms/vendor/laravel/framework/src/Illuminate/Http/Middleware/ValidatePostSize.php(27): Illuminate\\Pipeline\\Pipeline->{closure:{closure:Illuminate\\Pipeline\\Pipeline::carry():194}:195}()
#50 /home/lionel/Documents/Junkyard/gotrip/bc-cms/vendor/laravel/framework/src/Illuminate/Pipeline/Pipeline.php(219): Illuminate\\Http\\Middleware\\ValidatePostSize->handle()
#51 /home/lionel/Documents/Junkyard/gotrip/bc-cms/vendor/laravel/framework/src/Illuminate/Foundation/Http/Middleware/PreventRequestsDuringMaintenance.php(109): Illuminate\\Pipeline\\Pipeline->{closure:{closure:Illuminate\\Pipeline\\Pipeline::carry():194}:195}()
#52 /home/lionel/Documents/Junkyard/gotrip/bc-cms/vendor/laravel/framework/src/Illuminate/Pipeline/Pipeline.php(219): Illuminate\\Foundation\\Http\\Middleware\\PreventRequestsDuringMaintenance->handle()
#53 /home/lionel/Documents/Junkyard/gotrip/bc-cms/vendor/laravel/framework/src/Illuminate/Http/Middleware/HandleCors.php(61): Illuminate\\Pipeline\\Pipeline->{closure:{closure:Illuminate\\Pipeline\\Pipeline::carry():194}:195}()
#54 /home/lionel/Documents/Junkyard/gotrip/bc-cms/vendor/laravel/framework/src/Illuminate/Pipeline/Pipeline.php(219): Illuminate\\Http\\Middleware\\HandleCors->handle()
#55 /home/lionel/Documents/Junkyard/gotrip/bc-cms/vendor/laravel/framework/src/Illuminate/Http/Middleware/TrustProxies.php(58): Illuminate\\Pipeline\\Pipeline->{closure:{closure:Illuminate\\Pipeline\\Pipeline::carry():194}:195}()
#56 /home/lionel/Documents/Junkyard/gotrip/bc-cms/vendor/laravel/framework/src/Illuminate/Pipeline/Pipeline.php(219): Illuminate\\Http\\Middleware\\TrustProxies->handle()
#57 /home/lionel/Documents/Junkyard/gotrip/bc-cms/vendor/laravel/framework/src/Illuminate/Foundation/Http/Middleware/InvokeDeferredCallbacks.php(22): Illuminate\\Pipeline\\Pipeline->{closure:{closure:Illuminate\\Pipeline\\Pipeline::carry():194}:195}()
#58 /home/lionel/Documents/Junkyard/gotrip/bc-cms/vendor/laravel/framework/src/Illuminate/Pipeline/Pipeline.php(219): Illuminate\\Foundation\\Http\\Middleware\\InvokeDeferredCallbacks->handle()
#59 /home/lionel/Documents/Junkyard/gotrip/bc-cms/vendor/laravel/framework/src/Illuminate/Http/Middleware/ValidatePathEncoding.php(26): Illuminate\\Pipeline\\Pipeline->{closure:{closure:Illuminate\\Pipeline\\Pipeline::carry():194}:195}()
#60 /home/lionel/Documents/Junkyard/gotrip/bc-cms/vendor/laravel/framework/src/Illuminate/Pipeline/Pipeline.php(219): Illuminate\\Http\\Middleware\\ValidatePathEncoding->handle()
#61 /home/lionel/Documents/Junkyard/gotrip/bc-cms/vendor/laravel/framework/src/Illuminate/Pipeline/Pipeline.php(137): Illuminate\\Pipeline\\Pipeline->{closure:{closure:Illuminate\\Pipeline\\Pipeline::carry():194}:195}()
#62 /home/lionel/Documents/Junkyard/gotrip/bc-cms/vendor/laravel/framework/src/Illuminate/Foundation/Http/Kernel.php(175): Illuminate\\Pipeline\\Pipeline->then()
#63 /home/lionel/Documents/Junkyard/gotrip/bc-cms/vendor/laravel/framework/src/Illuminate/Foundation/Http/Kernel.php(144): Illuminate\\Foundation\\Http\\Kernel->sendRequestThroughRouter()
#64 /home/lionel/Documents/Junkyard/gotrip/bc-cms/vendor/laravel/framework/src/Illuminate/Foundation/Application.php(1219): Illuminate\\Foundation\\Http\\Kernel->handle()
#65 /home/lionel/Documents/Junkyard/gotrip/public_html/index.php(84): Illuminate\\Foundation\\Application->handleRequest()
#66 /home/lionel/Documents/Junkyard/gotrip/bc-cms/server.php(21): require_once('...')
#67 {main}
"} 
[2026-05-25 01:06:24] local.ERROR: Call to undefined method Pro\Tanova\Models\TanovaTrip::getServiceIconFeatured() {"exception":"[object] (BadMethodCallException(code: 0): Call to undefined method Pro\\Tanova\\Models\\TanovaTrip::getServiceIconFeatured() at /home/lionel/Documents/Junkyard/gotrip/bc-cms/vendor/laravel/framework/src/Illuminate/Support/Traits/ForwardsCalls.php:67)
[stacktrace]
#0 /home/lionel/Documents/Junkyard/gotrip/bc-cms/vendor/laravel/framework/src/Illuminate/Support/Traits/ForwardsCalls.php(36): Illuminate\\Database\\Eloquent\\Model::throwBadMethodCallException()
#1 /home/lionel/Documents/Junkyard/gotrip/bc-cms/vendor/laravel/framework/src/Illuminate/Database/Eloquent/Model.php(2525): Illuminate\\Database\\Eloquent\\Model->forwardCallTo()
#2 [internal function]: Illuminate\\Database\\Eloquent\\Model->__call()
#3 /home/lionel/Documents/Junkyard/gotrip/bc-cms/modules/Api/Controllers/BookingController.php(26): call_user_func()
#4 /home/lionel/Documents/Junkyard/gotrip/bc-cms/modules/Api/Controllers/BookingController.php(68): Modules\\Api\\Controllers\\BookingController->getTypes()
#5 /home/lionel/Documents/Junkyard/gotrip/bc-cms/vendor/laravel/framework/src/Illuminate/Routing/Controller.php(54): Modules\\Api\\Controllers\\BookingController->getConfigs()
#6 /home/lionel/Documents/Junkyard/gotrip/bc-cms/vendor/laravel/framework/src/Illuminate/Routing/ControllerDispatcher.php(43): Illuminate\\Routing\\Controller->callAction()
#7 /home/lionel/Documents/Junkyard/gotrip/bc-cms/vendor/laravel/framework/src/Illuminate/Routing/Route.php(265): Illuminate\\Routing\\ControllerDispatcher->dispatch()
#8 /home/lionel/Documents/Junkyard/gotrip/bc-cms/vendor/laravel/framework/src/Illuminate/Routing/Route.php(211): Illuminate\\Routing\\Route->runController()
#9 /home/lionel/Documents/Junkyard/gotrip/bc-cms/vendor/laravel/framework/src/Illuminate/Routing/Router.php(822): Illuminate\\Routing\\Route->run()
#10 /home/lionel/Documents/Junkyard/gotrip/bc-cms/vendor/laravel/framework/src/Illuminate/Pipeline/Pipeline.php(180): Illuminate\\Routing\\Router->{closure:Illuminate\\Routing\\Router::runRouteWithinStack():821}()
#11 /home/lionel/Documents/Junkyard/gotrip/bc-cms/app/Http/Middleware/MayAuthenticateWithSanctum.php(14): Illuminate\\Pipeline\\Pipeline->{closure:Illuminate\\Pipeline\\Pipeline::prepareDestination():178}()
#12 /home/lionel/Documents/Junkyard/gotrip/bc-cms/vendor/laravel/framework/src/Illuminate/Pipeline/Pipeline.php(219): App\\Http\\Middleware\\MayAuthenticateWithSanctum->handle()
#13 /home/lionel/Documents/Junkyard/gotrip/bc-cms/vendor/laravel/framework/src/Illuminate/Routing/Middleware/SubstituteBindings.php(50): Illuminate\\Pipeline\\Pipeline->{closure:{closure:Illuminate\\Pipeline\\Pipeline::carry():194}:195}()
#14 /home/lionel/Documents/Junkyard/gotrip/bc-cms/vendor/laravel/framework/src/Illuminate/Pipeline/Pipeline.php(219): Illuminate\\Routing\\Middleware\\SubstituteBindings->handle()
#15 /home/lionel/Documents/Junkyard/gotrip/bc-cms/vendor/laravel/framework/src/Illuminate/Routing/Middleware/ThrottleRequests.php(160): Illuminate\\Pipeline\\Pipeline->{closure:{closure:Illuminate\\Pipeline\\Pipeline::carry():194}:195}()
#16 /home/lionel/Documents/Junkyard/gotrip/bc-cms/vendor/laravel/framework/src/Illuminate/Routing/Middleware/ThrottleRequests.php(126): Illuminate\\Routing\\Middleware\\ThrottleRequests->handleRequest()
#17 /home/lionel/Documents/Junkyard/gotrip/bc-cms/vendor/laravel/framework/src/Illuminate/Routing/Middleware/ThrottleRequests.php(88): Illuminate\\Routing\\Middleware\\ThrottleRequests->handleRequestUsingNamedLimiter()
#18 /home/lionel/Documents/Junkyard/gotrip/bc-cms/vendor/laravel/framework/src/Illuminate/Pipeline/Pipeline.php(219): Illuminate\\Routing\\Middleware\\ThrottleRequests->handle()
#19 /home/lionel/Documents/Junkyard/gotrip/bc-cms/vendor/laravel/sanctum/src/Http/Middleware/EnsureFrontendRequestsAreStateful.php(26): Illuminate\\Pipeline\\Pipeline->{closure:{closure:Illuminate\\Pipeline\\Pipeline::carry():194}:195}()
#20 /home/lionel/Documents/Junkyard/gotrip/bc-cms/vendor/laravel/framework/src/Illuminate/Pipeline/Pipeline.php(180): Laravel\\Sanctum\\Http\\Middleware\\EnsureFrontendRequestsAreStateful->{closure:Laravel\\Sanctum\\Http\\Middleware\\EnsureFrontendRequestsAreStateful::handle():25}()
#21 /home/lionel/Documents/Junkyard/gotrip/bc-cms/vendor/laravel/framework/src/Illuminate/Pipeline/Pipeline.php(137): Illuminate\\Pipeline\\Pipeline->{closure:Illuminate\\Pipeline\\Pipeline::prepareDestination():178}()
#22 /home/lionel/Documents/Junkyard/gotrip/bc-cms/vendor/laravel/sanctum/src/Http/Middleware/EnsureFrontendRequestsAreStateful.php(25): Illuminate\\Pipeline\\Pipeline->then()
#23 /home/lionel/Documents/Junkyard/gotrip/bc-cms/vendor/laravel/framework/src/Illuminate/Pipeline/Pipeline.php(219): Laravel\\Sanctum\\Http\\Middleware\\EnsureFrontendRequestsAreStateful->handle()
#24 /home/lionel/Documents/Junkyard/gotrip/bc-cms/app/Http/Middleware/RequireChangePassword.php(41): Illuminate\\Pipeline\\Pipeline->{closure:{closure:Illuminate\\Pipeline\\Pipeline::carry():194}:195}()
#25 /home/lionel/Documents/Junkyard/gotrip/bc-cms/vendor/laravel/framework/src/Illuminate/Pipeline/Pipeline.php(219): App\\Http\\Middleware\\RequireChangePassword->handle()
#26 /home/lionel/Documents/Junkyard/gotrip/bc-cms/app/Http/Middleware/SetLanguageForApi.php(44): Illuminate\\Pipeline\\Pipeline->{closure:{closure:Illuminate\\Pipeline\\Pipeline::carry():194}:195}()
#27 /home/lionel/Documents/Junkyard/gotrip/bc-cms/vendor/laravel/framework/src/Illuminate/Pipeline/Pipeline.php(219): App\\Http\\Middleware\\SetLanguageForApi->handle()
#28 /home/lionel/Documents/Junkyard/gotrip/bc-cms/vendor/laravel/framework/src/Illuminate/Pipeline/Pipeline.php(137): Illuminate\\Pipeline\\Pipeline->{closure:{closure:Illuminate\\Pipeline\\Pipeline::carry():194}:195}()
#29 /home/lionel/Documents/Junkyard/gotrip/bc-cms/vendor/laravel/framework/src/Illuminate/Routing/Router.php(821): Illuminate\\Pipeline\\Pipeline->then()
#30 /home/lionel/Documents/Junkyard/gotrip/bc-cms/vendor/laravel/framework/src/Illuminate/Routing/Router.php(800): Illuminate\\Routing\\Router->runRouteWithinStack()
#31 /home/lionel/Documents/Junkyard/gotrip/bc-cms/vendor/laravel/framework/src/Illuminate/Routing/Router.php(764): Illuminate\\Routing\\Router->runRoute()
#32 /home/lionel/Documents/Junkyard/gotrip/bc-cms/vendor/laravel/framework/src/Illuminate/Routing/Router.php(753): Illuminate\\Routing\\Router->dispatchToRoute()
#33 /home/lionel/Documents/Junkyard/gotrip/bc-cms/vendor/laravel/framework/src/Illuminate/Foundation/Http/Kernel.php(200): Illuminate\\Routing\\Router->dispatch()
#34 /home/lionel/Documents/Junkyard/gotrip/bc-cms/vendor/laravel/framework/src/Illuminate/Pipeline/Pipeline.php(180): Illuminate\\Foundation\\Http\\Kernel->{closure:Illuminate\\Foundation\\Http\\Kernel::dispatchToRouter():197}()
#35 /home/lionel/Documents/Junkyard/gotrip/bc-cms/themes/Base/Core/Middleware/RunUpdater.php(77): Illuminate\\Pipeline\\Pipeline->{closure:Illuminate\\Pipeline\\Pipeline::prepareDestination():178}()
#36 /home/lionel/Documents/Junkyard/gotrip/bc-cms/vendor/laravel/framework/src/Illuminate/Pipeline/Pipeline.php(219): Themes\\Base\\Core\\Middleware\\RunUpdater->handle()
#37 /home/lionel/Documents/Junkyard/gotrip/bc-cms/vendor/livewire/livewire/src/Features/SupportDisablingBackButtonCache/DisableBackButtonCacheMiddleware.php(19): Illuminate\\Pipeline\\Pipeline->{closure:{closure:Illuminate\\Pipeline\\Pipeline::carry():194}:195}()
#38 /home/lionel/Documents/Junkyard/gotrip/bc-cms/vendor/laravel/framework/src/Illuminate/Pipeline/Pipeline.php(219): Livewire\\Features\\SupportDisablingBackButtonCache\\DisableBackButtonCacheMiddleware->handle()
#39 /home/lionel/Documents/Junkyard/gotrip/bc-cms/vendor/barryvdh/laravel-debugbar/src/Middleware/InjectDebugbar.php(66): Illuminate\\Pipeline\\Pipeline->{closure:{closure:Illuminate\\Pipeline\\Pipeline::carry():194}:195}()
#40 /home/lionel/Documents/Junkyard/gotrip/bc-cms/vendor/laravel/framework/src/Illuminate/Pipeline/Pipeline.php(219): Barryvdh\\Debugbar\\Middleware\\InjectDebugbar->handle()
#41 /home/lionel/Documents/Junkyard/gotrip/bc-cms/app/Http/Middleware/RedirectToInstaller.php(40): Illuminate\\Pipeline\\Pipeline->{closure:{closure:Illuminate\\Pipeline\\Pipeline::carry():194}:195}()
#42 /home/lionel/Documents/Junkyard/gotrip/bc-cms/vendor/laravel/framework/src/Illuminate/Pipeline/Pipeline.php(219): App\\Http\\Middleware\\RedirectToInstaller->handle()
#43 /home/lionel/Documents/Junkyard/gotrip/bc-cms/vendor/laravel/framework/src/Illuminate/Foundation/Http/Middleware/TransformsRequest.php(21): Illuminate\\Pipeline\\Pipeline->{closure:{closure:Illuminate\\Pipeline\\Pipeline::carry():194}:195}()
#44 /home/lionel/Documents/Junkyard/gotrip/bc-cms/vendor/laravel/framework/src/Illuminate/Foundation/Http/Middleware/ConvertEmptyStringsToNull.php(31): Illuminate\\Foundation\\Http\\Middleware\\TransformsRequest->handle()
#45 /home/lionel/Documents/Junkyard/gotrip/bc-cms/vendor/laravel/framework/src/Illuminate/Pipeline/Pipeline.php(219): Illuminate\\Foundation\\Http\\Middleware\\ConvertEmptyStringsToNull->handle()
#46 /home/lionel/Documents/Junkyard/gotrip/bc-cms/vendor/laravel/framework/src/Illuminate/Foundation/Http/Middleware/TransformsRequest.php(21): Illuminate\\Pipeline\\Pipeline->{closure:{closure:Illuminate\\Pipeline\\Pipeline::carry():194}:195}()
#47 /home/lionel/Documents/Junkyard/gotrip/bc-cms/vendor/laravel/framework/src/Illuminate/Foundation/Http/Middleware/TrimStrings.php(51): Illuminate\\Foundation\\Http\\Middleware\\TransformsRequest->handle()
#48 /home/lionel/Documents/Junkyard/gotrip/bc-cms/vendor/laravel/framework/src/Illuminate/Pipeline/Pipeline.php(219): Illuminate\\Foundation\\Http\\Middleware\\TrimStrings->handle()
#49 /home/lionel/Documents/Junkyard/gotrip/bc-cms/vendor/laravel/framework/src/Illuminate/Http/Middleware/ValidatePostSize.php(27): Illuminate\\Pipeline\\Pipeline->{closure:{closure:Illuminate\\Pipeline\\Pipeline::carry():194}:195}()
#50 /home/lionel/Documents/Junkyard/gotrip/bc-cms/vendor/laravel/framework/src/Illuminate/Pipeline/Pipeline.php(219): Illuminate\\Http\\Middleware\\ValidatePostSize->handle()
#51 /home/lionel/Documents/Junkyard/gotrip/bc-cms/vendor/laravel/framework/src/Illuminate/Foundation/Http/Middleware/PreventRequestsDuringMaintenance.php(109): Illuminate\\Pipeline\\Pipeline->{closure:{closure:Illuminate\\Pipeline\\Pipeline::carry():194}:195}()
#52 /home/lionel/Documents/Junkyard/gotrip/bc-cms/vendor/laravel/framework/src/Illuminate/Pipeline/Pipeline.php(219): Illuminate\\Foundation\\Http\\Middleware\\PreventRequestsDuringMaintenance->handle()
#53 /home/lionel/Documents/Junkyard/gotrip/bc-cms/vendor/laravel/framework/src/Illuminate/Http/Middleware/HandleCors.php(61): Illuminate\\Pipeline\\Pipeline->{closure:{closure:Illuminate\\Pipeline\\Pipeline::carry():194}:195}()
#54 /home/lionel/Documents/Junkyard/gotrip/bc-cms/vendor/laravel/framework/src/Illuminate/Pipeline/Pipeline.php(219): Illuminate\\Http\\Middleware\\HandleCors->handle()
#55 /home/lionel/Documents/Junkyard/gotrip/bc-cms/vendor/laravel/framework/src/Illuminate/Http/Middleware/TrustProxies.php(58): Illuminate\\Pipeline\\Pipeline->{closure:{closure:Illuminate\\Pipeline\\Pipeline::carry():194}:195}()
#56 /home/lionel/Documents/Junkyard/gotrip/bc-cms/vendor/laravel/framework/src/Illuminate/Pipeline/Pipeline.php(219): Illuminate\\Http\\Middleware\\TrustProxies->handle()
#57 /home/lionel/Documents/Junkyard/gotrip/bc-cms/vendor/laravel/framework/src/Illuminate/Foundation/Http/Middleware/InvokeDeferredCallbacks.php(22): Illuminate\\Pipeline\\Pipeline->{closure:{closure:Illuminate\\Pipeline\\Pipeline::carry():194}:195}()
#58 /home/lionel/Documents/Junkyard/gotrip/bc-cms/vendor/laravel/framework/src/Illuminate/Pipeline/Pipeline.php(219): Illuminate\\Foundation\\Http\\Middleware\\InvokeDeferredCallbacks->handle()
#59 /home/lionel/Documents/Junkyard/gotrip/bc-cms/vendor/laravel/framework/src/Illuminate/Http/Middleware/ValidatePathEncoding.php(26): Illuminate\\Pipeline\\Pipeline->{closure:{closure:Illuminate\\Pipeline\\Pipeline::carry():194}:195}()
#60 /home/lionel/Documents/Junkyard/gotrip/bc-cms/vendor/laravel/framework/src/Illuminate/Pipeline/Pipeline.php(219): Illuminate\\Http\\Middleware\\ValidatePathEncoding->handle()
#61 /home/lionel/Documents/Junkyard/gotrip/bc-cms/vendor/laravel/framework/src/Illuminate/Pipeline/Pipeline.php(137): Illuminate\\Pipeline\\Pipeline->{closure:{closure:Illuminate\\Pipeline\\Pipeline::carry():194}:195}()
#62 /home/lionel/Documents/Junkyard/gotrip/bc-cms/vendor/laravel/framework/src/Illuminate/Foundation/Http/Kernel.php(175): Illuminate\\Pipeline\\Pipeline->then()
#63 /home/lionel/Documents/Junkyard/gotrip/bc-cms/vendor/laravel/framework/src/Illuminate/Foundation/Http/Kernel.php(144): Illuminate\\Foundation\\Http\\Kernel->sendRequestThroughRouter()
#64 /home/lionel/Documents/Junkyard/gotrip/bc-cms/vendor/laravel/framework/src/Illuminate/Foundation/Application.php(1219): Illuminate\\Foundation\\Http\\Kernel->handle()
#65 /home/lionel/Documents/Junkyard/gotrip/public_html/index.php(84): Illuminate\\Foundation\\Application->handleRequest()
#66 /home/lionel/Documents/Junkyard/gotrip/bc-cms/server.php(21): require_once('...')
#67 {main}
"} 
[2026-05-25 01:32:04] local.ERROR: No hint path defined for [Tanova_trip]. {"view":{"view":"/home/lionel/Documents/Junkyard/gotrip/bc-cms/themes/GoTrip/Vendor/Views/frontend/bookingReport/index.blade.php","data":[]},"userId":6,"exception":"[object] (Spatie\\LaravelIgnition\\Exceptions\\ViewException(code: 0): No hint path defined for [Tanova_trip]. at /home/lionel/Documents/Junkyard/gotrip/bc-cms/vendor/laravel/framework/src/Illuminate/View/FileViewFinder.php:111)
[stacktrace]
#0 /home/lionel/Documents/Junkyard/gotrip/bc-cms/vendor/laravel/framework/src/Illuminate/View/FileViewFinder.php(89): Illuminate\\View\\FileViewFinder->parseNamespaceSegments()
#1 /home/lionel/Documents/Junkyard/gotrip/bc-cms/vendor/laravel/framework/src/Illuminate/View/FileViewFinder.php(75): Illuminate\\View\\FileViewFinder->findNamespacedView()
#2 /home/lionel/Documents/Junkyard/gotrip/bc-cms/vendor/laravel/framework/src/Illuminate/View/Factory.php(150): Illuminate\\View\\FileViewFinder->find()
#3 /home/lionel/Documents/Junkyard/gotrip/bc-cms/themes/GoTrip/Vendor/Views/frontend/bookingReport/index.blade.php(51): Illuminate\\View\\Factory->make()
#4 /home/lionel/Documents/Junkyard/gotrip/bc-cms/vendor/laravel/framework/src/Illuminate/Filesystem/Filesystem.php(123): require('...')
#5 /home/lionel/Documents/Junkyard/gotrip/bc-cms/vendor/laravel/framework/src/Illuminate/Filesystem/Filesystem.php(124): Illuminate\\Filesystem\\Filesystem::{closure:Illuminate\\Filesystem\\Filesystem::getRequire():120}()
#6 /home/lionel/Documents/Junkyard/gotrip/bc-cms/vendor/laravel/framework/src/Illuminate/View/Engines/PhpEngine.php(57): Illuminate\\Filesystem\\Filesystem->getRequire()
#7 /home/lionel/Documents/Junkyard/gotrip/bc-cms/vendor/livewire/livewire/src/Mechanisms/ExtendBlade/ExtendedCompilerEngine.php(22): Illuminate\\View\\Engines\\PhpEngine->evaluatePath()
#8 /home/lionel/Documents/Junkyard/gotrip/bc-cms/vendor/laravel/framework/src/Illuminate/View/Engines/CompilerEngine.php(76): Livewire\\Mechanisms\\ExtendBlade\\ExtendedCompilerEngine->evaluatePath()
#9 /home/lionel/Documents/Junkyard/gotrip/bc-cms/vendor/livewire/livewire/src/Mechanisms/ExtendBlade/ExtendedCompilerEngine.php(10): Illuminate\\View\\Engines\\CompilerEngine->get()
#10 /home/lionel/Documents/Junkyard/gotrip/bc-cms/vendor/laravel/framework/src/Illuminate/View/View.php(208): Livewire\\Mechanisms\\ExtendBlade\\ExtendedCompilerEngine->get()
#11 /home/lionel/Documents/Junkyard/gotrip/bc-cms/vendor/laravel/framework/src/Illuminate/View/View.php(191): Illuminate\\View\\View->getContents()
#12 /home/lionel/Documents/Junkyard/gotrip/bc-cms/vendor/laravel/framework/src/Illuminate/View/View.php(160): Illuminate\\View\\View->renderContents()
#13 /home/lionel/Documents/Junkyard/gotrip/bc-cms/vendor/laravel/framework/src/Illuminate/Http/Response.php(78): Illuminate\\View\\View->render()
#14 /home/lionel/Documents/Junkyard/gotrip/bc-cms/vendor/laravel/framework/src/Illuminate/Http/Response.php(34): Illuminate\\Http\\Response->setContent()
#15 /home/lionel/Documents/Junkyard/gotrip/bc-cms/vendor/laravel/framework/src/Illuminate/Routing/Router.php(939): Illuminate\\Http\\Response->__construct()
#16 /home/lionel/Documents/Junkyard/gotrip/bc-cms/vendor/laravel/framework/src/Illuminate/Routing/Router.php(906): Illuminate\\Routing\\Router::toResponse()
#17 /home/lionel/Documents/Junkyard/gotrip/bc-cms/vendor/laravel/framework/src/Illuminate/Routing/Router.php(821): Illuminate\\Routing\\Router->prepareResponse()
#18 /home/lionel/Documents/Junkyard/gotrip/bc-cms/vendor/laravel/framework/src/Illuminate/Pipeline/Pipeline.php(180): Illuminate\\Routing\\Router->{closure:Illuminate\\Routing\\Router::runRouteWithinStack():821}()
#19 /home/lionel/Documents/Junkyard/gotrip/bc-cms/vendor/barryvdh/laravel-debugbar/src/Middleware/InjectDebugbar.php(66): Illuminate\\Pipeline\\Pipeline->{closure:Illuminate\\Pipeline\\Pipeline::prepareDestination():178}()
#20 /home/lionel/Documents/Junkyard/gotrip/bc-cms/vendor/laravel/framework/src/Illuminate/Pipeline/Pipeline.php(219): Barryvdh\\Debugbar\\Middleware\\InjectDebugbar->handle()
#21 /home/lionel/Documents/Junkyard/gotrip/bc-cms/app/Http/Middleware/RequireChangePassword.php(41): Illuminate\\Pipeline\\Pipeline->{closure:{closure:Illuminate\\Pipeline\\Pipeline::carry():194}:195}()
#22 /home/lionel/Documents/Junkyard/gotrip/bc-cms/vendor/laravel/framework/src/Illuminate/Pipeline/Pipeline.php(219): App\\Http\\Middleware\\RequireChangePassword->handle()
#23 /home/lionel/Documents/Junkyard/gotrip/bc-cms/app/Http/Middleware/SetCurrentCurrency.php(48): Illuminate\\Pipeline\\Pipeline->{closure:{closure:Illuminate\\Pipeline\\Pipeline::carry():194}:195}()
#24 /home/lionel/Documents/Junkyard/gotrip/bc-cms/vendor/laravel/framework/src/Illuminate/Pipeline/Pipeline.php(219): App\\Http\\Middleware\\SetCurrentCurrency->handle()
#25 /home/lionel/Documents/Junkyard/gotrip/bc-cms/app/Http/Middleware/SetLanguageForAdmin.php(37): Illuminate\\Pipeline\\Pipeline->{closure:{closure:Illuminate\\Pipeline\\Pipeline::carry():194}:195}()
#26 /home/lionel/Documents/Junkyard/gotrip/bc-cms/vendor/laravel/framework/src/Illuminate/Pipeline/Pipeline.php(219): App\\Http\\Middleware\\SetLanguageForAdmin->handle()
#27 /home/lionel/Documents/Junkyard/gotrip/bc-cms/app/Http/Middleware/RedirectForMultiLanguage.php(58): Illuminate\\Pipeline\\Pipeline->{closure:{closure:Illuminate\\Pipeline\\Pipeline::carry():194}:195}()
#28 /home/lionel/Documents/Junkyard/gotrip/bc-cms/vendor/laravel/framework/src/Illuminate/Pipeline/Pipeline.php(219): App\\Http\\Middleware\\RedirectForMultiLanguage->handle()
#29 /home/lionel/Documents/Junkyard/gotrip/bc-cms/app/Http/Middleware/FrontendGuard.php(67): Illuminate\\Pipeline\\Pipeline->{closure:{closure:Illuminate\\Pipeline\\Pipeline::carry():194}:195}()
#30 /home/lionel/Documents/Junkyard/gotrip/bc-cms/vendor/laravel/framework/src/Illuminate/Pipeline/Pipeline.php(219): App\\Http\\Middleware\\FrontendGuard->handle()
#31 /home/lionel/Documents/Junkyard/gotrip/bc-cms/vendor/laravel/framework/src/Illuminate/Routing/Middleware/SubstituteBindings.php(50): Illuminate\\Pipeline\\Pipeline->{closure:{closure:Illuminate\\Pipeline\\Pipeline::carry():194}:195}()
#32 /home/lionel/Documents/Junkyard/gotrip/bc-cms/vendor/laravel/framework/src/Illuminate/Pipeline/Pipeline.php(219): Illuminate\\Routing\\Middleware\\SubstituteBindings->handle()
#33 /home/lionel/Documents/Junkyard/gotrip/bc-cms/vendor/laravel/framework/src/Illuminate/Auth/Middleware/Authenticate.php(63): Illuminate\\Pipeline\\Pipeline->{closure:{closure:Illuminate\\Pipeline\\Pipeline::carry():194}:195}()
#34 /home/lionel/Documents/Junkyard/gotrip/bc-cms/vendor/laravel/framework/src/Illuminate/Pipeline/Pipeline.php(219): Illuminate\\Auth\\Middleware\\Authenticate->handle()
#35 /home/lionel/Documents/Junkyard/gotrip/bc-cms/vendor/laravel/framework/src/Illuminate/Foundation/Http/Middleware/VerifyCsrfToken.php(87): Illuminate\\Pipeline\\Pipeline->{closure:{closure:Illuminate\\Pipeline\\Pipeline::carry():194}:195}()
#36 /home/lionel/Documents/Junkyard/gotrip/bc-cms/vendor/laravel/framework/src/Illuminate/Pipeline/Pipeline.php(219): Illuminate\\Foundation\\Http\\Middleware\\VerifyCsrfToken->handle()
#37 /home/lionel/Documents/Junkyard/gotrip/bc-cms/vendor/laravel/framework/src/Illuminate/View/Middleware/ShareErrorsFromSession.php(48): Illuminate\\Pipeline\\Pipeline->{closure:{closure:Illuminate\\Pipeline\\Pipeline::carry():194}:195}()
#38 /home/lionel/Documents/Junkyard/gotrip/bc-cms/vendor/laravel/framework/src/Illuminate/Pipeline/Pipeline.php(219): Illuminate\\View\\Middleware\\ShareErrorsFromSession->handle()
#39 /home/lionel/Documents/Junkyard/gotrip/bc-cms/vendor/laravel/framework/src/Illuminate/Session/Middleware/StartSession.php(120): Illuminate\\Pipeline\\Pipeline->{closure:{closure:Illuminate\\Pipeline\\Pipeline::carry():194}:195}()
#40 /home/lionel/Documents/Junkyard/gotrip/bc-cms/vendor/laravel/framework/src/Illuminate/Session/Middleware/StartSession.php(63): Illuminate\\Session\\Middleware\\StartSession->handleStatefulRequest()
#41 /home/lionel/Documents/Junkyard/gotrip/bc-cms/vendor/laravel/framework/src/Illuminate/Pipeline/Pipeline.php(219): Illuminate\\Session\\Middleware\\StartSession->handle()
#42 /home/lionel/Documents/Junkyard/gotrip/bc-cms/vendor/laravel/framework/src/Illuminate/Cookie/Middleware/AddQueuedCookiesToResponse.php(36): Illuminate\\Pipeline\\Pipeline->{closure:{closure:Illuminate\\Pipeline\\Pipeline::carry():194}:195}()
#43 /home/lionel/Documents/Junkyard/gotrip/bc-cms/vendor/laravel/framework/src/Illuminate/Pipeline/Pipeline.php(219): Illuminate\\Cookie\\Middleware\\AddQueuedCookiesToResponse->handle()
#44 /home/lionel/Documents/Junkyard/gotrip/bc-cms/vendor/laravel/framework/src/Illuminate/Cookie/Middleware/EncryptCookies.php(74): Illuminate\\Pipeline\\Pipeline->{closure:{closure:Illuminate\\Pipeline\\Pipeline::carry():194}:195}()
#45 /home/lionel/Documents/Junkyard/gotrip/bc-cms/vendor/laravel/framework/src/Illuminate/Pipeline/Pipeline.php(219): Illuminate\\Cookie\\Middleware\\EncryptCookies->handle()
#46 /home/lionel/Documents/Junkyard/gotrip/bc-cms/vendor/laravel/framework/src/Illuminate/Pipeline/Pipeline.php(137): Illuminate\\Pipeline\\Pipeline->{closure:{closure:Illuminate\\Pipeline\\Pipeline::carry():194}:195}()
#47 /home/lionel/Documents/Junkyard/gotrip/bc-cms/vendor/laravel/framework/src/Illuminate/Routing/Router.php(821): Illuminate\\Pipeline\\Pipeline->then()
#48 /home/lionel/Documents/Junkyard/gotrip/bc-cms/vendor/laravel/framework/src/Illuminate/Routing/Router.php(800): Illuminate\\Routing\\Router->runRouteWithinStack()
#49 /home/lionel/Documents/Junkyard/gotrip/bc-cms/vendor/laravel/framework/src/Illuminate/Routing/Router.php(764): Illuminate\\Routing\\Router->runRoute()
#50 /home/lionel/Documents/Junkyard/gotrip/bc-cms/vendor/laravel/framework/src/Illuminate/Routing/Router.php(753): Illuminate\\Routing\\Router->dispatchToRoute()
#51 /home/lionel/Documents/Junkyard/gotrip/bc-cms/vendor/laravel/framework/src/Illuminate/Foundation/Http/Kernel.php(200): Illuminate\\Routing\\Router->dispatch()
#52 /home/lionel/Documents/Junkyard/gotrip/bc-cms/vendor/laravel/framework/src/Illuminate/Pipeline/Pipeline.php(180): Illuminate\\Foundation\\Http\\Kernel->{closure:Illuminate\\Foundation\\Http\\Kernel::dispatchToRouter():197}()
#53 /home/lionel/Documents/Junkyard/gotrip/bc-cms/themes/Base/Core/Middleware/RunUpdater.php(77): Illuminate\\Pipeline\\Pipeline->{closure:Illuminate\\Pipeline\\Pipeline::prepareDestination():178}()
#54 /home/lionel/Documents/Junkyard/gotrip/bc-cms/vendor/laravel/framework/src/Illuminate/Pipeline/Pipeline.php(219): Themes\\Base\\Core\\Middleware\\RunUpdater->handle()
#55 /home/lionel/Documents/Junkyard/gotrip/bc-cms/vendor/livewire/livewire/src/Features/SupportDisablingBackButtonCache/DisableBackButtonCacheMiddleware.php(19): Illuminate\\Pipeline\\Pipeline->{closure:{closure:Illuminate\\Pipeline\\Pipeline::carry():194}:195}()
#56 /home/lionel/Documents/Junkyard/gotrip/bc-cms/vendor/laravel/framework/src/Illuminate/Pipeline/Pipeline.php(219): Livewire\\Features\\SupportDisablingBackButtonCache\\DisableBackButtonCacheMiddleware->handle()
#57 /home/lionel/Documents/Junkyard/gotrip/bc-cms/vendor/barryvdh/laravel-debugbar/src/Middleware/InjectDebugbar.php(66): Illuminate\\Pipeline\\Pipeline->{closure:{closure:Illuminate\\Pipeline\\Pipeline::carry():194}:195}()
#58 /home/lionel/Documents/Junkyard/gotrip/bc-cms/vendor/laravel/framework/src/Illuminate/Pipeline/Pipeline.php(219): Barryvdh\\Debugbar\\Middleware\\InjectDebugbar->handle()
#59 /home/lionel/Documents/Junkyard/gotrip/bc-cms/app/Http/Middleware/RedirectToInstaller.php(40): Illuminate\\Pipeline\\Pipeline->{closure:{closure:Illuminate\\Pipeline\\Pipeline::carry():194}:195}()
#60 /home/lionel/Documents/Junkyard/gotrip/bc-cms/vendor/laravel/framework/src/Illuminate/Pipeline/Pipeline.php(219): App\\Http\\Middleware\\RedirectToInstaller->handle()
#61 /home/lionel/Documents/Junkyard/gotrip/bc-cms/vendor/laravel/framework/src/Illuminate/Foundation/Http/Middleware/TransformsRequest.php(21): Illuminate\\Pipeline\\Pipeline->{closure:{closure:Illuminate\\Pipeline\\Pipeline::carry():194}:195}()
#62 /home/lionel/Documents/Junkyard/gotrip/bc-cms/vendor/laravel/framework/src/Illuminate/Foundation/Http/Middleware/ConvertEmptyStringsToNull.php(31): Illuminate\\Foundation\\Http\\Middleware\\TransformsRequest->handle()
#63 /home/lionel/Documents/Junkyard/gotrip/bc-cms/vendor/laravel/framework/src/Illuminate/Pipeline/Pipeline.php(219): Illuminate\\Foundation\\Http\\Middleware\\ConvertEmptyStringsToNull->handle()
#64 /home/lionel/Documents/Junkyard/gotrip/bc-cms/vendor/laravel/framework/src/Illuminate/Foundation/Http/Middleware/TransformsRequest.php(21): Illuminate\\Pipeline\\Pipeline->{closure:{closure:Illuminate\\Pipeline\\Pipeline::carry():194}:195}()
#65 /home/lionel/Documents/Junkyard/gotrip/bc-cms/vendor/laravel/framework/src/Illuminate/Foundation/Http/Middleware/TrimStrings.php(51): Illuminate\\Foundation\\Http\\Middleware\\TransformsRequest->handle()
#66 /home/lionel/Documents/Junkyard/gotrip/bc-cms/vendor/laravel/framework/src/Illuminate/Pipeline/Pipeline.php(219): Illuminate\\Foundation\\Http\\Middleware\\TrimStrings->handle()
#67 /home/lionel/Documents/Junkyard/gotrip/bc-cms/vendor/laravel/framework/src/Illuminate/Http/Middleware/ValidatePostSize.php(27): Illuminate\\Pipeline\\Pipeline->{closure:{closure:Illuminate\\Pipeline\\Pipeline::carry():194}:195}()
#68 /home/lionel/Documents/Junkyard/gotrip/bc-cms/vendor/laravel/framework/src/Illuminate/Pipeline/Pipeline.php(219): Illuminate\\Http\\Middleware\\ValidatePostSize->handle()
#69 /home/lionel/Documents/Junkyard/gotrip/bc-cms/vendor/laravel/framework/src/Illuminate/Foundation/Http/Middleware/PreventRequestsDuringMaintenance.php(109): Illuminate\\Pipeline\\Pipeline->{closure:{closure:Illuminate\\Pipeline\\Pipeline::carry():194}:195}()
#70 /home/lionel/Documents/Junkyard/gotrip/bc-cms/vendor/laravel/framework/src/Illuminate/Pipeline/Pipeline.php(219): Illuminate\\Foundation\\Http\\Middleware\\PreventRequestsDuringMaintenance->handle()
#71 /home/lionel/Documents/Junkyard/gotrip/bc-cms/vendor/laravel/framework/src/Illuminate/Http/Middleware/HandleCors.php(48): Illuminate\\Pipeline\\Pipeline->{closure:{closure:Illuminate\\Pipeline\\Pipeline::carry():194}:195}()
#72 /home/lionel/Documents/Junkyard/gotrip/bc-cms/vendor/laravel/framework/src/Illuminate/Pipeline/Pipeline.php(219): Illuminate\\Http\\Middleware\\HandleCors->handle()
#73 /home/lionel/Documents/Junkyard/gotrip/bc-cms/vendor/laravel/framework/src/Illuminate/Http/Middleware/TrustProxies.php(58): Illuminate\\Pipeline\\Pipeline->{closure:{closure:Illuminate\\Pipeline\\Pipeline::carry():194}:195}()
#74 /home/lionel/Documents/Junkyard/gotrip/bc-cms/vendor/laravel/framework/src/Illuminate/Pipeline/Pipeline.php(219): Illuminate\\Http\\Middleware\\TrustProxies->handle()
#75 /home/lionel/Documents/Junkyard/gotrip/bc-cms/vendor/laravel/framework/src/Illuminate/Foundation/Http/Middleware/InvokeDeferredCallbacks.php(22): Illuminate\\Pipeline\\Pipeline->{closure:{closure:Illuminate\\Pipeline\\Pipeline::carry():194}:195}()
#76 /home/lionel/Documents/Junkyard/gotrip/bc-cms/vendor/laravel/framework/src/Illuminate/Pipeline/Pipeline.php(219): Illuminate\\Foundation\\Http\\Middleware\\InvokeDeferredCallbacks->handle()
#77 /home/lionel/Documents/Junkyard/gotrip/bc-cms/vendor/laravel/framework/src/Illuminate/Http/Middleware/ValidatePathEncoding.php(26): Illuminate\\Pipeline\\Pipeline->{closure:{closure:Illuminate\\Pipeline\\Pipeline::carry():194}:195}()
#78 /home/lionel/Documents/Junkyard/gotrip/bc-cms/vendor/laravel/framework/src/Illuminate/Pipeline/Pipeline.php(219): Illuminate\\Http\\Middleware\\ValidatePathEncoding->handle()
#79 /home/lionel/Documents/Junkyard/gotrip/bc-cms/vendor/laravel/framework/src/Illuminate/Pipeline/Pipeline.php(137): Illuminate\\Pipeline\\Pipeline->{closure:{closure:Illuminate\\Pipeline\\Pipeline::carry():194}:195}()
#80 /home/lionel/Documents/Junkyard/gotrip/bc-cms/vendor/laravel/framework/src/Illuminate/Foundation/Http/Kernel.php(175): Illuminate\\Pipeline\\Pipeline->then()
#81 /home/lionel/Documents/Junkyard/gotrip/bc-cms/vendor/laravel/framework/src/Illuminate/Foundation/Http/Kernel.php(144): Illuminate\\Foundation\\Http\\Kernel->sendRequestThroughRouter()
#82 /home/lionel/Documents/Junkyard/gotrip/bc-cms/vendor/laravel/framework/src/Illuminate/Foundation/Application.php(1219): Illuminate\\Foundation\\Http\\Kernel->handle()
#83 /home/lionel/Documents/Junkyard/gotrip/public_html/index.php(84): Illuminate\\Foundation\\Application->handleRequest()
#84 /home/lionel/Documents/Junkyard/gotrip/bc-cms/server.php(43): require_once('...')
#85 {main}

[previous exception] [object] (InvalidArgumentException(code: 0): No hint path defined for [Tanova_trip]. at /home/lionel/Documents/Junkyard/gotrip/bc-cms/vendor/laravel/framework/src/Illuminate/View/FileViewFinder.php:111)
[stacktrace]
#0 /home/lionel/Documents/Junkyard/gotrip/bc-cms/vendor/laravel/framework/src/Illuminate/View/FileViewFinder.php(89): Illuminate\\View\\FileViewFinder->parseNamespaceSegments()
#1 /home/lionel/Documents/Junkyard/gotrip/bc-cms/vendor/laravel/framework/src/Illuminate/View/FileViewFinder.php(75): Illuminate\\View\\FileViewFinder->findNamespacedView()
#2 /home/lionel/Documents/Junkyard/gotrip/bc-cms/vendor/laravel/framework/src/Illuminate/View/Factory.php(150): Illuminate\\View\\FileViewFinder->find()
#3 /home/lionel/Documents/Junkyard/gotrip/bc-cms/storage/framework/views/f5c82182a1fc9eef94b775b0a48b1470.php(53): Illuminate\\View\\Factory->make()
#4 /home/lionel/Documents/Junkyard/gotrip/bc-cms/vendor/laravel/framework/src/Illuminate/Filesystem/Filesystem.php(123): require('...')
#5 /home/lionel/Documents/Junkyard/gotrip/bc-cms/vendor/laravel/framework/src/Illuminate/Filesystem/Filesystem.php(124): Illuminate\\Filesystem\\Filesystem::{closure:Illuminate\\Filesystem\\Filesystem::getRequire():120}()
#6 /home/lionel/Documents/Junkyard/gotrip/bc-cms/vendor/laravel/framework/src/Illuminate/View/Engines/PhpEngine.php(57): Illuminate\\Filesystem\\Filesystem->getRequire()
#7 /home/lionel/Documents/Junkyard/gotrip/bc-cms/vendor/livewire/livewire/src/Mechanisms/ExtendBlade/ExtendedCompilerEngine.php(22): Illuminate\\View\\Engines\\PhpEngine->evaluatePath()
#8 /home/lionel/Documents/Junkyard/gotrip/bc-cms/vendor/laravel/framework/src/Illuminate/View/Engines/CompilerEngine.php(76): Livewire\\Mechanisms\\ExtendBlade\\ExtendedCompilerEngine->evaluatePath()
#9 /home/lionel/Documents/Junkyard/gotrip/bc-cms/vendor/livewire/livewire/src/Mechanisms/ExtendBlade/ExtendedCompilerEngine.php(10): Illuminate\\View\\Engines\\CompilerEngine->get()
#10 /home/lionel/Documents/Junkyard/gotrip/bc-cms/vendor/laravel/framework/src/Illuminate/View/View.php(208): Livewire\\Mechanisms\\ExtendBlade\\ExtendedCompilerEngine->get()
#11 /home/lionel/Documents/Junkyard/gotrip/bc-cms/vendor/laravel/framework/src/Illuminate/View/View.php(191): Illuminate\\View\\View->getContents()
#12 /home/lionel/Documents/Junkyard/gotrip/bc-cms/vendor/laravel/framework/src/Illuminate/View/View.php(160): Illuminate\\View\\View->renderContents()
#13 /home/lionel/Documents/Junkyard/gotrip/bc-cms/vendor/laravel/framework/src/Illuminate/Http/Response.php(78): Illuminate\\View\\View->render()
#14 /home/lionel/Documents/Junkyard/gotrip/bc-cms/vendor/laravel/framework/src/Illuminate/Http/Response.php(34): Illuminate\\Http\\Response->setContent()
#15 /home/lionel/Documents/Junkyard/gotrip/bc-cms/vendor/laravel/framework/src/Illuminate/Routing/Router.php(939): Illuminate\\Http\\Response->__construct()
#16 /home/lionel/Documents/Junkyard/gotrip/bc-cms/vendor/laravel/framework/src/Illuminate/Routing/Router.php(906): Illuminate\\Routing\\Router::toResponse()
#17 /home/lionel/Documents/Junkyard/gotrip/bc-cms/vendor/laravel/framework/src/Illuminate/Routing/Router.php(821): Illuminate\\Routing\\Router->prepareResponse()
#18 /home/lionel/Documents/Junkyard/gotrip/bc-cms/vendor/laravel/framework/src/Illuminate/Pipeline/Pipeline.php(180): Illuminate\\Routing\\Router->{closure:Illuminate\\Routing\\Router::runRouteWithinStack():821}()
#19 /home/lionel/Documents/Junkyard/gotrip/bc-cms/vendor/barryvdh/laravel-debugbar/src/Middleware/InjectDebugbar.php(66): Illuminate\\Pipeline\\Pipeline->{closure:Illuminate\\Pipeline\\Pipeline::prepareDestination():178}()
#20 /home/lionel/Documents/Junkyard/gotrip/bc-cms/vendor/laravel/framework/src/Illuminate/Pipeline/Pipeline.php(219): Barryvdh\\Debugbar\\Middleware\\InjectDebugbar->handle()
#21 /home/lionel/Documents/Junkyard/gotrip/bc-cms/app/Http/Middleware/RequireChangePassword.php(41): Illuminate\\Pipeline\\Pipeline->{closure:{closure:Illuminate\\Pipeline\\Pipeline::carry():194}:195}()
#22 /home/lionel/Documents/Junkyard/gotrip/bc-cms/vendor/laravel/framework/src/Illuminate/Pipeline/Pipeline.php(219): App\\Http\\Middleware\\RequireChangePassword->handle()
#23 /home/lionel/Documents/Junkyard/gotrip/bc-cms/app/Http/Middleware/SetCurrentCurrency.php(48): Illuminate\\Pipeline\\Pipeline->{closure:{closure:Illuminate\\Pipeline\\Pipeline::carry():194}:195}()
#24 /home/lionel/Documents/Junkyard/gotrip/bc-cms/vendor/laravel/framework/src/Illuminate/Pipeline/Pipeline.php(219): App\\Http\\Middleware\\SetCurrentCurrency->handle()
#25 /home/lionel/Documents/Junkyard/gotrip/bc-cms/app/Http/Middleware/SetLanguageForAdmin.php(37): Illuminate\\Pipeline\\Pipeline->{closure:{closure:Illuminate\\Pipeline\\Pipeline::carry():194}:195}()
#26 /home/lionel/Documents/Junkyard/gotrip/bc-cms/vendor/laravel/framework/src/Illuminate/Pipeline/Pipeline.php(219): App\\Http\\Middleware\\SetLanguageForAdmin->handle()
#27 /home/lionel/Documents/Junkyard/gotrip/bc-cms/app/Http/Middleware/RedirectForMultiLanguage.php(58): Illuminate\\Pipeline\\Pipeline->{closure:{closure:Illuminate\\Pipeline\\Pipeline::carry():194}:195}()
#28 /home/lionel/Documents/Junkyard/gotrip/bc-cms/vendor/laravel/framework/src/Illuminate/Pipeline/Pipeline.php(219): App\\Http\\Middleware\\RedirectForMultiLanguage->handle()
#29 /home/lionel/Documents/Junkyard/gotrip/bc-cms/app/Http/Middleware/FrontendGuard.php(67): Illuminate\\Pipeline\\Pipeline->{closure:{closure:Illuminate\\Pipeline\\Pipeline::carry():194}:195}()
#30 /home/lionel/Documents/Junkyard/gotrip/bc-cms/vendor/laravel/framework/src/Illuminate/Pipeline/Pipeline.php(219): App\\Http\\Middleware\\FrontendGuard->handle()
#31 /home/lionel/Documents/Junkyard/gotrip/bc-cms/vendor/laravel/framework/src/Illuminate/Routing/Middleware/SubstituteBindings.php(50): Illuminate\\Pipeline\\Pipeline->{closure:{closure:Illuminate\\Pipeline\\Pipeline::carry():194}:195}()
#32 /home/lionel/Documents/Junkyard/gotrip/bc-cms/vendor/laravel/framework/src/Illuminate/Pipeline/Pipeline.php(219): Illuminate\\Routing\\Middleware\\SubstituteBindings->handle()
#33 /home/lionel/Documents/Junkyard/gotrip/bc-cms/vendor/laravel/framework/src/Illuminate/Auth/Middleware/Authenticate.php(63): Illuminate\\Pipeline\\Pipeline->{closure:{closure:Illuminate\\Pipeline\\Pipeline::carry():194}:195}()
#34 /home/lionel/Documents/Junkyard/gotrip/bc-cms/vendor/laravel/framework/src/Illuminate/Pipeline/Pipeline.php(219): Illuminate\\Auth\\Middleware\\Authenticate->handle()
#35 /home/lionel/Documents/Junkyard/gotrip/bc-cms/vendor/laravel/framework/src/Illuminate/Foundation/Http/Middleware/VerifyCsrfToken.php(87): Illuminate\\Pipeline\\Pipeline->{closure:{closure:Illuminate\\Pipeline\\Pipeline::carry():194}:195}()
#36 /home/lionel/Documents/Junkyard/gotrip/bc-cms/vendor/laravel/framework/src/Illuminate/Pipeline/Pipeline.php(219): Illuminate\\Foundation\\Http\\Middleware\\VerifyCsrfToken->handle()
#37 /home/lionel/Documents/Junkyard/gotrip/bc-cms/vendor/laravel/framework/src/Illuminate/View/Middleware/ShareErrorsFromSession.php(48): Illuminate\\Pipeline\\Pipeline->{closure:{closure:Illuminate\\Pipeline\\Pipeline::carry():194}:195}()
#38 /home/lionel/Documents/Junkyard/gotrip/bc-cms/vendor/laravel/framework/src/Illuminate/Pipeline/Pipeline.php(219): Illuminate\\View\\Middleware\\ShareErrorsFromSession->handle()
#39 /home/lionel/Documents/Junkyard/gotrip/bc-cms/vendor/laravel/framework/src/Illuminate/Session/Middleware/StartSession.php(120): Illuminate\\Pipeline\\Pipeline->{closure:{closure:Illuminate\\Pipeline\\Pipeline::carry():194}:195}()
#40 /home/lionel/Documents/Junkyard/gotrip/bc-cms/vendor/laravel/framework/src/Illuminate/Session/Middleware/StartSession.php(63): Illuminate\\Session\\Middleware\\StartSession->handleStatefulRequest()
#41 /home/lionel/Documents/Junkyard/gotrip/bc-cms/vendor/laravel/framework/src/Illuminate/Pipeline/Pipeline.php(219): Illuminate\\Session\\Middleware\\StartSession->handle()
#42 /home/lionel/Documents/Junkyard/gotrip/bc-cms/vendor/laravel/framework/src/Illuminate/Cookie/Middleware/AddQueuedCookiesToResponse.php(36): Illuminate\\Pipeline\\Pipeline->{closure:{closure:Illuminate\\Pipeline\\Pipeline::carry():194}:195}()
#43 /home/lionel/Documents/Junkyard/gotrip/bc-cms/vendor/laravel/framework/src/Illuminate/Pipeline/Pipeline.php(219): Illuminate\\Cookie\\Middleware\\AddQueuedCookiesToResponse->handle()
#44 /home/lionel/Documents/Junkyard/gotrip/bc-cms/vendor/laravel/framework/src/Illuminate/Cookie/Middleware/EncryptCookies.php(74): Illuminate\\Pipeline\\Pipeline->{closure:{closure:Illuminate\\Pipeline\\Pipeline::carry():194}:195}()
#45 /home/lionel/Documents/Junkyard/gotrip/bc-cms/vendor/laravel/framework/src/Illuminate/Pipeline/Pipeline.php(219): Illuminate\\Cookie\\Middleware\\EncryptCookies->handle()
#46 /home/lionel/Documents/Junkyard/gotrip/bc-cms/vendor/laravel/framework/src/Illuminate/Pipeline/Pipeline.php(137): Illuminate\\Pipeline\\Pipeline->{closure:{closure:Illuminate\\Pipeline\\Pipeline::carry():194}:195}()
#47 /home/lionel/Documents/Junkyard/gotrip/bc-cms/vendor/laravel/framework/src/Illuminate/Routing/Router.php(821): Illuminate\\Pipeline\\Pipeline->then()
#48 /home/lionel/Documents/Junkyard/gotrip/bc-cms/vendor/laravel/framework/src/Illuminate/Routing/Router.php(800): Illuminate\\Routing\\Router->runRouteWithinStack()
#49 /home/lionel/Documents/Junkyard/gotrip/bc-cms/vendor/laravel/framework/src/Illuminate/Routing/Router.php(764): Illuminate\\Routing\\Router->runRoute()
#50 /home/lionel/Documents/Junkyard/gotrip/bc-cms/vendor/laravel/framework/src/Illuminate/Routing/Router.php(753): Illuminate\\Routing\\Router->dispatchToRoute()
#51 /home/lionel/Documents/Junkyard/gotrip/bc-cms/vendor/laravel/framework/src/Illuminate/Foundation/Http/Kernel.php(200): Illuminate\\Routing\\Router->dispatch()
#52 /home/lionel/Documents/Junkyard/gotrip/bc-cms/vendor/laravel/framework/src/Illuminate/Pipeline/Pipeline.php(180): Illuminate\\Foundation\\Http\\Kernel->{closure:Illuminate\\Foundation\\Http\\Kernel::dispatchToRouter():197}()
#53 /home/lionel/Documents/Junkyard/gotrip/bc-cms/themes/Base/Core/Middleware/RunUpdater.php(77): Illuminate\\Pipeline\\Pipeline->{closure:Illuminate\\Pipeline\\Pipeline::prepareDestination():178}()
#54 /home/lionel/Documents/Junkyard/gotrip/bc-cms/vendor/laravel/framework/src/Illuminate/Pipeline/Pipeline.php(219): Themes\\Base\\Core\\Middleware\\RunUpdater->handle()
#55 /home/lionel/Documents/Junkyard/gotrip/bc-cms/vendor/livewire/livewire/src/Features/SupportDisablingBackButtonCache/DisableBackButtonCacheMiddleware.php(19): Illuminate\\Pipeline\\Pipeline->{closure:{closure:Illuminate\\Pipeline\\Pipeline::carry():194}:195}()
#56 /home/lionel/Documents/Junkyard/gotrip/bc-cms/vendor/laravel/framework/src/Illuminate/Pipeline/Pipeline.php(219): Livewire\\Features\\SupportDisablingBackButtonCache\\DisableBackButtonCacheMiddleware->handle()
#57 /home/lionel/Documents/Junkyard/gotrip/bc-cms/vendor/barryvdh/laravel-debugbar/src/Middleware/InjectDebugbar.php(66): Illuminate\\Pipeline\\Pipeline->{closure:{closure:Illuminate\\Pipeline\\Pipeline::carry():194}:195}()
#58 /home/lionel/Documents/Junkyard/gotrip/bc-cms/vendor/laravel/framework/src/Illuminate/Pipeline/Pipeline.php(219): Barryvdh\\Debugbar\\Middleware\\InjectDebugbar->handle()
#59 /home/lionel/Documents/Junkyard/gotrip/bc-cms/app/Http/Middleware/RedirectToInstaller.php(40): Illuminate\\Pipeline\\Pipeline->{closure:{closure:Illuminate\\Pipeline\\Pipeline::carry():194}:195}()
#60 /home/lionel/Documents/Junkyard/gotrip/bc-cms/vendor/laravel/framework/src/Illuminate/Pipeline/Pipeline.php(219): App\\Http\\Middleware\\RedirectToInstaller->handle()
#61 /home/lionel/Documents/Junkyard/gotrip/bc-cms/vendor/laravel/framework/src/Illuminate/Foundation/Http/Middleware/TransformsRequest.php(21): Illuminate\\Pipeline\\Pipeline->{closure:{closure:Illuminate\\Pipeline\\Pipeline::carry():194}:195}()
#62 /home/lionel/Documents/Junkyard/gotrip/bc-cms/vendor/laravel/framework/src/Illuminate/Foundation/Http/Middleware/ConvertEmptyStringsToNull.php(31): Illuminate\\Foundation\\Http\\Middleware\\TransformsRequest->handle()
#63 /home/lionel/Documents/Junkyard/gotrip/bc-cms/vendor/laravel/framework/src/Illuminate/Pipeline/Pipeline.php(219): Illuminate\\Foundation\\Http\\Middleware\\ConvertEmptyStringsToNull->handle()
#64 /home/lionel/Documents/Junkyard/gotrip/bc-cms/vendor/laravel/framework/src/Illuminate/Foundation/Http/Middleware/TransformsRequest.php(21): Illuminate\\Pipeline\\Pipeline->{closure:{closure:Illuminate\\Pipeline\\Pipeline::carry():194}:195}()
#65 /home/lionel/Documents/Junkyard/gotrip/bc-cms/vendor/laravel/framework/src/Illuminate/Foundation/Http/Middleware/TrimStrings.php(51): Illuminate\\Foundation\\Http\\Middleware\\TransformsRequest->handle()
#66 /home/lionel/Documents/Junkyard/gotrip/bc-cms/vendor/laravel/framework/src/Illuminate/Pipeline/Pipeline.php(219): Illuminate\\Foundation\\Http\\Middleware\\TrimStrings->handle()
#67 /home/lionel/Documents/Junkyard/gotrip/bc-cms/vendor/laravel/framework/src/Illuminate/Http/Middleware/ValidatePostSize.php(27): Illuminate\\Pipeline\\Pipeline->{closure:{closure:Illuminate\\Pipeline\\Pipeline::carry():194}:195}()
#68 /home/lionel/Documents/Junkyard/gotrip/bc-cms/vendor/laravel/framework/src/Illuminate/Pipeline/Pipeline.php(219): Illuminate\\Http\\Middleware\\ValidatePostSize->handle()
#69 /home/lionel/Documents/Junkyard/gotrip/bc-cms/vendor/laravel/framework/src/Illuminate/Foundation/Http/Middleware/PreventRequestsDuringMaintenance.php(109): Illuminate\\Pipeline\\Pipeline->{closure:{closure:Illuminate\\Pipeline\\Pipeline::carry():194}:195}()
#70 /home/lionel/Documents/Junkyard/gotrip/bc-cms/vendor/laravel/framework/src/Illuminate/Pipeline/Pipeline.php(219): Illuminate\\Foundation\\Http\\Middleware\\PreventRequestsDuringMaintenance->handle()
#71 /home/lionel/Documents/Junkyard/gotrip/bc-cms/vendor/laravel/framework/src/Illuminate/Http/Middleware/HandleCors.php(48): Illuminate\\Pipeline\\Pipeline->{closure:{closure:Illuminate\\Pipeline\\Pipeline::carry():194}:195}()
#72 /home/lionel/Documents/Junkyard/gotrip/bc-cms/vendor/laravel/framework/src/Illuminate/Pipeline/Pipeline.php(219): Illuminate\\Http\\Middleware\\HandleCors->handle()
#73 /home/lionel/Documents/Junkyard/gotrip/bc-cms/vendor/laravel/framework/src/Illuminate/Http/Middleware/TrustProxies.php(58): Illuminate\\Pipeline\\Pipeline->{closure:{closure:Illuminate\\Pipeline\\Pipeline::carry():194}:195}()
#74 /home/lionel/Documents/Junkyard/gotrip/bc-cms/vendor/laravel/framework/src/Illuminate/Pipeline/Pipeline.php(219): Illuminate\\Http\\Middleware\\TrustProxies->handle()
#75 /home/lionel/Documents/Junkyard/gotrip/bc-cms/vendor/laravel/framework/src/Illuminate/Foundation/Http/Middleware/InvokeDeferredCallbacks.php(22): Illuminate\\Pipeline\\Pipeline->{closure:{closure:Illuminate\\Pipeline\\Pipeline::carry():194}:195}()
#76 /home/lionel/Documents/Junkyard/gotrip/bc-cms/vendor/laravel/framework/src/Illuminate/Pipeline/Pipeline.php(219): Illuminate\\Foundation\\Http\\Middleware\\InvokeDeferredCallbacks->handle()
#77 /home/lionel/Documents/Junkyard/gotrip/bc-cms/vendor/laravel/framework/src/Illuminate/Http/Middleware/ValidatePathEncoding.php(26): Illuminate\\Pipeline\\Pipeline->{closure:{closure:Illuminate\\Pipeline\\Pipeline::carry():194}:195}()
#78 /home/lionel/Documents/Junkyard/gotrip/bc-cms/vendor/laravel/framework/src/Illuminate/Pipeline/Pipeline.php(219): Illuminate\\Http\\Middleware\\ValidatePathEncoding->handle()
#79 /home/lionel/Documents/Junkyard/gotrip/bc-cms/vendor/laravel/framework/src/Illuminate/Pipeline/Pipeline.php(137): Illuminate\\Pipeline\\Pipeline->{closure:{closure:Illuminate\\Pipeline\\Pipeline::carry():194}:195}()
#80 /home/lionel/Documents/Junkyard/gotrip/bc-cms/vendor/laravel/framework/src/Illuminate/Foundation/Http/Kernel.php(175): Illuminate\\Pipeline\\Pipeline->then()
#81 /home/lionel/Documents/Junkyard/gotrip/bc-cms/vendor/laravel/framework/src/Illuminate/Foundation/Http/Kernel.php(144): Illuminate\\Foundation\\Http\\Kernel->sendRequestThroughRouter()
#82 /home/lionel/Documents/Junkyard/gotrip/bc-cms/vendor/laravel/framework/src/Illuminate/Foundation/Application.php(1219): Illuminate\\Foundation\\Http\\Kernel->handle()
#83 /home/lionel/Documents/Junkyard/gotrip/public_html/index.php(84): Illuminate\\Foundation\\Application->handleRequest()
#84 /home/lionel/Documents/Junkyard/gotrip/bc-cms/server.php(43): require_once('...')
#85 {main}
"} 
[2026-05-25 01:32:11] local.ERROR: No hint path defined for [Tanova_trip]. {"view":{"view":"/home/lionel/Documents/Junkyard/gotrip/bc-cms/themes/GoTrip/Vendor/Views/frontend/bookingReport/index.blade.php","data":[]},"userId":6,"exception":"[object] (Spatie\\LaravelIgnition\\Exceptions\\ViewException(code: 0): No hint path defined for [Tanova_trip]. at /home/lionel/Documents/Junkyard/gotrip/bc-cms/vendor/laravel/framework/src/Illuminate/View/FileViewFinder.php:111)
[stacktrace]
#0 /home/lionel/Documents/Junkyard/gotrip/bc-cms/vendor/laravel/framework/src/Illuminate/View/FileViewFinder.php(89): Illuminate\\View\\FileViewFinder->parseNamespaceSegments()
#1 /home/lionel/Documents/Junkyard/gotrip/bc-cms/vendor/laravel/framework/src/Illuminate/View/FileViewFinder.php(75): Illuminate\\View\\FileViewFinder->findNamespacedView()
#2 /home/lionel/Documents/Junkyard/gotrip/bc-cms/vendor/laravel/framework/src/Illuminate/View/Factory.php(150): Illuminate\\View\\FileViewFinder->find()
#3 /home/lionel/Documents/Junkyard/gotrip/bc-cms/themes/GoTrip/Vendor/Views/frontend/bookingReport/index.blade.php(51): Illuminate\\View\\Factory->make()
#4 /home/lionel/Documents/Junkyard/gotrip/bc-cms/vendor/laravel/framework/src/Illuminate/Filesystem/Filesystem.php(123): require('...')
#5 /home/lionel/Documents/Junkyard/gotrip/bc-cms/vendor/laravel/framework/src/Illuminate/Filesystem/Filesystem.php(124): Illuminate\\Filesystem\\Filesystem::{closure:Illuminate\\Filesystem\\Filesystem::getRequire():120}()
#6 /home/lionel/Documents/Junkyard/gotrip/bc-cms/vendor/laravel/framework/src/Illuminate/View/Engines/PhpEngine.php(57): Illuminate\\Filesystem\\Filesystem->getRequire()
#7 /home/lionel/Documents/Junkyard/gotrip/bc-cms/vendor/livewire/livewire/src/Mechanisms/ExtendBlade/ExtendedCompilerEngine.php(22): Illuminate\\View\\Engines\\PhpEngine->evaluatePath()
#8 /home/lionel/Documents/Junkyard/gotrip/bc-cms/vendor/laravel/framework/src/Illuminate/View/Engines/CompilerEngine.php(76): Livewire\\Mechanisms\\ExtendBlade\\ExtendedCompilerEngine->evaluatePath()
#9 /home/lionel/Documents/Junkyard/gotrip/bc-cms/vendor/livewire/livewire/src/Mechanisms/ExtendBlade/ExtendedCompilerEngine.php(10): Illuminate\\View\\Engines\\CompilerEngine->get()
#10 /home/lionel/Documents/Junkyard/gotrip/bc-cms/vendor/laravel/framework/src/Illuminate/View/View.php(208): Livewire\\Mechanisms\\ExtendBlade\\ExtendedCompilerEngine->get()
#11 /home/lionel/Documents/Junkyard/gotrip/bc-cms/vendor/laravel/framework/src/Illuminate/View/View.php(191): Illuminate\\View\\View->getContents()
#12 /home/lionel/Documents/Junkyard/gotrip/bc-cms/vendor/laravel/framework/src/Illuminate/View/View.php(160): Illuminate\\View\\View->renderContents()
#13 /home/lionel/Documents/Junkyard/gotrip/bc-cms/vendor/laravel/framework/src/Illuminate/Http/Response.php(78): Illuminate\\View\\View->render()
#14 /home/lionel/Documents/Junkyard/gotrip/bc-cms/vendor/laravel/framework/src/Illuminate/Http/Response.php(34): Illuminate\\Http\\Response->setContent()
#15 /home/lionel/Documents/Junkyard/gotrip/bc-cms/vendor/laravel/framework/src/Illuminate/Routing/Router.php(939): Illuminate\\Http\\Response->__construct()
#16 /home/lionel/Documents/Junkyard/gotrip/bc-cms/vendor/laravel/framework/src/Illuminate/Routing/Router.php(906): Illuminate\\Routing\\Router::toResponse()
#17 /home/lionel/Documents/Junkyard/gotrip/bc-cms/vendor/laravel/framework/src/Illuminate/Routing/Router.php(821): Illuminate\\Routing\\Router->prepareResponse()
#18 /home/lionel/Documents/Junkyard/gotrip/bc-cms/vendor/laravel/framework/src/Illuminate/Pipeline/Pipeline.php(180): Illuminate\\Routing\\Router->{closure:Illuminate\\Routing\\Router::runRouteWithinStack():821}()
#19 /home/lionel/Documents/Junkyard/gotrip/bc-cms/vendor/barryvdh/laravel-debugbar/src/Middleware/InjectDebugbar.php(66): Illuminate\\Pipeline\\Pipeline->{closure:Illuminate\\Pipeline\\Pipeline::prepareDestination():178}()
#20 /home/lionel/Documents/Junkyard/gotrip/bc-cms/vendor/laravel/framework/src/Illuminate/Pipeline/Pipeline.php(219): Barryvdh\\Debugbar\\Middleware\\InjectDebugbar->handle()
#21 /home/lionel/Documents/Junkyard/gotrip/bc-cms/app/Http/Middleware/RequireChangePassword.php(41): Illuminate\\Pipeline\\Pipeline->{closure:{closure:Illuminate\\Pipeline\\Pipeline::carry():194}:195}()
#22 /home/lionel/Documents/Junkyard/gotrip/bc-cms/vendor/laravel/framework/src/Illuminate/Pipeline/Pipeline.php(219): App\\Http\\Middleware\\RequireChangePassword->handle()
#23 /home/lionel/Documents/Junkyard/gotrip/bc-cms/app/Http/Middleware/SetCurrentCurrency.php(48): Illuminate\\Pipeline\\Pipeline->{closure:{closure:Illuminate\\Pipeline\\Pipeline::carry():194}:195}()
#24 /home/lionel/Documents/Junkyard/gotrip/bc-cms/vendor/laravel/framework/src/Illuminate/Pipeline/Pipeline.php(219): App\\Http\\Middleware\\SetCurrentCurrency->handle()
#25 /home/lionel/Documents/Junkyard/gotrip/bc-cms/app/Http/Middleware/SetLanguageForAdmin.php(37): Illuminate\\Pipeline\\Pipeline->{closure:{closure:Illuminate\\Pipeline\\Pipeline::carry():194}:195}()
#26 /home/lionel/Documents/Junkyard/gotrip/bc-cms/vendor/laravel/framework/src/Illuminate/Pipeline/Pipeline.php(219): App\\Http\\Middleware\\SetLanguageForAdmin->handle()
#27 /home/lionel/Documents/Junkyard/gotrip/bc-cms/app/Http/Middleware/RedirectForMultiLanguage.php(58): Illuminate\\Pipeline\\Pipeline->{closure:{closure:Illuminate\\Pipeline\\Pipeline::carry():194}:195}()
#28 /home/lionel/Documents/Junkyard/gotrip/bc-cms/vendor/laravel/framework/src/Illuminate/Pipeline/Pipeline.php(219): App\\Http\\Middleware\\RedirectForMultiLanguage->handle()
#29 /home/lionel/Documents/Junkyard/gotrip/bc-cms/app/Http/Middleware/FrontendGuard.php(67): Illuminate\\Pipeline\\Pipeline->{closure:{closure:Illuminate\\Pipeline\\Pipeline::carry():194}:195}()
#30 /home/lionel/Documents/Junkyard/gotrip/bc-cms/vendor/laravel/framework/src/Illuminate/Pipeline/Pipeline.php(219): App\\Http\\Middleware\\FrontendGuard->handle()
#31 /home/lionel/Documents/Junkyard/gotrip/bc-cms/vendor/laravel/framework/src/Illuminate/Routing/Middleware/SubstituteBindings.php(50): Illuminate\\Pipeline\\Pipeline->{closure:{closure:Illuminate\\Pipeline\\Pipeline::carry():194}:195}()
#32 /home/lionel/Documents/Junkyard/gotrip/bc-cms/vendor/laravel/framework/src/Illuminate/Pipeline/Pipeline.php(219): Illuminate\\Routing\\Middleware\\SubstituteBindings->handle()
#33 /home/lionel/Documents/Junkyard/gotrip/bc-cms/vendor/laravel/framework/src/Illuminate/Auth/Middleware/Authenticate.php(63): Illuminate\\Pipeline\\Pipeline->{closure:{closure:Illuminate\\Pipeline\\Pipeline::carry():194}:195}()
#34 /home/lionel/Documents/Junkyard/gotrip/bc-cms/vendor/laravel/framework/src/Illuminate/Pipeline/Pipeline.php(219): Illuminate\\Auth\\Middleware\\Authenticate->handle()
#35 /home/lionel/Documents/Junkyard/gotrip/bc-cms/vendor/laravel/framework/src/Illuminate/Foundation/Http/Middleware/VerifyCsrfToken.php(87): Illuminate\\Pipeline\\Pipeline->{closure:{closure:Illuminate\\Pipeline\\Pipeline::carry():194}:195}()
#36 /home/lionel/Documents/Junkyard/gotrip/bc-cms/vendor/laravel/framework/src/Illuminate/Pipeline/Pipeline.php(219): Illuminate\\Foundation\\Http\\Middleware\\VerifyCsrfToken->handle()
#37 /home/lionel/Documents/Junkyard/gotrip/bc-cms/vendor/laravel/framework/src/Illuminate/View/Middleware/ShareErrorsFromSession.php(48): Illuminate\\Pipeline\\Pipeline->{closure:{closure:Illuminate\\Pipeline\\Pipeline::carry():194}:195}()
#38 /home/lionel/Documents/Junkyard/gotrip/bc-cms/vendor/laravel/framework/src/Illuminate/Pipeline/Pipeline.php(219): Illuminate\\View\\Middleware\\ShareErrorsFromSession->handle()
#39 /home/lionel/Documents/Junkyard/gotrip/bc-cms/vendor/laravel/framework/src/Illuminate/Session/Middleware/StartSession.php(120): Illuminate\\Pipeline\\Pipeline->{closure:{closure:Illuminate\\Pipeline\\Pipeline::carry():194}:195}()
#40 /home/lionel/Documents/Junkyard/gotrip/bc-cms/vendor/laravel/framework/src/Illuminate/Session/Middleware/StartSession.php(63): Illuminate\\Session\\Middleware\\StartSession->handleStatefulRequest()
#41 /home/lionel/Documents/Junkyard/gotrip/bc-cms/vendor/laravel/framework/src/Illuminate/Pipeline/Pipeline.php(219): Illuminate\\Session\\Middleware\\StartSession->handle()
#42 /home/lionel/Documents/Junkyard/gotrip/bc-cms/vendor/laravel/framework/src/Illuminate/Cookie/Middleware/AddQueuedCookiesToResponse.php(36): Illuminate\\Pipeline\\Pipeline->{closure:{closure:Illuminate\\Pipeline\\Pipeline::carry():194}:195}()
#43 /home/lionel/Documents/Junkyard/gotrip/bc-cms/vendor/laravel/framework/src/Illuminate/Pipeline/Pipeline.php(219): Illuminate\\Cookie\\Middleware\\AddQueuedCookiesToResponse->handle()
#44 /home/lionel/Documents/Junkyard/gotrip/bc-cms/vendor/laravel/framework/src/Illuminate/Cookie/Middleware/EncryptCookies.php(74): Illuminate\\Pipeline\\Pipeline->{closure:{closure:Illuminate\\Pipeline\\Pipeline::carry():194}:195}()
#45 /home/lionel/Documents/Junkyard/gotrip/bc-cms/vendor/laravel/framework/src/Illuminate/Pipeline/Pipeline.php(219): Illuminate\\Cookie\\Middleware\\EncryptCookies->handle()
#46 /home/lionel/Documents/Junkyard/gotrip/bc-cms/vendor/laravel/framework/src/Illuminate/Pipeline/Pipeline.php(137): Illuminate\\Pipeline\\Pipeline->{closure:{closure:Illuminate\\Pipeline\\Pipeline::carry():194}:195}()
#47 /home/lionel/Documents/Junkyard/gotrip/bc-cms/vendor/laravel/framework/src/Illuminate/Routing/Router.php(821): Illuminate\\Pipeline\\Pipeline->then()
#48 /home/lionel/Documents/Junkyard/gotrip/bc-cms/vendor/laravel/framework/src/Illuminate/Routing/Router.php(800): Illuminate\\Routing\\Router->runRouteWithinStack()
#49 /home/lionel/Documents/Junkyard/gotrip/bc-cms/vendor/laravel/framework/src/Illuminate/Routing/Router.php(764): Illuminate\\Routing\\Router->runRoute()
#50 /home/lionel/Documents/Junkyard/gotrip/bc-cms/vendor/laravel/framework/src/Illuminate/Routing/Router.php(753): Illuminate\\Routing\\Router->dispatchToRoute()
#51 /home/lionel/Documents/Junkyard/gotrip/bc-cms/vendor/laravel/framework/src/Illuminate/Foundation/Http/Kernel.php(200): Illuminate\\Routing\\Router->dispatch()
#52 /home/lionel/Documents/Junkyard/gotrip/bc-cms/vendor/laravel/framework/src/Illuminate/Pipeline/Pipeline.php(180): Illuminate\\Foundation\\Http\\Kernel->{closure:Illuminate\\Foundation\\Http\\Kernel::dispatchToRouter():197}()
#53 /home/lionel/Documents/Junkyard/gotrip/bc-cms/themes/Base/Core/Middleware/RunUpdater.php(77): Illuminate\\Pipeline\\Pipeline->{closure:Illuminate\\Pipeline\\Pipeline::prepareDestination():178}()
#54 /home/lionel/Documents/Junkyard/gotrip/bc-cms/vendor/laravel/framework/src/Illuminate/Pipeline/Pipeline.php(219): Themes\\Base\\Core\\Middleware\\RunUpdater->handle()
#55 /home/lionel/Documents/Junkyard/gotrip/bc-cms/vendor/livewire/livewire/src/Features/SupportDisablingBackButtonCache/DisableBackButtonCacheMiddleware.php(19): Illuminate\\Pipeline\\Pipeline->{closure:{closure:Illuminate\\Pipeline\\Pipeline::carry():194}:195}()
#56 /home/lionel/Documents/Junkyard/gotrip/bc-cms/vendor/laravel/framework/src/Illuminate/Pipeline/Pipeline.php(219): Livewire\\Features\\SupportDisablingBackButtonCache\\DisableBackButtonCacheMiddleware->handle()
#57 /home/lionel/Documents/Junkyard/gotrip/bc-cms/vendor/barryvdh/laravel-debugbar/src/Middleware/InjectDebugbar.php(66): Illuminate\\Pipeline\\Pipeline->{closure:{closure:Illuminate\\Pipeline\\Pipeline::carry():194}:195}()
#58 /home/lionel/Documents/Junkyard/gotrip/bc-cms/vendor/laravel/framework/src/Illuminate/Pipeline/Pipeline.php(219): Barryvdh\\Debugbar\\Middleware\\InjectDebugbar->handle()
#59 /home/lionel/Documents/Junkyard/gotrip/bc-cms/app/Http/Middleware/RedirectToInstaller.php(40): Illuminate\\Pipeline\\Pipeline->{closure:{closure:Illuminate\\Pipeline\\Pipeline::carry():194}:195}()
#60 /home/lionel/Documents/Junkyard/gotrip/bc-cms/vendor/laravel/framework/src/Illuminate/Pipeline/Pipeline.php(219): App\\Http\\Middleware\\RedirectToInstaller->handle()
#61 /home/lionel/Documents/Junkyard/gotrip/bc-cms/vendor/laravel/framework/src/Illuminate/Foundation/Http/Middleware/TransformsRequest.php(21): Illuminate\\Pipeline\\Pipeline->{closure:{closure:Illuminate\\Pipeline\\Pipeline::carry():194}:195}()
#62 /home/lionel/Documents/Junkyard/gotrip/bc-cms/vendor/laravel/framework/src/Illuminate/Foundation/Http/Middleware/ConvertEmptyStringsToNull.php(31): Illuminate\\Foundation\\Http\\Middleware\\TransformsRequest->handle()
#63 /home/lionel/Documents/Junkyard/gotrip/bc-cms/vendor/laravel/framework/src/Illuminate/Pipeline/Pipeline.php(219): Illuminate\\Foundation\\Http\\Middleware\\ConvertEmptyStringsToNull->handle()
#64 /home/lionel/Documents/Junkyard/gotrip/bc-cms/vendor/laravel/framework/src/Illuminate/Foundation/Http/Middleware/TransformsRequest.php(21): Illuminate\\Pipeline\\Pipeline->{closure:{closure:Illuminate\\Pipeline\\Pipeline::carry():194}:195}()
#65 /home/lionel/Documents/Junkyard/gotrip/bc-cms/vendor/laravel/framework/src/Illuminate/Foundation/Http/Middleware/TrimStrings.php(51): Illuminate\\Foundation\\Http\\Middleware\\TransformsRequest->handle()
#66 /home/lionel/Documents/Junkyard/gotrip/bc-cms/vendor/laravel/framework/src/Illuminate/Pipeline/Pipeline.php(219): Illuminate\\Foundation\\Http\\Middleware\\TrimStrings->handle()
#67 /home/lionel/Documents/Junkyard/gotrip/bc-cms/vendor/laravel/framework/src/Illuminate/Http/Middleware/ValidatePostSize.php(27): Illuminate\\Pipeline\\Pipeline->{closure:{closure:Illuminate\\Pipeline\\Pipeline::carry():194}:195}()
#68 /home/lionel/Documents/Junkyard/gotrip/bc-cms/vendor/laravel/framework/src/Illuminate/Pipeline/Pipeline.php(219): Illuminate\\Http\\Middleware\\ValidatePostSize->handle()
#69 /home/lionel/Documents/Junkyard/gotrip/bc-cms/vendor/laravel/framework/src/Illuminate/Foundation/Http/Middleware/PreventRequestsDuringMaintenance.php(109): Illuminate\\Pipeline\\Pipeline->{closure:{closure:Illuminate\\Pipeline\\Pipeline::carry():194}:195}()
#70 /home/lionel/Documents/Junkyard/gotrip/bc-cms/vendor/laravel/framework/src/Illuminate/Pipeline/Pipeline.php(219): Illuminate\\Foundation\\Http\\Middleware\\PreventRequestsDuringMaintenance->handle()
#71 /home/lionel/Documents/Junkyard/gotrip/bc-cms/vendor/laravel/framework/src/Illuminate/Http/Middleware/HandleCors.php(48): Illuminate\\Pipeline\\Pipeline->{closure:{closure:Illuminate\\Pipeline\\Pipeline::carry():194}:195}()
#72 /home/lionel/Documents/Junkyard/gotrip/bc-cms/vendor/laravel/framework/src/Illuminate/Pipeline/Pipeline.php(219): Illuminate\\Http\\Middleware\\HandleCors->handle()
#73 /home/lionel/Documents/Junkyard/gotrip/bc-cms/vendor/laravel/framework/src/Illuminate/Http/Middleware/TrustProxies.php(58): Illuminate\\Pipeline\\Pipeline->{closure:{closure:Illuminate\\Pipeline\\Pipeline::carry():194}:195}()
#74 /home/lionel/Documents/Junkyard/gotrip/bc-cms/vendor/laravel/framework/src/Illuminate/Pipeline/Pipeline.php(219): Illuminate\\Http\\Middleware\\TrustProxies->handle()
#75 /home/lionel/Documents/Junkyard/gotrip/bc-cms/vendor/laravel/framework/src/Illuminate/Foundation/Http/Middleware/InvokeDeferredCallbacks.php(22): Illuminate\\Pipeline\\Pipeline->{closure:{closure:Illuminate\\Pipeline\\Pipeline::carry():194}:195}()
#76 /home/lionel/Documents/Junkyard/gotrip/bc-cms/vendor/laravel/framework/src/Illuminate/Pipeline/Pipeline.php(219): Illuminate\\Foundation\\Http\\Middleware\\InvokeDeferredCallbacks->handle()
#77 /home/lionel/Documents/Junkyard/gotrip/bc-cms/vendor/laravel/framework/src/Illuminate/Http/Middleware/ValidatePathEncoding.php(26): Illuminate\\Pipeline\\Pipeline->{closure:{closure:Illuminate\\Pipeline\\Pipeline::carry():194}:195}()
#78 /home/lionel/Documents/Junkyard/gotrip/bc-cms/vendor/laravel/framework/src/Illuminate/Pipeline/Pipeline.php(219): Illuminate\\Http\\Middleware\\ValidatePathEncoding->handle()
#79 /home/lionel/Documents/Junkyard/gotrip/bc-cms/vendor/laravel/framework/src/Illuminate/Pipeline/Pipeline.php(137): Illuminate\\Pipeline\\Pipeline->{closure:{closure:Illuminate\\Pipeline\\Pipeline::carry():194}:195}()
#80 /home/lionel/Documents/Junkyard/gotrip/bc-cms/vendor/laravel/framework/src/Illuminate/Foundation/Http/Kernel.php(175): Illuminate\\Pipeline\\Pipeline->then()
#81 /home/lionel/Documents/Junkyard/gotrip/bc-cms/vendor/laravel/framework/src/Illuminate/Foundation/Http/Kernel.php(144): Illuminate\\Foundation\\Http\\Kernel->sendRequestThroughRouter()
#82 /home/lionel/Documents/Junkyard/gotrip/bc-cms/vendor/laravel/framework/src/Illuminate/Foundation/Application.php(1219): Illuminate\\Foundation\\Http\\Kernel->handle()
#83 /home/lionel/Documents/Junkyard/gotrip/public_html/index.php(84): Illuminate\\Foundation\\Application->handleRequest()
#84 /home/lionel/Documents/Junkyard/gotrip/bc-cms/server.php(43): require_once('...')
#85 {main}

[previous exception] [object] (InvalidArgumentException(code: 0): No hint path defined for [Tanova_trip]. at /home/lionel/Documents/Junkyard/gotrip/bc-cms/vendor/laravel/framework/src/Illuminate/View/FileViewFinder.php:111)
[stacktrace]
#0 /home/lionel/Documents/Junkyard/gotrip/bc-cms/vendor/laravel/framework/src/Illuminate/View/FileViewFinder.php(89): Illuminate\\View\\FileViewFinder->parseNamespaceSegments()
#1 /home/lionel/Documents/Junkyard/gotrip/bc-cms/vendor/laravel/framework/src/Illuminate/View/FileViewFinder.php(75): Illuminate\\View\\FileViewFinder->findNamespacedView()
#2 /home/lionel/Documents/Junkyard/gotrip/bc-cms/vendor/laravel/framework/src/Illuminate/View/Factory.php(150): Illuminate\\View\\FileViewFinder->find()
#3 /home/lionel/Documents/Junkyard/gotrip/bc-cms/storage/framework/views/f5c82182a1fc9eef94b775b0a48b1470.php(53): Illuminate\\View\\Factory->make()
#4 /home/lionel/Documents/Junkyard/gotrip/bc-cms/vendor/laravel/framework/src/Illuminate/Filesystem/Filesystem.php(123): require('...')
#5 /home/lionel/Documents/Junkyard/gotrip/bc-cms/vendor/laravel/framework/src/Illuminate/Filesystem/Filesystem.php(124): Illuminate\\Filesystem\\Filesystem::{closure:Illuminate\\Filesystem\\Filesystem::getRequire():120}()
#6 /home/lionel/Documents/Junkyard/gotrip/bc-cms/vendor/laravel/framework/src/Illuminate/View/Engines/PhpEngine.php(57): Illuminate\\Filesystem\\Filesystem->getRequire()
#7 /home/lionel/Documents/Junkyard/gotrip/bc-cms/vendor/livewire/livewire/src/Mechanisms/ExtendBlade/ExtendedCompilerEngine.php(22): Illuminate\\View\\Engines\\PhpEngine->evaluatePath()
#8 /home/lionel/Documents/Junkyard/gotrip/bc-cms/vendor/laravel/framework/src/Illuminate/View/Engines/CompilerEngine.php(76): Livewire\\Mechanisms\\ExtendBlade\\ExtendedCompilerEngine->evaluatePath()
#9 /home/lionel/Documents/Junkyard/gotrip/bc-cms/vendor/livewire/livewire/src/Mechanisms/ExtendBlade/ExtendedCompilerEngine.php(10): Illuminate\\View\\Engines\\CompilerEngine->get()
#10 /home/lionel/Documents/Junkyard/gotrip/bc-cms/vendor/laravel/framework/src/Illuminate/View/View.php(208): Livewire\\Mechanisms\\ExtendBlade\\ExtendedCompilerEngine->get()
#11 /home/lionel/Documents/Junkyard/gotrip/bc-cms/vendor/laravel/framework/src/Illuminate/View/View.php(191): Illuminate\\View\\View->getContents()
#12 /home/lionel/Documents/Junkyard/gotrip/bc-cms/vendor/laravel/framework/src/Illuminate/View/View.php(160): Illuminate\\View\\View->renderContents()
#13 /home/lionel/Documents/Junkyard/gotrip/bc-cms/vendor/laravel/framework/src/Illuminate/Http/Response.php(78): Illuminate\\View\\View->render()
#14 /home/lionel/Documents/Junkyard/gotrip/bc-cms/vendor/laravel/framework/src/Illuminate/Http/Response.php(34): Illuminate\\Http\\Response->setContent()
#15 /home/lionel/Documents/Junkyard/gotrip/bc-cms/vendor/laravel/framework/src/Illuminate/Routing/Router.php(939): Illuminate\\Http\\Response->__construct()
#16 /home/lionel/Documents/Junkyard/gotrip/bc-cms/vendor/laravel/framework/src/Illuminate/Routing/Router.php(906): Illuminate\\Routing\\Router::toResponse()
#17 /home/lionel/Documents/Junkyard/gotrip/bc-cms/vendor/laravel/framework/src/Illuminate/Routing/Router.php(821): Illuminate\\Routing\\Router->prepareResponse()
#18 /home/lionel/Documents/Junkyard/gotrip/bc-cms/vendor/laravel/framework/src/Illuminate/Pipeline/Pipeline.php(180): Illuminate\\Routing\\Router->{closure:Illuminate\\Routing\\Router::runRouteWithinStack():821}()
#19 /home/lionel/Documents/Junkyard/gotrip/bc-cms/vendor/barryvdh/laravel-debugbar/src/Middleware/InjectDebugbar.php(66): Illuminate\\Pipeline\\Pipeline->{closure:Illuminate\\Pipeline\\Pipeline::prepareDestination():178}()
#20 /home/lionel/Documents/Junkyard/gotrip/bc-cms/vendor/laravel/framework/src/Illuminate/Pipeline/Pipeline.php(219): Barryvdh\\Debugbar\\Middleware\\InjectDebugbar->handle()
#21 /home/lionel/Documents/Junkyard/gotrip/bc-cms/app/Http/Middleware/RequireChangePassword.php(41): Illuminate\\Pipeline\\Pipeline->{closure:{closure:Illuminate\\Pipeline\\Pipeline::carry():194}:195}()
#22 /home/lionel/Documents/Junkyard/gotrip/bc-cms/vendor/laravel/framework/src/Illuminate/Pipeline/Pipeline.php(219): App\\Http\\Middleware\\RequireChangePassword->handle()
#23 /home/lionel/Documents/Junkyard/gotrip/bc-cms/app/Http/Middleware/SetCurrentCurrency.php(48): Illuminate\\Pipeline\\Pipeline->{closure:{closure:Illuminate\\Pipeline\\Pipeline::carry():194}:195}()
#24 /home/lionel/Documents/Junkyard/gotrip/bc-cms/vendor/laravel/framework/src/Illuminate/Pipeline/Pipeline.php(219): App\\Http\\Middleware\\SetCurrentCurrency->handle()
#25 /home/lionel/Documents/Junkyard/gotrip/bc-cms/app/Http/Middleware/SetLanguageForAdmin.php(37): Illuminate\\Pipeline\\Pipeline->{closure:{closure:Illuminate\\Pipeline\\Pipeline::carry():194}:195}()
#26 /home/lionel/Documents/Junkyard/gotrip/bc-cms/vendor/laravel/framework/src/Illuminate/Pipeline/Pipeline.php(219): App\\Http\\Middleware\\SetLanguageForAdmin->handle()
#27 /home/lionel/Documents/Junkyard/gotrip/bc-cms/app/Http/Middleware/RedirectForMultiLanguage.php(58): Illuminate\\Pipeline\\Pipeline->{closure:{closure:Illuminate\\Pipeline\\Pipeline::carry():194}:195}()
#28 /home/lionel/Documents/Junkyard/gotrip/bc-cms/vendor/laravel/framework/src/Illuminate/Pipeline/Pipeline.php(219): App\\Http\\Middleware\\RedirectForMultiLanguage->handle()
#29 /home/lionel/Documents/Junkyard/gotrip/bc-cms/app/Http/Middleware/FrontendGuard.php(67): Illuminate\\Pipeline\\Pipeline->{closure:{closure:Illuminate\\Pipeline\\Pipeline::carry():194}:195}()
#30 /home/lionel/Documents/Junkyard/gotrip/bc-cms/vendor/laravel/framework/src/Illuminate/Pipeline/Pipeline.php(219): App\\Http\\Middleware\\FrontendGuard->handle()
#31 /home/lionel/Documents/Junkyard/gotrip/bc-cms/vendor/laravel/framework/src/Illuminate/Routing/Middleware/SubstituteBindings.php(50): Illuminate\\Pipeline\\Pipeline->{closure:{closure:Illuminate\\Pipeline\\Pipeline::carry():194}:195}()
#32 /home/lionel/Documents/Junkyard/gotrip/bc-cms/vendor/laravel/framework/src/Illuminate/Pipeline/Pipeline.php(219): Illuminate\\Routing\\Middleware\\SubstituteBindings->handle()
#33 /home/lionel/Documents/Junkyard/gotrip/bc-cms/vendor/laravel/framework/src/Illuminate/Auth/Middleware/Authenticate.php(63): Illuminate\\Pipeline\\Pipeline->{closure:{closure:Illuminate\\Pipeline\\Pipeline::carry():194}:195}()
#34 /home/lionel/Documents/Junkyard/gotrip/bc-cms/vendor/laravel/framework/src/Illuminate/Pipeline/Pipeline.php(219): Illuminate\\Auth\\Middleware\\Authenticate->handle()
#35 /home/lionel/Documents/Junkyard/gotrip/bc-cms/vendor/laravel/framework/src/Illuminate/Foundation/Http/Middleware/VerifyCsrfToken.php(87): Illuminate\\Pipeline\\Pipeline->{closure:{closure:Illuminate\\Pipeline\\Pipeline::carry():194}:195}()
#36 /home/lionel/Documents/Junkyard/gotrip/bc-cms/vendor/laravel/framework/src/Illuminate/Pipeline/Pipeline.php(219): Illuminate\\Foundation\\Http\\Middleware\\VerifyCsrfToken->handle()
#37 /home/lionel/Documents/Junkyard/gotrip/bc-cms/vendor/laravel/framework/src/Illuminate/View/Middleware/ShareErrorsFromSession.php(48): Illuminate\\Pipeline\\Pipeline->{closure:{closure:Illuminate\\Pipeline\\Pipeline::carry():194}:195}()
#38 /home/lionel/Documents/Junkyard/gotrip/bc-cms/vendor/laravel/framework/src/Illuminate/Pipeline/Pipeline.php(219): Illuminate\\View\\Middleware\\ShareErrorsFromSession->handle()
#39 /home/lionel/Documents/Junkyard/gotrip/bc-cms/vendor/laravel/framework/src/Illuminate/Session/Middleware/StartSession.php(120): Illuminate\\Pipeline\\Pipeline->{closure:{closure:Illuminate\\Pipeline\\Pipeline::carry():194}:195}()
#40 /home/lionel/Documents/Junkyard/gotrip/bc-cms/vendor/laravel/framework/src/Illuminate/Session/Middleware/StartSession.php(63): Illuminate\\Session\\Middleware\\StartSession->handleStatefulRequest()
#41 /home/lionel/Documents/Junkyard/gotrip/bc-cms/vendor/laravel/framework/src/Illuminate/Pipeline/Pipeline.php(219): Illuminate\\Session\\Middleware\\StartSession->handle()
#42 /home/lionel/Documents/Junkyard/gotrip/bc-cms/vendor/laravel/framework/src/Illuminate/Cookie/Middleware/AddQueuedCookiesToResponse.php(36): Illuminate\\Pipeline\\Pipeline->{closure:{closure:Illuminate\\Pipeline\\Pipeline::carry():194}:195}()
#43 /home/lionel/Documents/Junkyard/gotrip/bc-cms/vendor/laravel/framework/src/Illuminate/Pipeline/Pipeline.php(219): Illuminate\\Cookie\\Middleware\\AddQueuedCookiesToResponse->handle()
#44 /home/lionel/Documents/Junkyard/gotrip/bc-cms/vendor/laravel/framework/src/Illuminate/Cookie/Middleware/EncryptCookies.php(74): Illuminate\\Pipeline\\Pipeline->{closure:{closure:Illuminate\\Pipeline\\Pipeline::carry():194}:195}()
#45 /home/lionel/Documents/Junkyard/gotrip/bc-cms/vendor/laravel/framework/src/Illuminate/Pipeline/Pipeline.php(219): Illuminate\\Cookie\\Middleware\\EncryptCookies->handle()
#46 /home/lionel/Documents/Junkyard/gotrip/bc-cms/vendor/laravel/framework/src/Illuminate/Pipeline/Pipeline.php(137): Illuminate\\Pipeline\\Pipeline->{closure:{closure:Illuminate\\Pipeline\\Pipeline::carry():194}:195}()
#47 /home/lionel/Documents/Junkyard/gotrip/bc-cms/vendor/laravel/framework/src/Illuminate/Routing/Router.php(821): Illuminate\\Pipeline\\Pipeline->then()
#48 /home/lionel/Documents/Junkyard/gotrip/bc-cms/vendor/laravel/framework/src/Illuminate/Routing/Router.php(800): Illuminate\\Routing\\Router->runRouteWithinStack()
#49 /home/lionel/Documents/Junkyard/gotrip/bc-cms/vendor/laravel/framework/src/Illuminate/Routing/Router.php(764): Illuminate\\Routing\\Router->runRoute()
#50 /home/lionel/Documents/Junkyard/gotrip/bc-cms/vendor/laravel/framework/src/Illuminate/Routing/Router.php(753): Illuminate\\Routing\\Router->dispatchToRoute()
#51 /home/lionel/Documents/Junkyard/gotrip/bc-cms/vendor/laravel/framework/src/Illuminate/Foundation/Http/Kernel.php(200): Illuminate\\Routing\\Router->dispatch()
#52 /home/lionel/Documents/Junkyard/gotrip/bc-cms/vendor/laravel/framework/src/Illuminate/Pipeline/Pipeline.php(180): Illuminate\\Foundation\\Http\\Kernel->{closure:Illuminate\\Foundation\\Http\\Kernel::dispatchToRouter():197}()
#53 /home/lionel/Documents/Junkyard/gotrip/bc-cms/themes/Base/Core/Middleware/RunUpdater.php(77): Illuminate\\Pipeline\\Pipeline->{closure:Illuminate\\Pipeline\\Pipeline::prepareDestination():178}()
#54 /home/lionel/Documents/Junkyard/gotrip/bc-cms/vendor/laravel/framework/src/Illuminate/Pipeline/Pipeline.php(219): Themes\\Base\\Core\\Middleware\\RunUpdater->handle()
#55 /home/lionel/Documents/Junkyard/gotrip/bc-cms/vendor/livewire/livewire/src/Features/SupportDisablingBackButtonCache/DisableBackButtonCacheMiddleware.php(19): Illuminate\\Pipeline\\Pipeline->{closure:{closure:Illuminate\\Pipeline\\Pipeline::carry():194}:195}()
#56 /home/lionel/Documents/Junkyard/gotrip/bc-cms/vendor/laravel/framework/src/Illuminate/Pipeline/Pipeline.php(219): Livewire\\Features\\SupportDisablingBackButtonCache\\DisableBackButtonCacheMiddleware->handle()
#57 /home/lionel/Documents/Junkyard/gotrip/bc-cms/vendor/barryvdh/laravel-debugbar/src/Middleware/InjectDebugbar.php(66): Illuminate\\Pipeline\\Pipeline->{closure:{closure:Illuminate\\Pipeline\\Pipeline::carry():194}:195}()
#58 /home/lionel/Documents/Junkyard/gotrip/bc-cms/vendor/laravel/framework/src/Illuminate/Pipeline/Pipeline.php(219): Barryvdh\\Debugbar\\Middleware\\InjectDebugbar->handle()
#59 /home/lionel/Documents/Junkyard/gotrip/bc-cms/app/Http/Middleware/RedirectToInstaller.php(40): Illuminate\\Pipeline\\Pipeline->{closure:{closure:Illuminate\\Pipeline\\Pipeline::carry():194}:195}()
#60 /home/lionel/Documents/Junkyard/gotrip/bc-cms/vendor/laravel/framework/src/Illuminate/Pipeline/Pipeline.php(219): App\\Http\\Middleware\\RedirectToInstaller->handle()
#61 /home/lionel/Documents/Junkyard/gotrip/bc-cms/vendor/laravel/framework/src/Illuminate/Foundation/Http/Middleware/TransformsRequest.php(21): Illuminate\\Pipeline\\Pipeline->{closure:{closure:Illuminate\\Pipeline\\Pipeline::carry():194}:195}()
#62 /home/lionel/Documents/Junkyard/gotrip/bc-cms/vendor/laravel/framework/src/Illuminate/Foundation/Http/Middleware/ConvertEmptyStringsToNull.php(31): Illuminate\\Foundation\\Http\\Middleware\\TransformsRequest->handle()
#63 /home/lionel/Documents/Junkyard/gotrip/bc-cms/vendor/laravel/framework/src/Illuminate/Pipeline/Pipeline.php(219): Illuminate\\Foundation\\Http\\Middleware\\ConvertEmptyStringsToNull->handle()
#64 /home/lionel/Documents/Junkyard/gotrip/bc-cms/vendor/laravel/framework/src/Illuminate/Foundation/Http/Middleware/TransformsRequest.php(21): Illuminate\\Pipeline\\Pipeline->{closure:{closure:Illuminate\\Pipeline\\Pipeline::carry():194}:195}()
#65 /home/lionel/Documents/Junkyard/gotrip/bc-cms/vendor/laravel/framework/src/Illuminate/Foundation/Http/Middleware/TrimStrings.php(51): Illuminate\\Foundation\\Http\\Middleware\\TransformsRequest->handle()
#66 /home/lionel/Documents/Junkyard/gotrip/bc-cms/vendor/laravel/framework/src/Illuminate/Pipeline/Pipeline.php(219): Illuminate\\Foundation\\Http\\Middleware\\TrimStrings->handle()
#67 /home/lionel/Documents/Junkyard/gotrip/bc-cms/vendor/laravel/framework/src/Illuminate/Http/Middleware/ValidatePostSize.php(27): Illuminate\\Pipeline\\Pipeline->{closure:{closure:Illuminate\\Pipeline\\Pipeline::carry():194}:195}()
#68 /home/lionel/Documents/Junkyard/gotrip/bc-cms/vendor/laravel/framework/src/Illuminate/Pipeline/Pipeline.php(219): Illuminate\\Http\\Middleware\\ValidatePostSize->handle()
#69 /home/lionel/Documents/Junkyard/gotrip/bc-cms/vendor/laravel/framework/src/Illuminate/Foundation/Http/Middleware/PreventRequestsDuringMaintenance.php(109): Illuminate\\Pipeline\\Pipeline->{closure:{closure:Illuminate\\Pipeline\\Pipeline::carry():194}:195}()
#70 /home/lionel/Documents/Junkyard/gotrip/bc-cms/vendor/laravel/framework/src/Illuminate/Pipeline/Pipeline.php(219): Illuminate\\Foundation\\Http\\Middleware\\PreventRequestsDuringMaintenance->handle()
#71 /home/lionel/Documents/Junkyard/gotrip/bc-cms/vendor/laravel/framework/src/Illuminate/Http/Middleware/HandleCors.php(48): Illuminate\\Pipeline\\Pipeline->{closure:{closure:Illuminate\\Pipeline\\Pipeline::carry():194}:195}()
#72 /home/lionel/Documents/Junkyard/gotrip/bc-cms/vendor/laravel/framework/src/Illuminate/Pipeline/Pipeline.php(219): Illuminate\\Http\\Middleware\\HandleCors->handle()
#73 /home/lionel/Documents/Junkyard/gotrip/bc-cms/vendor/laravel/framework/src/Illuminate/Http/Middleware/TrustProxies.php(58): Illuminate\\Pipeline\\Pipeline->{closure:{closure:Illuminate\\Pipeline\\Pipeline::carry():194}:195}()
#74 /home/lionel/Documents/Junkyard/gotrip/bc-cms/vendor/laravel/framework/src/Illuminate/Pipeline/Pipeline.php(219): Illuminate\\Http\\Middleware\\TrustProxies->handle()
#75 /home/lionel/Documents/Junkyard/gotrip/bc-cms/vendor/laravel/framework/src/Illuminate/Foundation/Http/Middleware/InvokeDeferredCallbacks.php(22): Illuminate\\Pipeline\\Pipeline->{closure:{closure:Illuminate\\Pipeline\\Pipeline::carry():194}:195}()
#76 /home/lionel/Documents/Junkyard/gotrip/bc-cms/vendor/laravel/framework/src/Illuminate/Pipeline/Pipeline.php(219): Illuminate\\Foundation\\Http\\Middleware\\InvokeDeferredCallbacks->handle()
#77 /home/lionel/Documents/Junkyard/gotrip/bc-cms/vendor/laravel/framework/src/Illuminate/Http/Middleware/ValidatePathEncoding.php(26): Illuminate\\Pipeline\\Pipeline->{closure:{closure:Illuminate\\Pipeline\\Pipeline::carry():194}:195}()
#78 /home/lionel/Documents/Junkyard/gotrip/bc-cms/vendor/laravel/framework/src/Illuminate/Pipeline/Pipeline.php(219): Illuminate\\Http\\Middleware\\ValidatePathEncoding->handle()
#79 /home/lionel/Documents/Junkyard/gotrip/bc-cms/vendor/laravel/framework/src/Illuminate/Pipeline/Pipeline.php(137): Illuminate\\Pipeline\\Pipeline->{closure:{closure:Illuminate\\Pipeline\\Pipeline::carry():194}:195}()
#80 /home/lionel/Documents/Junkyard/gotrip/bc-cms/vendor/laravel/framework/src/Illuminate/Foundation/Http/Kernel.php(175): Illuminate\\Pipeline\\Pipeline->then()
#81 /home/lionel/Documents/Junkyard/gotrip/bc-cms/vendor/laravel/framework/src/Illuminate/Foundation/Http/Kernel.php(144): Illuminate\\Foundation\\Http\\Kernel->sendRequestThroughRouter()
#82 /home/lionel/Documents/Junkyard/gotrip/bc-cms/vendor/laravel/framework/src/Illuminate/Foundation/Application.php(1219): Illuminate\\Foundation\\Http\\Kernel->handle()
#83 /home/lionel/Documents/Junkyard/gotrip/public_html/index.php(84): Illuminate\\Foundation\\Application->handleRequest()
#84 /home/lionel/Documents/Junkyard/gotrip/bc-cms/server.php(43): require_once('...')
#85 {main}
"} 
[2026-05-25 01:32:24] local.ERROR: No hint path defined for [Tanova_trip]. {"view":{"view":"/home/lionel/Documents/Junkyard/gotrip/bc-cms/themes/GoTrip/Vendor/Views/frontend/bookingReport/index.blade.php","data":[]},"userId":6,"exception":"[object] (Spatie\\LaravelIgnition\\Exceptions\\ViewException(code: 0): No hint path defined for [Tanova_trip]. at /home/lionel/Documents/Junkyard/gotrip/bc-cms/vendor/laravel/framework/src/Illuminate/View/FileViewFinder.php:111)
[stacktrace]
#0 /home/lionel/Documents/Junkyard/gotrip/bc-cms/vendor/laravel/framework/src/Illuminate/View/FileViewFinder.php(89): Illuminate\\View\\FileViewFinder->parseNamespaceSegments()
#1 /home/lionel/Documents/Junkyard/gotrip/bc-cms/vendor/laravel/framework/src/Illuminate/View/FileViewFinder.php(75): Illuminate\\View\\FileViewFinder->findNamespacedView()
#2 /home/lionel/Documents/Junkyard/gotrip/bc-cms/vendor/laravel/framework/src/Illuminate/View/Factory.php(150): Illuminate\\View\\FileViewFinder->find()
#3 /home/lionel/Documents/Junkyard/gotrip/bc-cms/themes/GoTrip/Vendor/Views/frontend/bookingReport/index.blade.php(51): Illuminate\\View\\Factory->make()
#4 /home/lionel/Documents/Junkyard/gotrip/bc-cms/vendor/laravel/framework/src/Illuminate/Filesystem/Filesystem.php(123): require('...')
#5 /home/lionel/Documents/Junkyard/gotrip/bc-cms/vendor/laravel/framework/src/Illuminate/Filesystem/Filesystem.php(124): Illuminate\\Filesystem\\Filesystem::{closure:Illuminate\\Filesystem\\Filesystem::getRequire():120}()
#6 /home/lionel/Documents/Junkyard/gotrip/bc-cms/vendor/laravel/framework/src/Illuminate/View/Engines/PhpEngine.php(57): Illuminate\\Filesystem\\Filesystem->getRequire()
#7 /home/lionel/Documents/Junkyard/gotrip/bc-cms/vendor/livewire/livewire/src/Mechanisms/ExtendBlade/ExtendedCompilerEngine.php(22): Illuminate\\View\\Engines\\PhpEngine->evaluatePath()
#8 /home/lionel/Documents/Junkyard/gotrip/bc-cms/vendor/laravel/framework/src/Illuminate/View/Engines/CompilerEngine.php(76): Livewire\\Mechanisms\\ExtendBlade\\ExtendedCompilerEngine->evaluatePath()
#9 /home/lionel/Documents/Junkyard/gotrip/bc-cms/vendor/livewire/livewire/src/Mechanisms/ExtendBlade/ExtendedCompilerEngine.php(10): Illuminate\\View\\Engines\\CompilerEngine->get()
#10 /home/lionel/Documents/Junkyard/gotrip/bc-cms/vendor/laravel/framework/src/Illuminate/View/View.php(208): Livewire\\Mechanisms\\ExtendBlade\\ExtendedCompilerEngine->get()
#11 /home/lionel/Documents/Junkyard/gotrip/bc-cms/vendor/laravel/framework/src/Illuminate/View/View.php(191): Illuminate\\View\\View->getContents()
#12 /home/lionel/Documents/Junkyard/gotrip/bc-cms/vendor/laravel/framework/src/Illuminate/View/View.php(160): Illuminate\\View\\View->renderContents()
#13 /home/lionel/Documents/Junkyard/gotrip/bc-cms/vendor/laravel/framework/src/Illuminate/Http/Response.php(78): Illuminate\\View\\View->render()
#14 /home/lionel/Documents/Junkyard/gotrip/bc-cms/vendor/laravel/framework/src/Illuminate/Http/Response.php(34): Illuminate\\Http\\Response->setContent()
#15 /home/lionel/Documents/Junkyard/gotrip/bc-cms/vendor/laravel/framework/src/Illuminate/Routing/Router.php(939): Illuminate\\Http\\Response->__construct()
#16 /home/lionel/Documents/Junkyard/gotrip/bc-cms/vendor/laravel/framework/src/Illuminate/Routing/Router.php(906): Illuminate\\Routing\\Router::toResponse()
#17 /home/lionel/Documents/Junkyard/gotrip/bc-cms/vendor/laravel/framework/src/Illuminate/Routing/Router.php(821): Illuminate\\Routing\\Router->prepareResponse()
#18 /home/lionel/Documents/Junkyard/gotrip/bc-cms/vendor/laravel/framework/src/Illuminate/Pipeline/Pipeline.php(180): Illuminate\\Routing\\Router->{closure:Illuminate\\Routing\\Router::runRouteWithinStack():821}()
#19 /home/lionel/Documents/Junkyard/gotrip/bc-cms/vendor/barryvdh/laravel-debugbar/src/Middleware/InjectDebugbar.php(66): Illuminate\\Pipeline\\Pipeline->{closure:Illuminate\\Pipeline\\Pipeline::prepareDestination():178}()
#20 /home/lionel/Documents/Junkyard/gotrip/bc-cms/vendor/laravel/framework/src/Illuminate/Pipeline/Pipeline.php(219): Barryvdh\\Debugbar\\Middleware\\InjectDebugbar->handle()
#21 /home/lionel/Documents/Junkyard/gotrip/bc-cms/app/Http/Middleware/RequireChangePassword.php(41): Illuminate\\Pipeline\\Pipeline->{closure:{closure:Illuminate\\Pipeline\\Pipeline::carry():194}:195}()
#22 /home/lionel/Documents/Junkyard/gotrip/bc-cms/vendor/laravel/framework/src/Illuminate/Pipeline/Pipeline.php(219): App\\Http\\Middleware\\RequireChangePassword->handle()
#23 /home/lionel/Documents/Junkyard/gotrip/bc-cms/app/Http/Middleware/SetCurrentCurrency.php(48): Illuminate\\Pipeline\\Pipeline->{closure:{closure:Illuminate\\Pipeline\\Pipeline::carry():194}:195}()
#24 /home/lionel/Documents/Junkyard/gotrip/bc-cms/vendor/laravel/framework/src/Illuminate/Pipeline/Pipeline.php(219): App\\Http\\Middleware\\SetCurrentCurrency->handle()
#25 /home/lionel/Documents/Junkyard/gotrip/bc-cms/app/Http/Middleware/SetLanguageForAdmin.php(37): Illuminate\\Pipeline\\Pipeline->{closure:{closure:Illuminate\\Pipeline\\Pipeline::carry():194}:195}()
#26 /home/lionel/Documents/Junkyard/gotrip/bc-cms/vendor/laravel/framework/src/Illuminate/Pipeline/Pipeline.php(219): App\\Http\\Middleware\\SetLanguageForAdmin->handle()
#27 /home/lionel/Documents/Junkyard/gotrip/bc-cms/app/Http/Middleware/RedirectForMultiLanguage.php(58): Illuminate\\Pipeline\\Pipeline->{closure:{closure:Illuminate\\Pipeline\\Pipeline::carry():194}:195}()
#28 /home/lionel/Documents/Junkyard/gotrip/bc-cms/vendor/laravel/framework/src/Illuminate/Pipeline/Pipeline.php(219): App\\Http\\Middleware\\RedirectForMultiLanguage->handle()
#29 /home/lionel/Documents/Junkyard/gotrip/bc-cms/app/Http/Middleware/FrontendGuard.php(67): Illuminate\\Pipeline\\Pipeline->{closure:{closure:Illuminate\\Pipeline\\Pipeline::carry():194}:195}()
#30 /home/lionel/Documents/Junkyard/gotrip/bc-cms/vendor/laravel/framework/src/Illuminate/Pipeline/Pipeline.php(219): App\\Http\\Middleware\\FrontendGuard->handle()
#31 /home/lionel/Documents/Junkyard/gotrip/bc-cms/vendor/laravel/framework/src/Illuminate/Routing/Middleware/SubstituteBindings.php(50): Illuminate\\Pipeline\\Pipeline->{closure:{closure:Illuminate\\Pipeline\\Pipeline::carry():194}:195}()
#32 /home/lionel/Documents/Junkyard/gotrip/bc-cms/vendor/laravel/framework/src/Illuminate/Pipeline/Pipeline.php(219): Illuminate\\Routing\\Middleware\\SubstituteBindings->handle()
#33 /home/lionel/Documents/Junkyard/gotrip/bc-cms/vendor/laravel/framework/src/Illuminate/Auth/Middleware/Authenticate.php(63): Illuminate\\Pipeline\\Pipeline->{closure:{closure:Illuminate\\Pipeline\\Pipeline::carry():194}:195}()
#34 /home/lionel/Documents/Junkyard/gotrip/bc-cms/vendor/laravel/framework/src/Illuminate/Pipeline/Pipeline.php(219): Illuminate\\Auth\\Middleware\\Authenticate->handle()
#35 /home/lionel/Documents/Junkyard/gotrip/bc-cms/vendor/laravel/framework/src/Illuminate/Foundation/Http/Middleware/VerifyCsrfToken.php(87): Illuminate\\Pipeline\\Pipeline->{closure:{closure:Illuminate\\Pipeline\\Pipeline::carry():194}:195}()
#36 /home/lionel/Documents/Junkyard/gotrip/bc-cms/vendor/laravel/framework/src/Illuminate/Pipeline/Pipeline.php(219): Illuminate\\Foundation\\Http\\Middleware\\VerifyCsrfToken->handle()
#37 /home/lionel/Documents/Junkyard/gotrip/bc-cms/vendor/laravel/framework/src/Illuminate/View/Middleware/ShareErrorsFromSession.php(48): Illuminate\\Pipeline\\Pipeline->{closure:{closure:Illuminate\\Pipeline\\Pipeline::carry():194}:195}()
#38 /home/lionel/Documents/Junkyard/gotrip/bc-cms/vendor/laravel/framework/src/Illuminate/Pipeline/Pipeline.php(219): Illuminate\\View\\Middleware\\ShareErrorsFromSession->handle()
#39 /home/lionel/Documents/Junkyard/gotrip/bc-cms/vendor/laravel/framework/src/Illuminate/Session/Middleware/StartSession.php(120): Illuminate\\Pipeline\\Pipeline->{closure:{closure:Illuminate\\Pipeline\\Pipeline::carry():194}:195}()
#40 /home/lionel/Documents/Junkyard/gotrip/bc-cms/vendor/laravel/framework/src/Illuminate/Session/Middleware/StartSession.php(63): Illuminate\\Session\\Middleware\\StartSession->handleStatefulRequest()
#41 /home/lionel/Documents/Junkyard/gotrip/bc-cms/vendor/laravel/framework/src/Illuminate/Pipeline/Pipeline.php(219): Illuminate\\Session\\Middleware\\StartSession->handle()
#42 /home/lionel/Documents/Junkyard/gotrip/bc-cms/vendor/laravel/framework/src/Illuminate/Cookie/Middleware/AddQueuedCookiesToResponse.php(36): Illuminate\\Pipeline\\Pipeline->{closure:{closure:Illuminate\\Pipeline\\Pipeline::carry():194}:195}()
#43 /home/lionel/Documents/Junkyard/gotrip/bc-cms/vendor/laravel/framework/src/Illuminate/Pipeline/Pipeline.php(219): Illuminate\\Cookie\\Middleware\\AddQueuedCookiesToResponse->handle()
#44 /home/lionel/Documents/Junkyard/gotrip/bc-cms/vendor/laravel/framework/src/Illuminate/Cookie/Middleware/EncryptCookies.php(74): Illuminate\\Pipeline\\Pipeline->{closure:{closure:Illuminate\\Pipeline\\Pipeline::carry():194}:195}()
#45 /home/lionel/Documents/Junkyard/gotrip/bc-cms/vendor/laravel/framework/src/Illuminate/Pipeline/Pipeline.php(219): Illuminate\\Cookie\\Middleware\\EncryptCookies->handle()
#46 /home/lionel/Documents/Junkyard/gotrip/bc-cms/vendor/laravel/framework/src/Illuminate/Pipeline/Pipeline.php(137): Illuminate\\Pipeline\\Pipeline->{closure:{closure:Illuminate\\Pipeline\\Pipeline::carry():194}:195}()
#47 /home/lionel/Documents/Junkyard/gotrip/bc-cms/vendor/laravel/framework/src/Illuminate/Routing/Router.php(821): Illuminate\\Pipeline\\Pipeline->then()
#48 /home/lionel/Documents/Junkyard/gotrip/bc-cms/vendor/laravel/framework/src/Illuminate/Routing/Router.php(800): Illuminate\\Routing\\Router->runRouteWithinStack()
#49 /home/lionel/Documents/Junkyard/gotrip/bc-cms/vendor/laravel/framework/src/Illuminate/Routing/Router.php(764): Illuminate\\Routing\\Router->runRoute()
#50 /home/lionel/Documents/Junkyard/gotrip/bc-cms/vendor/laravel/framework/src/Illuminate/Routing/Router.php(753): Illuminate\\Routing\\Router->dispatchToRoute()
#51 /home/lionel/Documents/Junkyard/gotrip/bc-cms/vendor/laravel/framework/src/Illuminate/Foundation/Http/Kernel.php(200): Illuminate\\Routing\\Router->dispatch()
#52 /home/lionel/Documents/Junkyard/gotrip/bc-cms/vendor/laravel/framework/src/Illuminate/Pipeline/Pipeline.php(180): Illuminate\\Foundation\\Http\\Kernel->{closure:Illuminate\\Foundation\\Http\\Kernel::dispatchToRouter():197}()
#53 /home/lionel/Documents/Junkyard/gotrip/bc-cms/themes/Base/Core/Middleware/RunUpdater.php(77): Illuminate\\Pipeline\\Pipeline->{closure:Illuminate\\Pipeline\\Pipeline::prepareDestination():178}()
#54 /home/lionel/Documents/Junkyard/gotrip/bc-cms/vendor/laravel/framework/src/Illuminate/Pipeline/Pipeline.php(219): Themes\\Base\\Core\\Middleware\\RunUpdater->handle()
#55 /home/lionel/Documents/Junkyard/gotrip/bc-cms/vendor/livewire/livewire/src/Features/SupportDisablingBackButtonCache/DisableBackButtonCacheMiddleware.php(19): Illuminate\\Pipeline\\Pipeline->{closure:{closure:Illuminate\\Pipeline\\Pipeline::carry():194}:195}()
#56 /home/lionel/Documents/Junkyard/gotrip/bc-cms/vendor/laravel/framework/src/Illuminate/Pipeline/Pipeline.php(219): Livewire\\Features\\SupportDisablingBackButtonCache\\DisableBackButtonCacheMiddleware->handle()
#57 /home/lionel/Documents/Junkyard/gotrip/bc-cms/vendor/barryvdh/laravel-debugbar/src/Middleware/InjectDebugbar.php(66): Illuminate\\Pipeline\\Pipeline->{closure:{closure:Illuminate\\Pipeline\\Pipeline::carry():194}:195}()
#58 /home/lionel/Documents/Junkyard/gotrip/bc-cms/vendor/laravel/framework/src/Illuminate/Pipeline/Pipeline.php(219): Barryvdh\\Debugbar\\Middleware\\InjectDebugbar->handle()
#59 /home/lionel/Documents/Junkyard/gotrip/bc-cms/app/Http/Middleware/RedirectToInstaller.php(40): Illuminate\\Pipeline\\Pipeline->{closure:{closure:Illuminate\\Pipeline\\Pipeline::carry():194}:195}()
#60 /home/lionel/Documents/Junkyard/gotrip/bc-cms/vendor/laravel/framework/src/Illuminate/Pipeline/Pipeline.php(219): App\\Http\\Middleware\\RedirectToInstaller->handle()
#61 /home/lionel/Documents/Junkyard/gotrip/bc-cms/vendor/laravel/framework/src/Illuminate/Foundation/Http/Middleware/TransformsRequest.php(21): Illuminate\\Pipeline\\Pipeline->{closure:{closure:Illuminate\\Pipeline\\Pipeline::carry():194}:195}()
#62 /home/lionel/Documents/Junkyard/gotrip/bc-cms/vendor/laravel/framework/src/Illuminate/Foundation/Http/Middleware/ConvertEmptyStringsToNull.php(31): Illuminate\\Foundation\\Http\\Middleware\\TransformsRequest->handle()
#63 /home/lionel/Documents/Junkyard/gotrip/bc-cms/vendor/laravel/framework/src/Illuminate/Pipeline/Pipeline.php(219): Illuminate\\Foundation\\Http\\Middleware\\ConvertEmptyStringsToNull->handle()
#64 /home/lionel/Documents/Junkyard/gotrip/bc-cms/vendor/laravel/framework/src/Illuminate/Foundation/Http/Middleware/TransformsRequest.php(21): Illuminate\\Pipeline\\Pipeline->{closure:{closure:Illuminate\\Pipeline\\Pipeline::carry():194}:195}()
#65 /home/lionel/Documents/Junkyard/gotrip/bc-cms/vendor/laravel/framework/src/Illuminate/Foundation/Http/Middleware/TrimStrings.php(51): Illuminate\\Foundation\\Http\\Middleware\\TransformsRequest->handle()
#66 /home/lionel/Documents/Junkyard/gotrip/bc-cms/vendor/laravel/framework/src/Illuminate/Pipeline/Pipeline.php(219): Illuminate\\Foundation\\Http\\Middleware\\TrimStrings->handle()
#67 /home/lionel/Documents/Junkyard/gotrip/bc-cms/vendor/laravel/framework/src/Illuminate/Http/Middleware/ValidatePostSize.php(27): Illuminate\\Pipeline\\Pipeline->{closure:{closure:Illuminate\\Pipeline\\Pipeline::carry():194}:195}()
#68 /home/lionel/Documents/Junkyard/gotrip/bc-cms/vendor/laravel/framework/src/Illuminate/Pipeline/Pipeline.php(219): Illuminate\\Http\\Middleware\\ValidatePostSize->handle()
#69 /home/lionel/Documents/Junkyard/gotrip/bc-cms/vendor/laravel/framework/src/Illuminate/Foundation/Http/Middleware/PreventRequestsDuringMaintenance.php(109): Illuminate\\Pipeline\\Pipeline->{closure:{closure:Illuminate\\Pipeline\\Pipeline::carry():194}:195}()
#70 /home/lionel/Documents/Junkyard/gotrip/bc-cms/vendor/laravel/framework/src/Illuminate/Pipeline/Pipeline.php(219): Illuminate\\Foundation\\Http\\Middleware\\PreventRequestsDuringMaintenance->handle()
#71 /home/lionel/Documents/Junkyard/gotrip/bc-cms/vendor/laravel/framework/src/Illuminate/Http/Middleware/HandleCors.php(48): Illuminate\\Pipeline\\Pipeline->{closure:{closure:Illuminate\\Pipeline\\Pipeline::carry():194}:195}()
#72 /home/lionel/Documents/Junkyard/gotrip/bc-cms/vendor/laravel/framework/src/Illuminate/Pipeline/Pipeline.php(219): Illuminate\\Http\\Middleware\\HandleCors->handle()
#73 /home/lionel/Documents/Junkyard/gotrip/bc-cms/vendor/laravel/framework/src/Illuminate/Http/Middleware/TrustProxies.php(58): Illuminate\\Pipeline\\Pipeline->{closure:{closure:Illuminate\\Pipeline\\Pipeline::carry():194}:195}()
#74 /home/lionel/Documents/Junkyard/gotrip/bc-cms/vendor/laravel/framework/src/Illuminate/Pipeline/Pipeline.php(219): Illuminate\\Http\\Middleware\\TrustProxies->handle()
#75 /home/lionel/Documents/Junkyard/gotrip/bc-cms/vendor/laravel/framework/src/Illuminate/Foundation/Http/Middleware/InvokeDeferredCallbacks.php(22): Illuminate\\Pipeline\\Pipeline->{closure:{closure:Illuminate\\Pipeline\\Pipeline::carry():194}:195}()
#76 /home/lionel/Documents/Junkyard/gotrip/bc-cms/vendor/laravel/framework/src/Illuminate/Pipeline/Pipeline.php(219): Illuminate\\Foundation\\Http\\Middleware\\InvokeDeferredCallbacks->handle()
#77 /home/lionel/Documents/Junkyard/gotrip/bc-cms/vendor/laravel/framework/src/Illuminate/Http/Middleware/ValidatePathEncoding.php(26): Illuminate\\Pipeline\\Pipeline->{closure:{closure:Illuminate\\Pipeline\\Pipeline::carry():194}:195}()
#78 /home/lionel/Documents/Junkyard/gotrip/bc-cms/vendor/laravel/framework/src/Illuminate/Pipeline/Pipeline.php(219): Illuminate\\Http\\Middleware\\ValidatePathEncoding->handle()
#79 /home/lionel/Documents/Junkyard/gotrip/bc-cms/vendor/laravel/framework/src/Illuminate/Pipeline/Pipeline.php(137): Illuminate\\Pipeline\\Pipeline->{closure:{closure:Illuminate\\Pipeline\\Pipeline::carry():194}:195}()
#80 /home/lionel/Documents/Junkyard/gotrip/bc-cms/vendor/laravel/framework/src/Illuminate/Foundation/Http/Kernel.php(175): Illuminate\\Pipeline\\Pipeline->then()
#81 /home/lionel/Documents/Junkyard/gotrip/bc-cms/vendor/laravel/framework/src/Illuminate/Foundation/Http/Kernel.php(144): Illuminate\\Foundation\\Http\\Kernel->sendRequestThroughRouter()
#82 /home/lionel/Documents/Junkyard/gotrip/bc-cms/vendor/laravel/framework/src/Illuminate/Foundation/Application.php(1219): Illuminate\\Foundation\\Http\\Kernel->handle()
#83 /home/lionel/Documents/Junkyard/gotrip/public_html/index.php(84): Illuminate\\Foundation\\Application->handleRequest()
#84 /home/lionel/Documents/Junkyard/gotrip/bc-cms/server.php(43): require_once('...')
#85 {main}

[previous exception] [object] (InvalidArgumentException(code: 0): No hint path defined for [Tanova_trip]. at /home/lionel/Documents/Junkyard/gotrip/bc-cms/vendor/laravel/framework/src/Illuminate/View/FileViewFinder.php:111)
[stacktrace]
#0 /home/lionel/Documents/Junkyard/gotrip/bc-cms/vendor/laravel/framework/src/Illuminate/View/FileViewFinder.php(89): Illuminate\\View\\FileViewFinder->parseNamespaceSegments()
#1 /home/lionel/Documents/Junkyard/gotrip/bc-cms/vendor/laravel/framework/src/Illuminate/View/FileViewFinder.php(75): Illuminate\\View\\FileViewFinder->findNamespacedView()
#2 /home/lionel/Documents/Junkyard/gotrip/bc-cms/vendor/laravel/framework/src/Illuminate/View/Factory.php(150): Illuminate\\View\\FileViewFinder->find()
#3 /home/lionel/Documents/Junkyard/gotrip/bc-cms/storage/framework/views/f5c82182a1fc9eef94b775b0a48b1470.php(53): Illuminate\\View\\Factory->make()
#4 /home/lionel/Documents/Junkyard/gotrip/bc-cms/vendor/laravel/framework/src/Illuminate/Filesystem/Filesystem.php(123): require('...')
#5 /home/lionel/Documents/Junkyard/gotrip/bc-cms/vendor/laravel/framework/src/Illuminate/Filesystem/Filesystem.php(124): Illuminate\\Filesystem\\Filesystem::{closure:Illuminate\\Filesystem\\Filesystem::getRequire():120}()
#6 /home/lionel/Documents/Junkyard/gotrip/bc-cms/vendor/laravel/framework/src/Illuminate/View/Engines/PhpEngine.php(57): Illuminate\\Filesystem\\Filesystem->getRequire()
#7 /home/lionel/Documents/Junkyard/gotrip/bc-cms/vendor/livewire/livewire/src/Mechanisms/ExtendBlade/ExtendedCompilerEngine.php(22): Illuminate\\View\\Engines\\PhpEngine->evaluatePath()
#8 /home/lionel/Documents/Junkyard/gotrip/bc-cms/vendor/laravel/framework/src/Illuminate/View/Engines/CompilerEngine.php(76): Livewire\\Mechanisms\\ExtendBlade\\ExtendedCompilerEngine->evaluatePath()
#9 /home/lionel/Documents/Junkyard/gotrip/bc-cms/vendor/livewire/livewire/src/Mechanisms/ExtendBlade/ExtendedCompilerEngine.php(10): Illuminate\\View\\Engines\\CompilerEngine->get()
#10 /home/lionel/Documents/Junkyard/gotrip/bc-cms/vendor/laravel/framework/src/Illuminate/View/View.php(208): Livewire\\Mechanisms\\ExtendBlade\\ExtendedCompilerEngine->get()
#11 /home/lionel/Documents/Junkyard/gotrip/bc-cms/vendor/laravel/framework/src/Illuminate/View/View.php(191): Illuminate\\View\\View->getContents()
#12 /home/lionel/Documents/Junkyard/gotrip/bc-cms/vendor/laravel/framework/src/Illuminate/View/View.php(160): Illuminate\\View\\View->renderContents()
#13 /home/lionel/Documents/Junkyard/gotrip/bc-cms/vendor/laravel/framework/src/Illuminate/Http/Response.php(78): Illuminate\\View\\View->render()
#14 /home/lionel/Documents/Junkyard/gotrip/bc-cms/vendor/laravel/framework/src/Illuminate/Http/Response.php(34): Illuminate\\Http\\Response->setContent()
#15 /home/lionel/Documents/Junkyard/gotrip/bc-cms/vendor/laravel/framework/src/Illuminate/Routing/Router.php(939): Illuminate\\Http\\Response->__construct()
#16 /home/lionel/Documents/Junkyard/gotrip/bc-cms/vendor/laravel/framework/src/Illuminate/Routing/Router.php(906): Illuminate\\Routing\\Router::toResponse()
#17 /home/lionel/Documents/Junkyard/gotrip/bc-cms/vendor/laravel/framework/src/Illuminate/Routing/Router.php(821): Illuminate\\Routing\\Router->prepareResponse()
#18 /home/lionel/Documents/Junkyard/gotrip/bc-cms/vendor/laravel/framework/src/Illuminate/Pipeline/Pipeline.php(180): Illuminate\\Routing\\Router->{closure:Illuminate\\Routing\\Router::runRouteWithinStack():821}()
#19 /home/lionel/Documents/Junkyard/gotrip/bc-cms/vendor/barryvdh/laravel-debugbar/src/Middleware/InjectDebugbar.php(66): Illuminate\\Pipeline\\Pipeline->{closure:Illuminate\\Pipeline\\Pipeline::prepareDestination():178}()
#20 /home/lionel/Documents/Junkyard/gotrip/bc-cms/vendor/laravel/framework/src/Illuminate/Pipeline/Pipeline.php(219): Barryvdh\\Debugbar\\Middleware\\InjectDebugbar->handle()
#21 /home/lionel/Documents/Junkyard/gotrip/bc-cms/app/Http/Middleware/RequireChangePassword.php(41): Illuminate\\Pipeline\\Pipeline->{closure:{closure:Illuminate\\Pipeline\\Pipeline::carry():194}:195}()
#22 /home/lionel/Documents/Junkyard/gotrip/bc-cms/vendor/laravel/framework/src/Illuminate/Pipeline/Pipeline.php(219): App\\Http\\Middleware\\RequireChangePassword->handle()
#23 /home/lionel/Documents/Junkyard/gotrip/bc-cms/app/Http/Middleware/SetCurrentCurrency.php(48): Illuminate\\Pipeline\\Pipeline->{closure:{closure:Illuminate\\Pipeline\\Pipeline::carry():194}:195}()
#24 /home/lionel/Documents/Junkyard/gotrip/bc-cms/vendor/laravel/framework/src/Illuminate/Pipeline/Pipeline.php(219): App\\Http\\Middleware\\SetCurrentCurrency->handle()
#25 /home/lionel/Documents/Junkyard/gotrip/bc-cms/app/Http/Middleware/SetLanguageForAdmin.php(37): Illuminate\\Pipeline\\Pipeline->{closure:{closure:Illuminate\\Pipeline\\Pipeline::carry():194}:195}()
#26 /home/lionel/Documents/Junkyard/gotrip/bc-cms/vendor/laravel/framework/src/Illuminate/Pipeline/Pipeline.php(219): App\\Http\\Middleware\\SetLanguageForAdmin->handle()
#27 /home/lionel/Documents/Junkyard/gotrip/bc-cms/app/Http/Middleware/RedirectForMultiLanguage.php(58): Illuminate\\Pipeline\\Pipeline->{closure:{closure:Illuminate\\Pipeline\\Pipeline::carry():194}:195}()
#28 /home/lionel/Documents/Junkyard/gotrip/bc-cms/vendor/laravel/framework/src/Illuminate/Pipeline/Pipeline.php(219): App\\Http\\Middleware\\RedirectForMultiLanguage->handle()
#29 /home/lionel/Documents/Junkyard/gotrip/bc-cms/app/Http/Middleware/FrontendGuard.php(67): Illuminate\\Pipeline\\Pipeline->{closure:{closure:Illuminate\\Pipeline\\Pipeline::carry():194}:195}()
#30 /home/lionel/Documents/Junkyard/gotrip/bc-cms/vendor/laravel/framework/src/Illuminate/Pipeline/Pipeline.php(219): App\\Http\\Middleware\\FrontendGuard->handle()
#31 /home/lionel/Documents/Junkyard/gotrip/bc-cms/vendor/laravel/framework/src/Illuminate/Routing/Middleware/SubstituteBindings.php(50): Illuminate\\Pipeline\\Pipeline->{closure:{closure:Illuminate\\Pipeline\\Pipeline::carry():194}:195}()
#32 /home/lionel/Documents/Junkyard/gotrip/bc-cms/vendor/laravel/framework/src/Illuminate/Pipeline/Pipeline.php(219): Illuminate\\Routing\\Middleware\\SubstituteBindings->handle()
#33 /home/lionel/Documents/Junkyard/gotrip/bc-cms/vendor/laravel/framework/src/Illuminate/Auth/Middleware/Authenticate.php(63): Illuminate\\Pipeline\\Pipeline->{closure:{closure:Illuminate\\Pipeline\\Pipeline::carry():194}:195}()
#34 /home/lionel/Documents/Junkyard/gotrip/bc-cms/vendor/laravel/framework/src/Illuminate/Pipeline/Pipeline.php(219): Illuminate\\Auth\\Middleware\\Authenticate->handle()
#35 /home/lionel/Documents/Junkyard/gotrip/bc-cms/vendor/laravel/framework/src/Illuminate/Foundation/Http/Middleware/VerifyCsrfToken.php(87): Illuminate\\Pipeline\\Pipeline->{closure:{closure:Illuminate\\Pipeline\\Pipeline::carry():194}:195}()
#36 /home/lionel/Documents/Junkyard/gotrip/bc-cms/vendor/laravel/framework/src/Illuminate/Pipeline/Pipeline.php(219): Illuminate\\Foundation\\Http\\Middleware\\VerifyCsrfToken->handle()
#37 /home/lionel/Documents/Junkyard/gotrip/bc-cms/vendor/laravel/framework/src/Illuminate/View/Middleware/ShareErrorsFromSession.php(48): Illuminate\\Pipeline\\Pipeline->{closure:{closure:Illuminate\\Pipeline\\Pipeline::carry():194}:195}()
#38 /home/lionel/Documents/Junkyard/gotrip/bc-cms/vendor/laravel/framework/src/Illuminate/Pipeline/Pipeline.php(219): Illuminate\\View\\Middleware\\ShareErrorsFromSession->handle()
#39 /home/lionel/Documents/Junkyard/gotrip/bc-cms/vendor/laravel/framework/src/Illuminate/Session/Middleware/StartSession.php(120): Illuminate\\Pipeline\\Pipeline->{closure:{closure:Illuminate\\Pipeline\\Pipeline::carry():194}:195}()
#40 /home/lionel/Documents/Junkyard/gotrip/bc-cms/vendor/laravel/framework/src/Illuminate/Session/Middleware/StartSession.php(63): Illuminate\\Session\\Middleware\\StartSession->handleStatefulRequest()
#41 /home/lionel/Documents/Junkyard/gotrip/bc-cms/vendor/laravel/framework/src/Illuminate/Pipeline/Pipeline.php(219): Illuminate\\Session\\Middleware\\StartSession->handle()
#42 /home/lionel/Documents/Junkyard/gotrip/bc-cms/vendor/laravel/framework/src/Illuminate/Cookie/Middleware/AddQueuedCookiesToResponse.php(36): Illuminate\\Pipeline\\Pipeline->{closure:{closure:Illuminate\\Pipeline\\Pipeline::carry():194}:195}()
#43 /home/lionel/Documents/Junkyard/gotrip/bc-cms/vendor/laravel/framework/src/Illuminate/Pipeline/Pipeline.php(219): Illuminate\\Cookie\\Middleware\\AddQueuedCookiesToResponse->handle()
#44 /home/lionel/Documents/Junkyard/gotrip/bc-cms/vendor/laravel/framework/src/Illuminate/Cookie/Middleware/EncryptCookies.php(74): Illuminate\\Pipeline\\Pipeline->{closure:{closure:Illuminate\\Pipeline\\Pipeline::carry():194}:195}()
#45 /home/lionel/Documents/Junkyard/gotrip/bc-cms/vendor/laravel/framework/src/Illuminate/Pipeline/Pipeline.php(219): Illuminate\\Cookie\\Middleware\\EncryptCookies->handle()
#46 /home/lionel/Documents/Junkyard/gotrip/bc-cms/vendor/laravel/framework/src/Illuminate/Pipeline/Pipeline.php(137): Illuminate\\Pipeline\\Pipeline->{closure:{closure:Illuminate\\Pipeline\\Pipeline::carry():194}:195}()
#47 /home/lionel/Documents/Junkyard/gotrip/bc-cms/vendor/laravel/framework/src/Illuminate/Routing/Router.php(821): Illuminate\\Pipeline\\Pipeline->then()
#48 /home/lionel/Documents/Junkyard/gotrip/bc-cms/vendor/laravel/framework/src/Illuminate/Routing/Router.php(800): Illuminate\\Routing\\Router->runRouteWithinStack()
#49 /home/lionel/Documents/Junkyard/gotrip/bc-cms/vendor/laravel/framework/src/Illuminate/Routing/Router.php(764): Illuminate\\Routing\\Router->runRoute()
#50 /home/lionel/Documents/Junkyard/gotrip/bc-cms/vendor/laravel/framework/src/Illuminate/Routing/Router.php(753): Illuminate\\Routing\\Router->dispatchToRoute()
#51 /home/lionel/Documents/Junkyard/gotrip/bc-cms/vendor/laravel/framework/src/Illuminate/Foundation/Http/Kernel.php(200): Illuminate\\Routing\\Router->dispatch()
#52 /home/lionel/Documents/Junkyard/gotrip/bc-cms/vendor/laravel/framework/src/Illuminate/Pipeline/Pipeline.php(180): Illuminate\\Foundation\\Http\\Kernel->{closure:Illuminate\\Foundation\\Http\\Kernel::dispatchToRouter():197}()
#53 /home/lionel/Documents/Junkyard/gotrip/bc-cms/themes/Base/Core/Middleware/RunUpdater.php(77): Illuminate\\Pipeline\\Pipeline->{closure:Illuminate\\Pipeline\\Pipeline::prepareDestination():178}()
#54 /home/lionel/Documents/Junkyard/gotrip/bc-cms/vendor/laravel/framework/src/Illuminate/Pipeline/Pipeline.php(219): Themes\\Base\\Core\\Middleware\\RunUpdater->handle()
#55 /home/lionel/Documents/Junkyard/gotrip/bc-cms/vendor/livewire/livewire/src/Features/SupportDisablingBackButtonCache/DisableBackButtonCacheMiddleware.php(19): Illuminate\\Pipeline\\Pipeline->{closure:{closure:Illuminate\\Pipeline\\Pipeline::carry():194}:195}()
#56 /home/lionel/Documents/Junkyard/gotrip/bc-cms/vendor/laravel/framework/src/Illuminate/Pipeline/Pipeline.php(219): Livewire\\Features\\SupportDisablingBackButtonCache\\DisableBackButtonCacheMiddleware->handle()
#57 /home/lionel/Documents/Junkyard/gotrip/bc-cms/vendor/barryvdh/laravel-debugbar/src/Middleware/InjectDebugbar.php(66): Illuminate\\Pipeline\\Pipeline->{closure:{closure:Illuminate\\Pipeline\\Pipeline::carry():194}:195}()
#58 /home/lionel/Documents/Junkyard/gotrip/bc-cms/vendor/laravel/framework/src/Illuminate/Pipeline/Pipeline.php(219): Barryvdh\\Debugbar\\Middleware\\InjectDebugbar->handle()
#59 /home/lionel/Documents/Junkyard/gotrip/bc-cms/app/Http/Middleware/RedirectToInstaller.php(40): Illuminate\\Pipeline\\Pipeline->{closure:{closure:Illuminate\\Pipeline\\Pipeline::carry():194}:195}()
#60 /home/lionel/Documents/Junkyard/gotrip/bc-cms/vendor/laravel/framework/src/Illuminate/Pipeline/Pipeline.php(219): App\\Http\\Middleware\\RedirectToInstaller->handle()
#61 /home/lionel/Documents/Junkyard/gotrip/bc-cms/vendor/laravel/framework/src/Illuminate/Foundation/Http/Middleware/TransformsRequest.php(21): Illuminate\\Pipeline\\Pipeline->{closure:{closure:Illuminate\\Pipeline\\Pipeline::carry():194}:195}()
#62 /home/lionel/Documents/Junkyard/gotrip/bc-cms/vendor/laravel/framework/src/Illuminate/Foundation/Http/Middleware/ConvertEmptyStringsToNull.php(31): Illuminate\\Foundation\\Http\\Middleware\\TransformsRequest->handle()
#63 /home/lionel/Documents/Junkyard/gotrip/bc-cms/vendor/laravel/framework/src/Illuminate/Pipeline/Pipeline.php(219): Illuminate\\Foundation\\Http\\Middleware\\ConvertEmptyStringsToNull->handle()
#64 /home/lionel/Documents/Junkyard/gotrip/bc-cms/vendor/laravel/framework/src/Illuminate/Foundation/Http/Middleware/TransformsRequest.php(21): Illuminate\\Pipeline\\Pipeline->{closure:{closure:Illuminate\\Pipeline\\Pipeline::carry():194}:195}()
#65 /home/lionel/Documents/Junkyard/gotrip/bc-cms/vendor/laravel/framework/src/Illuminate/Foundation/Http/Middleware/TrimStrings.php(51): Illuminate\\Foundation\\Http\\Middleware\\TransformsRequest->handle()
#66 /home/lionel/Documents/Junkyard/gotrip/bc-cms/vendor/laravel/framework/src/Illuminate/Pipeline/Pipeline.php(219): Illuminate\\Foundation\\Http\\Middleware\\TrimStrings->handle()
#67 /home/lionel/Documents/Junkyard/gotrip/bc-cms/vendor/laravel/framework/src/Illuminate/Http/Middleware/ValidatePostSize.php(27): Illuminate\\Pipeline\\Pipeline->{closure:{closure:Illuminate\\Pipeline\\Pipeline::carry():194}:195}()
#68 /home/lionel/Documents/Junkyard/gotrip/bc-cms/vendor/laravel/framework/src/Illuminate/Pipeline/Pipeline.php(219): Illuminate\\Http\\Middleware\\ValidatePostSize->handle()
#69 /home/lionel/Documents/Junkyard/gotrip/bc-cms/vendor/laravel/framework/src/Illuminate/Foundation/Http/Middleware/PreventRequestsDuringMaintenance.php(109): Illuminate\\Pipeline\\Pipeline->{closure:{closure:Illuminate\\Pipeline\\Pipeline::carry():194}:195}()
#70 /home/lionel/Documents/Junkyard/gotrip/bc-cms/vendor/laravel/framework/src/Illuminate/Pipeline/Pipeline.php(219): Illuminate\\Foundation\\Http\\Middleware\\PreventRequestsDuringMaintenance->handle()
#71 /home/lionel/Documents/Junkyard/gotrip/bc-cms/vendor/laravel/framework/src/Illuminate/Http/Middleware/HandleCors.php(48): Illuminate\\Pipeline\\Pipeline->{closure:{closure:Illuminate\\Pipeline\\Pipeline::carry():194}:195}()
#72 /home/lionel/Documents/Junkyard/gotrip/bc-cms/vendor/laravel/framework/src/Illuminate/Pipeline/Pipeline.php(219): Illuminate\\Http\\Middleware\\HandleCors->handle()
#73 /home/lionel/Documents/Junkyard/gotrip/bc-cms/vendor/laravel/framework/src/Illuminate/Http/Middleware/TrustProxies.php(58): Illuminate\\Pipeline\\Pipeline->{closure:{closure:Illuminate\\Pipeline\\Pipeline::carry():194}:195}()
#74 /home/lionel/Documents/Junkyard/gotrip/bc-cms/vendor/laravel/framework/src/Illuminate/Pipeline/Pipeline.php(219): Illuminate\\Http\\Middleware\\TrustProxies->handle()
#75 /home/lionel/Documents/Junkyard/gotrip/bc-cms/vendor/laravel/framework/src/Illuminate/Foundation/Http/Middleware/InvokeDeferredCallbacks.php(22): Illuminate\\Pipeline\\Pipeline->{closure:{closure:Illuminate\\Pipeline\\Pipeline::carry():194}:195}()
#76 /home/lionel/Documents/Junkyard/gotrip/bc-cms/vendor/laravel/framework/src/Illuminate/Pipeline/Pipeline.php(219): Illuminate\\Foundation\\Http\\Middleware\\InvokeDeferredCallbacks->handle()
#77 /home/lionel/Documents/Junkyard/gotrip/bc-cms/vendor/laravel/framework/src/Illuminate/Http/Middleware/ValidatePathEncoding.php(26): Illuminate\\Pipeline\\Pipeline->{closure:{closure:Illuminate\\Pipeline\\Pipeline::carry():194}:195}()
#78 /home/lionel/Documents/Junkyard/gotrip/bc-cms/vendor/laravel/framework/src/Illuminate/Pipeline/Pipeline.php(219): Illuminate\\Http\\Middleware\\ValidatePathEncoding->handle()
#79 /home/lionel/Documents/Junkyard/gotrip/bc-cms/vendor/laravel/framework/src/Illuminate/Pipeline/Pipeline.php(137): Illuminate\\Pipeline\\Pipeline->{closure:{closure:Illuminate\\Pipeline\\Pipeline::carry():194}:195}()
#80 /home/lionel/Documents/Junkyard/gotrip/bc-cms/vendor/laravel/framework/src/Illuminate/Foundation/Http/Kernel.php(175): Illuminate\\Pipeline\\Pipeline->then()
#81 /home/lionel/Documents/Junkyard/gotrip/bc-cms/vendor/laravel/framework/src/Illuminate/Foundation/Http/Kernel.php(144): Illuminate\\Foundation\\Http\\Kernel->sendRequestThroughRouter()
#82 /home/lionel/Documents/Junkyard/gotrip/bc-cms/vendor/laravel/framework/src/Illuminate/Foundation/Application.php(1219): Illuminate\\Foundation\\Http\\Kernel->handle()
#83 /home/lionel/Documents/Junkyard/gotrip/public_html/index.php(84): Illuminate\\Foundation\\Application->handleRequest()
#84 /home/lionel/Documents/Junkyard/gotrip/bc-cms/server.php(43): require_once('...')
#85 {main}
"} 
[2026-05-25 01:46:13] local.ERROR: SQLSTATE[23000]: Integrity constraint violation: 1062 Duplicate entry 'TT-2026-001' for key 'bc_tourpay_invoices.bc_tourpay_invoices_invoice_number_unique' (Connection: mysql, SQL: insert into `bc_tourpay_invoices` (`type`, `status`, `author_id`, `create_user`, `invoice_number`, `pay_token`, `tanova_trip_id`, `client_name`, `client_email`, `client_phone`, `title`, `currency`, `issue_date`, `due_date`, `subtotal`, `tax_rate`, `tax_amount`, `total`, `updated_at`, `created_at`) values (invoice, draft, 6, 6, TT-2026-001, 7b051d3d-9bde-4e07-94f8-9c797437c6c3, 3, Lionel Masimba Siduna, lionel.siduna@gmail.com, +27646917115, Trip to Victoria Falls — 3 days, 1 guests, USD, 2026-05-25 00:00:00, 2026-05-29 00:00:00, 542, 0, 0, 542, 2026-05-25 01:46:13, 2026-05-25 01:46:13)) {"userId":6,"exception":"[object] (Illuminate\\Database\\UniqueConstraintViolationException(code: 23000): SQLSTATE[23000]: Integrity constraint violation: 1062 Duplicate entry 'TT-2026-001' for key 'bc_tourpay_invoices.bc_tourpay_invoices_invoice_number_unique' (Connection: mysql, SQL: insert into `bc_tourpay_invoices` (`type`, `status`, `author_id`, `create_user`, `invoice_number`, `pay_token`, `tanova_trip_id`, `client_name`, `client_email`, `client_phone`, `title`, `currency`, `issue_date`, `due_date`, `subtotal`, `tax_rate`, `tax_amount`, `total`, `updated_at`, `created_at`) values (invoice, draft, 6, 6, TT-2026-001, 7b051d3d-9bde-4e07-94f8-9c797437c6c3, 3, Lionel Masimba Siduna, lionel.siduna@gmail.com, +27646917115, Trip to Victoria Falls — 3 days, 1 guests, USD, 2026-05-25 00:00:00, 2026-05-29 00:00:00, 542, 0, 0, 542, 2026-05-25 01:46:13, 2026-05-25 01:46:13)) at /home/lionel/Documents/Junkyard/gotrip/bc-cms/vendor/laravel/framework/src/Illuminate/Database/Connection.php:819)
[stacktrace]
#0 /home/lionel/Documents/Junkyard/gotrip/bc-cms/vendor/laravel/framework/src/Illuminate/Database/Connection.php(778): Illuminate\\Database\\Connection->runQueryCallback()
#1 /home/lionel/Documents/Junkyard/gotrip/bc-cms/vendor/laravel/framework/src/Illuminate/Database/MySqlConnection.php(42): Illuminate\\Database\\Connection->run()
#2 /home/lionel/Documents/Junkyard/gotrip/bc-cms/vendor/laravel/framework/src/Illuminate/Database/Query/Processors/MySqlProcessor.php(35): Illuminate\\Database\\MySqlConnection->insert()
#3 /home/lionel/Documents/Junkyard/gotrip/bc-cms/vendor/laravel/framework/src/Illuminate/Database/Query/Builder.php(3853): Illuminate\\Database\\Query\\Processors\\MySqlProcessor->processInsertGetId()
#4 /home/lionel/Documents/Junkyard/gotrip/bc-cms/vendor/laravel/framework/src/Illuminate/Database/Eloquent/Builder.php(2220): Illuminate\\Database\\Query\\Builder->insertGetId()
#5 /home/lionel/Documents/Junkyard/gotrip/bc-cms/vendor/laravel/framework/src/Illuminate/Database/Eloquent/Model.php(1434): Illuminate\\Database\\Eloquent\\Builder->__call()
#6 /home/lionel/Documents/Junkyard/gotrip/bc-cms/vendor/laravel/framework/src/Illuminate/Database/Eloquent/Model.php(1399): Illuminate\\Database\\Eloquent\\Model->insertAndSetId()
#7 /home/lionel/Documents/Junkyard/gotrip/bc-cms/vendor/laravel/framework/src/Illuminate/Database/Eloquent/Model.php(1238): Illuminate\\Database\\Eloquent\\Model->performInsert()
#8 /home/lionel/Documents/Junkyard/gotrip/bc-cms/pro/Tanova/Controllers/TanovaAdminController.php(296): Illuminate\\Database\\Eloquent\\Model->save()
#9 /home/lionel/Documents/Junkyard/gotrip/bc-cms/vendor/laravel/framework/src/Illuminate/Routing/Controller.php(54): Pro\\Tanova\\Controllers\\TanovaAdminController->createInvoice()
#10 /home/lionel/Documents/Junkyard/gotrip/bc-cms/vendor/laravel/framework/src/Illuminate/Routing/ControllerDispatcher.php(43): Illuminate\\Routing\\Controller->callAction()
#11 /home/lionel/Documents/Junkyard/gotrip/bc-cms/vendor/laravel/framework/src/Illuminate/Routing/Route.php(265): Illuminate\\Routing\\ControllerDispatcher->dispatch()
#12 /home/lionel/Documents/Junkyard/gotrip/bc-cms/vendor/laravel/framework/src/Illuminate/Routing/Route.php(211): Illuminate\\Routing\\Route->runController()
#13 /home/lionel/Documents/Junkyard/gotrip/bc-cms/vendor/laravel/framework/src/Illuminate/Routing/Router.php(822): Illuminate\\Routing\\Route->run()
#14 /home/lionel/Documents/Junkyard/gotrip/bc-cms/vendor/laravel/framework/src/Illuminate/Pipeline/Pipeline.php(180): Illuminate\\Routing\\Router->{closure:Illuminate\\Routing\\Router::runRouteWithinStack():821}()
#15 /home/lionel/Documents/Junkyard/gotrip/bc-cms/vendor/laravel/framework/src/Illuminate/Auth/Middleware/EnsureEmailIsVerified.php(41): Illuminate\\Pipeline\\Pipeline->{closure:Illuminate\\Pipeline\\Pipeline::prepareDestination():178}()
#16 /home/lionel/Documents/Junkyard/gotrip/bc-cms/vendor/laravel/framework/src/Illuminate/Pipeline/Pipeline.php(219): Illuminate\\Auth\\Middleware\\EnsureEmailIsVerified->handle()
#17 /home/lionel/Documents/Junkyard/gotrip/bc-cms/vendor/barryvdh/laravel-debugbar/src/Middleware/InjectDebugbar.php(66): Illuminate\\Pipeline\\Pipeline->{closure:{closure:Illuminate\\Pipeline\\Pipeline::carry():194}:195}()
#18 /home/lionel/Documents/Junkyard/gotrip/bc-cms/vendor/laravel/framework/src/Illuminate/Pipeline/Pipeline.php(219): Barryvdh\\Debugbar\\Middleware\\InjectDebugbar->handle()
#19 /home/lionel/Documents/Junkyard/gotrip/bc-cms/app/Http/Middleware/RequireChangePassword.php(41): Illuminate\\Pipeline\\Pipeline->{closure:{closure:Illuminate\\Pipeline\\Pipeline::carry():194}:195}()
#20 /home/lionel/Documents/Junkyard/gotrip/bc-cms/vendor/laravel/framework/src/Illuminate/Pipeline/Pipeline.php(219): App\\Http\\Middleware\\RequireChangePassword->handle()
#21 /home/lionel/Documents/Junkyard/gotrip/bc-cms/app/Http/Middleware/SetCurrentCurrency.php(48): Illuminate\\Pipeline\\Pipeline->{closure:{closure:Illuminate\\Pipeline\\Pipeline::carry():194}:195}()
#22 /home/lionel/Documents/Junkyard/gotrip/bc-cms/vendor/laravel/framework/src/Illuminate/Pipeline/Pipeline.php(219): App\\Http\\Middleware\\SetCurrentCurrency->handle()
#23 /home/lionel/Documents/Junkyard/gotrip/bc-cms/app/Http/Middleware/SetLanguageForAdmin.php(37): Illuminate\\Pipeline\\Pipeline->{closure:{closure:Illuminate\\Pipeline\\Pipeline::carry():194}:195}()
#24 /home/lionel/Documents/Junkyard/gotrip/bc-cms/vendor/laravel/framework/src/Illuminate/Pipeline/Pipeline.php(219): App\\Http\\Middleware\\SetLanguageForAdmin->handle()
#25 /home/lionel/Documents/Junkyard/gotrip/bc-cms/app/Http/Middleware/RedirectForMultiLanguage.php(58): Illuminate\\Pipeline\\Pipeline->{closure:{closure:Illuminate\\Pipeline\\Pipeline::carry():194}:195}()
#26 /home/lionel/Documents/Junkyard/gotrip/bc-cms/vendor/laravel/framework/src/Illuminate/Pipeline/Pipeline.php(219): App\\Http\\Middleware\\RedirectForMultiLanguage->handle()
#27 /home/lionel/Documents/Junkyard/gotrip/bc-cms/app/Http/Middleware/FrontendGuard.php(67): Illuminate\\Pipeline\\Pipeline->{closure:{closure:Illuminate\\Pipeline\\Pipeline::carry():194}:195}()
#28 /home/lionel/Documents/Junkyard/gotrip/bc-cms/vendor/laravel/framework/src/Illuminate/Pipeline/Pipeline.php(219): App\\Http\\Middleware\\FrontendGuard->handle()
#29 /home/lionel/Documents/Junkyard/gotrip/bc-cms/vendor/laravel/framework/src/Illuminate/Routing/Middleware/SubstituteBindings.php(50): Illuminate\\Pipeline\\Pipeline->{closure:{closure:Illuminate\\Pipeline\\Pipeline::carry():194}:195}()
#30 /home/lionel/Documents/Junkyard/gotrip/bc-cms/vendor/laravel/framework/src/Illuminate/Pipeline/Pipeline.php(219): Illuminate\\Routing\\Middleware\\SubstituteBindings->handle()
#31 /home/lionel/Documents/Junkyard/gotrip/bc-cms/vendor/laravel/framework/src/Illuminate/Auth/Middleware/Authenticate.php(63): Illuminate\\Pipeline\\Pipeline->{closure:{closure:Illuminate\\Pipeline\\Pipeline::carry():194}:195}()
#32 /home/lionel/Documents/Junkyard/gotrip/bc-cms/vendor/laravel/framework/src/Illuminate/Pipeline/Pipeline.php(219): Illuminate\\Auth\\Middleware\\Authenticate->handle()
#33 /home/lionel/Documents/Junkyard/gotrip/bc-cms/vendor/laravel/framework/src/Illuminate/Foundation/Http/Middleware/VerifyCsrfToken.php(87): Illuminate\\Pipeline\\Pipeline->{closure:{closure:Illuminate\\Pipeline\\Pipeline::carry():194}:195}()
#34 /home/lionel/Documents/Junkyard/gotrip/bc-cms/vendor/laravel/framework/src/Illuminate/Pipeline/Pipeline.php(219): Illuminate\\Foundation\\Http\\Middleware\\VerifyCsrfToken->handle()
#35 /home/lionel/Documents/Junkyard/gotrip/bc-cms/vendor/laravel/framework/src/Illuminate/View/Middleware/ShareErrorsFromSession.php(48): Illuminate\\Pipeline\\Pipeline->{closure:{closure:Illuminate\\Pipeline\\Pipeline::carry():194}:195}()
#36 /home/lionel/Documents/Junkyard/gotrip/bc-cms/vendor/laravel/framework/src/Illuminate/Pipeline/Pipeline.php(219): Illuminate\\View\\Middleware\\ShareErrorsFromSession->handle()
#37 /home/lionel/Documents/Junkyard/gotrip/bc-cms/vendor/laravel/framework/src/Illuminate/Session/Middleware/StartSession.php(120): Illuminate\\Pipeline\\Pipeline->{closure:{closure:Illuminate\\Pipeline\\Pipeline::carry():194}:195}()
#38 /home/lionel/Documents/Junkyard/gotrip/bc-cms/vendor/laravel/framework/src/Illuminate/Session/Middleware/StartSession.php(63): Illuminate\\Session\\Middleware\\StartSession->handleStatefulRequest()
#39 /home/lionel/Documents/Junkyard/gotrip/bc-cms/vendor/laravel/framework/src/Illuminate/Pipeline/Pipeline.php(219): Illuminate\\Session\\Middleware\\StartSession->handle()
#40 /home/lionel/Documents/Junkyard/gotrip/bc-cms/vendor/laravel/framework/src/Illuminate/Cookie/Middleware/AddQueuedCookiesToResponse.php(36): Illuminate\\Pipeline\\Pipeline->{closure:{closure:Illuminate\\Pipeline\\Pipeline::carry():194}:195}()
#41 /home/lionel/Documents/Junkyard/gotrip/bc-cms/vendor/laravel/framework/src/Illuminate/Pipeline/Pipeline.php(219): Illuminate\\Cookie\\Middleware\\AddQueuedCookiesToResponse->handle()
#42 /home/lionel/Documents/Junkyard/gotrip/bc-cms/vendor/laravel/framework/src/Illuminate/Cookie/Middleware/EncryptCookies.php(74): Illuminate\\Pipeline\\Pipeline->{closure:{closure:Illuminate\\Pipeline\\Pipeline::carry():194}:195}()
#43 /home/lionel/Documents/Junkyard/gotrip/bc-cms/vendor/laravel/framework/src/Illuminate/Pipeline/Pipeline.php(219): Illuminate\\Cookie\\Middleware\\EncryptCookies->handle()
#44 /home/lionel/Documents/Junkyard/gotrip/bc-cms/vendor/laravel/framework/src/Illuminate/Pipeline/Pipeline.php(137): Illuminate\\Pipeline\\Pipeline->{closure:{closure:Illuminate\\Pipeline\\Pipeline::carry():194}:195}()
#45 /home/lionel/Documents/Junkyard/gotrip/bc-cms/vendor/laravel/framework/src/Illuminate/Routing/Router.php(821): Illuminate\\Pipeline\\Pipeline->then()
#46 /home/lionel/Documents/Junkyard/gotrip/bc-cms/vendor/laravel/framework/src/Illuminate/Routing/Router.php(800): Illuminate\\Routing\\Router->runRouteWithinStack()
#47 /home/lionel/Documents/Junkyard/gotrip/bc-cms/vendor/laravel/framework/src/Illuminate/Routing/Router.php(764): Illuminate\\Routing\\Router->runRoute()
#48 /home/lionel/Documents/Junkyard/gotrip/bc-cms/vendor/laravel/framework/src/Illuminate/Routing/Router.php(753): Illuminate\\Routing\\Router->dispatchToRoute()
#49 /home/lionel/Documents/Junkyard/gotrip/bc-cms/vendor/laravel/framework/src/Illuminate/Foundation/Http/Kernel.php(200): Illuminate\\Routing\\Router->dispatch()
#50 /home/lionel/Documents/Junkyard/gotrip/bc-cms/vendor/laravel/framework/src/Illuminate/Pipeline/Pipeline.php(180): Illuminate\\Foundation\\Http\\Kernel->{closure:Illuminate\\Foundation\\Http\\Kernel::dispatchToRouter():197}()
#51 /home/lionel/Documents/Junkyard/gotrip/bc-cms/themes/Base/Core/Middleware/RunUpdater.php(77): Illuminate\\Pipeline\\Pipeline->{closure:Illuminate\\Pipeline\\Pipeline::prepareDestination():178}()
#52 /home/lionel/Documents/Junkyard/gotrip/bc-cms/vendor/laravel/framework/src/Illuminate/Pipeline/Pipeline.php(219): Themes\\Base\\Core\\Middleware\\RunUpdater->handle()
#53 /home/lionel/Documents/Junkyard/gotrip/bc-cms/vendor/livewire/livewire/src/Features/SupportDisablingBackButtonCache/DisableBackButtonCacheMiddleware.php(19): Illuminate\\Pipeline\\Pipeline->{closure:{closure:Illuminate\\Pipeline\\Pipeline::carry():194}:195}()
#54 /home/lionel/Documents/Junkyard/gotrip/bc-cms/vendor/laravel/framework/src/Illuminate/Pipeline/Pipeline.php(219): Livewire\\Features\\SupportDisablingBackButtonCache\\DisableBackButtonCacheMiddleware->handle()
#55 /home/lionel/Documents/Junkyard/gotrip/bc-cms/vendor/barryvdh/laravel-debugbar/src/Middleware/InjectDebugbar.php(66): Illuminate\\Pipeline\\Pipeline->{closure:{closure:Illuminate\\Pipeline\\Pipeline::carry():194}:195}()
#56 /home/lionel/Documents/Junkyard/gotrip/bc-cms/vendor/laravel/framework/src/Illuminate/Pipeline/Pipeline.php(219): Barryvdh\\Debugbar\\Middleware\\InjectDebugbar->handle()
#57 /home/lionel/Documents/Junkyard/gotrip/bc-cms/app/Http/Middleware/RedirectToInstaller.php(40): Illuminate\\Pipeline\\Pipeline->{closure:{closure:Illuminate\\Pipeline\\Pipeline::carry():194}:195}()
#58 /home/lionel/Documents/Junkyard/gotrip/bc-cms/vendor/laravel/framework/src/Illuminate/Pipeline/Pipeline.php(219): App\\Http\\Middleware\\RedirectToInstaller->handle()
#59 /home/lionel/Documents/Junkyard/gotrip/bc-cms/vendor/laravel/framework/src/Illuminate/Foundation/Http/Middleware/TransformsRequest.php(21): Illuminate\\Pipeline\\Pipeline->{closure:{closure:Illuminate\\Pipeline\\Pipeline::carry():194}:195}()
#60 /home/lionel/Documents/Junkyard/gotrip/bc-cms/vendor/laravel/framework/src/Illuminate/Foundation/Http/Middleware/ConvertEmptyStringsToNull.php(31): Illuminate\\Foundation\\Http\\Middleware\\TransformsRequest->handle()
#61 /home/lionel/Documents/Junkyard/gotrip/bc-cms/vendor/laravel/framework/src/Illuminate/Pipeline/Pipeline.php(219): Illuminate\\Foundation\\Http\\Middleware\\ConvertEmptyStringsToNull->handle()
#62 /home/lionel/Documents/Junkyard/gotrip/bc-cms/vendor/laravel/framework/src/Illuminate/Foundation/Http/Middleware/TransformsRequest.php(21): Illuminate\\Pipeline\\Pipeline->{closure:{closure:Illuminate\\Pipeline\\Pipeline::carry():194}:195}()
#63 /home/lionel/Documents/Junkyard/gotrip/bc-cms/vendor/laravel/framework/src/Illuminate/Foundation/Http/Middleware/TrimStrings.php(51): Illuminate\\Foundation\\Http\\Middleware\\TransformsRequest->handle()
#64 /home/lionel/Documents/Junkyard/gotrip/bc-cms/vendor/laravel/framework/src/Illuminate/Pipeline/Pipeline.php(219): Illuminate\\Foundation\\Http\\Middleware\\TrimStrings->handle()
#65 /home/lionel/Documents/Junkyard/gotrip/bc-cms/vendor/laravel/framework/src/Illuminate/Http/Middleware/ValidatePostSize.php(27): Illuminate\\Pipeline\\Pipeline->{closure:{closure:Illuminate\\Pipeline\\Pipeline::carry():194}:195}()
#66 /home/lionel/Documents/Junkyard/gotrip/bc-cms/vendor/laravel/framework/src/Illuminate/Pipeline/Pipeline.php(219): Illuminate\\Http\\Middleware\\ValidatePostSize->handle()
#67 /home/lionel/Documents/Junkyard/gotrip/bc-cms/vendor/laravel/framework/src/Illuminate/Foundation/Http/Middleware/PreventRequestsDuringMaintenance.php(109): Illuminate\\Pipeline\\Pipeline->{closure:{closure:Illuminate\\Pipeline\\Pipeline::carry():194}:195}()
#68 /home/lionel/Documents/Junkyard/gotrip/bc-cms/vendor/laravel/framework/src/Illuminate/Pipeline/Pipeline.php(219): Illuminate\\Foundation\\Http\\Middleware\\PreventRequestsDuringMaintenance->handle()
#69 /home/lionel/Documents/Junkyard/gotrip/bc-cms/vendor/laravel/framework/src/Illuminate/Http/Middleware/HandleCors.php(48): Illuminate\\Pipeline\\Pipeline->{closure:{closure:Illuminate\\Pipeline\\Pipeline::carry():194}:195}()
#70 /home/lionel/Documents/Junkyard/gotrip/bc-cms/vendor/laravel/framework/src/Illuminate/Pipeline/Pipeline.php(219): Illuminate\\Http\\Middleware\\HandleCors->handle()
#71 /home/lionel/Documents/Junkyard/gotrip/bc-cms/vendor/laravel/framework/src/Illuminate/Http/Middleware/TrustProxies.php(58): Illuminate\\Pipeline\\Pipeline->{closure:{closure:Illuminate\\Pipeline\\Pipeline::carry():194}:195}()
#72 /home/lionel/Documents/Junkyard/gotrip/bc-cms/vendor/laravel/framework/src/Illuminate/Pipeline/Pipeline.php(219): Illuminate\\Http\\Middleware\\TrustProxies->handle()
#73 /home/lionel/Documents/Junkyard/gotrip/bc-cms/vendor/laravel/framework/src/Illuminate/Foundation/Http/Middleware/InvokeDeferredCallbacks.php(22): Illuminate\\Pipeline\\Pipeline->{closure:{closure:Illuminate\\Pipeline\\Pipeline::carry():194}:195}()
#74 /home/lionel/Documents/Junkyard/gotrip/bc-cms/vendor/laravel/framework/src/Illuminate/Pipeline/Pipeline.php(219): Illuminate\\Foundation\\Http\\Middleware\\InvokeDeferredCallbacks->handle()
#75 /home/lionel/Documents/Junkyard/gotrip/bc-cms/vendor/laravel/framework/src/Illuminate/Http/Middleware/ValidatePathEncoding.php(26): Illuminate\\Pipeline\\Pipeline->{closure:{closure:Illuminate\\Pipeline\\Pipeline::carry():194}:195}()
#76 /home/lionel/Documents/Junkyard/gotrip/bc-cms/vendor/laravel/framework/src/Illuminate/Pipeline/Pipeline.php(219): Illuminate\\Http\\Middleware\\ValidatePathEncoding->handle()
#77 /home/lionel/Documents/Junkyard/gotrip/bc-cms/vendor/laravel/framework/src/Illuminate/Pipeline/Pipeline.php(137): Illuminate\\Pipeline\\Pipeline->{closure:{closure:Illuminate\\Pipeline\\Pipeline::carry():194}:195}()
#78 /home/lionel/Documents/Junkyard/gotrip/bc-cms/vendor/laravel/framework/src/Illuminate/Foundation/Http/Kernel.php(175): Illuminate\\Pipeline\\Pipeline->then()
#79 /home/lionel/Documents/Junkyard/gotrip/bc-cms/vendor/laravel/framework/src/Illuminate/Foundation/Http/Kernel.php(144): Illuminate\\Foundation\\Http\\Kernel->sendRequestThroughRouter()
#80 /home/lionel/Documents/Junkyard/gotrip/bc-cms/vendor/laravel/framework/src/Illuminate/Foundation/Application.php(1219): Illuminate\\Foundation\\Http\\Kernel->handle()
#81 /home/lionel/Documents/Junkyard/gotrip/public_html/index.php(84): Illuminate\\Foundation\\Application->handleRequest()
#82 /home/lionel/Documents/Junkyard/gotrip/bc-cms/server.php(43): require_once('...')
#83 {main}

[previous exception] [object] (PDOException(code: 23000): SQLSTATE[23000]: Integrity constraint violation: 1062 Duplicate entry 'TT-2026-001' for key 'bc_tourpay_invoices.bc_tourpay_invoices_invoice_number_unique' at /home/lionel/Documents/Junkyard/gotrip/bc-cms/vendor/laravel/framework/src/Illuminate/Database/MySqlConnection.php:53)
[stacktrace]
#0 /home/lionel/Documents/Junkyard/gotrip/bc-cms/vendor/laravel/framework/src/Illuminate/Database/MySqlConnection.php(53): PDOStatement->execute()
#1 /home/lionel/Documents/Junkyard/gotrip/bc-cms/vendor/laravel/framework/src/Illuminate/Database/Connection.php(811): Illuminate\\Database\\MySqlConnection->{closure:Illuminate\\Database\\MySqlConnection::insert():42}()
#2 /home/lionel/Documents/Junkyard/gotrip/bc-cms/vendor/laravel/framework/src/Illuminate/Database/Connection.php(778): Illuminate\\Database\\Connection->runQueryCallback()
#3 /home/lionel/Documents/Junkyard/gotrip/bc-cms/vendor/laravel/framework/src/Illuminate/Database/MySqlConnection.php(42): Illuminate\\Database\\Connection->run()
#4 /home/lionel/Documents/Junkyard/gotrip/bc-cms/vendor/laravel/framework/src/Illuminate/Database/Query/Processors/MySqlProcessor.php(35): Illuminate\\Database\\MySqlConnection->insert()
#5 /home/lionel/Documents/Junkyard/gotrip/bc-cms/vendor/laravel/framework/src/Illuminate/Database/Query/Builder.php(3853): Illuminate\\Database\\Query\\Processors\\MySqlProcessor->processInsertGetId()
#6 /home/lionel/Documents/Junkyard/gotrip/bc-cms/vendor/laravel/framework/src/Illuminate/Database/Eloquent/Builder.php(2220): Illuminate\\Database\\Query\\Builder->insertGetId()
#7 /home/lionel/Documents/Junkyard/gotrip/bc-cms/vendor/laravel/framework/src/Illuminate/Database/Eloquent/Model.php(1434): Illuminate\\Database\\Eloquent\\Builder->__call()
#8 /home/lionel/Documents/Junkyard/gotrip/bc-cms/vendor/laravel/framework/src/Illuminate/Database/Eloquent/Model.php(1399): Illuminate\\Database\\Eloquent\\Model->insertAndSetId()
#9 /home/lionel/Documents/Junkyard/gotrip/bc-cms/vendor/laravel/framework/src/Illuminate/Database/Eloquent/Model.php(1238): Illuminate\\Database\\Eloquent\\Model->performInsert()
#10 /home/lionel/Documents/Junkyard/gotrip/bc-cms/pro/Tanova/Controllers/TanovaAdminController.php(296): Illuminate\\Database\\Eloquent\\Model->save()
#11 /home/lionel/Documents/Junkyard/gotrip/bc-cms/vendor/laravel/framework/src/Illuminate/Routing/Controller.php(54): Pro\\Tanova\\Controllers\\TanovaAdminController->createInvoice()
#12 /home/lionel/Documents/Junkyard/gotrip/bc-cms/vendor/laravel/framework/src/Illuminate/Routing/ControllerDispatcher.php(43): Illuminate\\Routing\\Controller->callAction()
#13 /home/lionel/Documents/Junkyard/gotrip/bc-cms/vendor/laravel/framework/src/Illuminate/Routing/Route.php(265): Illuminate\\Routing\\ControllerDispatcher->dispatch()
#14 /home/lionel/Documents/Junkyard/gotrip/bc-cms/vendor/laravel/framework/src/Illuminate/Routing/Route.php(211): Illuminate\\Routing\\Route->runController()
#15 /home/lionel/Documents/Junkyard/gotrip/bc-cms/vendor/laravel/framework/src/Illuminate/Routing/Router.php(822): Illuminate\\Routing\\Route->run()
#16 /home/lionel/Documents/Junkyard/gotrip/bc-cms/vendor/laravel/framework/src/Illuminate/Pipeline/Pipeline.php(180): Illuminate\\Routing\\Router->{closure:Illuminate\\Routing\\Router::runRouteWithinStack():821}()
#17 /home/lionel/Documents/Junkyard/gotrip/bc-cms/vendor/laravel/framework/src/Illuminate/Auth/Middleware/EnsureEmailIsVerified.php(41): Illuminate\\Pipeline\\Pipeline->{closure:Illuminate\\Pipeline\\Pipeline::prepareDestination():178}()
#18 /home/lionel/Documents/Junkyard/gotrip/bc-cms/vendor/laravel/framework/src/Illuminate/Pipeline/Pipeline.php(219): Illuminate\\Auth\\Middleware\\EnsureEmailIsVerified->handle()
#19 /home/lionel/Documents/Junkyard/gotrip/bc-cms/vendor/barryvdh/laravel-debugbar/src/Middleware/InjectDebugbar.php(66): Illuminate\\Pipeline\\Pipeline->{closure:{closure:Illuminate\\Pipeline\\Pipeline::carry():194}:195}()
#20 /home/lionel/Documents/Junkyard/gotrip/bc-cms/vendor/laravel/framework/src/Illuminate/Pipeline/Pipeline.php(219): Barryvdh\\Debugbar\\Middleware\\InjectDebugbar->handle()
#21 /home/lionel/Documents/Junkyard/gotrip/bc-cms/app/Http/Middleware/RequireChangePassword.php(41): Illuminate\\Pipeline\\Pipeline->{closure:{closure:Illuminate\\Pipeline\\Pipeline::carry():194}:195}()
#22 /home/lionel/Documents/Junkyard/gotrip/bc-cms/vendor/laravel/framework/src/Illuminate/Pipeline/Pipeline.php(219): App\\Http\\Middleware\\RequireChangePassword->handle()
#23 /home/lionel/Documents/Junkyard/gotrip/bc-cms/app/Http/Middleware/SetCurrentCurrency.php(48): Illuminate\\Pipeline\\Pipeline->{closure:{closure:Illuminate\\Pipeline\\Pipeline::carry():194}:195}()
#24 /home/lionel/Documents/Junkyard/gotrip/bc-cms/vendor/laravel/framework/src/Illuminate/Pipeline/Pipeline.php(219): App\\Http\\Middleware\\SetCurrentCurrency->handle()
#25 /home/lionel/Documents/Junkyard/gotrip/bc-cms/app/Http/Middleware/SetLanguageForAdmin.php(37): Illuminate\\Pipeline\\Pipeline->{closure:{closure:Illuminate\\Pipeline\\Pipeline::carry():194}:195}()
#26 /home/lionel/Documents/Junkyard/gotrip/bc-cms/vendor/laravel/framework/src/Illuminate/Pipeline/Pipeline.php(219): App\\Http\\Middleware\\SetLanguageForAdmin->handle()
#27 /home/lionel/Documents/Junkyard/gotrip/bc-cms/app/Http/Middleware/RedirectForMultiLanguage.php(58): Illuminate\\Pipeline\\Pipeline->{closure:{closure:Illuminate\\Pipeline\\Pipeline::carry():194}:195}()
#28 /home/lionel/Documents/Junkyard/gotrip/bc-cms/vendor/laravel/framework/src/Illuminate/Pipeline/Pipeline.php(219): App\\Http\\Middleware\\RedirectForMultiLanguage->handle()
#29 /home/lionel/Documents/Junkyard/gotrip/bc-cms/app/Http/Middleware/FrontendGuard.php(67): Illuminate\\Pipeline\\Pipeline->{closure:{closure:Illuminate\\Pipeline\\Pipeline::carry():194}:195}()
#30 /home/lionel/Documents/Junkyard/gotrip/bc-cms/vendor/laravel/framework/src/Illuminate/Pipeline/Pipeline.php(219): App\\Http\\Middleware\\FrontendGuard->handle()
#31 /home/lionel/Documents/Junkyard/gotrip/bc-cms/vendor/laravel/framework/src/Illuminate/Routing/Middleware/SubstituteBindings.php(50): Illuminate\\Pipeline\\Pipeline->{closure:{closure:Illuminate\\Pipeline\\Pipeline::carry():194}:195}()
#32 /home/lionel/Documents/Junkyard/gotrip/bc-cms/vendor/laravel/framework/src/Illuminate/Pipeline/Pipeline.php(219): Illuminate\\Routing\\Middleware\\SubstituteBindings->handle()
#33 /home/lionel/Documents/Junkyard/gotrip/bc-cms/vendor/laravel/framework/src/Illuminate/Auth/Middleware/Authenticate.php(63): Illuminate\\Pipeline\\Pipeline->{closure:{closure:Illuminate\\Pipeline\\Pipeline::carry():194}:195}()
#34 /home/lionel/Documents/Junkyard/gotrip/bc-cms/vendor/laravel/framework/src/Illuminate/Pipeline/Pipeline.php(219): Illuminate\\Auth\\Middleware\\Authenticate->handle()
#35 /home/lionel/Documents/Junkyard/gotrip/bc-cms/vendor/laravel/framework/src/Illuminate/Foundation/Http/Middleware/VerifyCsrfToken.php(87): Illuminate\\Pipeline\\Pipeline->{closure:{closure:Illuminate\\Pipeline\\Pipeline::carry():194}:195}()
#36 /home/lionel/Documents/Junkyard/gotrip/bc-cms/vendor/laravel/framework/src/Illuminate/Pipeline/Pipeline.php(219): Illuminate\\Foundation\\Http\\Middleware\\VerifyCsrfToken->handle()
#37 /home/lionel/Documents/Junkyard/gotrip/bc-cms/vendor/laravel/framework/src/Illuminate/View/Middleware/ShareErrorsFromSession.php(48): Illuminate\\Pipeline\\Pipeline->{closure:{closure:Illuminate\\Pipeline\\Pipeline::carry():194}:195}()
#38 /home/lionel/Documents/Junkyard/gotrip/bc-cms/vendor/laravel/framework/src/Illuminate/Pipeline/Pipeline.php(219): Illuminate\\View\\Middleware\\ShareErrorsFromSession->handle()
#39 /home/lionel/Documents/Junkyard/gotrip/bc-cms/vendor/laravel/framework/src/Illuminate/Session/Middleware/StartSession.php(120): Illuminate\\Pipeline\\Pipeline->{closure:{closure:Illuminate\\Pipeline\\Pipeline::carry():194}:195}()
#40 /home/lionel/Documents/Junkyard/gotrip/bc-cms/vendor/laravel/framework/src/Illuminate/Session/Middleware/StartSession.php(63): Illuminate\\Session\\Middleware\\StartSession->handleStatefulRequest()
#41 /home/lionel/Documents/Junkyard/gotrip/bc-cms/vendor/laravel/framework/src/Illuminate/Pipeline/Pipeline.php(219): Illuminate\\Session\\Middleware\\StartSession->handle()
#42 /home/lionel/Documents/Junkyard/gotrip/bc-cms/vendor/laravel/framework/src/Illuminate/Cookie/Middleware/AddQueuedCookiesToResponse.php(36): Illuminate\\Pipeline\\Pipeline->{closure:{closure:Illuminate\\Pipeline\\Pipeline::carry():194}:195}()
#43 /home/lionel/Documents/Junkyard/gotrip/bc-cms/vendor/laravel/framework/src/Illuminate/Pipeline/Pipeline.php(219): Illuminate\\Cookie\\Middleware\\AddQueuedCookiesToResponse->handle()
#44 /home/lionel/Documents/Junkyard/gotrip/bc-cms/vendor/laravel/framework/src/Illuminate/Cookie/Middleware/EncryptCookies.php(74): Illuminate\\Pipeline\\Pipeline->{closure:{closure:Illuminate\\Pipeline\\Pipeline::carry():194}:195}()
#45 /home/lionel/Documents/Junkyard/gotrip/bc-cms/vendor/laravel/framework/src/Illuminate/Pipeline/Pipeline.php(219): Illuminate\\Cookie\\Middleware\\EncryptCookies->handle()
#46 /home/lionel/Documents/Junkyard/gotrip/bc-cms/vendor/laravel/framework/src/Illuminate/Pipeline/Pipeline.php(137): Illuminate\\Pipeline\\Pipeline->{closure:{closure:Illuminate\\Pipeline\\Pipeline::carry():194}:195}()
#47 /home/lionel/Documents/Junkyard/gotrip/bc-cms/vendor/laravel/framework/src/Illuminate/Routing/Router.php(821): Illuminate\\Pipeline\\Pipeline->then()
#48 /home/lionel/Documents/Junkyard/gotrip/bc-cms/vendor/laravel/framework/src/Illuminate/Routing/Router.php(800): Illuminate\\Routing\\Router->runRouteWithinStack()
#49 /home/lionel/Documents/Junkyard/gotrip/bc-cms/vendor/laravel/framework/src/Illuminate/Routing/Router.php(764): Illuminate\\Routing\\Router->runRoute()
#50 /home/lionel/Documents/Junkyard/gotrip/bc-cms/vendor/laravel/framework/src/Illuminate/Routing/Router.php(753): Illuminate\\Routing\\Router->dispatchToRoute()
#51 /home/lionel/Documents/Junkyard/gotrip/bc-cms/vendor/laravel/framework/src/Illuminate/Foundation/Http/Kernel.php(200): Illuminate\\Routing\\Router->dispatch()
#52 /home/lionel/Documents/Junkyard/gotrip/bc-cms/vendor/laravel/framework/src/Illuminate/Pipeline/Pipeline.php(180): Illuminate\\Foundation\\Http\\Kernel->{closure:Illuminate\\Foundation\\Http\\Kernel::dispatchToRouter():197}()
#53 /home/lionel/Documents/Junkyard/gotrip/bc-cms/themes/Base/Core/Middleware/RunUpdater.php(77): Illuminate\\Pipeline\\Pipeline->{closure:Illuminate\\Pipeline\\Pipeline::prepareDestination():178}()
#54 /home/lionel/Documents/Junkyard/gotrip/bc-cms/vendor/laravel/framework/src/Illuminate/Pipeline/Pipeline.php(219): Themes\\Base\\Core\\Middleware\\RunUpdater->handle()
#55 /home/lionel/Documents/Junkyard/gotrip/bc-cms/vendor/livewire/livewire/src/Features/SupportDisablingBackButtonCache/DisableBackButtonCacheMiddleware.php(19): Illuminate\\Pipeline\\Pipeline->{closure:{closure:Illuminate\\Pipeline\\Pipeline::carry():194}:195}()
#56 /home/lionel/Documents/Junkyard/gotrip/bc-cms/vendor/laravel/framework/src/Illuminate/Pipeline/Pipeline.php(219): Livewire\\Features\\SupportDisablingBackButtonCache\\DisableBackButtonCacheMiddleware->handle()
#57 /home/lionel/Documents/Junkyard/gotrip/bc-cms/vendor/barryvdh/laravel-debugbar/src/Middleware/InjectDebugbar.php(66): Illuminate\\Pipeline\\Pipeline->{closure:{closure:Illuminate\\Pipeline\\Pipeline::carry():194}:195}()
#58 /home/lionel/Documents/Junkyard/gotrip/bc-cms/vendor/laravel/framework/src/Illuminate/Pipeline/Pipeline.php(219): Barryvdh\\Debugbar\\Middleware\\InjectDebugbar->handle()
#59 /home/lionel/Documents/Junkyard/gotrip/bc-cms/app/Http/Middleware/RedirectToInstaller.php(40): Illuminate\\Pipeline\\Pipeline->{closure:{closure:Illuminate\\Pipeline\\Pipeline::carry():194}:195}()
#60 /home/lionel/Documents/Junkyard/gotrip/bc-cms/vendor/laravel/framework/src/Illuminate/Pipeline/Pipeline.php(219): App\\Http\\Middleware\\RedirectToInstaller->handle()
#61 /home/lionel/Documents/Junkyard/gotrip/bc-cms/vendor/laravel/framework/src/Illuminate/Foundation/Http/Middleware/TransformsRequest.php(21): Illuminate\\Pipeline\\Pipeline->{closure:{closure:Illuminate\\Pipeline\\Pipeline::carry():194}:195}()
#62 /home/lionel/Documents/Junkyard/gotrip/bc-cms/vendor/laravel/framework/src/Illuminate/Foundation/Http/Middleware/ConvertEmptyStringsToNull.php(31): Illuminate\\Foundation\\Http\\Middleware\\TransformsRequest->handle()
#63 /home/lionel/Documents/Junkyard/gotrip/bc-cms/vendor/laravel/framework/src/Illuminate/Pipeline/Pipeline.php(219): Illuminate\\Foundation\\Http\\Middleware\\ConvertEmptyStringsToNull->handle()
#64 /home/lionel/Documents/Junkyard/gotrip/bc-cms/vendor/laravel/framework/src/Illuminate/Foundation/Http/Middleware/TransformsRequest.php(21): Illuminate\\Pipeline\\Pipeline->{closure:{closure:Illuminate\\Pipeline\\Pipeline::carry():194}:195}()
#65 /home/lionel/Documents/Junkyard/gotrip/bc-cms/vendor/laravel/framework/src/Illuminate/Foundation/Http/Middleware/TrimStrings.php(51): Illuminate\\Foundation\\Http\\Middleware\\TransformsRequest->handle()
#66 /home/lionel/Documents/Junkyard/gotrip/bc-cms/vendor/laravel/framework/src/Illuminate/Pipeline/Pipeline.php(219): Illuminate\\Foundation\\Http\\Middleware\\TrimStrings->handle()
#67 /home/lionel/Documents/Junkyard/gotrip/bc-cms/vendor/laravel/framework/src/Illuminate/Http/Middleware/ValidatePostSize.php(27): Illuminate\\Pipeline\\Pipeline->{closure:{closure:Illuminate\\Pipeline\\Pipeline::carry():194}:195}()
#68 /home/lionel/Documents/Junkyard/gotrip/bc-cms/vendor/laravel/framework/src/Illuminate/Pipeline/Pipeline.php(219): Illuminate\\Http\\Middleware\\ValidatePostSize->handle()
#69 /home/lionel/Documents/Junkyard/gotrip/bc-cms/vendor/laravel/framework/src/Illuminate/Foundation/Http/Middleware/PreventRequestsDuringMaintenance.php(109): Illuminate\\Pipeline\\Pipeline->{closure:{closure:Illuminate\\Pipeline\\Pipeline::carry():194}:195}()
#70 /home/lionel/Documents/Junkyard/gotrip/bc-cms/vendor/laravel/framework/src/Illuminate/Pipeline/Pipeline.php(219): Illuminate\\Foundation\\Http\\Middleware\\PreventRequestsDuringMaintenance->handle()
#71 /home/lionel/Documents/Junkyard/gotrip/bc-cms/vendor/laravel/framework/src/Illuminate/Http/Middleware/HandleCors.php(48): Illuminate\\Pipeline\\Pipeline->{closure:{closure:Illuminate\\Pipeline\\Pipeline::carry():194}:195}()
#72 /home/lionel/Documents/Junkyard/gotrip/bc-cms/vendor/laravel/framework/src/Illuminate/Pipeline/Pipeline.php(219): Illuminate\\Http\\Middleware\\HandleCors->handle()
#73 /home/lionel/Documents/Junkyard/gotrip/bc-cms/vendor/laravel/framework/src/Illuminate/Http/Middleware/TrustProxies.php(58): Illuminate\\Pipeline\\Pipeline->{closure:{closure:Illuminate\\Pipeline\\Pipeline::carry():194}:195}()
#74 /home/lionel/Documents/Junkyard/gotrip/bc-cms/vendor/laravel/framework/src/Illuminate/Pipeline/Pipeline.php(219): Illuminate\\Http\\Middleware\\TrustProxies->handle()
#75 /home/lionel/Documents/Junkyard/gotrip/bc-cms/vendor/laravel/framework/src/Illuminate/Foundation/Http/Middleware/InvokeDeferredCallbacks.php(22): Illuminate\\Pipeline\\Pipeline->{closure:{closure:Illuminate\\Pipeline\\Pipeline::carry():194}:195}()
#76 /home/lionel/Documents/Junkyard/gotrip/bc-cms/vendor/laravel/framework/src/Illuminate/Pipeline/Pipeline.php(219): Illuminate\\Foundation\\Http\\Middleware\\InvokeDeferredCallbacks->handle()
#77 /home/lionel/Documents/Junkyard/gotrip/bc-cms/vendor/laravel/framework/src/Illuminate/Http/Middleware/ValidatePathEncoding.php(26): Illuminate\\Pipeline\\Pipeline->{closure:{closure:Illuminate\\Pipeline\\Pipeline::carry():194}:195}()
#78 /home/lionel/Documents/Junkyard/gotrip/bc-cms/vendor/laravel/framework/src/Illuminate/Pipeline/Pipeline.php(219): Illuminate\\Http\\Middleware\\ValidatePathEncoding->handle()
#79 /home/lionel/Documents/Junkyard/gotrip/bc-cms/vendor/laravel/framework/src/Illuminate/Pipeline/Pipeline.php(137): Illuminate\\Pipeline\\Pipeline->{closure:{closure:Illuminate\\Pipeline\\Pipeline::carry():194}:195}()
#80 /home/lionel/Documents/Junkyard/gotrip/bc-cms/vendor/laravel/framework/src/Illuminate/Foundation/Http/Kernel.php(175): Illuminate\\Pipeline\\Pipeline->then()
#81 /home/lionel/Documents/Junkyard/gotrip/bc-cms/vendor/laravel/framework/src/Illuminate/Foundation/Http/Kernel.php(144): Illuminate\\Foundation\\Http\\Kernel->sendRequestThroughRouter()
#82 /home/lionel/Documents/Junkyard/gotrip/bc-cms/vendor/laravel/framework/src/Illuminate/Foundation/Application.php(1219): Illuminate\\Foundation\\Http\\Kernel->handle()
#83 /home/lionel/Documents/Junkyard/gotrip/public_html/index.php(84): Illuminate\\Foundation\\Application->handleRequest()
#84 /home/lionel/Documents/Junkyard/gotrip/bc-cms/server.php(43): require_once('...')
#85 {main}
"} 
[2026-05-25 01:47:16] local.ERROR: SQLSTATE[23000]: Integrity constraint violation: 1062 Duplicate entry 'TT-2026-001' for key 'bc_tourpay_invoices.bc_tourpay_invoices_invoice_number_unique' (Connection: mysql, SQL: insert into `bc_tourpay_invoices` (`type`, `status`, `author_id`, `create_user`, `invoice_number`, `pay_token`, `tanova_trip_id`, `client_name`, `client_email`, `client_phone`, `title`, `currency`, `issue_date`, `due_date`, `subtotal`, `tax_rate`, `tax_amount`, `total`, `updated_at`, `created_at`) values (invoice, draft, 6, 6, TT-2026-001, a106f21c-513b-4621-ac9f-4d3f64c3509c, 3, Lionel Masimba Siduna, lionel.siduna@gmail.com, +27646917115, Trip to Victoria Falls — 3 days, 1 guests, USD, 2026-05-25 00:00:00, 2026-05-29 00:00:00, 542, 0, 0, 542, 2026-05-25 01:47:16, 2026-05-25 01:47:16)) {"userId":6,"exception":"[object] (Illuminate\\Database\\UniqueConstraintViolationException(code: 23000): SQLSTATE[23000]: Integrity constraint violation: 1062 Duplicate entry 'TT-2026-001' for key 'bc_tourpay_invoices.bc_tourpay_invoices_invoice_number_unique' (Connection: mysql, SQL: insert into `bc_tourpay_invoices` (`type`, `status`, `author_id`, `create_user`, `invoice_number`, `pay_token`, `tanova_trip_id`, `client_name`, `client_email`, `client_phone`, `title`, `currency`, `issue_date`, `due_date`, `subtotal`, `tax_rate`, `tax_amount`, `total`, `updated_at`, `created_at`) values (invoice, draft, 6, 6, TT-2026-001, a106f21c-513b-4621-ac9f-4d3f64c3509c, 3, Lionel Masimba Siduna, lionel.siduna@gmail.com, +27646917115, Trip to Victoria Falls — 3 days, 1 guests, USD, 2026-05-25 00:00:00, 2026-05-29 00:00:00, 542, 0, 0, 542, 2026-05-25 01:47:16, 2026-05-25 01:47:16)) at /home/lionel/Documents/Junkyard/gotrip/bc-cms/vendor/laravel/framework/src/Illuminate/Database/Connection.php:819)
[stacktrace]
#0 /home/lionel/Documents/Junkyard/gotrip/bc-cms/vendor/laravel/framework/src/Illuminate/Database/Connection.php(778): Illuminate\\Database\\Connection->runQueryCallback()
#1 /home/lionel/Documents/Junkyard/gotrip/bc-cms/vendor/laravel/framework/src/Illuminate/Database/MySqlConnection.php(42): Illuminate\\Database\\Connection->run()
#2 /home/lionel/Documents/Junkyard/gotrip/bc-cms/vendor/laravel/framework/src/Illuminate/Database/Query/Processors/MySqlProcessor.php(35): Illuminate\\Database\\MySqlConnection->insert()
#3 /home/lionel/Documents/Junkyard/gotrip/bc-cms/vendor/laravel/framework/src/Illuminate/Database/Query/Builder.php(3853): Illuminate\\Database\\Query\\Processors\\MySqlProcessor->processInsertGetId()
#4 /home/lionel/Documents/Junkyard/gotrip/bc-cms/vendor/laravel/framework/src/Illuminate/Database/Eloquent/Builder.php(2220): Illuminate\\Database\\Query\\Builder->insertGetId()
#5 /home/lionel/Documents/Junkyard/gotrip/bc-cms/vendor/laravel/framework/src/Illuminate/Database/Eloquent/Model.php(1434): Illuminate\\Database\\Eloquent\\Builder->__call()
#6 /home/lionel/Documents/Junkyard/gotrip/bc-cms/vendor/laravel/framework/src/Illuminate/Database/Eloquent/Model.php(1399): Illuminate\\Database\\Eloquent\\Model->insertAndSetId()
#7 /home/lionel/Documents/Junkyard/gotrip/bc-cms/vendor/laravel/framework/src/Illuminate/Database/Eloquent/Model.php(1238): Illuminate\\Database\\Eloquent\\Model->performInsert()
#8 /home/lionel/Documents/Junkyard/gotrip/bc-cms/pro/Tanova/Controllers/TanovaAdminController.php(296): Illuminate\\Database\\Eloquent\\Model->save()
#9 /home/lionel/Documents/Junkyard/gotrip/bc-cms/vendor/laravel/framework/src/Illuminate/Routing/Controller.php(54): Pro\\Tanova\\Controllers\\TanovaAdminController->createInvoice()
#10 /home/lionel/Documents/Junkyard/gotrip/bc-cms/vendor/laravel/framework/src/Illuminate/Routing/ControllerDispatcher.php(43): Illuminate\\Routing\\Controller->callAction()
#11 /home/lionel/Documents/Junkyard/gotrip/bc-cms/vendor/laravel/framework/src/Illuminate/Routing/Route.php(265): Illuminate\\Routing\\ControllerDispatcher->dispatch()
#12 /home/lionel/Documents/Junkyard/gotrip/bc-cms/vendor/laravel/framework/src/Illuminate/Routing/Route.php(211): Illuminate\\Routing\\Route->runController()
#13 /home/lionel/Documents/Junkyard/gotrip/bc-cms/vendor/laravel/framework/src/Illuminate/Routing/Router.php(822): Illuminate\\Routing\\Route->run()
#14 /home/lionel/Documents/Junkyard/gotrip/bc-cms/vendor/laravel/framework/src/Illuminate/Pipeline/Pipeline.php(180): Illuminate\\Routing\\Router->{closure:Illuminate\\Routing\\Router::runRouteWithinStack():821}()
#15 /home/lionel/Documents/Junkyard/gotrip/bc-cms/vendor/laravel/framework/src/Illuminate/Auth/Middleware/EnsureEmailIsVerified.php(41): Illuminate\\Pipeline\\Pipeline->{closure:Illuminate\\Pipeline\\Pipeline::prepareDestination():178}()
#16 /home/lionel/Documents/Junkyard/gotrip/bc-cms/vendor/laravel/framework/src/Illuminate/Pipeline/Pipeline.php(219): Illuminate\\Auth\\Middleware\\EnsureEmailIsVerified->handle()
#17 /home/lionel/Documents/Junkyard/gotrip/bc-cms/vendor/barryvdh/laravel-debugbar/src/Middleware/InjectDebugbar.php(66): Illuminate\\Pipeline\\Pipeline->{closure:{closure:Illuminate\\Pipeline\\Pipeline::carry():194}:195}()
#18 /home/lionel/Documents/Junkyard/gotrip/bc-cms/vendor/laravel/framework/src/Illuminate/Pipeline/Pipeline.php(219): Barryvdh\\Debugbar\\Middleware\\InjectDebugbar->handle()
#19 /home/lionel/Documents/Junkyard/gotrip/bc-cms/app/Http/Middleware/RequireChangePassword.php(41): Illuminate\\Pipeline\\Pipeline->{closure:{closure:Illuminate\\Pipeline\\Pipeline::carry():194}:195}()
#20 /home/lionel/Documents/Junkyard/gotrip/bc-cms/vendor/laravel/framework/src/Illuminate/Pipeline/Pipeline.php(219): App\\Http\\Middleware\\RequireChangePassword->handle()
#21 /home/lionel/Documents/Junkyard/gotrip/bc-cms/app/Http/Middleware/SetCurrentCurrency.php(48): Illuminate\\Pipeline\\Pipeline->{closure:{closure:Illuminate\\Pipeline\\Pipeline::carry():194}:195}()
#22 /home/lionel/Documents/Junkyard/gotrip/bc-cms/vendor/laravel/framework/src/Illuminate/Pipeline/Pipeline.php(219): App\\Http\\Middleware\\SetCurrentCurrency->handle()
#23 /home/lionel/Documents/Junkyard/gotrip/bc-cms/app/Http/Middleware/SetLanguageForAdmin.php(37): Illuminate\\Pipeline\\Pipeline->{closure:{closure:Illuminate\\Pipeline\\Pipeline::carry():194}:195}()
#24 /home/lionel/Documents/Junkyard/gotrip/bc-cms/vendor/laravel/framework/src/Illuminate/Pipeline/Pipeline.php(219): App\\Http\\Middleware\\SetLanguageForAdmin->handle()
#25 /home/lionel/Documents/Junkyard/gotrip/bc-cms/app/Http/Middleware/RedirectForMultiLanguage.php(58): Illuminate\\Pipeline\\Pipeline->{closure:{closure:Illuminate\\Pipeline\\Pipeline::carry():194}:195}()
#26 /home/lionel/Documents/Junkyard/gotrip/bc-cms/vendor/laravel/framework/src/Illuminate/Pipeline/Pipeline.php(219): App\\Http\\Middleware\\RedirectForMultiLanguage->handle()
#27 /home/lionel/Documents/Junkyard/gotrip/bc-cms/app/Http/Middleware/FrontendGuard.php(67): Illuminate\\Pipeline\\Pipeline->{closure:{closure:Illuminate\\Pipeline\\Pipeline::carry():194}:195}()
#28 /home/lionel/Documents/Junkyard/gotrip/bc-cms/vendor/laravel/framework/src/Illuminate/Pipeline/Pipeline.php(219): App\\Http\\Middleware\\FrontendGuard->handle()
#29 /home/lionel/Documents/Junkyard/gotrip/bc-cms/vendor/laravel/framework/src/Illuminate/Routing/Middleware/SubstituteBindings.php(50): Illuminate\\Pipeline\\Pipeline->{closure:{closure:Illuminate\\Pipeline\\Pipeline::carry():194}:195}()
#30 /home/lionel/Documents/Junkyard/gotrip/bc-cms/vendor/laravel/framework/src/Illuminate/Pipeline/Pipeline.php(219): Illuminate\\Routing\\Middleware\\SubstituteBindings->handle()
#31 /home/lionel/Documents/Junkyard/gotrip/bc-cms/vendor/laravel/framework/src/Illuminate/Auth/Middleware/Authenticate.php(63): Illuminate\\Pipeline\\Pipeline->{closure:{closure:Illuminate\\Pipeline\\Pipeline::carry():194}:195}()
#32 /home/lionel/Documents/Junkyard/gotrip/bc-cms/vendor/laravel/framework/src/Illuminate/Pipeline/Pipeline.php(219): Illuminate\\Auth\\Middleware\\Authenticate->handle()
#33 /home/lionel/Documents/Junkyard/gotrip/bc-cms/vendor/laravel/framework/src/Illuminate/Foundation/Http/Middleware/VerifyCsrfToken.php(87): Illuminate\\Pipeline\\Pipeline->{closure:{closure:Illuminate\\Pipeline\\Pipeline::carry():194}:195}()
#34 /home/lionel/Documents/Junkyard/gotrip/bc-cms/vendor/laravel/framework/src/Illuminate/Pipeline/Pipeline.php(219): Illuminate\\Foundation\\Http\\Middleware\\VerifyCsrfToken->handle()
#35 /home/lionel/Documents/Junkyard/gotrip/bc-cms/vendor/laravel/framework/src/Illuminate/View/Middleware/ShareErrorsFromSession.php(48): Illuminate\\Pipeline\\Pipeline->{closure:{closure:Illuminate\\Pipeline\\Pipeline::carry():194}:195}()
#36 /home/lionel/Documents/Junkyard/gotrip/bc-cms/vendor/laravel/framework/src/Illuminate/Pipeline/Pipeline.php(219): Illuminate\\View\\Middleware\\ShareErrorsFromSession->handle()
#37 /home/lionel/Documents/Junkyard/gotrip/bc-cms/vendor/laravel/framework/src/Illuminate/Session/Middleware/StartSession.php(120): Illuminate\\Pipeline\\Pipeline->{closure:{closure:Illuminate\\Pipeline\\Pipeline::carry():194}:195}()
#38 /home/lionel/Documents/Junkyard/gotrip/bc-cms/vendor/laravel/framework/src/Illuminate/Session/Middleware/StartSession.php(63): Illuminate\\Session\\Middleware\\StartSession->handleStatefulRequest()
#39 /home/lionel/Documents/Junkyard/gotrip/bc-cms/vendor/laravel/framework/src/Illuminate/Pipeline/Pipeline.php(219): Illuminate\\Session\\Middleware\\StartSession->handle()
#40 /home/lionel/Documents/Junkyard/gotrip/bc-cms/vendor/laravel/framework/src/Illuminate/Cookie/Middleware/AddQueuedCookiesToResponse.php(36): Illuminate\\Pipeline\\Pipeline->{closure:{closure:Illuminate\\Pipeline\\Pipeline::carry():194}:195}()
#41 /home/lionel/Documents/Junkyard/gotrip/bc-cms/vendor/laravel/framework/src/Illuminate/Pipeline/Pipeline.php(219): Illuminate\\Cookie\\Middleware\\AddQueuedCookiesToResponse->handle()
#42 /home/lionel/Documents/Junkyard/gotrip/bc-cms/vendor/laravel/framework/src/Illuminate/Cookie/Middleware/EncryptCookies.php(74): Illuminate\\Pipeline\\Pipeline->{closure:{closure:Illuminate\\Pipeline\\Pipeline::carry():194}:195}()
#43 /home/lionel/Documents/Junkyard/gotrip/bc-cms/vendor/laravel/framework/src/Illuminate/Pipeline/Pipeline.php(219): Illuminate\\Cookie\\Middleware\\EncryptCookies->handle()
#44 /home/lionel/Documents/Junkyard/gotrip/bc-cms/vendor/laravel/framework/src/Illuminate/Pipeline/Pipeline.php(137): Illuminate\\Pipeline\\Pipeline->{closure:{closure:Illuminate\\Pipeline\\Pipeline::carry():194}:195}()
#45 /home/lionel/Documents/Junkyard/gotrip/bc-cms/vendor/laravel/framework/src/Illuminate/Routing/Router.php(821): Illuminate\\Pipeline\\Pipeline->then()
#46 /home/lionel/Documents/Junkyard/gotrip/bc-cms/vendor/laravel/framework/src/Illuminate/Routing/Router.php(800): Illuminate\\Routing\\Router->runRouteWithinStack()
#47 /home/lionel/Documents/Junkyard/gotrip/bc-cms/vendor/laravel/framework/src/Illuminate/Routing/Router.php(764): Illuminate\\Routing\\Router->runRoute()
#48 /home/lionel/Documents/Junkyard/gotrip/bc-cms/vendor/laravel/framework/src/Illuminate/Routing/Router.php(753): Illuminate\\Routing\\Router->dispatchToRoute()
#49 /home/lionel/Documents/Junkyard/gotrip/bc-cms/vendor/laravel/framework/src/Illuminate/Foundation/Http/Kernel.php(200): Illuminate\\Routing\\Router->dispatch()
#50 /home/lionel/Documents/Junkyard/gotrip/bc-cms/vendor/laravel/framework/src/Illuminate/Pipeline/Pipeline.php(180): Illuminate\\Foundation\\Http\\Kernel->{closure:Illuminate\\Foundation\\Http\\Kernel::dispatchToRouter():197}()
#51 /home/lionel/Documents/Junkyard/gotrip/bc-cms/themes/Base/Core/Middleware/RunUpdater.php(77): Illuminate\\Pipeline\\Pipeline->{closure:Illuminate\\Pipeline\\Pipeline::prepareDestination():178}()
#52 /home/lionel/Documents/Junkyard/gotrip/bc-cms/vendor/laravel/framework/src/Illuminate/Pipeline/Pipeline.php(219): Themes\\Base\\Core\\Middleware\\RunUpdater->handle()
#53 /home/lionel/Documents/Junkyard/gotrip/bc-cms/vendor/livewire/livewire/src/Features/SupportDisablingBackButtonCache/DisableBackButtonCacheMiddleware.php(19): Illuminate\\Pipeline\\Pipeline->{closure:{closure:Illuminate\\Pipeline\\Pipeline::carry():194}:195}()
#54 /home/lionel/Documents/Junkyard/gotrip/bc-cms/vendor/laravel/framework/src/Illuminate/Pipeline/Pipeline.php(219): Livewire\\Features\\SupportDisablingBackButtonCache\\DisableBackButtonCacheMiddleware->handle()
#55 /home/lionel/Documents/Junkyard/gotrip/bc-cms/vendor/barryvdh/laravel-debugbar/src/Middleware/InjectDebugbar.php(66): Illuminate\\Pipeline\\Pipeline->{closure:{closure:Illuminate\\Pipeline\\Pipeline::carry():194}:195}()
#56 /home/lionel/Documents/Junkyard/gotrip/bc-cms/vendor/laravel/framework/src/Illuminate/Pipeline/Pipeline.php(219): Barryvdh\\Debugbar\\Middleware\\InjectDebugbar->handle()
#57 /home/lionel/Documents/Junkyard/gotrip/bc-cms/app/Http/Middleware/RedirectToInstaller.php(40): Illuminate\\Pipeline\\Pipeline->{closure:{closure:Illuminate\\Pipeline\\Pipeline::carry():194}:195}()
#58 /home/lionel/Documents/Junkyard/gotrip/bc-cms/vendor/laravel/framework/src/Illuminate/Pipeline/Pipeline.php(219): App\\Http\\Middleware\\RedirectToInstaller->handle()
#59 /home/lionel/Documents/Junkyard/gotrip/bc-cms/vendor/laravel/framework/src/Illuminate/Foundation/Http/Middleware/TransformsRequest.php(21): Illuminate\\Pipeline\\Pipeline->{closure:{closure:Illuminate\\Pipeline\\Pipeline::carry():194}:195}()
#60 /home/lionel/Documents/Junkyard/gotrip/bc-cms/vendor/laravel/framework/src/Illuminate/Foundation/Http/Middleware/ConvertEmptyStringsToNull.php(31): Illuminate\\Foundation\\Http\\Middleware\\TransformsRequest->handle()
#61 /home/lionel/Documents/Junkyard/gotrip/bc-cms/vendor/laravel/framework/src/Illuminate/Pipeline/Pipeline.php(219): Illuminate\\Foundation\\Http\\Middleware\\ConvertEmptyStringsToNull->handle()
#62 /home/lionel/Documents/Junkyard/gotrip/bc-cms/vendor/laravel/framework/src/Illuminate/Foundation/Http/Middleware/TransformsRequest.php(21): Illuminate\\Pipeline\\Pipeline->{closure:{closure:Illuminate\\Pipeline\\Pipeline::carry():194}:195}()
#63 /home/lionel/Documents/Junkyard/gotrip/bc-cms/vendor/laravel/framework/src/Illuminate/Foundation/Http/Middleware/TrimStrings.php(51): Illuminate\\Foundation\\Http\\Middleware\\TransformsRequest->handle()
#64 /home/lionel/Documents/Junkyard/gotrip/bc-cms/vendor/laravel/framework/src/Illuminate/Pipeline/Pipeline.php(219): Illuminate\\Foundation\\Http\\Middleware\\TrimStrings->handle()
#65 /home/lionel/Documents/Junkyard/gotrip/bc-cms/vendor/laravel/framework/src/Illuminate/Http/Middleware/ValidatePostSize.php(27): Illuminate\\Pipeline\\Pipeline->{closure:{closure:Illuminate\\Pipeline\\Pipeline::carry():194}:195}()
#66 /home/lionel/Documents/Junkyard/gotrip/bc-cms/vendor/laravel/framework/src/Illuminate/Pipeline/Pipeline.php(219): Illuminate\\Http\\Middleware\\ValidatePostSize->handle()
#67 /home/lionel/Documents/Junkyard/gotrip/bc-cms/vendor/laravel/framework/src/Illuminate/Foundation/Http/Middleware/PreventRequestsDuringMaintenance.php(109): Illuminate\\Pipeline\\Pipeline->{closure:{closure:Illuminate\\Pipeline\\Pipeline::carry():194}:195}()
#68 /home/lionel/Documents/Junkyard/gotrip/bc-cms/vendor/laravel/framework/src/Illuminate/Pipeline/Pipeline.php(219): Illuminate\\Foundation\\Http\\Middleware\\PreventRequestsDuringMaintenance->handle()
#69 /home/lionel/Documents/Junkyard/gotrip/bc-cms/vendor/laravel/framework/src/Illuminate/Http/Middleware/HandleCors.php(48): Illuminate\\Pipeline\\Pipeline->{closure:{closure:Illuminate\\Pipeline\\Pipeline::carry():194}:195}()
#70 /home/lionel/Documents/Junkyard/gotrip/bc-cms/vendor/laravel/framework/src/Illuminate/Pipeline/Pipeline.php(219): Illuminate\\Http\\Middleware\\HandleCors->handle()
#71 /home/lionel/Documents/Junkyard/gotrip/bc-cms/vendor/laravel/framework/src/Illuminate/Http/Middleware/TrustProxies.php(58): Illuminate\\Pipeline\\Pipeline->{closure:{closure:Illuminate\\Pipeline\\Pipeline::carry():194}:195}()
#72 /home/lionel/Documents/Junkyard/gotrip/bc-cms/vendor/laravel/framework/src/Illuminate/Pipeline/Pipeline.php(219): Illuminate\\Http\\Middleware\\TrustProxies->handle()
#73 /home/lionel/Documents/Junkyard/gotrip/bc-cms/vendor/laravel/framework/src/Illuminate/Foundation/Http/Middleware/InvokeDeferredCallbacks.php(22): Illuminate\\Pipeline\\Pipeline->{closure:{closure:Illuminate\\Pipeline\\Pipeline::carry():194}:195}()
#74 /home/lionel/Documents/Junkyard/gotrip/bc-cms/vendor/laravel/framework/src/Illuminate/Pipeline/Pipeline.php(219): Illuminate\\Foundation\\Http\\Middleware\\InvokeDeferredCallbacks->handle()
#75 /home/lionel/Documents/Junkyard/gotrip/bc-cms/vendor/laravel/framework/src/Illuminate/Http/Middleware/ValidatePathEncoding.php(26): Illuminate\\Pipeline\\Pipeline->{closure:{closure:Illuminate\\Pipeline\\Pipeline::carry():194}:195}()
#76 /home/lionel/Documents/Junkyard/gotrip/bc-cms/vendor/laravel/framework/src/Illuminate/Pipeline/Pipeline.php(219): Illuminate\\Http\\Middleware\\ValidatePathEncoding->handle()
#77 /home/lionel/Documents/Junkyard/gotrip/bc-cms/vendor/laravel/framework/src/Illuminate/Pipeline/Pipeline.php(137): Illuminate\\Pipeline\\Pipeline->{closure:{closure:Illuminate\\Pipeline\\Pipeline::carry():194}:195}()
#78 /home/lionel/Documents/Junkyard/gotrip/bc-cms/vendor/laravel/framework/src/Illuminate/Foundation/Http/Kernel.php(175): Illuminate\\Pipeline\\Pipeline->then()
#79 /home/lionel/Documents/Junkyard/gotrip/bc-cms/vendor/laravel/framework/src/Illuminate/Foundation/Http/Kernel.php(144): Illuminate\\Foundation\\Http\\Kernel->sendRequestThroughRouter()
#80 /home/lionel/Documents/Junkyard/gotrip/bc-cms/vendor/laravel/framework/src/Illuminate/Foundation/Application.php(1219): Illuminate\\Foundation\\Http\\Kernel->handle()
#81 /home/lionel/Documents/Junkyard/gotrip/public_html/index.php(84): Illuminate\\Foundation\\Application->handleRequest()
#82 /home/lionel/Documents/Junkyard/gotrip/bc-cms/server.php(43): require_once('...')
#83 {main}

[previous exception] [object] (PDOException(code: 23000): SQLSTATE[23000]: Integrity constraint violation: 1062 Duplicate entry 'TT-2026-001' for key 'bc_tourpay_invoices.bc_tourpay_invoices_invoice_number_unique' at /home/lionel/Documents/Junkyard/gotrip/bc-cms/vendor/laravel/framework/src/Illuminate/Database/MySqlConnection.php:53)
[stacktrace]
#0 /home/lionel/Documents/Junkyard/gotrip/bc-cms/vendor/laravel/framework/src/Illuminate/Database/MySqlConnection.php(53): PDOStatement->execute()
#1 /home/lionel/Documents/Junkyard/gotrip/bc-cms/vendor/laravel/framework/src/Illuminate/Database/Connection.php(811): Illuminate\\Database\\MySqlConnection->{closure:Illuminate\\Database\\MySqlConnection::insert():42}()
#2 /home/lionel/Documents/Junkyard/gotrip/bc-cms/vendor/laravel/framework/src/Illuminate/Database/Connection.php(778): Illuminate\\Database\\Connection->runQueryCallback()
#3 /home/lionel/Documents/Junkyard/gotrip/bc-cms/vendor/laravel/framework/src/Illuminate/Database/MySqlConnection.php(42): Illuminate\\Database\\Connection->run()
#4 /home/lionel/Documents/Junkyard/gotrip/bc-cms/vendor/laravel/framework/src/Illuminate/Database/Query/Processors/MySqlProcessor.php(35): Illuminate\\Database\\MySqlConnection->insert()
#5 /home/lionel/Documents/Junkyard/gotrip/bc-cms/vendor/laravel/framework/src/Illuminate/Database/Query/Builder.php(3853): Illuminate\\Database\\Query\\Processors\\MySqlProcessor->processInsertGetId()
#6 /home/lionel/Documents/Junkyard/gotrip/bc-cms/vendor/laravel/framework/src/Illuminate/Database/Eloquent/Builder.php(2220): Illuminate\\Database\\Query\\Builder->insertGetId()
#7 /home/lionel/Documents/Junkyard/gotrip/bc-cms/vendor/laravel/framework/src/Illuminate/Database/Eloquent/Model.php(1434): Illuminate\\Database\\Eloquent\\Builder->__call()
#8 /home/lionel/Documents/Junkyard/gotrip/bc-cms/vendor/laravel/framework/src/Illuminate/Database/Eloquent/Model.php(1399): Illuminate\\Database\\Eloquent\\Model->insertAndSetId()
#9 /home/lionel/Documents/Junkyard/gotrip/bc-cms/vendor/laravel/framework/src/Illuminate/Database/Eloquent/Model.php(1238): Illuminate\\Database\\Eloquent\\Model->performInsert()
#10 /home/lionel/Documents/Junkyard/gotrip/bc-cms/pro/Tanova/Controllers/TanovaAdminController.php(296): Illuminate\\Database\\Eloquent\\Model->save()
#11 /home/lionel/Documents/Junkyard/gotrip/bc-cms/vendor/laravel/framework/src/Illuminate/Routing/Controller.php(54): Pro\\Tanova\\Controllers\\TanovaAdminController->createInvoice()
#12 /home/lionel/Documents/Junkyard/gotrip/bc-cms/vendor/laravel/framework/src/Illuminate/Routing/ControllerDispatcher.php(43): Illuminate\\Routing\\Controller->callAction()
#13 /home/lionel/Documents/Junkyard/gotrip/bc-cms/vendor/laravel/framework/src/Illuminate/Routing/Route.php(265): Illuminate\\Routing\\ControllerDispatcher->dispatch()
#14 /home/lionel/Documents/Junkyard/gotrip/bc-cms/vendor/laravel/framework/src/Illuminate/Routing/Route.php(211): Illuminate\\Routing\\Route->runController()
#15 /home/lionel/Documents/Junkyard/gotrip/bc-cms/vendor/laravel/framework/src/Illuminate/Routing/Router.php(822): Illuminate\\Routing\\Route->run()
#16 /home/lionel/Documents/Junkyard/gotrip/bc-cms/vendor/laravel/framework/src/Illuminate/Pipeline/Pipeline.php(180): Illuminate\\Routing\\Router->{closure:Illuminate\\Routing\\Router::runRouteWithinStack():821}()
#17 /home/lionel/Documents/Junkyard/gotrip/bc-cms/vendor/laravel/framework/src/Illuminate/Auth/Middleware/EnsureEmailIsVerified.php(41): Illuminate\\Pipeline\\Pipeline->{closure:Illuminate\\Pipeline\\Pipeline::prepareDestination():178}()
#18 /home/lionel/Documents/Junkyard/gotrip/bc-cms/vendor/laravel/framework/src/Illuminate/Pipeline/Pipeline.php(219): Illuminate\\Auth\\Middleware\\EnsureEmailIsVerified->handle()
#19 /home/lionel/Documents/Junkyard/gotrip/bc-cms/vendor/barryvdh/laravel-debugbar/src/Middleware/InjectDebugbar.php(66): Illuminate\\Pipeline\\Pipeline->{closure:{closure:Illuminate\\Pipeline\\Pipeline::carry():194}:195}()
#20 /home/lionel/Documents/Junkyard/gotrip/bc-cms/vendor/laravel/framework/src/Illuminate/Pipeline/Pipeline.php(219): Barryvdh\\Debugbar\\Middleware\\InjectDebugbar->handle()
#21 /home/lionel/Documents/Junkyard/gotrip/bc-cms/app/Http/Middleware/RequireChangePassword.php(41): Illuminate\\Pipeline\\Pipeline->{closure:{closure:Illuminate\\Pipeline\\Pipeline::carry():194}:195}()
#22 /home/lionel/Documents/Junkyard/gotrip/bc-cms/vendor/laravel/framework/src/Illuminate/Pipeline/Pipeline.php(219): App\\Http\\Middleware\\RequireChangePassword->handle()
#23 /home/lionel/Documents/Junkyard/gotrip/bc-cms/app/Http/Middleware/SetCurrentCurrency.php(48): Illuminate\\Pipeline\\Pipeline->{closure:{closure:Illuminate\\Pipeline\\Pipeline::carry():194}:195}()
#24 /home/lionel/Documents/Junkyard/gotrip/bc-cms/vendor/laravel/framework/src/Illuminate/Pipeline/Pipeline.php(219): App\\Http\\Middleware\\SetCurrentCurrency->handle()
#25 /home/lionel/Documents/Junkyard/gotrip/bc-cms/app/Http/Middleware/SetLanguageForAdmin.php(37): Illuminate\\Pipeline\\Pipeline->{closure:{closure:Illuminate\\Pipeline\\Pipeline::carry():194}:195}()
#26 /home/lionel/Documents/Junkyard/gotrip/bc-cms/vendor/laravel/framework/src/Illuminate/Pipeline/Pipeline.php(219): App\\Http\\Middleware\\SetLanguageForAdmin->handle()
#27 /home/lionel/Documents/Junkyard/gotrip/bc-cms/app/Http/Middleware/RedirectForMultiLanguage.php(58): Illuminate\\Pipeline\\Pipeline->{closure:{closure:Illuminate\\Pipeline\\Pipeline::carry():194}:195}()
#28 /home/lionel/Documents/Junkyard/gotrip/bc-cms/vendor/laravel/framework/src/Illuminate/Pipeline/Pipeline.php(219): App\\Http\\Middleware\\RedirectForMultiLanguage->handle()
#29 /home/lionel/Documents/Junkyard/gotrip/bc-cms/app/Http/Middleware/FrontendGuard.php(67): Illuminate\\Pipeline\\Pipeline->{closure:{closure:Illuminate\\Pipeline\\Pipeline::carry():194}:195}()
#30 /home/lionel/Documents/Junkyard/gotrip/bc-cms/vendor/laravel/framework/src/Illuminate/Pipeline/Pipeline.php(219): App\\Http\\Middleware\\FrontendGuard->handle()
#31 /home/lionel/Documents/Junkyard/gotrip/bc-cms/vendor/laravel/framework/src/Illuminate/Routing/Middleware/SubstituteBindings.php(50): Illuminate\\Pipeline\\Pipeline->{closure:{closure:Illuminate\\Pipeline\\Pipeline::carry():194}:195}()
#32 /home/lionel/Documents/Junkyard/gotrip/bc-cms/vendor/laravel/framework/src/Illuminate/Pipeline/Pipeline.php(219): Illuminate\\Routing\\Middleware\\SubstituteBindings->handle()
#33 /home/lionel/Documents/Junkyard/gotrip/bc-cms/vendor/laravel/framework/src/Illuminate/Auth/Middleware/Authenticate.php(63): Illuminate\\Pipeline\\Pipeline->{closure:{closure:Illuminate\\Pipeline\\Pipeline::carry():194}:195}()
#34 /home/lionel/Documents/Junkyard/gotrip/bc-cms/vendor/laravel/framework/src/Illuminate/Pipeline/Pipeline.php(219): Illuminate\\Auth\\Middleware\\Authenticate->handle()
#35 /home/lionel/Documents/Junkyard/gotrip/bc-cms/vendor/laravel/framework/src/Illuminate/Foundation/Http/Middleware/VerifyCsrfToken.php(87): Illuminate\\Pipeline\\Pipeline->{closure:{closure:Illuminate\\Pipeline\\Pipeline::carry():194}:195}()
#36 /home/lionel/Documents/Junkyard/gotrip/bc-cms/vendor/laravel/framework/src/Illuminate/Pipeline/Pipeline.php(219): Illuminate\\Foundation\\Http\\Middleware\\VerifyCsrfToken->handle()
#37 /home/lionel/Documents/Junkyard/gotrip/bc-cms/vendor/laravel/framework/src/Illuminate/View/Middleware/ShareErrorsFromSession.php(48): Illuminate\\Pipeline\\Pipeline->{closure:{closure:Illuminate\\Pipeline\\Pipeline::carry():194}:195}()
#38 /home/lionel/Documents/Junkyard/gotrip/bc-cms/vendor/laravel/framework/src/Illuminate/Pipeline/Pipeline.php(219): Illuminate\\View\\Middleware\\ShareErrorsFromSession->handle()
#39 /home/lionel/Documents/Junkyard/gotrip/bc-cms/vendor/laravel/framework/src/Illuminate/Session/Middleware/StartSession.php(120): Illuminate\\Pipeline\\Pipeline->{closure:{closure:Illuminate\\Pipeline\\Pipeline::carry():194}:195}()
#40 /home/lionel/Documents/Junkyard/gotrip/bc-cms/vendor/laravel/framework/src/Illuminate/Session/Middleware/StartSession.php(63): Illuminate\\Session\\Middleware\\StartSession->handleStatefulRequest()
#41 /home/lionel/Documents/Junkyard/gotrip/bc-cms/vendor/laravel/framework/src/Illuminate/Pipeline/Pipeline.php(219): Illuminate\\Session\\Middleware\\StartSession->handle()
#42 /home/lionel/Documents/Junkyard/gotrip/bc-cms/vendor/laravel/framework/src/Illuminate/Cookie/Middleware/AddQueuedCookiesToResponse.php(36): Illuminate\\Pipeline\\Pipeline->{closure:{closure:Illuminate\\Pipeline\\Pipeline::carry():194}:195}()
#43 /home/lionel/Documents/Junkyard/gotrip/bc-cms/vendor/laravel/framework/src/Illuminate/Pipeline/Pipeline.php(219): Illuminate\\Cookie\\Middleware\\AddQueuedCookiesToResponse->handle()
#44 /home/lionel/Documents/Junkyard/gotrip/bc-cms/vendor/laravel/framework/src/Illuminate/Cookie/Middleware/EncryptCookies.php(74): Illuminate\\Pipeline\\Pipeline->{closure:{closure:Illuminate\\Pipeline\\Pipeline::carry():194}:195}()
#45 /home/lionel/Documents/Junkyard/gotrip/bc-cms/vendor/laravel/framework/src/Illuminate/Pipeline/Pipeline.php(219): Illuminate\\Cookie\\Middleware\\EncryptCookies->handle()
#46 /home/lionel/Documents/Junkyard/gotrip/bc-cms/vendor/laravel/framework/src/Illuminate/Pipeline/Pipeline.php(137): Illuminate\\Pipeline\\Pipeline->{closure:{closure:Illuminate\\Pipeline\\Pipeline::carry():194}:195}()
#47 /home/lionel/Documents/Junkyard/gotrip/bc-cms/vendor/laravel/framework/src/Illuminate/Routing/Router.php(821): Illuminate\\Pipeline\\Pipeline->then()
#48 /home/lionel/Documents/Junkyard/gotrip/bc-cms/vendor/laravel/framework/src/Illuminate/Routing/Router.php(800): Illuminate\\Routing\\Router->runRouteWithinStack()
#49 /home/lionel/Documents/Junkyard/gotrip/bc-cms/vendor/laravel/framework/src/Illuminate/Routing/Router.php(764): Illuminate\\Routing\\Router->runRoute()
#50 /home/lionel/Documents/Junkyard/gotrip/bc-cms/vendor/laravel/framework/src/Illuminate/Routing/Router.php(753): Illuminate\\Routing\\Router->dispatchToRoute()
#51 /home/lionel/Documents/Junkyard/gotrip/bc-cms/vendor/laravel/framework/src/Illuminate/Foundation/Http/Kernel.php(200): Illuminate\\Routing\\Router->dispatch()
#52 /home/lionel/Documents/Junkyard/gotrip/bc-cms/vendor/laravel/framework/src/Illuminate/Pipeline/Pipeline.php(180): Illuminate\\Foundation\\Http\\Kernel->{closure:Illuminate\\Foundation\\Http\\Kernel::dispatchToRouter():197}()
#53 /home/lionel/Documents/Junkyard/gotrip/bc-cms/themes/Base/Core/Middleware/RunUpdater.php(77): Illuminate\\Pipeline\\Pipeline->{closure:Illuminate\\Pipeline\\Pipeline::prepareDestination():178}()
#54 /home/lionel/Documents/Junkyard/gotrip/bc-cms/vendor/laravel/framework/src/Illuminate/Pipeline/Pipeline.php(219): Themes\\Base\\Core\\Middleware\\RunUpdater->handle()
#55 /home/lionel/Documents/Junkyard/gotrip/bc-cms/vendor/livewire/livewire/src/Features/SupportDisablingBackButtonCache/DisableBackButtonCacheMiddleware.php(19): Illuminate\\Pipeline\\Pipeline->{closure:{closure:Illuminate\\Pipeline\\Pipeline::carry():194}:195}()
#56 /home/lionel/Documents/Junkyard/gotrip/bc-cms/vendor/laravel/framework/src/Illuminate/Pipeline/Pipeline.php(219): Livewire\\Features\\SupportDisablingBackButtonCache\\DisableBackButtonCacheMiddleware->handle()
#57 /home/lionel/Documents/Junkyard/gotrip/bc-cms/vendor/barryvdh/laravel-debugbar/src/Middleware/InjectDebugbar.php(66): Illuminate\\Pipeline\\Pipeline->{closure:{closure:Illuminate\\Pipeline\\Pipeline::carry():194}:195}()
#58 /home/lionel/Documents/Junkyard/gotrip/bc-cms/vendor/laravel/framework/src/Illuminate/Pipeline/Pipeline.php(219): Barryvdh\\Debugbar\\Middleware\\InjectDebugbar->handle()
#59 /home/lionel/Documents/Junkyard/gotrip/bc-cms/app/Http/Middleware/RedirectToInstaller.php(40): Illuminate\\Pipeline\\Pipeline->{closure:{closure:Illuminate\\Pipeline\\Pipeline::carry():194}:195}()
#60 /home/lionel/Documents/Junkyard/gotrip/bc-cms/vendor/laravel/framework/src/Illuminate/Pipeline/Pipeline.php(219): App\\Http\\Middleware\\RedirectToInstaller->handle()
#61 /home/lionel/Documents/Junkyard/gotrip/bc-cms/vendor/laravel/framework/src/Illuminate/Foundation/Http/Middleware/TransformsRequest.php(21): Illuminate\\Pipeline\\Pipeline->{closure:{closure:Illuminate\\Pipeline\\Pipeline::carry():194}:195}()
#62 /home/lionel/Documents/Junkyard/gotrip/bc-cms/vendor/laravel/framework/src/Illuminate/Foundation/Http/Middleware/ConvertEmptyStringsToNull.php(31): Illuminate\\Foundation\\Http\\Middleware\\TransformsRequest->handle()
#63 /home/lionel/Documents/Junkyard/gotrip/bc-cms/vendor/laravel/framework/src/Illuminate/Pipeline/Pipeline.php(219): Illuminate\\Foundation\\Http\\Middleware\\ConvertEmptyStringsToNull->handle()
#64 /home/lionel/Documents/Junkyard/gotrip/bc-cms/vendor/laravel/framework/src/Illuminate/Foundation/Http/Middleware/TransformsRequest.php(21): Illuminate\\Pipeline\\Pipeline->{closure:{closure:Illuminate\\Pipeline\\Pipeline::carry():194}:195}()
#65 /home/lionel/Documents/Junkyard/gotrip/bc-cms/vendor/laravel/framework/src/Illuminate/Foundation/Http/Middleware/TrimStrings.php(51): Illuminate\\Foundation\\Http\\Middleware\\TransformsRequest->handle()
#66 /home/lionel/Documents/Junkyard/gotrip/bc-cms/vendor/laravel/framework/src/Illuminate/Pipeline/Pipeline.php(219): Illuminate\\Foundation\\Http\\Middleware\\TrimStrings->handle()
#67 /home/lionel/Documents/Junkyard/gotrip/bc-cms/vendor/laravel/framework/src/Illuminate/Http/Middleware/ValidatePostSize.php(27): Illuminate\\Pipeline\\Pipeline->{closure:{closure:Illuminate\\Pipeline\\Pipeline::carry():194}:195}()
#68 /home/lionel/Documents/Junkyard/gotrip/bc-cms/vendor/laravel/framework/src/Illuminate/Pipeline/Pipeline.php(219): Illuminate\\Http\\Middleware\\ValidatePostSize->handle()
#69 /home/lionel/Documents/Junkyard/gotrip/bc-cms/vendor/laravel/framework/src/Illuminate/Foundation/Http/Middleware/PreventRequestsDuringMaintenance.php(109): Illuminate\\Pipeline\\Pipeline->{closure:{closure:Illuminate\\Pipeline\\Pipeline::carry():194}:195}()
#70 /home/lionel/Documents/Junkyard/gotrip/bc-cms/vendor/laravel/framework/src/Illuminate/Pipeline/Pipeline.php(219): Illuminate\\Foundation\\Http\\Middleware\\PreventRequestsDuringMaintenance->handle()
#71 /home/lionel/Documents/Junkyard/gotrip/bc-cms/vendor/laravel/framework/src/Illuminate/Http/Middleware/HandleCors.php(48): Illuminate\\Pipeline\\Pipeline->{closure:{closure:Illuminate\\Pipeline\\Pipeline::carry():194}:195}()
#72 /home/lionel/Documents/Junkyard/gotrip/bc-cms/vendor/laravel/framework/src/Illuminate/Pipeline/Pipeline.php(219): Illuminate\\Http\\Middleware\\HandleCors->handle()
#73 /home/lionel/Documents/Junkyard/gotrip/bc-cms/vendor/laravel/framework/src/Illuminate/Http/Middleware/TrustProxies.php(58): Illuminate\\Pipeline\\Pipeline->{closure:{closure:Illuminate\\Pipeline\\Pipeline::carry():194}:195}()
#74 /home/lionel/Documents/Junkyard/gotrip/bc-cms/vendor/laravel/framework/src/Illuminate/Pipeline/Pipeline.php(219): Illuminate\\Http\\Middleware\\TrustProxies->handle()
#75 /home/lionel/Documents/Junkyard/gotrip/bc-cms/vendor/laravel/framework/src/Illuminate/Foundation/Http/Middleware/InvokeDeferredCallbacks.php(22): Illuminate\\Pipeline\\Pipeline->{closure:{closure:Illuminate\\Pipeline\\Pipeline::carry():194}:195}()
#76 /home/lionel/Documents/Junkyard/gotrip/bc-cms/vendor/laravel/framework/src/Illuminate/Pipeline/Pipeline.php(219): Illuminate\\Foundation\\Http\\Middleware\\InvokeDeferredCallbacks->handle()
#77 /home/lionel/Documents/Junkyard/gotrip/bc-cms/vendor/laravel/framework/src/Illuminate/Http/Middleware/ValidatePathEncoding.php(26): Illuminate\\Pipeline\\Pipeline->{closure:{closure:Illuminate\\Pipeline\\Pipeline::carry():194}:195}()
#78 /home/lionel/Documents/Junkyard/gotrip/bc-cms/vendor/laravel/framework/src/Illuminate/Pipeline/Pipeline.php(219): Illuminate\\Http\\Middleware\\ValidatePathEncoding->handle()
#79 /home/lionel/Documents/Junkyard/gotrip/bc-cms/vendor/laravel/framework/src/Illuminate/Pipeline/Pipeline.php(137): Illuminate\\Pipeline\\Pipeline->{closure:{closure:Illuminate\\Pipeline\\Pipeline::carry():194}:195}()
#80 /home/lionel/Documents/Junkyard/gotrip/bc-cms/vendor/laravel/framework/src/Illuminate/Foundation/Http/Kernel.php(175): Illuminate\\Pipeline\\Pipeline->then()
#81 /home/lionel/Documents/Junkyard/gotrip/bc-cms/vendor/laravel/framework/src/Illuminate/Foundation/Http/Kernel.php(144): Illuminate\\Foundation\\Http\\Kernel->sendRequestThroughRouter()
#82 /home/lionel/Documents/Junkyard/gotrip/bc-cms/vendor/laravel/framework/src/Illuminate/Foundation/Application.php(1219): Illuminate\\Foundation\\Http\\Kernel->handle()
#83 /home/lionel/Documents/Junkyard/gotrip/public_html/index.php(84): Illuminate\\Foundation\\Application->handleRequest()
#84 /home/lionel/Documents/Junkyard/gotrip/bc-cms/server.php(43): require_once('...')
#85 {main}
"} 
[2026-05-25 01:49:56] local.DEBUG: From: Tsoka <hello@tsokatravel.com>
To: lionel.siduna@gmail.com
Subject: Invoice TT-2026-003 from Tsoka Travel
MIME-Version: 1.0
Date: Mon, 25 May 2026 01:49:56 +0000
Message-ID: <a419792cc31448750faa0dff4d336759@tsokatravel.com>
Content-Type: multipart/mixed; boundary=te4pbsZ3

--te4pbsZ3
Content-Type: text/html; charset=utf-8
Content-Transfer-Encoding: quoted-printable

<!DOCTYPE html>
<html lang="en">
<head>
<meta charset="UTF-8">
<style>
body { font-family: -apple-system, 'Helvetica Neue', Arial, sans-serif; font-size: 14px; color: #1a1a1a; background: #f5f5f5; margin: 0; padding: 0; }
.wrap { max-width: 560px; margin: 32px auto; background: #fff; border-radius: 8px; overflow: hidden; box-shadow: 0 2px 8px rgba(0,0,0,.06); }
.topbar { height: 4px; background: #c8a96e; }
.body   { padding: 36px 40px; }
.greeting { font-size: 18px; font-weight: 700; margin-bottom: 16px; }
.para     { font-size: 13px; color: #555; line-height: 1.7; margin-bottom: 16px; }
.info-box { background: #fdf8f0; border: 1px solid #e8d5b5; border-radius: 6px; padding: 20px; margin: 24px 0; }
.info-row { display: flex; justify-content: space-between; padding: 5px 0; font-size: 13px; border-bottom: 1px solid #f0ead8; }
.info-row:last-child { border-bottom: none; }
.info-row .k { color: #888; }
.info-row .v { font-weight: 600; }
.cta-btn {
    display: block; width: 100%; padding: 14px; border-radius: 5px;
    text-align: center; background: #0a0a0a; color: #fff !important;
    font-size: 14px; font-weight: 700; text-decoration: none; margin: 24px 0 8px;
}
.footer { background: #fafafa; border-top: 1px solid #f0f0f0; padding: 20px 40px; text-align: center; font-size: 11px; color: #bbb; }
</style>
</head>
<body>
<div class="wrap">
    <div class="topbar"></div>
    <div class="body">
        <div class="greeting">
            Hi Lionel Masimba Siduna,
        </div>
        <p class="para">
                            Please find your invoice from Tsoka Travel attached to this email as a PDF.
                    </p>

        <div class="info-box">
            <div class="info-row"><span class="k">Reference</span><span class="v">TT-2026-003</span></div>
                        <div class="info-row"><span class="k">Description</span><span class="v">Trip to Victoria Falls — 3 days, 1 guests</span></div>
                        <div class="info-row"><span class="k">Date</span><span class="v">25 May 2026</span></div>
                        <div class="info-row"><span class="k">Due Date</span><span class="v">29 May 2026</span></div>
                        <div class="info-row"><span class="k">Amount</span><span class="v">USD 542.00</span></div>
        </div>

        <a href="http://localhost:8000/tourpay/pay/85579cae-3753-4849-9d34-513f4467fb60" class="cta-btn">
            View &amp; Pay Online
        </a>

        <p class="para" style="font-size:12px;">
            If you have any questions, please don&#039;t hesitate to get in touch.
        </p>
    </div>
    <div class="footer">
        Tsoka Travel &nbsp;·&nbsp; This email was sent by Tsoka Travel
    </div>
</div>
</body>
</html>

--te4pbsZ3
Content-Type: application/pdf; name=TT-2026-003.pdf
Content-Transfer-Encoding: base64
Content-Disposition: attachment; name=TT-2026-003.pdf;
 filename=TT-2026-003.pdf

JVBERi0xLjcKMSAwIG9iago8PCAvVHlwZSAvQ2F0YWxvZwovT3V0bGluZXMgMiAwIFIKL1BhZ2Vz
IDMgMCBSID4+CmVuZG9iagoyIDAgb2JqCjw8IC9UeXBlIC9PdXRsaW5lcyAvQ291bnQgMCA+Pgpl
bmRvYmoKMyAwIG9iago8PCAvVHlwZSAvUGFnZXMKL0tpZHMgWzYgMCBSCl0KL0NvdW50IDEKL1Jl
c291cmNlcyA8PAovUHJvY1NldCA0IDAgUgovRm9udCA8PCAKL0YxIDEyIDAgUgovRjIgMTMgMCBS
Cj4+Ci9YT2JqZWN0IDw8IAovSTEgMTAgMCBSCi9JMiAxMSAwIFIKPj4KL0V4dEdTdGF0ZSA8PCAK
L0dTMSA4IDAgUgovR1MyIDkgMCBSCj4+Cj4+Ci9NZWRpYUJveCBbMC4wMDAgMC4wMDAgNTk1LjI4
MCA4NDEuODkwXQogPj4KZW5kb2JqCjQgMCBvYmoKWy9QREYgL1RleHQgL0ltYWdlQyBdCmVuZG9i
ago1IDAgb2JqCjw8Ci9Qcm9kdWNlciAo/v8AZABvAG0AcABkAGYAIAAzAC4AMQAuADUAIAArACAA
QwBQAEQARikKL0NyZWF0aW9uRGF0ZSAoRDoyMDI2MDUyNTAxNDk1NSswMCcwMCcpCi9Nb2REYXRl
IChEOjIwMjYwNTI1MDE0OTU1KzAwJzAwJykKPj4KZW5kb2JqCjYgMCBvYmoKPDwgL1R5cGUgL1Bh
Z2UKL01lZGlhQm94IFswLjAwMCAwLjAwMCA1OTUuMjgwIDg0MS44OTBdCi9QYXJlbnQgMyAwIFIK
L0NvbnRlbnRzIDcgMCBSCj4+CmVuZG9iago3IDAgb2JqCjw8IC9GaWx0ZXIgL0ZsYXRlRGVjb2Rl
Ci9MZW5ndGggMzM5OSA+PgpzdHJlYW0KeJydWt1yWzcOvvdT8LKd3Sr8/9mrprHdcSc/ra10Z6ft
hWoriaa21Mp2u3mS3vYt+noLgAAPLR/JZzOZkfNBJA4IfAB5CB2ZmdZa9Z/b90ea/lM/Qwkzm7XK
3sxyga+X6t3Rb0eu0LfJx1kORd2oJggkuFYhRJo4JomPJHnmSNLUiODfag32pOzBnhgdfHpn1PnX
R2YW1B9Kq2/UD0r9BP+5GoxKs6jRqEF/lVyri6Pvjp59fWHU+1v8a/Hvb0fJ1hXDPxfpv6Iq5pmx
QV3eqGdnVh1vYPpja8BlX82VD3lmAaUcZsVZNb+Cr7PXan6pnp0aZcG/av5OqR8+O3v9/ZuzFyef
/6Tm37CfYdDJHHQHh1qHz6o7aDeDRZA9MUXU/ezUqjLLrHE+/8JqG7/Q2lWtpGzcUFmbKTPvPdtp
mp2xKT09f/NqzEZL7Bg+H6rVfmZ8riYaMFEWPb/d/LJQ8+3i9+V1s3GYFwva64alybzr1Wa9vP7y
Dqff0ezZ5eZmTENKM2/yYw3/sCn6WEwyJj7pHWvMzNs0wT1fnb18eXKs5m+m+6gp3+ekl7RY9Wpx
u7r5eaEuVlf360W/VtHwhLtmtzTzy/c3i9UjfzUdExwWnqZTdpDOboLDzi4u3p6o4+fzUebvYZVo
7z3W2wrZ+WrxUSH7J5saM2R51AdMPf5kQ2OCp0c/Ymj5BEODlXzfY+jF/Pn87cUnmOnSzGX9mIHH
28W7u+kGQtBtsQcMfPH2/Pzk9Yv/fIKJUPRKiY89+fbiuBnYtqKQ8ixbB1W/SbydOY9Vv5fYYKhg
mAoNPAghRAehDlFd0nDgWoA9r8S6GaREMMeI0BhPMKVQh5tgSRDBWwhLnR1KQmjhIQQNa3e6qvOO
hrukCbqQEXpXCNqc6/CgWWAKfh9yIGgCGRNjVWa0rcMT2649PT27OlxrWnmxEaCGlTkYDv/RJlUB
fAF/jDEEM9juMS7125xyHe60rwLYn+GP17ZCTzCQmyu8PArBA4EGCYQCRahLRIhLik1lCAG87bpn
osTE0oxCbKNrNiN2wXeLQon3w6oRB2ebUxBH4zqvkaQMbkWckmleRwxHoC4sKClmiBvh5FpY8eyh
beriTpJsGzEQG5sbbwjH2BGLzi/aNeYR5nUgMQkH0zGXJGmgtpyAhPk9dhwilnD+UIgGUbE8CZUm
zJsyPDZhJrTHomEgscaqZnhCrsdhaYhh6XUGLR4kPmfVnAM4wOKb+wBHXho7GCTJscNNtSpjPkqI
EIM76wwKIkgKOYODnJH0caABYlhfnUFEAQme+xqRECczUC1jYhSeQWREia86iayIUxjojLh4zgki
PEgcPl0SArGtmHKGMSUdpRULIEKSdyyRrGSNkrXtkZLVbJPkPJssNaGtSWoGL1oqCvtEKk5zmlQk
9qrUK3a61LMWFal3HDaphhxVqZYt7FJNmRdSa5k2Uosbr6RWM/GkkjMvpdI34spOwMzu9hIk/s7W
MkSilTN+PymwBWpiJ3x62iTblsNlziTKKXRH8vU16rtu9+JIwotUfiC4boL2zB3N1wprUuj3OxG0
lN77FiXvQlgddl+nkEZIA/QNuPqGaGdtZIkmnpnqXGQCQfZlNNVbVtdYaSgXyMLC+rwlmHm24+Em
12zVtg5PPNxUGGvocPV1OCYexirT3mOwDCOEbCLoK4yJh2McUBAoBwwmNkI4tBI0FTrLwx2rs7Q2
43i4rtqp3IGDS5Th7PFc1dk6O6e6VKplAKPYTo4Ega/qbNWOiddDpB28te6IbtqYFvNhDItqvJrE
JSVPRWh9swqhkTXTfgQCzWvmrSMPa0aY2pqrdhurOpd5p7HNowi9rNnzcFvV+Xrosia1eCHUgYeH
qs6Uqp32fIDZNTYgTGJ7qtpNrGzJhrdB07iG0AvXCg93lbq6rs1U6lk5HxphsuH5mtZm2ZG6VMiO
0FjiRm8ZNM3sP/nV3tVcDRmi5uU8bqDQyHvzdvWrutuo71eXd5vtaqFOF9fXt+pP5dTV4uPtPxU8
5n55e3d7+NAuVUNrqscWdhkHa7MWXgH5Wmf0MghvNrgCaUwtU8/6UbezfmqmHp9cvDg/+3Z+9ub1
2HF/xCpbHJkhZgUo22jdBKucDfUY9aRZ381H3z7GnITvW2HwEkQfDqUTvaTBHu8m2PP29dlcfXu+
5wZoxCwfPew7g5cKHhCneQm2Yjh+TvHS81dv3r6ej1k0Tlxmhc+BysCjt7Tnl5ebm5vN1eJutVkD
Xb9ebu9Wy1v1cnP1ftlxdfzGS7QnoCkkOmsfrN1uNjfqb8iB9er9h7sfP7v98XOA4C2QE+qeMG6/
swlq+YEFOLCgvzbxLtCxd/+EsDMjQISCO/AIox9MMXzxyscJWPeQuN5B7OGYJYnrPITR1uDXQwd8
Qo3CQ0HCrR2YtO+G1Ec41kYLW4Tkn0hwH3kq4L6M3zwdLz5CAP5UJ9fLXz8s1nfqZH25uV/fLbeT
o03HsfQ42heLd4vtCgK8uFM6/wuGQug/HPZbWxo7jktL77fd1cPpiwvAFH80Au1ziHk6tvI4tlHq
TW/krkmw93M5mBQ0hzwwB4ykG+/DZrYHsplcf3ord20aLt+nWNkSZaKVXU4YqIAdj1mCD+t4ZTyV
0lHKWqDs6fXH1fq9Ot38dzJVtYMaHR5T9fnVdrleXK/Wy0pX4ypdzUDXXWM72nXmP0m7fYt6QLtd
zR17dlwl1W2f2vAgArtaung/1BvAXO0OmBue5h+H2wVkhxktgTKkwMtzyB0jRDKhsjl6kSn7aXJx
v77a/LFebtWL7f3qdvIu5mKmF/NHZDlf/Q7KKk/K/1fWxBkHytrgDGHBFGcIv/Z6Y3pZExsPlbXB
SKHUpIgxW/caGfTkqiZWHqhqg5HC8ilGCvUnGtmx3OvYU5glD4ua826WbBpnqwO2zjf32523hsmE
dRa8ZEY2YjxtqYvlEsvlvu141+6Of91KnuTfvvWN1rfhWX1Ye68JY/aq1WP1bdDbIv9QbwvyNL2H
6pvN9fLqUH2zfqbhPbkjB0vQnKYnz5Luj3cimVIE4UXBpZGzqtDK2Gcm3KzW6tXqcru5JkKc0p+p
7LKltuMf752r7d5N82AxFM8dKobNc40yned2HTWMmuK6Rtl9vpteMmUlB0tmW0pjaU+CHcOHUZNY
wOfF/UvJT7+yDA+sizlUWdtaWn51a9m1fBg1ZS1yqpy6lt+OnHXwPK9sAu9DMmMzUURB0xXy9UMR
3j4TNhXTDThiIL2F02wxdKOOkmBJgvd3hPEkg+ddWwhHeHlDHF3mGXgBjpKAfTzAuF7EHnuSiEMi
DPsLz8im6rSlzsjJV4yX2YCLr1bhnRjOAE+bKsHeC+FcKsbbcMDYALAeL1EDz7C0jky9F8R0X+Px
ZtMTBgZVbCPPCLbqSLnqjCZUHKuGZPh7L1ZlnavEVquKjhXjHb7FoPmGhy6jSLouo4ik6SJKpS0z
PFYaN2KYNHbEcGn9DEuT5pAsXppH4hxpLw3ukwaUOFgaVBIAaWENIZImlwRRmmASZGmTDTSQRpoQ
RRptQiRpxQ1Uk2adkFGaeUJWafcNdJaGoBC+JSUnRI8th4glnFhdlxFFxYbWZbT4a6z+sQkvZXXX
ZUSJlcei4QlvsPWwNMBem67LSJJiW5cRcUhlcB/gGKUDSA4GSfK2dRkRZ5OHECFujWAKIkhKSK3L
aJMD3R0NECfpSxJRQGJsaV1GwtwzJKoBtkYa2kTGJLfFTFbEaWiaEy656zKixOH9nyQEYptal1Ew
5h3nFUuo0HHqsailJittydse29KbDWvpz4a3AtGW1koIL76VGHZOK0LNfa1MsYNbGeMAtELXQtRK
IQexlUoOciumjQat3DJRWjlmIrWC3ajWSjqTsZV8JmvbFBqd27bBhO83H0yI3c2oC1ErdHs6e3ig
kNk8FhIHaIp5TwHiBuTozaG0LkZvEDE8upYTb3iHBJGrG40rdUu3sdYPh7+XQVxqDXPeSsxN3Wgc
bzTO527r8lTNCKfEM7xmSag6PVdK6+oM3zY7LRuPrnUOiwRhVzWYXGcErqQmCRMjL80E3qp8XYfx
9Zkx1VqLt7l1RuINlFrjiD0/w9QZKdd6b2prHTPIcoXn40/mbVyXOiMXz1h8VZzsEdUq7GhWnLrt
sGLsPu3KboZ0Zwkem3ZlN7xtmkE54eDawwlzKKt5VGfssADC0bUFEi6lcwHVKheak2rtMs2JVNt0
72aSdIEgnGILFFVHPvnUUJLEhxZswik3MlCFbduq1H3HpyMkFOEUGuGoRuvQUZIkLnZbMd5zhkZq
whzKSnuq+3ZIDMJBt8QhzOvC3MJQSvtwbxcM0rqeRTOVtPZ7vvbL4Dfz5y8ftDHgNI4vrDbgLwBD
6ziamR1+X1ebmQ+OxvxuCa86WE7aL76tlVrUNvQRSXokiUATO/yaYRBgReseho3rmweaUDL+S24o
WPTGOXzyz24t/vwDnKTx/dA/fvHsf5us/vr7LzX/sFj/oj5u7tW7zRb/btXP97er9fL2diZO+R/G
Eb3nCmVuZHN0cmVhbQplbmRvYmoKOCAwIG9iago8PCAvVHlwZSAvRXh0R1N0YXRlCi9CTSAvTm9y
bWFsCi9DQSAxCj4+CmVuZG9iago5IDAgb2JqCjw8IC9UeXBlIC9FeHRHU3RhdGUKL0JNIC9Ob3Jt
YWwKL2NhIDEKPj4KZW5kb2JqCjEwIDAgb2JqCjw8Ci9UeXBlIC9YT2JqZWN0Ci9TdWJ0eXBlIC9J
bWFnZQovV2lkdGggMTI1MAovSGVpZ2h0IDYyNQovRmlsdGVyIC9GbGF0ZURlY29kZQovRGVjb2Rl
UGFybXMgPDwgL1ByZWRpY3RvciAxNSAvQ29sb3JzIDEgL0NvbHVtbnMgMTI1MCAvQml0c1BlckNv
bXBvbmVudCA4Pj4KL0NvbG9yU3BhY2UgL0RldmljZUdyYXkKL0JpdHNQZXJDb21wb25lbnQgOAov
TGVuZ3RoIDE5NjYxPj4Kc3RyZWFtCnic7b1Nq+64te/rj6BPEPQJCn+Aaqh92A03LpeQlhohjbTc
SGM3LhtxuI0iLXPYhNPYXMRlEzaXapiQRkgjiEtxKA6bYMKmqEZxMMViU4QQRFEUi8XCHMt+Xufj
F0mWLft5/j+SOeeaNS3LL/o/QxpDYyQJAAAAAAAAAAAAAAAAAAAAAAAAAAAAAAAAAAAAAAAAAAAA
AAAAAAAAAAAAAAAAAAAAAAAAAAAAAAAAAAAAAAAAAAAAAAAAAAAAAAAAAAAAAAAAAAAAAAAAAAAA
AAAAAAAAAAAAAAAAAAAAAAAAAAAAlvDYHQAAgPUQNHYPAABgNQSP3QMAAFgNIWP3AAAAVkPUsXsA
AACrkTc0dhcAAGAVsixhDY/dCwAAWAVSNl80n5/+QZkosqjdAQCAsBRN01Sf/TwvlG60ILG7AwAA
ASH/9/vmBAQOAPBs/Ftz4cNnkDgAwDORquaOb1UhsjR2rwAAYDlClM1bKpEx2HIAgCfgTw8C1yJj
9woAAALA/vH9kMQ1K0aNfAL7EACwDrSQ+e0UlA/qm/GrrqdDf/lWrNY2AODFYXXT1KXIaKt3Qo8p
XNOI1XpQvWtqzrgoS3g0AADB4b2waTUhcK0MrnBm1pL9x9lOFCucAQAAyJT1diGoiZXJh1N+/JqG
PAMAAJyhakjUVp2pZo9n+BsLewoAAOixkLgy8CnTLx/PUQQ+BwAAJBOO1BvUslMQWfJbrywbVFW5
7CQAADCAhRG33N+Q66YS5xW9samxWHoWAAB4Q26hcE2z+DS0alvRkhNaVKNnYcsvBwAArhBppXDL
JS5JxPxZVIDTAADAGTpuUYXXHhNoPAPifwEA4WA2MXHhzKv5VT94VQEAwUilYHZLcUGkx8J1W4c4
DwAAnCB2M1Ue4lw2JwpxHgAAOJFaKVyQNTILdwN8qgCAsFgpnF5+HpttYpA4AEBY7Kw4ufg83NKx
wRafCQBwLNiajRdWwrM07S95rAgBiQMAGEi+ZutW3oZ64UlIWQrLEGMW4JoAAAeCrypxdsJTLs5s
bum5RewvAK9GxdZs3U54mnqp9DDLEwW5KADAYUgb2n9foW1LL2ejm5IuPJWlxFUhLgsAcBxkb9is
M12129pQJ6lYOlO1CorDBi4AXg2i6/YrLWshRBa+1p/dClm12IQkljEjK1ZsBQDsEN4ofs2RK2ng
5u2Ep2mWWnE2mYWbICHGAIAjUTVf3GtNgDa5kkLkjKX2EtfUbNEpLePiME8F4LV43HxQ0eWtEm4Z
wtHzG2FYZMdZzlMRMgLAazEQMKuD6EBqvd+gaT5+2v594W9hEWXpuVUhrgwAcBh+8nFACAJoHBVO
ZtyPRe24TZXe2Xx2u8SwtQGAFyN9N6gE1XLPKmVMCKnshU64tU+EKji9/MvuHDq8xxgAsFcI+7f3
I1oQbFXeOrG5u5uDCN3UkncWp6U/NYR2AwAOAhkoGH+GBTrHfL2YC9L9AoQRUF3mzHaiis0NALwO
lH0yKgV1kDOkQ96MAXRK88rHxLKtYNgjkxRWHAAvxMS+Tr6g2aw4+SsyaWdeMfPHNPeIO6Z2O8R6
EBQHwGsxYQNVrZHnvdkprWtBzQ+WK3H+2pMKy3CRDul9HgDA8ZhLzlEKX5EjrfVW5dRynrowIpfZ
B6jIJecBAByLOV+A5uavqFfbmTHgSjvtUcznDIU4CyOxzDLShEi9CQA4CDPCoAVJM6GU8GvdvprC
KV+dM1ldyy43imWquF9lQiisxwHwItCZhbK6W+XK/XMC59Yxce25lBAZc5yvmulwU+bUMvD3fSuH
lBfYpgrAS2C1Ts+Fr43VQp02cfUoJQWzbJ+QtLsI29P8qagDZKYDAByBzErhqNYJo94ncXF3NlqV
QjDmsFpWFKmDqWgosBYHwEtA6qb+Zk4Qvq6MR+JuiZ47aYTt5oY689NR2dSFi4xiJQ6AF6FoJB3b
oXqHvq3pwErmchLbraPKe/botLshVJ4oAMDeSTVLqJUq8OtBVLpIRCod5pBaeobgOWicIELXmKgC
8AqUqW3NKnY+pBUI+7V6mjtswF+kctYaZ/pOculzDgDAsaBmvNuJ0PkQXrvsk+duyeKMwAnmux5n
B/NpHABwVB6rNgxSdLaVqdHlnAnE8gwnqoJ5XYftgp/0ah0AcEwy65UymlB5lgjuNJl0m6xqVTpP
VQmzTbqpUEEVgBfC1vZppa3PPCnNalydzzbsfpLva+Pa/fBHp03/pJ0IKwd/BsJFAHgl7BWuKTpb
TCWpbDSzbZ+q1iizrYvFEsqE/HfhdAUkK1yMxPJa6AEA8Ow4KFyP5mYxLqX2xU6tc40vWCWjvHQw
5GoJmQPgJbBPPnSLEpVVHWmaCeW2Cif8L8VpixhkDoBXQLZyxa32qD6guEX7LC+clsmElyuAdAal
Q0HqM5A5AJ4a2eegdNeGpuT2ZyHMdod8KYTgjDmnUqqUYIl17YYqYywTPUpJhysBABwJ2SfZtdu+
dYu9s+GE8xlaC8vBrUrMJNU2vNg/7R0A4EikrP/u7HGwWYY7QYRJx2sfedeJmxK5fSIl7p6KTtn3
HwBweBxzdDi6PVnVKGEpcVUpMubcf6dd/qdLoM5nAQAcFEczqHZsPv/jj7ZNO0+AWwU15h5xM+Wq
yoQxO58KAHBESKNzN5Vzm0km7Av7poVz71UfoOcSm2Lqibm6NAAAB4U1PLEs63KjEi4u1fS3lnZc
IZTbvjCD1IIIa3dqT+3QewDAoREycVyPK3N7EyjNHbYd+G0fFY22Xexrvj3lN678KrYCAA5HV6fF
KXDEeo5K81L1fPmdRbtS+F2Bi0v4l0YNPxPYiw/AS+Gwj7RpTpNJe1OO2hmJWnj2PrU3FLMupSf3
PBEA4JC4hcZVnXdC2y+bUWb4bL7lmvn1P/27bd+V+fPMavcZAOBZaAXIdUO+faaRC3+2aLakXhfw
j9b9Zt3fw58KwItBnOJnr0pEWnVkUw2zfjdoxuz2OHjOVvm/2zSei96MAwC8Gm65iHSaMt7XnakL
Ot0ys2z6/Gc+s9XULiumLosGac0BeEEcA8uucIvG7UROEZPyt7LXOGq+dFNOVtgHL2vP4jcAgONi
SmS572evisoy+oLZzCNPxVnTTNh5MoiUacJrs9HfTJjtVxM1kpsD8FKQVt5y6mrJiUxXVs3TX/91
vrValM7xuLmuuCm8ZSSLzufElOwCh8MBgNehaCpnl6qiRaNt3Kr8T3YN+qzB0XYK3EtbZePM2ELX
6AbnAAC4kDUFoY7+Bm7yUFpIxk9+221s+OFvcwKXu1VmPeOkzJr6nMINj3RQAIA1Ia39ZJt7/A6L
JTNRliIXUs4t9NXUt/ep9RoiL+pq/RxKRHXfmPmx/T8cuADEhrmacE6yxIovfrBpzSOWuIXkn8l3
lv1tFTm16rIvovvaZ05n0mxcS5ICi34AxOZkwmlVWqfsaLGyiLLCWj1NGjfHfvNfFl9a93dVe6qP
XZHma6G630hJEimSX20xOQYAjGPq1ReizxHpsLKl04QwanMClpczdty33VeHmhAn1Pv//PaLP35p
t0NVuLbuAKVd9EyX7i5rqPmZ6FqwhmffbjA5BgCMkunrpnSXtHG1NmG0SknG5/Y3tBLw5bdfvR9v
67cyMwUY3FMc/ex7hx4z5+at4WmuiMlJxU0aZdn/rqkr3RTfNHaRNQCAFejCZ88/e1RbVqrqzCPO
Z0406c/4vluYL2rlbvDIj9Z9XXPKWKVlRVhrBXNTDKM/kWqq/o7KDE4HAOJwU4PBxP82tVPmOF23
IpcmmbQoTjo5B/5p/zepe17zhH5t3d0Vp4xcp7oqKNHt/L04mXFpezt7d++f5WonBgDYQdvRWHHX
3ao6b6eYVtlB6JQZtygL70/nZ6s177bpyyWnmUZV3Cz38UanWXMy466q/uN6JwYA2JDqpts/5RYg
p5W2LthHxdhS3zfvrLZJjFHQf5vtKEsy49r1sBJnyE49Z2ZW2ppwqp0Pn7WUXNOfvPs/mJAS81UA
IsF0J3D2cbQXFGOW5xjLP65aoaAL+p7q+UxKpblGaZcYxe3k8vSDalTdahxrmr9oY8a1Z0rvJuff
Bj83AMASLln7lTgtxJ2wKGZFOkuHj9qHS2v+pbOdFH2YMi3Da9x5a21ru9UmlKY3VSWvk/Snd31w
yAQPAAhLp0HsZAw5TVWtsoOotK8PocZ8trXf3oYzs67g6jyf5Dr0boOiPjXda5s+KXnVPOaPQvlW
ACKSF5nJPV5zh2I1V4EjUxpFdd42Kin73WhLeonIpbMaV58XDGloiWPdJDi5Fmo811Mc+qTQqG4I
QDxS3SqNsEoR/lbghJhs2bhp6xHr8Jyx10nkiJD8+udsMmZZMZKsuMOg2xpm2rfaGoLZKgCxSHWr
MrdiMWMb8fOBRNSjvkLKhZr2YdCEUC5rV5GjqqlEaszHfE6UFV1yWx54Y7AaH2rCRJHaVfipRdje
AADsSGuRFv0o/bH5vh2LGZ0Zrf3kjwhdTcz+KMvE5F58fvo7I3O2IseKIiOmJIQubXJh6rDRGvLu
cgvjE06bvJF2+98ygeQjAGwPLbiQ+U9rEwD8m8wkN5pJO1LmNOkErinndSkba+X7z277wGVlJ3LG
NVKfs9CVWWKnxoEg1e1001yaSJopFb+DBewJAMCJXGtjopBKpWx2+pf2AmeVwoPmP1oOecqGjn+A
3EvK7AKiT9r08ZPrG1Unpvn5uJWx6wUAbAVVVb+GX+TEYtL1RSdwmiV0zEQiopzVHi0yv4mby04z
Y48Kz7syRKp7yaS8/WIu0d5Hc3bAAgA2hl8y1BKrbVza/FGVciWmWk2Fmm+sksIu99wVks66GW4Q
eeWRj26c7CSZpnyFSwoqgwzXDQCAB6l9nvO61HNTQGadSlgVLiEVuZ6tCNEYz8mpozwt6oARG9zU
tk4SpUnhtCfkfzXQOABcCeqiI8VXX5nBaJmIzcLXMB0xVosWU9uUOnbUquLEB1FUjc5bNax5gOpY
ZpdEPy8vujm6bNRYvN8Iv9Pt1HxpNwB4KagI2don0tS5zz61G7HcokWzp6ka16O68BjylNtWhVCU
5ipNSCYWZfognZaT1nQrcmZ+YeanhWv1WW2yViENMAAO/FOiflGYZSl1H1TKvFqjspU3YpyGViPW
wn4kstcw8quRvG51O0F1jelIhVC20+lA+9/TLqOmqAg1uVHMzq3GcT+vgZk2sI0LAGt+9uXPrlUR
ihupsJlBPnJOA1yedpNPrne1M7V50osTY6ip91/k/tPs+Y0NTW42pIXZ3iCMv4LoiqhOqJh2zzzV
NJ+blpjXowHgJam//HAzgk5ew8zENfAFrZocwI2WuWqU7DZgfRgar//h1KaSfxxq5Ievf7/AzBrd
ZGZsPN3ZmUzqMIZcZYxW0VRZZ72ypvSprx3SrwvA8/PJmxFkBh+tilzVZsWHltSr1VTpRnFCenPD
pOwejIz4uVOj+aAk1LJf2vJk0DQ0mK35ZktVN73kZQhDLu3ubt2YnWZpkrvPUntkgK4A8Co8lEqu
zkFtqrU4rjPJ1GmpvahvCwdWTTUsJI65gdjb1bO6/uunTi0MMOwWqVTaip826tyH2lJOp9uxITe7
XftcU3o+gdMNdwUW//rvy7LjAfBCkAHdOX1XaXVN3ZM6xdQzfvuvtA/yfeBzx0U0Xt+snNXy14tC
XXqRSFUxrDT/T9LlhuLmi1hynnuUcSHXd7fZilO2JyUIlxr5fwGwZqLCnr6JMU01Tb0th5Ho/d97
NHXOtvnrxWYMLytViOwffj9y8aw7W9XNZMOFoZkyYnw0pcA4NeuvXJhGUqECp3cC4Fmhk/G5l7qh
qRaXMirOjCQB/t5Lpaj4Qztt+y++fblrasKdevIsS7O/KpEBk5mbjbGFjydVmQi6S6ExgnxKANgw
nii8uan+znTNajrRzBQjdbN+/JNfc9QumM6yb3Ik1I71/51U0nzjAWtE2+9tu6Eqle526mNbAwAu
kEkjjnV/w1JTNsGqmvMQY/k8fuXZoAyocAb+18e+aa1O/zXt7Sa3lchJ7EKi32KkjVU3nzoAAAum
N4AnKTW5fLuJZu1nx5xyKukH26Xw3TwRWOGGk21WF38w71f2CR073B42fr5ZhDnS7GZVy/sBwKsw
l9NNN6mpx9D9zLzOkFamCrMW5K0tp337LMNHvmYDQn/NtC6CnaczCGk2X9FwgG6CWpSkDpq1DoCn
hsynS7sspEmvM2S1KPpI1bdLXr5RDzTgqtgVUxvxP89d+6bUrbiHtRWZyWZXKfNTU/tIHDOtCGHc
u3A0AGDL3JxJnUP/tZew8JzKPhT/n9o2/vL3ayyY8O2x83Z7ewgT6iTnlFJRBV3ZN7KmmzJjrplF
bm8YN8UIS88lAwBekJ/ODKz6HN3AzV9Tej2SWQkAqfpKqfRD03zWzlXfnZqVoS8kGD/9sjoXnQ8q
cXldeO7W6lGmEcbMV4k0IwBY8gf7AUby6pp5hJTcpvn0XAr6V03zKdHNX5q6roRg+3YL0jQvKx64
UdZUDqmQB+h61re1KGsdAC/EwOatYRgvu7lSyrvjcsscJOehSD58TBOp/6A5NbX6/IOItyNlgRts
mvIffeXN+KNv+xO6bwA8KXO1Qy9DzPyfJ6ToloFYZZWp94bi46dJqv/1vHecv9xiEuVJO//9xlfi
mlLCkQqAOw5lUerUZBdPu0ATqzyWN5B3nyZJ+Sld4xKOQVUz1ypb92QSlQUBcMa+xl5FWJcjo52j
uodT5J/cZO59SVSjXIq2nnn/mbGfu9ScBDniAHCF2Q82ZYwQ2RUPDL254BUom+YrD4lrhHlEUpUm
jhC3HQBHHOdOFTUT2wpDzRnqE+xr+J5w85nCU+flTwBA4lU4gJD7Ml1gDr4gWORzk4mKJyb9Mo18
GQAcDe5RAKqiYlHRmteD2y94DvDhE1NL2rTD/OqhAfC6lGwkV+U4JkSft4eaDCTAAroo3LflB9Jq
HDVNEUgcAE5w18W4vuZeLYmQFMUDbMgWbdpqvv7QeXeUiH0dABwTn/zaTZnVulwl38fT4Wwlv+FT
+ouibjhBTBwAPniNwMKYfvtSuJS1ZKJQb2aFPHK/lipc8wfTSlbKXd1tAI6CX4Ztw45WvsnoYtc5
BUA0Ut/be4V2DVHE6QDggcP2rXvOyeNiVYFqrTYujNEm2GgG3YrF6dsNXssAt5eg+9o4AAAfHPY2
vEGcGtjamCOZuJuL1mU2onB9wre4LJ2maiYEsiYB4I23kVH3x4tts8+S3LrDexC45UacpglyXwLg
jUmw7Re0xc3habXpXlUirBcOJduwX+PYJqoapLtYlexnyROAo0HbUcS95qrfMfZpkm+7G5/bCly5
m6mdVynBM2lnAiL2EABvyq6Sqd8AfP/f1aYKN+41fWA/quBZhqajMsXRKpSFBsCbrCsb6LkirvSp
ruc2sGkTTonsZDHpckf5hJdIXJEkqeZcq9gXAcBBaY0EmSwZhny7vk7nkqyp+ZtMKcH3FT22ROLM
7c1kQqv9GKUAHIqiL/0sGs28UpnxzXpKZvonN+uJI56LAIqb9MrmBhvFhsQB4EN6UgbRdOXVndEb
TFO7KSfJ5lIRsfV74oenR1W0hzK14+sC4AAo2X8XZoeQh8TR9bvI6s/qbtFvkno3DtRH/LbHye5Y
ppA+HgBv8nPmCiG9JlR1snqhQJvNZfWuSyaT9+43Vhtnag8raczeA3BgiDrLk2CmOJR03ayqSN5t
IFhnf1GuU/r1bB+qfOdmjvMaZy0bk0Azdr8BODzZxQBrJSpVqfNUVWsT1sDW2Sclm2bK/lFsP3Eh
UxBXhWtSJk1A9s6VG4Dj4ZH0RyakWMWtOuz8uCxrHahuhOPnRsETQk2EzJ4n3wDsBDbBo5XgXqe9
Tv5Bx1C4HeWpm8Vx/+95eVQhTgSAOaajTuXbP3d3/f3mT02T88D2BtOCj5g+feTInt2nj7gW3jpJ
Gz2QigMQh7lsvup+pd4UIxZuNsePTfOVDmtukFGfh5aUlHonGZLscZioVp0djUU4ACwg3MaVp+U1
6KNsqnF9GW8hrEnFxoweLQ5q1tivcLZXaPRw2/R7ABwRO307UfLuGNraD2Y7vtvEqgprc4xK7IEr
s1DG5mNfDOxkeKPOFgCTpNJxVU3L1PjwhDE4cqdiNWHX/dOxSV3NQp5mez5p79T0bdVZps1fto+g
UjxydwHYM8wrha/idUW1McqMj+I7y6N+E67bWZWPeUe0CHeaSFRNnnYa98XgFdZ5+1FBu79sDWnK
ovYVgD3jJ3CGj59VTUG6qZLtCvn/G67fExnrFA13mljwL1nSadyXvxy4uXfLmcV+k6YAEBt/gTN8
/G9JF2hiuxr354AdHz3JsSJExiDGq2MuUrbW2v1Dqt5GwKnGe/bfHZiyJT0FYL9Qr5Rvd3rCWiOu
tl2MU+G6Ptrzo/pRB+Gtnpnv7NaSe0glQmrhe4Je3eCuAM+JfW2qCepGV/335vvmw/Tfhit9N7av
4hnmqLfwU/q3Uw45LY1B9xB2k/qHjXTqVrLrL57pEwK8NqPeSFe+rkxNLtX882lt/LuyNe6GNEgE
6/uIwgUOKt4DXPXfC1MBmpmfUl48eFC594VL01Surr8gsv0/dA4cn+nCBk68a9UrNyL3x8ZUWya1
GXADM8lgA2dE4Z7NhOs4FXc1Tp2Jv+K+zWeamMATdnNCbmQOIgeOzVxhA0e+oJqz5us+oUdqhseA
CqkgPU/HFG6LnOkxYP23PHDK8nNjXYDNTcUukjZpUmZEmASoT3pLwfOTum71nuPbnyXqe33dusAy
+rDQR0P0vFAjtVGfys0wRBW21Ks4ParSPJfy+nDyRGnC9W/+oct3ykKeEoCtsC4Rb0/1D60Rd7Np
6jEaRQbpeVMPLiFKGqL1XcMCemta8lNr3DyY/PJ00rL9jSL6S/Wn7oMj5CkB2AjPOs/TfPjqJusk
FY9CFGJv6vAO9VrQAG3vnlKFbI3V/XdiTLX0YmMbz0PdFLL5yw/m1gY9JQDb4J7I0oqP/+fNOTp3
7bvLfyuqIIMlHbQ+6wAtHwG6tDrD3YcMOWcmVY1Kk4uRbXRUNE1pQoAgceCQrKRwzU0Z6HaWWrdz
VzNIzP+rrDUM2PKej2T2fZl0aWLhlZqaQlfOHw25+ZBQrRlHzb901QXhnT9L1LIzArA96yncReO4
Upw28hftb/4/o0G0NRmqyU5Z8eoK15VoWMRdIqvmJqo4aw03qfp/JLfvSIDHBsCmrKlwFwdcO5Iy
aSK5fvvXD50GZcvrNRA61PUnDPZdEa5v3M6XtYP2k6Pstvx+1i3TmpXU6w2WMfoJgDcBA36HuJpU
PPm8ab4u/v4/u1+JemnHiRxSuCNVndkDqrreMDM3TRinXTKsrrJhnZlPwKT4l9tb/IdTcSLcaXAE
VvGl3mkcvZzqB/3+k59/2Ztvi3M2pkOxIs8a7Lse7GbmqYyJlrcGnHFTd3tfm9qUxpGmwMabG13e
L+MBsFM86p66cjYTUvWLJkvyL3j3r6XVBQZdqQqGhQvUfFF97GKW9LUM2ylprbmJA+93uwymif8f
r7PaCQ6OUwZyX/rEPESSf2x/Yv1SWSqWdXxQ4Ra2OQ9d+wQb0qpUaZ4F7T0IZjevkbhr/bSpV+O3
+CwBx2BR+ktrOlUjJDHrZKw/cbZsjAxNrzVbeDNmoEXgOjpxaT9ris4ZJDu/t5L926Ats82IqJ0H
wI7pOtDh6KUhXD2BIYX76hehWh+C5JWZBhPGciHybrWdd1mHjosmebcBzFjyPNHtFNUpEYOI3X8A
ZhlPBR6YwLFUQwr39V/WmzuRz0zWu3fq7dRNKyUMWSt4dLWzr4UqWe8LMsqW2lfbOF/8Or1iF57J
ZAZxIKGTi4wjQvZ7KFbk/WpFUsk33320vMpKqUKIo8idaLI+yM0ot8eabFjnNWVCqrcvZG0+Q3if
9xMAZ9zL1vsT8CN5MFRZhmv/Qloomf/8vc/lalW201m6QqfCwZq6Pm249yNYT9J8pkJsJ3bdpwcL
dlLw/GwQL3JFheo1GVS4oEmFOtIihI1blSLb7YSr76F/7HeQCyOZa1FyYyzL0/IAHLtggm28qWd4
mE4P70oN1PgFGkTfLhQL/cerkKb9C+B/qQE64a5vj2hlED3MBhqg52D/rL6t4Z46SKeHFe6fgrR9
gYVN8d5ffil2YnKw03eiF17mTTJAP4jYbjF4FnWlFGf4WRQXXimIwtavFw/Q52GF+yxAyycoDVBJ
dpRaivgWRH3+YWm5tYWlfwZzKOwcfRLBO5NxtwsRr87GRlwQM25Y4f51ecM9aVE19UNkSHCqWNs7
qaktQy9LaMu8TV/pRfn+jihw01S3FiAmxDtg+zkCX9znQfvqd8vvhSGMe8EWXdAw3XaAJFlTC96H
+yYmndUifndTo8u5K1s682PTm34S0S8bs7kRF8CMG+xzkIjfbfWtR/GN1+bylJnMy91zqAuy0KP+
91bjmG9PttgZvU+0krnvbQNOxFjoZcu6PJgyQC/XicDuU3u03HQZR3JmKma0GpebzOULZ+Qqlf+9
9OoH3daVv0eqYuvPt9djs61bt/iNiAuDW+8XiwSPOuAqvrT/9tRF1mgaSs5VcqoA7soLm3B3VEvr
boBJ1vMaTkEXdFgObjdbuImIiujjrebLLsEa0SjRNOEumHn1gsR58/ZJndOgjxhcIXEeqX9VhZGU
KHzRXWD78OrV+SaTFtnoxYllspuPGa+cpumOIuF2QYk01euwcr2GMbwTjozMq+WSe8CXxoWFQ4sN
RM5kLV/c0bwrpdp89T/bLx7Z83h0o3l/bGbGvxaxRjcN2l+16B7satF7ZZEjjGVh1KVvRSa/aCr3
hdBIn6x7ByIXHhrrYXrOVIeHRrVMFfYxS72wWm1EwmWg2aEqzh81bV8LSUXtNsva2R3fEY43EswS
7dNU+fV3cIheK3u5YhL3Zrsy4jpq5ntBEwTdRcDOeml6akoBcZeuQOEmWLgbDrwhnlfLq7vDYfjK
79rT/SzBPRD8PQ+8i4CbNqnuHyNxtDygcJNoEfjZvzbxHiTz6e6wweU3sduk5Jg/RdAlucD+y5Pd
nHntU4HCzVHRgI/+xYkS99sj3Hs7nAPTd1tDxGu3IuSS3GAhRv+eXewM4fFJ9UqbUn1ZnJ0KnNmq
7tYAyrWvo6GinlKwcO/5BqhQQe+BDdaqUOeWlfM+lQhboo/IagVIXo2IK+2uZZuG0yc13itxhwhb
EH7X9pbQjzm93HPi6urZNIf+kcFkNQwxl6OoW1fHVnD83KlH2T0UoiR1FnxKzq8FMlK3Whk7XwDd
E8s3XYOIUXEGNzfc6DDlPhceKPp1AwKsyLE/h+1SrW9nUW6PccdO7N2BBbkARF1xF05dHVNj6X7V
qVut99iopasywbchy9q3KxHXfo8IX/jkQdw3Trr0dMSZ6rOv4XC7I/XCgPfgH2TSd/q8dyf27uDL
njyIK3HKpaeDg0NL9/WKoyzC3bHMvRbKsfLjt+2Xd9osEHpGIiK5iCt8yYMHkfef1y49HUxXmSau
Q5/EzwrnxSKvQ7APsvxfTVd0o70SYCIizge+4MGD2Ck2HDo66Ijjrpd7VIFr/CerNAmlLN+bvHAf
2x+k9EsQh3gRL+BXXUTciYN9P9lQR7njxR5Y4AzC8XJ7eDvH/UuQ89f/tWmyqvmeKZn7JabfX7qD
I4DYkUXEfXjUtpv/8m7gaO54rYMyeSRKL9Op0OJ/hDk/K7t86CY9C/PZKY5tDX4szBT24sR9dsyy
l58OHcwdL/UJBphfvHvZ/C3I2XVB6uYXzQdmGqUVc+7I0T9iorGwltNrE/fRMcte/n3gWFeX3iG2
a83hVa10dOObI9+YxbTPm29436pzgWuExHmzVorUVyDuk2N2nfyXoWOp24Xuf8u9HdzxARtogCVI
3WeGy7VWZ7+H4/QJO7cWgOU4b+I+OGbVx0+GDnWsbhM2l9ADWm22ki6cn3EQT6Yoeu9Q+Y3y6IAB
RtwCvIs5gbgPjln18buhQ7nTZa6lcDljuWzV7bITPWWMZUKUC8vLTyGdrrxn8TpkZvbP0cQE7yqP
8xuwErcE4XnXQdznxmy6+PPH48qmcZolraJwurzWPKUPpyRKhaoE8xafWqsLwka6zSCFscK6FaH8
P5xP3vEE3p6oYKrqSdzHxmy6+GjEyaSSTlcZPLtFJXObV25wR0YAtKRO178ko0zV3T2T268PPqbK
8dQnkGFkGZ63HcR9bMyihw+e0H9uR1puc+SF5QaEuuxrrUqROXygMrnOjFW6XH93Dz76nahOE2YK
pvIkkaJryS+CARsblsK97juI6+Vi8x189MP9NnF15i1e6M5OCqd8NlGlmSiDmzDcuRs+JWF0XxZD
KW6MCCa6hvwCGFCRZil+e+ZA3C01bL6Dj+Fsn7tdIcnFUoHRqhugyqK7o7C8DLk0576px1nnK5rQ
qlvnTnVrCNO2if6G+lw+IkaWI3xuPNi9xD3qgvGfZ9amxPL0Pa2ymQJ9zstfj9Bgteg9NM45U5sy
RxWdH1Wara6t1PlfOpwNy/GsM/fq7F3ihoZGWmj73ZoLk8NpmXZJ0EcFjpoYEanUNTDO/FwIwdhg
Hykvwxg0zhrnelrZPwBd9obbsqycR8zRtzvEokfwqsRN4MVm+zds9Ujr61tmPZTcDG4xLHAsF2rG
KFNSDAkdK0IYc64al7Yy8+EH+/bF6TCPzagPBM+s/pLUyx/ECxI35JzNdW9425W0vrwlAXG1oKYJ
Ih8FzmlhrR4KMEkDqJzzxEU1/66ruYVJZSozmG/idBRhjqcZAPPUIPDlT+L12LnEDc6jlfXV+W9A
1/I8McvpfZtMeEzuteQPepQujidxTbJDmzr93fw9kcbHIz2q3I+DeWoQsI3Lg31L3PAS+dxRV3xX
GtWjIHXQfMHaZfnY6NLQYNcQNdnQdFz3a9EZvX/o5pUyxPz0AvypYcAWB3fiVkRi051LBwejfXFJ
z1gsOfwiBZhblg9dp8tMObcqzQnpa7IO3dZKm/Fj7pjs7pzi1K3tKTBPDYTj8wZJbImbCf0YMTds
A0b8Btaw7zTE2plBP2RZI/mSlh39nLyz+96a7qoUacLr5JR7lHSvhVvDkyAoLhQ64FN5FeJKnJjs
20gSyy8sL81L4QYFjoqQUbuPEcTcv3k91N8JOjPg9qFX1XlFz7SkvmubFInxZDs2PAXSKAVjYUHd
V2THEjf22W+5HuGTA3Owkl8WfK38cR+Yv8gpu7txuandV5M+OBeZmZbeLeflkpsKNOankIMJVWmC
IcM9lVfBPwNFCMRU10ZC9r6jVhfmY8MNdIcENeAuPGqpt8hN3sMRypMy0kLfShkpjPnGUmocDj7t
jgCJC0Yd7qm8DFEfmJjo2Kj4courGnZUTFM/mnB0tc3jA1VRc88VKw8vW34x/kh+U/LGtCROD0UG
LIkCiQsHfKrORH1eYqJjZGRgKJurcp9/12ogcG3h5U1SPJyP+G018QiWSm/v/H0/yGkuxALGYEHi
woFCNc5EfV5iomMjVpzd+rqzxMnHJtYemAMVA5lXqPLUXRyhHj9Gqv47JG6XoN6gM1Gfl5jo2IgJ
xa2uyske+rH58aHV9aaoVwYmq36zVffJixx3JqSncBEebkoEiQsHwkacifq8xHi/Row4aXVRboFY
v6zZ2+M3SuA4cP3Uw3/rbnDxt1d8g6L9PYDE7RIa7LG8ClFfPzHer+FYKsvobrdFLfVw7s1CVR8X
AE36IudmJu7jMJSO/7cp+fMDEhcQRMa5sleJG4qh+PHTpC/jx9ikieFYJ+DN8gbbshreUHl7d3ew
awDwNMEHESQuICL003l6dipxg4G7X92PfaVEPph30vGa7uSSbJ0UoyoFf3MV7q5VGeBNWA9IXEDg
b3BlpxJ3vxj294k2HtOxjWz8GoPfHRtnO+XbmLzMtRsszNuwDpC4gKjYT/NwRH39xqdEbkO8vvUQ
Urdjb5f3xmLx1uYxRs51sqoCvhLBgcSFJPbTPBxRXz821iv3DabXHJZuVyRvzxopI8aQE8V1wszD
vRLBgcSFJPbTPBz7lDivOP9adGVUnI65SZzrubkgBIP3wS1wZc9VNiFxIcEWLkei1qdhY73ydWpK
6nKo1DcK57OtNRTDlWbcNE4EfzWCAYkLCYv9OI9G1FxebKRTC/KfOAiVSG6CLWJNUnuGNc4pW8qO
q2xC4kLCYj/Oo7FLifvnDc7dGnA03cdtaMYqzThpnAj/cgQCEhcSFvtxHo0dShzdYkjcRctutWFr
guUaFzb+NySQuJDw2I/zaOxO4sg2PbqdGfrXIgzIcEhn5rK0uMLrEQRIXEhE7Md5NPYmcRttn7pN
u5VuuWNrHLn4AdHwr0cQIHEhEbEf59HYmcRt5OC9NZnSvdSHksMOA/v+yVXekOVA4kIiYj/Oo7Er
iaMbzRhvvY+7UbjR6vb282i61luyDEhcSFjsx3k09iRxmwVu3Jx3Rwo3usXaWuPkSi/JQiBxIWGx
H+fR2JHEbdYVeT3nrhRuVKOsNY6u9JYsAxIXEhb7cR6N/UjcdoEb9HLOnSncaESArcaJ1d6TJUDi
QsJiP86jsReJ2zBwQ15O6piUZAPGgtsstXifWxwgcSGhsR/n0diJxG2ocFcV2UU83BvUyHOyzGQs
CBtpICJbZxl9bmI/zcOxD4nbcg+8uFz7Lq2LsUKZdhsd9LlG4J7Y40fJYUEJLld2IXFbLold53Lx
d20NMTrXtBXk1V8Zd3a35HlgVOyHeTgcs4CHhfV92HQEXPJPOu1xd2LZbgk5/KCsq1+z1d8Zd/b5
aXJIZOxneTic68aHhHVd2DaP0Xlz6oq6WjPKROndPh18UNa6OTbTjUnUD9JnRCulSiFyNlifCdwS
X+LWs6aGqE/Xve76UFeMIc39FvvU4IOyrpy4xxJNjmUfgQu1KkTGYj/i/RJd4rZVuLONk/553dN8
Q0+3t/CYtbLBJ2V9o/b4ub6PTAdPTat0OYv9nPdIbInbWOG68U/y9V18H39Nz3fYeSFKDT8q23bE
Fu+NI1iM24hKchr7Ye+MyBK39asvfSTH91zsdI+JcFyX+/ngo7ItvLPH+N+or9mrUctsh69ANOJK
3OYf7j/jW06Zan561RzzfH49+KisK1qI7V4fazBT3ZaSQ+VORJW47UNCtw7Q0oL299ktW/twDW3b
XQJ7jA6FT3Vr9GUW8eJgBrE2kvZ32mGQv//J8MOy3QTCtnp77CF+Nw8soYYpl+DTdQtOIucQibds
F9cuqwnD4RADLSBysavrvQaqEx37WLx67HHZLWntUeIW1MYFC3gCkWNclOqEFDmjbodD4rahs+Ts
NY4velxyyQu1FjDjIlHz2I9+AYPx87rMqX0TkLitMCJnrXH18NMiluV79vjBDTMuGmqPZr0FhI+P
l9pa5SBx29FOGYht8AQffFq2G6H2uE91q+pqYAAR++F7MBtOenbkzQCJ2xCdW/scquHHZRl6MnJ0
XAhSKsWjOpwhZ1MlfaQu5z2QuE2pme2ONTb4uGxjfHb5QsN7HxHNYz9+J4jd0q22mK9A4jZG/dHy
74afl6UZVwwfHRlk/42JjP34hyCs581nsn0a8HLWkIPEbc57uz8bNsQsjcA9bnBATqXIjJQij0Wa
y1shq8v88sq7JHOs52YskLi9IocfmKW/YngLWGzwtkWlorFfgAuZHFKx06Yzt3S1ekbj8NLtluHP
XMsHJgO/koHAVDUqc2qwEXRQ33rqnLgm5J65KkjcbhleSbUML9vnTHWHlWtfiz1oHJtZT9bO78j0
VUHidstI5IdlvpF9zlStk96BdYiucXSNqrqTq4yQuP1CB5+YpUjI5W/jKqvTiByJSx3X57CS3kxF
EEDi9gsbfmR2DofFM9U0YSMdWAb2qsYlpl+VrrYWy8ZPConbLyOPzXIj1MRDt0IkK1U7WWOmAuyJ
V6JtxXKiiuVCKlUI8ZCIBBK3X0ZeFMvoMrvo39GlGVokhbBqwpV16zuCWdZ5rPNstUah5V0qUEjc
fhl7VexmqrXNW8f45Ud6/18kT5RIVnFaQOMiw9Z4qrNsukJxk9UdErdfxt4Vy5kqtXjtmLj82H/y
nQ8iOk20Iur6p8SmPTugcXGJUqNt6zXY6vzxjIWR/TL2sljOVLnFe8euCzOim9mK07+KJiGNEvLm
NwHHBcFrF5UIy3ERPOmnNHlOhaHApoy+LnartpPv8ekjjl2D79QfzO/qVsvMv2olWKO1aD99Wf+X
dfctlM7BrxqVzaMmty4J39N9LEPi9gsbe18sE81MvXKy/4RjVx3Vf/19/++q+30tzOeuSMyKnKFS
5mvKl7zntyA+LiZbT1Vd92SFwqTJg8Ttl9GP2gCFuDJ1aul8EtK8byh710qcWcRrJ5LMLPmJ9p/d
X4reQ8vDZWli2MsVkY2zbUVbfNUcErdjxNgLY7lPdSpdIOm1TVxOwlqJE+qDkbi8OwExrwYzC39J
t7eUd3+vgrzxfRfw7kVk041cMZ2aHK/Zfhn/pLV7auOLce00pTI7edKrxJm38MfG6Flr3bcGnO6s
LGb2i7HuhGl/4oAvPiarEVEhH+QMcSsTYbawX8bfQrv85uOLcTlJCiNuRF908Ly+R5OmqS5vBTM1
kES3LzbJhHF0sICvfpLiEzYaQR/kNHjKYJiJIjN2QRd07HD2uVEtmmTyoqPn1RKZ3LbQaV3N6vaL
0qSd3oYu7pXjMzYSavbZhMK24Ah4PcbfGjth4GOH/6ShzLzk4nqSy0GjswqVpNkpg0nIEDnUHowE
C/cQp4ERB8YYVxK7PVxy+GDC2N+U+WjNxOWPruHEoxEpum7q3rSUIuQIoIiRi4IK+RAnQMUOMAob
fW3sPhjHZrol+1tjlvpr04wJkSLcXmZUqc4+Ck7DDAKIXBQ2cqri4YJR2OhrY2n7jxytedO8u/xR
RZyLOKt+Q6vZ33Vi4XChBdbkNkfOPpYg4MmCUcToa7MsZ5y6V0jlsViiBTGBJvTUIudLBwJB/NLm
bLLFAanswTjjgXF2sZSCDR+trIu5TqArJc6GQBpkQxDNkYFkUwJ7x4eBOwmMo0bfG7uPRjZydCuQ
HwJ1kZr2SBUqdQXNYcttx0RUUjjwsQXGGY/dtfNSsZGjA36wStNeaZW4yZaswKjYCBrwsY1AYl8j
2DXjr6DV4W8nImk/cw1azJQbozB04grChMIq9fpsMFNF3C+Ygo2+OVaGjrg/xgT18iT06ohkK/nm
Ul5g1rouG8xUsQ8ZTMFG3xyrYCNxf4zxUZRJ8LwPes0Mi2kmSsxbV4Ou9uDOoHICmIKNvjlWKePE
8LHBP1gX12ydI2WiUHY7OoAL689U4VAFU7DRN8cqP40YPjb4B6tcY2wMXTTLhFAKVl0w1i/igLUG
MMXEKr6NTTOy1BJc4ljbKN00VTZlRu1a064F1p0/q9vfkDgwycSrY7UYRwcPDe3kMsk1E7nC8LAE
Vp0/q+9ThcSBKSZeHavg35GllsAl/kwBG6pWGB6WYBT5s/piHMpJgimm3h2buDE5fGjgbYNaJUmx
cb2TWyBx/si1Hw48qmACNfXu2MxUhxrgObVMN2dP+yLzNcaHHXDa+bN6ZBwkDkygpt4dm7CRwQYy
Xf05cEdp4JoObmAULWDthxOnRjQ4CGrq3bHZ/DfcAAm+PvLF+kNlAkjcAtb2N2ADF5hATL48Fo5E
NXJo+F01myStGAGGwgLY2k8n9gWCPSMm3x2LJajRyM5vQndVBh4YLsBQWIBY++nAGQTG4ZPvjoVf
dPT9/Tp0VzfJrjgCJG4Bwu1eE7OV7qRatZJjSVdvwDICGGf6/bHYwzUqPBt3dV3iFls/OMrhPnM5
4Iov+fS+FhTgAuPMLAXPN8DGXtavQnfVfqCsQOiLeSWU5T2eyjov6dSR2GAHRpl56+ZXOdjd3zMh
RM4Mv/z2h7A9rS0HyjqEvZbXQlndYTbjhJ8SOWSMA2PM7ZGel7j7KcSKqyJlknCrsbIKSBDsT21x
f1MLl4EYPdq5hCV4GdTMmzf/4t3//YoSJxKJHVzHZPbuErvdI9XosgocDmCEOdHYk8Sp0OUbXIDE
LWDu5qa2iVz0Q+5n1qse4hbBCGLxyGZ3f7+ixH1sfm0tSOFBNosFzNzbzGGayc8HUS7PL2etBPwN
YAQ28/bNvzr07u+NxK31un3nI02hwExoAdO31s0CE+YQVPwGttCZkT3fwv3fU0ZOalApKQozEU7r
Jsz7yHzlKQSQuAVM3lnXtFv5rO8VgCszA9vCGf94EBOM9atmxAQGEy2NQHz4bGFXlZ82BQISt4Cp
G5s6O0NhwAF75na2W+xbmjzeWF5cdgKhli7YUydJCg12cC1g4r4SCBZYkzmH6mKJo0lizhHABvqd
oyYFBhLnz9QHKXKNglXhywf25PHq9J0v9kF8jBgwYoDE+aPGbyt2l4J1mUtWaGF9TR5/thJZw67L
el6R6P+/ix6tgU+nQYcav6sINwSrMlvicl7iJl7f5LrjitVJ1kjGaDsvGUol0VRyxku2eqW6Ofzu
MGju3xGSFer8GVeVmKaCdVEjw/nCUok7w3gi6r5BbbKlZ6xqKtGqWn163Vkrh1Of6N86S1Jogtzw
10Sc7yHhCPcAmyLGR3RPKIkjJFGs+0kXSbf+rFq7jDTlaaZS02SyUkQpnSUpNPD8eSP6O0gENsuD
jXnY8fcWOvtSjuY1f8vpD0uRdl4OJVvbriInievW7EwM6LvBk1SEuSpScLBq5E3/mkHgwPbMeynp
nCdU2EoE7b9xwbrz6vbfGTkpR9kNAtn+0C/OVPejYTzBxIZA4rxhiVmNjd0L8ILUFiN7bqrqWlCB
iqyz/MTp32b+V/b/0I0mqtHt/wi5LVKtIseL9GBl3BuCzSEgDjaTzJl3czrf9BDpXVX7bv2t/3dq
Pu6rRvSf+vScPKLij23EAIPUF71CVV0AbLCxwGZG9uxq3kCLt2nfuiwT5HQmkSStol26RVkmGHU/
wTpA4nxR2KQFImGzxDUzsj1Wye68o2VTnY3JShmjjpURU/tOgaSLvkgoHIhDbTOyZ1bZPbRC3Vh+
RDf5aZ5KjXHHisTaRbsx2MEFwMGQFgN7rn6oh1bcahjPNT2lEOFG+Sghu/AtDACJA+BgcIuBPeNH
VB5aIW9+FkmRnPJQ7FXazmDDOAAHw0ZUZqKZlI9WvPm3a9hJLLZ5KACAQMylwzTMmS5quXJQuryN
TdjkoQAAQmHjuZxLbC7W1pUdgf1HABwKm3iPOXe/WFtXdgR2cAFwJGZzxSXz/tS4RbE2BhIHwJGQ
FqN6tgDX3t2gIYHEAXAkbLZezY1qG4/F04AdXAAciCDzVLG2rOwJSBwAB0JaDOq5earJ+fY6QOIA
OBA289SZuN+ara0quwL78AE4Djbz1LldmTtNCbIW2KQKwHGQ80OazKWiZmuLyr6AxAFwHCzifmcz
ea+vKrsC+/ABOAy1xZCejQNbW1P2xhYPBgAQApvsHpC4N2zxYAAAIbDZlbCBxHlUfojIFg8GABAA
aTOiN5A4sbyJDUEJAgAOArMZ0XMSV3trxdmGZMK7iRhgkyoAx6AOMqKVrTQQ+uYX+elX/FiRdZA4
AI4BtxrRc61Ie214E6JSJXnn7xCq1T8u6OnXNNk3cotnAwBYirZwNvC+Tv0UwlobaiNo8vLPtEnq
7uBSdabRqT9k7zYdNqkCcAgspCQVSTbXjBo8khWqRXB61oWslQZNEykvf1I0rBGi/UGp3lZk5rdE
nvyrhHkJ0PpA4gA4BHR+NEs2v7lhKLYuu276qnjXkK7MrgB1LgidMJZoJRtt/tnofssA6/6yPrWR
22RcjwEkDoAjIOcHM9GEzVVjGZjukvvVKp2bdEx51XTRFvSkE3lm/q1/kpipMG8l8ctuMY5dVgjr
hIUQpPDM2rUAgB3A5gdz3szHgPGHo8jDQcama2VPqasXtypK818+U/2+9uw8Ta3OkskVFcvlaA2w
Dx+AA6AsBvNcjpFmMPCkHPy79v+//6H7e5oYy63XwW9kl4BNJqJ3qMqL90IV+U43PUDiADgALMxY
fmiGzhh+ItPZzWQvS9LatNL7UfllTxlrssqiizFAqhEA9o+yGMuD5thcM/91/iB5jS3TCTeLfSyR
ohePc4OyYd2ynU2igK1Zct8BAJvA50fybFWaZsgW/Pv8Qa0Zd54Cf9E7bDNhOmSSb4o+WIQ2Ojeb
X4kMqU2B8L7pAICN+N5iJFsER9QPB/3cqzvt5JbRzmpk/Y5V2ajKJF0XvRW3r/gRr0sEAGxIaTGS
f5xvhvscNIysu0JfJOGliVZppJmzEt2L2742PFh4YQAAURHzA/mPFs08xMQtCIvtAvCqJNWamWZq
I3GinaymWSJ4cJlaAvbhA7B3xPxAtmjlwRa0Wb6bpDAl/E5LdUVrxKmEKJLa1AnbEEgcAHtHzI5j
i0W1bvfVHV8s7VenHhk/9ZG3/5dFUu1rngqJA2D3iNlx/Pl8Iw/K838F6lwfWsdbY47lDRVd9Ajd
j8sB2ZQA2DtibhjP5lBqHvfx/yZQ507bYhk3G7vKtI+Vk8GVyhvswwdg74i5YZzPt6Eeh/6XIfvI
6kbrhlWd35ZW4aXKF0gcAHtHzA1ji8CIt1tI03bm+p8B+9ityNWi6ZwNckfrcZA4APaOmBnFFgmD
3r09puRJ8n3APn40X4p+yY8+CGpEkE0JgL0jZkaxhdPwv705pPMHhO6nrvslP9kQsht/A1KNALB3
xOJB/HGo8sMag18lxoirE0mDa5UnkDgA9o6YHsQWRtxnQ8etMYXjiTHiZLoffwMkDoC9IybHMJ9v
YLh81woL8cbZQFuhU/vxNyzewwEAWJlJvbAIGBnRSHlyEgTEJMaUxu2wI39D4EsEAIRGTQxgm+D9
kRqsqqmChsaZM7HSWE36cct/PAJfIgAgNGp8/Fqtp/HhY7Wms0UJXfntOQfJfgh9iQCAwKjR4Uvm
qgpOHd7k4SsbvO+/SbqfxbjQlwgACIwaHb4WroamGQlRY3WyXh6OX8kVxMoPpBoBYOeo0eFrUZNm
tMo0y1cc/+95eK3yBBIHwM5Ro8PXZp5KR47NjUtgtR2cZOy0mwOJA2DnqLHRaxPWKifH/1o7OH+s
d7ODCxIHwM5RI4OXvLc4mE6O/+Au1TP7CYyzmcwDACKiRgavTVSbnB7/a9Wn+jywTi0A2ZQA2Dlq
wdilk8M/eNDIma+DK5U3kDgAdo4aHLpW+8tnSrCuV9iAB5cqXyBxAOwcNTh0P/1h/kg9s+ivG73O
alxR7GYLFyQOgJ1TD41cYmOB5dOjPzNxwatIgAgvVb7Y5CkAAMRkYODSP1gcV8+MftnNJ9MqfI9F
aKHyBwnjANg7AwNXfLA4js+Mfi26bys4HURYmVoCJA6AvTMwcJfsvz+TydMP7Zw3cPTYfnbhQ+IA
2D2PS/e/sDmMzQz+y0od0U1SlCG3AdRhZWoJkDgA9g57GLc2JVClvQyIzlBkAU253ezfgsQBsHvY
22H7E4uDNHXQgbr/Rlgo14MIIE5hQPEGAPYOfztsbQJGhIsOsPMPqskL9xlr9Zf7f+s95f11vhoA
wLaIN4OWWNSxr/30oGC93aOUVuMbWLM7Y083b/8yL2Z2jm2Jxw0HAGzJW/+kzZoZ89cEs3olkglb
sUpuJU4/ZmRiRM9EHW+I+/0GAGyKuh+zNunMZzanTmLaZ+13ltZmD9ij0qkb2dBl+pCSrZU3rmZO
sh1L7jwAYAPuF7ZsInWdfA1vMVu6ujgVY55l3flqcSNjuui70MXmGdfp1Wn5o/nCzbFqN5tUQz0F
AMBa3I7Y1Cbqd9E0sTyv5JW9NajN16vEaco7TevcEtz8XbfN9VvzhelG6+5Yxpd0ISQrPA8AQFBu
osysFE4t0gTVlN08l56qTJdmZc40y7ot7UWvadKonlklJP3SoJneVsnnDTvNkemiPgQEmc0B2Dv8
Ml6JVeDassBb3RBhvouT0yJvvxHTbCLr1sCjxhGhldEOmZhd/DWvGqmMC6JIfvUu4SPNxgISB8De
ubhU7RROLNOE876I+nTetCEJa1RrG5oJKutUQ7TmnTI2HjNhJq0oMlMHgiWCLzv3CkDiANg76jRa
7RRuYdhtejICs6Y+uQzaBnkhWuXMT13R3Vd1Vl7eiWJm1gx3tP/+DCQOgN3TD1Y7hZtL9TsHO0lk
eYmt461+kaxVvrIvBkF6EVTnE5Xdv4np5m78qFcgcQDsHmbGqp3CLfOmtpzmmvTNfJdpI2Ld75js
fnOJvTuJYlUvPPM6QOIA2D1m/meZuVItlYS8t8TEm/luWia8qrr/xmn/h+f/dBLFYvGpVwESB8Du
qayHql48VWT9t4d69nlS5rz76XSKyx+I/hdMLT31KkDiANg/NHncCToICyQMmXj7G5KUI42ff60C
nTss69QYAwCEJLcsXC9CCcNAQxl1P2YHoMogAPvnr/9q9WdLdt8/K5A4AJ6FaocxG9GBxAHwJJi9
VeAtkDgAnoNFGZSeF0gcAM+BiC0m+wQSB8BTUMfWkp0CiQPgKWCxtWSnQOIAeAZkbCnZK5A4AJ6A
5Ru3nhVIHABPQBZbSXYLJA6A44NtDaNA4gA4PJimjgOJA+Dw8Ng6smMgcQAcHRVbRvYMJA6AQ6Ox
c2sSSBwAR6YuF1dreG4gcQAcmbRSsUVk30DiADgwnGCaOg0kDoDjwhMmYmvIzoHEAXBY+LU2DBgB
EgfAQdE8tnwcAUgcAMfkodIpGAISB8AhUdi0ZQUkDoAjImJLx1GAxAFwPDSLrRyHARIHwOEoMUm1
BhIHwMHQ2LHlACQOgGPxIzypLkDiADgYkDgXIHEAHAwZWzUOBSQOgKMBZ4MDkDgAjoaILRtHAhIH
wNHQsWXjSEDiADgcPLZuHAhIHACHo46tGwdCxX5YAABnYuvGgYDEAXA8YuvGgYDEAXA8YuvGgYDE
AXA8YuvGgYDEAXA8YuvGgYDEAXA8YuvGgYDEgTfUsTsA5omtGwcCEgfuqRAqeQBi68aB0LGfFdgZ
KSTuAMTWjQMR+1GBnSESFrsLYJ7YunEgYj8qsC+qBBJ3BGLrxoGI/ajAvkiThMTuA5gntm4ciNiP
CuwKgXfiGESWjSMR+1GBPVF17wS87PsnsmwcidiPCuyJvu5JGbsbYJbIsnEkYj8qsCNE/04gamT/
RBWNY4G4OHBGnd6JLHZHwCwxNeNgYN0FnND09E7Q2D0Bs8TUjIMBiQMn+OWliGjaS0wrrIinGIdD
xn5WYCeU15cior+BY5ZsRTzFOBxYWgYd+qb8cB6vGxT+XCviKcbh4LGfFdgH7OalSKP1ok4Sgqmq
BZHk4ohgQyIwiLu3IprKFAkculZEEYuDEvtZgT1Q3b8U0SaLWdSzH4gYUnFUqtgPC8TnEi9yItby
he7OjqnqPNsLxXGBSxX0xtMNsZKNyP70mKrOsrVMHBn4G4B4eCsi2fZnqUW05hybasTBQSj7y6Me
34o4H3z15aXEVHWG7QTiCUDBpRenJo8vRZyZqricP2Jk3jHYTh+eACzGvTY6HXorong16fX88IJN
ojcSh+cAa7uvzVtXQ7y34mYLGeI1p2GbSMPTgHWPV4aPvBUR1i/Y7fkxuZigWF0Ungu8TC+MHHsr
tl8NU3fnR3DcONXwIwNjYE5gSf18HwZy9K3YXmLYfQfgcRhjePUUTACfqh3s6SyLKXNg6xw06m0H
4HEYIV9PCp4VfF5aUTzdnaoGwkUubK3n7G0HMLsYphx4WGCapzNOVqELH3sqg3dS4bY24+RjB7Ad
fwg9/dTAIM+3xrQC3QLIM1kWMwq37Sff20QABuxxGIKFH/8vADZxzXNaAHme3ZNzCrftLi4x1AGk
pH4E8SJ+wIyb47wA8jSfBvMKt6Wej/g94HF4C+JFPHmagbsWV0F4EstC2azobJfgfCQMIl6G9Z2C
eBFvnmTgrsXNm0WewuMg9/VajIZB4L28B/Ei3sCpOsntPs5n2NMrbN+LbWaKKnYHjsLEjQJzIDPm
BPzuVh3f48AHX4EhNnFqDmVz2rQDRwHxIos4/sBdDXl/p44+6pzWczb46JvuzzMYzaEYTgoDLDn6
wF0P+fZWHXuByMrRcKVYvUN8ugPHvtshQbzIQp5sc1Iw5OOtOrLHQbi+F2vvMZhdQUdEUw/iRRaD
qeoQauBOHXePQ82cXwuy7oq/jN2BozC0/wO4Aa/qAMMRsuvP3tah8FmvXlViZOwOHAbm8ejAGxBo
+YAcvlPH/DTwMOHWvtqR+/u2A9A4By84mACRI2+QY3fqiH4+4R1ykK61+Dh6f9924JAfKSGxvVNg
Bqzs3iHH79ThEv2UdMF7sZIZZe8ifHU7buJNBG5A426Y8vUdbKqq2LL3YhWJ4bE7cBjksqcHbnjt
N+kOzSfv1JGmqksFzrwYwT/8tFunyAs7/OXixweuQONOzO4BOMxUtWRB3ozAcZMVde3Ay84wZJDn
B85A4zrm06kdY6qqCxrqzWAhL9gnUv9FvWEy1AMEJ6Bxjd0IPMBUtQy6q5EEM1w9w1dW8+zuGeRP
WoGXnRGc0XbKsO/7pEsePDFFFsaQ84pANoRfEdw7lq8icGSF4H0ZaHRsgaJ2t2nH2TGVYKu8GSE0
ZpHzI9vvPV+DCll+V4KH1iOZJPQoE2BhfZv2uFdVqyJfc1ywhY+x5svOT466ec4HiQRxqxF41YN3
jR7i5XT63NxXop9aMLbGy/AGvuDd0GL5+dNF4SM1y44SfoJJ6qqEW1q+iYDa/2TVdQjuyjLdLJ+Y
r8gtteDO+M9W+x7QYu3prpYpW3qOEibcygTTo5scjCGFcw1sV+Eu7CqR6IbrNj6WUEj3rp/IVvx6
AWs6LlTv6BFLXg7fnAnAgUB6JO4a3bMhV3uMwR1FjtRBnrotjpZQndOw52fOIivZXQOEr/N5e3Ol
1FtHQ0zogQUB3FcPS1u79ftrv0wc+7mczQOoUluVq1ZxgNDC4eNyUGLDq1xd3F+pn8h5vorAh0W2
dvushobdUp/cOvg6r/YTKR1jWKS5mnlDqiJbr2OZtHo/q2JUYgm3a8LqNEMySp3bh8BtC1kicmOy
ke9utiqp9x3aSy4z6X0FC0l5MaxzSuZs9bMzMf0Zo8vZKfJcEzbUcjTQmuQuk6E6fMA2mMFb5CZk
g+wr2mKBwCW7WY5jS65hOYzlokUpZb7lm4SvXM4tyiGR0qrg1K4FkhX+oSR1OTcRZ5amnJYI9Y2C
28fQiRnZ8F+JDc4ygUt2Eu+nFl7E4aEsa7VVthpbemosyweVcvq2Fxm1ajybXbisC8TBRYS5KZIW
dLbJfYhckEwce1iOY8svA7QwLpTVJ3qrpJbqdoZyOfamtPNct7ZAeBy8T7YBUE4usVUItPCxg7xK
KsR1gDO0VbpCqUdF0p2RmDHv96ZtuFTXSXHVNsdZwJ6DJdh4n/T4sutQiyLmrupAuSKTPdQuC3Yp
4C2EnYjdEbAJaT5qbBvnlftqaawdg7XFXNqe2NkaVcBrAeDl6YztG6VrrfdCeNvuNIIpJ0Ov7EZe
WKSBLwcAEBLLEM5AVGuEHkVNXyHCXw8AIChbqdxgCHoAYu5yqBEtCsABmA8dWopaSd8MEXc5sNUu
CgAQlDRfLd2Sm6/Xp+9r9XyOzfLEAQACwMTc1m53lNhgZ0wkt+p8PUQAwM6Yik1xRK9VquWRwNWU
La8P2xoBOCYslwv9lJXkmwpAjNARvuUFAgACk2bCR+hqJbZVt57tNQ4LcQA8AYTxVuls5q5dFHK8
udvW4XEq2pUCAFYgZa3Y9TlzbpHt7zhjNHb3tg6Pg6sBALApm2ocFA4AsDEbahycqQCAzdlM46Bw
AIAIbKRxUDgAQBQ20biKxr5MAMCLsoHGwdMAAIjH2jHAvpWtAQAgBOtWHhSxLw8A8OLw9fLHaRTc
BADEJl0rwWcFVyoAID5knfSe2HgPANgHefjJqmaxLwoAAE6koaNHSnhSAQA7QoQ05GoW+3IAAOAO
Gi6FnIAJBwDYHVkY12pJY18IAAAMEcDtoFjsiwAAgBHIwiU5CBwAYNcQ4T9dhcABAPYP94og0ZLG
7jgAANiQStf5aslj9xkAAOzJHFSu5IgSAQAcDVZYzFi1zKBvAIBjQrJJmasLJBMBABwbNuJi1RL6
BgB4AtggsXsFAAAAAAAAAAAAAAAAAAAAAAAAAAAAAAAAAAAAAAAAAAAAAAAAAAAAAAAAAAAAAAAA
AAAAAAAAAAAAAETmfwMsy4avCmVuZHN0cmVhbQplbmRvYmoKMTEgMCBvYmoKPDwKL1R5cGUgL1hP
YmplY3QKL1N1YnR5cGUgL0ltYWdlCi9XaWR0aCAxMjUwCi9IZWlnaHQgNjI1Ci9TTWFzayAxMCAw
IFIKL0ZpbHRlciAvRmxhdGVEZWNvZGUKL0RlY29kZVBhcm1zIDw8IC9QcmVkaWN0b3IgMTUgL0Nv
bG9ycyAzIC9Db2x1bW5zIDEyNTAgL0JpdHNQZXJDb21wb25lbnQgOD4+Ci9Db2xvclNwYWNlIC9E
ZXZpY2VSR0IKL0JpdHNQZXJDb21wb25lbnQgOAovTGVuZ3RoIDgwOTQ3Pj4Kc3RyZWFtCnic7N1f
bFvbnh/2pS1S9Oam/ljkFeUYVOeKnSvNvRlqJEzvZEgPMukN2XSmqI40QQCdDM/DMJhayXVTINIx
mmBgGkEefKSn+tzKKKAEvQSO2gIjW+0knVJoUsyYfJhOpVLtJNQE9A2onNr0UDqyxD+mSNF9WD7b
2/sfN//vTX4/OA86NEVtLm5tre9ea/3WwLt37wgAAAAAAACAPjDdPgAAAAAAAACADxBTAQAAAAAA
QEcQUwEAAAAAAEBHEFMBAAAAAABARxBTAQAAAAAAQEcQUwEAAAAAAEBHEFMBAAAAAABARxBTAQAA
AAAAQEcQUwEAAAAAAEBHEFMBAAAAAABARxBTAQAAAAAAQEcQUwEAAAAAAEBHEFMBAAAAAABARxBT
AQAAAAAAQEcQUwEAAAAAAEBHEFMBAAAAAABARxBTAQAAAAAAQEcQUwEAAAAAAEBHEFMBAAAAAABA
RxBTAQAAAAAAQEcQUwEAAAAAAEBHEFMBAAAAAABARxBTAQAAAAAAQEcQUwEAAAAAAEBHEFMBAAAA
AABARxBTAQAAAAAAQEcQUwEAAAAAAEBHEFMBAAAAAABARxBTAQAAAAAAQEcQUwEAAAAAAEBHEFMB
AAAAAABARxBTAQAAAAAAQEcQUwEAAAAAAEBHEFMBAAAAAABARxBTAQAAAAAAQEcQUwEAAACgpwSc
A90+BABoCmIqAAAAAPQaJFUAQ0NMBQAAAAAAAB1BTAUAAAAAAAAdQUwFAAAAAAAAHUFMBQAAAIAe
hOWpAMaFmAoAAAAAvSDgHEA0BegNpm4fAAAAAABAy9RMqqInRDPv2nk4ANCIgXfv8JsJAAAAAD2i
rgFVZFQAfcJoKgAAAAD0CO0ZFQEVQM+wNhUAAAAAAAB0BJN+AQAAAMDwmi+ehPFVAP3ApF8AAAAA
MCqU9gXoSYipAAAAANCzpl1mm5UhhKTS5XyxKn0CBlEBdAiTfgEAAADAeDSOo66FxgM+jn4djeUj
zy4ypxXRc5BUhWjDok2guxBTAQAAAKDLpJlTPSZpn+u75B9eXRkTPrKxfbYfy9f14/oK37ZoE+gi
TPoFAAAAgC6jiUgYPkVBVPoEjRLJt6JH1kPjhBBpUgURpdZGfIUOwGgqAAAAAOhIy6si7X55my5P
FQquvxTO/u3b6FVXa/dtK0HnIaYCAAAAgL60NqlufD4xN2sRPRiN5Te3zz56pA8yGLbtAaNATAUA
AAAAPaqZqTiWWQ7Y6NeJZMnpMMlO5ZWNqYSQwO+cCP+3fwJYk2G1fxoKukg8/wEAAAAAQA9qxqF8
sRrZu0ily5yVWQ+N++bZul7fMyOTXftBkzkTe9VCB6CEEgAAAADokUoc4lhmbtbimbUEfBy/7jRa
Z1WkuVnL0XGpqUPUB9lyU9qf39hPxJgqtBViKgAAAAAYg9Nu8sxafPOsd0Fm4PRV9rrzh6QHojLI
6jvK1JVRPTOWZf9w4rgUfZ7PF6ui10FShfZBTAUAAAAA3ZGmKY5lAnesbteQ0yHfg81kK7KPp06u
ZNemul1DTR6krkQz70SN1sCo6bTLTEen6Tjz0XEpV6iurtwMLo5s7ZyLlv4iqUL7IKYCAAAAgI4o
hSu6EpX/X+88u+Qfls2f4m8sVGs+pzc0vLssIYRjmfA9h3vKLN28h1oPjU86BoUfAUD7oIQSAAAA
AOiFxojltJtWV8a0ZFQVqZOrZr5dtxob4dy8PzE3a1HKqFRwcdT7cZ0qlFOCNkFMBQAAAABd0J55
MqeV4Ocvt3bOm/lxuULPTlitmVSnXebg4khwccQ7z067zISQrZ1vtLzy6spYC44PoBZM+gUAAACA
7lPJqH4fRyv6uqfMKq/gnhqSrdzrmbkh+/xE8m29B2kUNQN/JnudSJbcU0OeWcuab9xmZVLpspZX
djpMfh8nuz8tQAshpgIAAABA9/EDgNKItboypj4ZlbJZ5bOZUrh9caIpmPUep93knjK7p8yemRv8
YlT1WwBCc7MWxFRoN8RUAAAAANAvv2Bn1AY47SbZb48fFJs4KF2TLZLsnjLPzVrcriFPrQWoNYkq
JKPeL7QDYioAAAAA6IhoY5WAj9P4jZ6ZG4SI69B65MosRWP5yLOPntkbQUtprq/TMeieGnI6TCqF
fLXTPu4K0DDEVAAAAADQkdYWj5VWA7774FVPTvdVabcXJ2X+LdMZvwEf511glZ4P0HWIqQAAAADd
gdmSWmjfdWbSMSh9ULSBSvyg2HsZVXuwn3aZlwPDczMWpwMpAHQNJygAAABAF2DDSS1EIVMkk628
yl4fHb99lb3OZCvSMr/eeVY0xzV2KLMk1dA3C+o6kV6clFPpsnqrAugBYioAAAAA6FQiWYrG8tLl
qbv7l0+jucxpRf3bpasoZUdcadIzaFhVqZB8d2Vs2T9Mv04k32f4zGkllS5rH6OW0rh1DUAzEFMB
AAAAQKfyxerm9pk0pi77h5f9w7lC9ShZSp1cJZKlVLqcL1ZrvuCSfziyJy6zRPXYHGzPjIXPqOSj
udONB1QqdXIl/N9eajTQD8RUAAAAgE5TmqjZY0mpLg3MgrZZGe8C611gg4uEEJLJVh48zqovPbVZ
Gb+P64dtP4OLo216ZX5gFqB9EFMBAAAAukOUSPt8tapoHxrekmBIUP4bY3mnvY4+rWjer9LPNTSO
ZZqZ1quuh7ecBf1ATAUAAADoKGko+mibUMHX/TayKk2MwcWRmqOC3nk2flhMJEvxg6Jo3m/0eYEf
+nM6TDSgigYDDb0wlSdqt7ZmVC2TqwGaNPDunbF/JwEAAACMpd6xO6MnqLoIG4djmac/uV3Xtze5
J6pxm1p0Uq2FxqULelsi/DgbF1RLNm6Lgc5hNBUAAABA13ppwapKRJe+x3yxGlx/GfxkRHvimpu9
0UxM7Y2m5limHVvOxA+KscNiXG5HH4CWw2gqAAAAQOc0swyyBxIUaagFnHaTxrAa2XujVMhXOyO2
s6hVPTOWzfsTLXz9je0z2bpTRmwrMASMpgIAAADowrTLbLMyhJBM9lp2R9DeGOtT2edTSea0srl9
Fnl2EfxkxDvP0lbSgmMZ95T56LhGZVp6SEYspKR0zEfHpVyhqr2h1KXSZWRU6DDEVAAAAIAOUQlC
d1fGhLtcJpKlyN4bab7qjaTaWCCkYZVjmeWAbck/rCWDuafM/KBiIlk6On4rO9aqw7JVGgs7KZUp
9sxYWpVRCSFbO9+06qUANGrZ6QsAAAAAKpSyGccynhnL8sfbrszNWjbvT4R/7OBYcW/NiIN+Ik1G
wVfZ662d80xWZsBZxdysxTtvVX+OTjIqL+Ac4P/T/l1Ou2l15WYLD8O70PqVrgDqMJoKAAAA0EZa
Akb4nkP2ce8Cu+mYWHv0uve2AJENhFraKl+s7sfy3nk2lS47HT3blZXOQ9Y45Ou0m7YeOls4lEoI
8c2zT3bOpY/3xtg+6FPP/m4DAAAAGMJ6aFwlVNBpq6Kk2j/x4O7K2KTdlDq5yhXepdJXuUKVFvKN
Hxbjh0Wn3eRdYJf9No15dXf/Uv0JemtYpUWzKnneM1t7um8mW/np3kW+UHU6TE7HoNs1pL7PqtNh
mnaZmymhDFAvxFQAAACArlnyD9ecUemeMq+HxsNfZjtzSF0hmw+ddhOdCy1qolyhmkqX84Uqja8b
22fuqaG5GUvNltQyT1jjotBOqqvC034sn0pfrYfs7imz0nOcDtN6aDxXqD7dv3wazdF6XU67yekY
nJu1uF1DTodJ9O2ijKq0JhagVbAhDQAAAEDbyfbpp13mzfsTGudnhh9nRVtW6ipKacE3gvTIZdvH
O88qTYdWItqQhmOZpz+5zf9v/KAoTfvCg9FhLSWhupJhcHFEY6GpaCwffZ6X1uuadpndU0OTjkHP
zI31L15/9C36axzoMYipAAAAAG0nGzC2wpMqQ14iuUI1uP5SOPVXOKJllNggageliEhxLBO+51Cf
jyoi3Tc1+k9dwv9de/RalMeM0nSk/upZTrtpLTSu0oCJ5IemSJ1c8SOrWhio3cCIEFMBAAAA2ks2
XQQXR4KLo9pfRBpTpQyRHGRbQ2USqdNuWgrYAj5Oy8CgekxVakNDtJuI9si65B8OLo7Itl6uUI0f
FuMHxUSy1ECZLiO2GxgFYioAAABAe8kmisgXt5wOU65QJYRonJm5uX2m9oSPRyZ1HiEaWNno93EB
H6c+uKoeU3f3L6UVa/XcUOqj5RrbkGMZm5VZXRlTX7ubSJbih8VE8m29pZL03IBgXCihBAAAANBG
slnC7+NoRt3aOV8PjWt5nZrlf4xV0qaBGjz7sfx+LO+0mwJ3rAEfp303mlS6nDh+KzujVecRi28l
7YtmOZYRjYvmi1X3lDl1cqUeU+dmLfQWQCZbiR0Wj5Il0VpogE7CaCoAAABAu6hMZHU6Bo+OSxuf
T2hce5lKl1fDr7T/aJ0HMF7NsOq0mwgh0oTpnWcDPk4UvaSjqd55trG4pZ8G1J7nadGpVLqcOrlK
JEtHyZKw3TwzluDiaJNrfSlp8WH9NBf0BsRUAAAAgHZRDxieGcvm/QntryYt/6PCQLFBvZWEST6T
rbzKXhNCUidX+UI1lS6/ylbmZm/YrAO0GlAqXW5gjaV2XWlV7ZN7nzx0igaZM9lK4riUSpf52bx1
hVWlmCpioJMNjAIxFQAAAKAtaqYLujxV+wum0mVa8yb6PF+zlpIO9/9Up9Rcu1/eVlq7SzdQJYQc
Hb8lhCSSpfbF1O62pMakqtJWhJBcoXqULNGBVkKIlrAqu5pXxEDnGBgIYioAAABA69XMFX4fp3FV
qpSW8EDVjBD6SbOyLbYWGg/4OO0vkslWorE8HQDkWMY9ZXZPDdF4pmWrFT20gxItSdXv41ZXxjTu
xJtIltRjaiZbCX7+UuUJem4uMDqUUAIAAADoNI5lVlfGGvveXKEafZ6v+TSNAVXLMztANoNxLEMX
pmrndJiCi6M0pq5+OsZHXPVgr4cWqElL0an9WP4oWapZ1JeqOZQaq7WmV/8FpcG4EFMBAAAAWkyY
AGWjxXLApnHISySVLq89el1zXqt6eNBP5Rv13JUvVte/eK2y7ae6XKFKZ7cSQtSDva4SuwotSTVz
Wgl/mfXMWNZD43VNKZfS0uZIqtAmmPQLAAAA0GLCmbTSXOG0m7YeOm1WJleo2qxMzbmXvGgsv/XV
uZa1l0rJQXQw3QoY9W5F47Sb1kLj0laKHxQTx6UGtvqsSc/RS3tFpeWALbg42szPCq6/FE2W5lvG
KNkeDAoxFQAAAKCVRKs9paGCrrfc2jl3OgaPkiXPrGXZP1zzZTXWXCW6z6jSI5HiWMa7wNJavnxM
Uh9WTSRLqZOro2RJ+C3N0HP6UmpAjmWcjkFhaFdK+BqpxFSAtkJMBQAAAGgXaZyYdpkf3nM8eJyl
WUJLIaVcobq1c74fE09bnXaZCSFKA4nCOCE9DF2FDenhCZtFWJ82V6iurtysGboy2UoqXU4cl1Lp
K+1b+Ajpqn2klGIqvQNCN6ER7ptaV2klnuydEZ23DPQMxFQAAACAtpDNEkv+YX47mWmX+cnDSfUX
yRWqa49eS7Pokn94dWVMvRar7FJGaXzVQ/AQHedWeNI9ZW7ViyeSpaPjtxrHooX00DJCDWzDSyNr
/KCYSpeXAjYt4/aElumK5SPPLqQzzPXWJtCrEFMBAAAAWq/mvFZ+harKc2QLJnEssx4a50u5rj16
rX3AULpcViepQ9RcG59PNDxPVVauUF3+8dfan9/1Zmlg+e7m/e+o10yKxvKJZCmTrRBCnA7TpGNQ
+pxEsqR0OnW9TaCvIKYCAAAAtJiWtZeb9yfUBwz5gklOu4lfHyit4JorVDe3z7QsyJQOruq2hJLT
bgrfc7RwQJUQcvfBK+mgdM0B5y6qN6lq3GOWH19NJEtaynGJ6KRxoOchpgIAAAC0kpZ0UXO0kC4L
5Fhm9dOxRLJEF6YGF0dUCrcu/b2vG0gdRK9hVctos3aZbOWnexfS9b1GCV0aI6t3ng3fc2h/2USy
FD8sNlwq2SitB0aEmAoAAADQMlrihPqoFy2YFD8oLgdsS/7hp/uXNK+G7znUk63saKEWnQkb9Y4N
kvpDl4pUurwafiX7T8bKWrL7G+UKVf4OBV20XO/LNjnESozWjKB/iKkAAAAAraEliamX9s0VquHH
2blZy5J/2GZlorH85vaZZ8YSvudQH1eMHxTDX2YbOegOBowGkmpjJWqlMtnK3QcZpQCm24glrXEl
akNahStXqMYPi7vRS9ny0ZlsJXZYdLuGJh2D6otXqYbvd/B0255gIIipAAAAAC0gW5dIFCpqDg9G
9t7QgEq+HQBUn+hLyVZa0qK7cUJjam1seJAQkslWNrbPCCFOhyl+UNTePvpJWdK1xOolkVPp8u7+
5X4sL02q0Vg++ryQOa1Mu8w2KzM3a+GsjDS75grV4PrLxgZURfTTjGBEiKkAAAAAzeLDg/pupXdX
xjTuCJJKlze2T9dD9pplhBrLFbqKENKG4lgmcIebm7FwVkbjGKAsOhzd9AF2s7nUw/zul7elQ810
OxmblZHOLU8kS9FYXhra+eyaSpfjh0WlH6er0wZ6G2IqAAAAQFOUdh+VBgztiy2Fw6rqGpjuq5/Q
JVtoV51n5qMFujYrI0zybtcQv1UPRYtR1X+k7w+vsW9skvY2aWz5rmiScL0QVqEDEFMBAAAA2kI2
bIR/7BDlKFmZbGV3P0cICS6OqIRVfiiVY5ngJyNzMzeUCgVROgkYDSxSVeK0m9xTZveU2TNzwz1l
5tsqV6geJUuxw+JRslRzqx6im5YR0thKzewxS0+z6PO84WaMQ89DTAUAAABoC9mY4bSbAnesnpkb
StEiflCMxvLxw+JaaNw7z8YPiyplgcOPs/HD4pJ/mE+za49eHx2XZJ+sq1zRcFKddpknHSZpLqUS
yVJk702uUNU4TqirNqFEg/Na9piNbNxq8ofyZ12936jDBoTegJgKAAAA0Ho104VoWFVY5IZG2VfZ
61T6SmV5avyguLt/ubpykz6B7mQj3RpUnX4mAGvxlyZMP/h5y6RjkJb/IYRIk2q97aC3oCVbi4uo
NpeWOlta5ArVyN7F0/1L9afRo1Ka6w7QEoipAAAAAK0nLKokGzD4VYW0qo0wVnEsky9Wa+7FkslW
+NpCtORSA0sNDVHsV2raZZ6bveGeMs/NWGQLLEVj+a2vzjXOZdVh1qqrZTiWWQ+Na5lMXhMdn9fy
TB02GvSSBsumAQAAAEBNtCsvm1Q5K7O7f/k0mpNdOallCSsfz0SRbNplDtzhos/zKqnVWIOo1H/4
Hwz96i/dUJovnStUU+kyIYT+a8DHuV1D6tFdz0FLS3Epvh5y4rgUjeVbElO1F1XGaCq0FWIqAAAA
QBfsx/L7MZnHp13mh/cc2tPC1s45naVJpwoHfBz93oCPk537qv/qtUKDg+T6mhBCvPPsWmhcaWw5
lS7nCtWn+5fCkUCOZWpu56NnNZNqvlh9un8ZfZ73LrABH5crVLWUhlbndAxqP7wmfxaACkz6BQAA
AGg7jSFtyT+8ujKm8TVzherao9f5wjuaUkSRLJOtrD36C+lQrezGObodXGUtA8XSh2PzzFjcU0M2
60AiWSKEiEolOe0mOqKosXStIYJWXfHeO896Zi2+ebaxnWajsXz0eV5agku4GFX4CED7IKYCAAAA
tJeWpFHv8kJa7WZuxqL+LRqXGuo2pnaA/hNXA01EE7t3nq1rr5pEsrT+xWvp47KVnPTfbmBoiKkA
AAAA7VUzZnhmLOF7juZnbIrs7l9Gnl3UHFfUYd7QHsw8MxanwzTpGKT709C9Uustd0x02QhCDYd5
jmW8C+zcrMU7z8qeYLv7l6l0eW7WkslWaKFp2dcRtU93R+ChHyCmAgAAAHSIUtho1YYivEy2srF9
prSBKk8paYiOsx2BpJlBVO88611g3a4hfp5zrlA9SpYSx6VE8m0D5Y4pnecuLS02Osz8gtvyS79g
obv1CNms8it1M9lK8POXNV9Z540DvQcxFQAAAKBDlJLGtMu8HBhWGu9qQGTvTSJZymSvlQbHtGtf
Pqk3qTrtpuAnI3wrZbKVxHEpkSwdJUvNv02ePvNYXW11c2Tw13/FKl2urGRj+0zL+LM+WwZ6FWIq
AAAAQCfUTBreeXZ1ZSxXeNeq+rTRWH5z+6zB7+1UJtEewLbCk3zLxA+KqZMrQkiu8C6VvqIPiioq
NazzeUw0h1b6v429rNNuWgrYRBWVorF8JluhNaioutoNYRU6AzEVAAAAoO20Jw2/j1sPjTf/E5XK
4WjRlZym/oSbI4P/ze9NOO1aC9gu/b2v612U28VKtqIfrTTpWqWVpl3mzfsTNiuTyVZeZa/pg5nT
SiZbIYSINptVquhbL0RWaB/EVAAAAID2qms0zGk3RTZuiR7MFaqpdDl1cpVKlwkhc7OWgI9TeoVU
ury7fxk/KGrZlEWqiwlNxTDH/P7j29pfNrj+UstMYF0FrZpNob6TKh2N17gVTTSWJ4Q0H1Z11YDQ
SxrZUgkAAAAA2iRzWkkkSzYrkzq5opMzU+kyDZx0caZSQE2ly9FYPn5QbOFCzbaqK71XqyR+UJTd
fYfG8knHoNNhctpN7imzzco4HYPq7aDDfKWeQkmtFosfFuOHRc+MJbg4Kt2HRrqD0eb2mdNumnaZ
VWb86rCV9Amlj1sOo6kAAAAAbdSSfUFVAmomW4kdFqPP8zRscCyTL1ZvTZgmxk2emaFX2eu6dmfp
TFe75duraKxsLKTnUNH8OSN7wqTS5bVHr21WxrvABnxc4vjtk53zmi+l54bSD/qRoa1aCDEVAAAA
oF34vFFzoEyJ+ggqISR+UNzdv5ybtdAtbf77Z2+OX1y5bplXV8Yie292ozntU391nlFFvPOsYEOa
d3Tk2YibxMpqSStxLLMcsC35h/lInytU1x69pnc0pl3mTPZay+lhlEbrItmYKhxiVfoalCCmAgAA
ALRLM2GjZkAlhERj+cizC8+sZT00nitUn+5f7kZzq5+OuV1DG9unNI047SaN04A72XVu1SBz4I7V
7Rqqd8dUPYeExlrG7+PoqXJ0/JYQ8ip7nclWaAlfOgT92eIIXbYqTKoqaBNhkFCJNGpK20r4iNLX
oAQxFQAAAKCNGkgdHMusfjqmHlBT6fLWzjdHxyVaGZjm1Vyhuh4a98xanu5ful1DTocpV6hu7Xyj
Jb/pcAcaFbIrMHOF6lGylDguPd2/rPkKegsJzUyEjmzcUt9xN5Uu5wrVfKG6sX2G4dPGyO4SpP4I
kZtPIZxYgXZWgZgKAAAA0BZKwaPmlphroXHZjJorVG1WhtbCoUmMjqFF9t4cHZc4ltm8P8HPg00k
S/RxLYfara5zMzuCuqfMnlnL3MwN6Tazdx+8EibzgQEi2+HVW0jQ0hqWoYHS1TvRI//179r5wkiJ
ZIkOqMrKFd5Fn+d7Zmp0x8j+dohyqcpzVKCplSCmAgAAALSelk04lbqwnhmLd4GdtJtoAEsclxLJ
0lGyFPxkhBCy9dU5jRmOm4Pz379BKyRNu8zrIfv759cTUDVqd2e6ySFWz4xlbtbimblBy/xubJ9p
KRylw4TQQDsEfNa1kF34CK2qdZQsxQ+LDR+JDhuni2R3shXlUqUbPeqfKdpZCWIqAAAAQCs1E1BV
eOfZV9mKcJDwxtDA26t3hJBpl3nz/oTNyogCqneebSaoUKLBorb2qms2y82RQdetD/spXldJvlAt
lqqEkOLbd9dVUr1+VyzJH6F01Ev0uH7UdXp4Zizhew7ZSb+5QjV+WEwkS41toqvDluki6YcinYPQ
WFKV/RZATAUAAABopZpxrlWlbim/j1tdGUuly3xA5Vgm+MmIb5598DgrjLXaaynxRAWKO9CTVm+c
Jf/w6sqY8BG6aaqWGCY9eD1XsqnrJOFYZj00LrupLC+RLMUPi/Vuq6vPxukKLdN3EVNbCDEVAAAA
oHNkx2RkH9dCuDaVPkJXqDodg8Jqrp4Zy7J/WGP5HFk6KbA0Njz4j1bfT3C1WRnhqtRoLL8bvVQp
FmXEGFDXWeGdZ1dXxmg5XyXxg2Jdp4ERG6191AdUpf+k/r3qzwfEVAAAAIAOUZpu2lhG/Ru/xv1/
ryvCNaj87N+1R6/5kdXVT8cy2Upk76Lhw+5wB7qx1ph2mTVusmIg9TYFHUhf9g8rPYE/MWTJhi7D
NVrzlIbZZT8OpaTawIBqzRfpK4ipAAAAAJ0gO3u2hROA6exfYQGhJf+we8oceXZR71xfoa50lFvY
LIbeqbKxdvDMWNZD43RYNZEsZU4r3nmWLl4Nrr9UORkMtHy3rVTOlro+EZpgG5su0W9tLoWYCgAA
ANB20kVrrV2hGlwcCS6OEkJoRqWFfxPHb59Gc81kVNKpGr917eHRAON2+rW3xq/+Evt3Px1zOkyZ
bIUQ4nSYdvcv84VqZO+CYxm6crVmAWSlD8K4DdiYugZU1alMDFb/rnq/pccgpgIAAAC0HT+owv9v
Y6/DDJDqx303Oq2X7rO6sX0WPyjSaZ+5QnVr55zGEs+MJZO9bqB+UmMHWS9hJJC2DGdl8gXxWsq7
K2ONbbhixN5/XWfL3Kzlt//z0blZCyEkk62IymjVpBLMjNh0DVN51+24jaKkr9pcBDEVAAAAoKNa
282dnR769V+x0gpJhJDVlbF8oRqN5XejOadjMHCHI4Ts/m+512ctqO/apqmzDTQIXYVLCIkfFqPP
8/VuEmus3n8D7fOXJkx3V8b+yhxLCInsvalrZbKxSiK3iU5iqtIx9APEVAAAAIAuaGFn9x/dtc9O
D6XS5Vyxymc2v4/7bHHknzw5Tb640v5SNTd6bVOPuYFaQYE7nM367VE9LzQwt7m7vX/t6z9VGmfJ
P+ydZ4WlnoUsQwP/6a9xf/dv30wkS+tfvFY5GOEqSqCke6K2aca+Fn340SCmAgAAAHRaC7u5AwPk
H/zOePygmEiW+I1GvPPskHng//iTgvbXqRlQVZ5Tr4718rUsC9RVWCV1blDknWfXQuM2K5PJVn66
dyG79JRhiH1s8C/OrlVep09SUF3DwqIzv/PRVFaffFIEMRUAAACgwzrQ3x1kyHVDO6SqLKBtbf+4
M51+7TM2DbHpjhK/j1v2D7unzKl0eTX8qrEX6ZP8oz2p6jOmkr75pBBTAQAAADpHP51dKZU5jR3o
Gbe8ZWoec3f3CG1ga5OaT5t2mTPZa35QvQE9H4G0T1+X3qbp+i9vz386QoipAAAAAF0jO2LZkt6w
zcr81R+y/yZ1pbHQq9KP7nC939bSfvBdqRLU9dgjq+ezkMZ57O34dFgLUyzhJoImiKkAAAAAXaAy
pbZm/3iYYy7zap1dv49bXRnb2jnPF6rCNav14keQWtI/7lYq03nnvslmWfIPJ5Jv69p1piadt1jz
lJKq6Gxv+Rk7dcv0q/Ps//gvLhv79p7/XIQQUwEAAAA6TX3mYb2d44EBIuzQeefZ8D0H/Xpj+0y2
rE5d2tE57u5Aon66+823Q3BxxO0a2to556wDNivTwAa5SvTTSu2gJam24yx13By0ccy/+/cN3lbo
7Q9FCDEVAAAAQEca6BlbWabw8XgpxzLeBdY9ZY4+z784KZsGBwYHycx3h+rdX5S0s1uskymvXe/3
66QdZHW9cdqqHVPunXaT+m2CX/tl69eZcjOj3739ofAQUwEAAEDv+mRHx3bEFafdNP8Dyx/+Ud4z
Y9FVRhXqSk7T1Rmlw6Ta2vneXSQdHVUvZ93kZ+GZsTgdJtkpDBzL2KxMrlB9+pPb/8XvvfrZ10iq
akzdPgAAAAAANTrswRtI5rTyh39UIYTUm1ENXTlJSp/der2d28KQZtCMqjSdXnirS/i1KJc29olM
u8z5wjs6iHp0XNpYHCWESJPq0NBA6G+O/g//4iJ+UCy8raNhRcO8hvtQGoPRVAAAANAp2ptU7zhq
3P9Q5x07pfq6vV1zSKmIVPveta5OA/1kVF01S/OkcU69fnWTHwTHMpGNW4SQze2z+GGREDLtMj95
OBl+nKX/Sy35h//gX+XKlXd/7VesE/bBeqsoid5Lj31kshBTAQAAQI/q3VWy5kvpuWOndIS9PRtW
5XNp4RvX8+cugrJSrSJKqrIN26rbIsHFkeDiKP2ar1i2Fhr3zrNrj17za1DXQuMjtsF//N9my+V3
gwy5rrP2tko54l6FmAoAAAB6VG/fUWmOn3FnyjXWex4dZt5cGn5jxpYHNp28L406NhFaZVcko9Oe
VJtv7a3wpHvK/P7rnXP3lDny7CKycStXqP5X/ySTflkhhPz6D63/8K59d//yyc55wz+olz6gmhBT
AQAAQHca6zjWNXKi8w6f9qnOrY00OmmWnnxT2nVsWFV2RNFwzSVL+o6UrgzNtzbHMpv3J/ikSghJ
pctbO9+sh8Y5K/Pbay8Lb6uEkN/9W2N/828M/62///V5EzeSSK98QDUhpgIAAIDuyHYc/T7ON89y
Vubo+G3soFjXjg4aR1b1M5tOe2zo1YHHJt+XTt5Fw9qUVEWpTDoHQfZxgxK905Y0Kccy+W83f+JY
xukYpBeiaZd58/6Ezcrwz9zYPosfFNdD4yM25h88ek0j11po/A/+VS754kr4mqbBgcp13Q3eG5+R
CsRUAAAA0BfZ3mT4xw7vAit8JH5Q3Ng+yxfrHpcwSkbVWB2qhT9XD++dauB96efgtZMW92rTB6oS
2IzYbtq1PKmuhca3vjrnLzsbn08cHb/djebyxapnxrJ5f4J/Zq5QDa6/zBer0y4zIaSZjVKlevtT
oxBTAQAAQF+kXUlR/4+XSpfXHr2uK6mqZ9SaT9ObVqUa3b7f5us861kHJvcqTXfvk6TafAuLNhy+
uzI2aTeFv8zS/+VYZvXTsbkZy8b22dFxye/j1kPj/JMje28iexdNHoD6Lq9NvrieMbWfAgAAANAp
st1KvpCmiHvKLBpibckPNUrnTz87mrSP0mcRzbwzysekot3vQvji0h1NOrADUNc11rx3V8burozR
r4OLoxufT9ARUULIUbLkXWDXQuMcy0y7zPlidXP7bHc/t3l/Ivxjx1GytLv/YaeZ4OKo025q/l3w
6KfWA2e+FoipAAAAoGtOu2lu1qL0r5lsRftLtXvvk07qny1bpIen8wOuV5uyh5YXRFIV8cxYPDOW
Zf/wsn+YT6pzs5YnDyeDiyMcy6TSZUJIwMcF7nDLgWEaX5/uX9598Moza9l66Mxkr+MHH7ZLDX4y
0tJ3814/hFXEVAAAANAL+aFU1X6esGaJOukiQPqf+tP0qYdDRU2G+IAa0+6xsh6u69sSTrtpdeUm
v75g2T/s93GTjkH6v8HF0ScPne4pM701troydnvC9Bt/1eadZwkhL07KwfWXqXR5dWVMOMUj4OP4
kVgeJ3fVUvr0+/aXHTEVAAAA9MtpNwV8nMoTPMoDrUK0egrf4TNuz082WjfMEBGlDzNVS96m+s5M
0geN+0sh0ti9J45lth46hZvKEELWQ+NOx4dZu06HKXzPwT/yg5+3HP/syrvA+n0cISRfrK5/8Tr8
OCua4rG6clP0s/IFteX0fXKS14SYCgAAAN2nlL6WAjb1b3S7hjwzFkJIcHGEfqH0+rJfi+i8g9iO
MrA6f8tCBjrU5nVgTFX0YC81r+j3XVpRWerpT25rn5rBW10Z2/rqfG7W4v/2blr8sHj3QSay94b+
7//6R/n/+V/m6n1ZkZ65g1CXVi7qBQAAAGiAUieMYxn1oVRCyNysxT3loHVNcoVzYU1OKfUdKXTe
TVc68h4bChPpsZ0869L8J6sUz3qsMbWMt6s3o3ReropMtsIPqNqsTPCTkc3ts7XQOCFkP5YnhOSL
1cjeRfR5IfjJSCJZ+uM/LWh/cSHh9UpL0u4x2JAGAAAAdEHaj1zyD69+W8WkpkSytP7F62YOQM+9
QPUJnD28y6h+NrPViZo79Bh0uXWTmgnznhnL6spN0XRfFal0eXf/cnVljB99vfvg1YuT8lpofDd6
2fD+qNKNZ/pq6yApTPoFAAAAnaJDqVpq+eYK1fDjbDM/S9RHrNnrbe0a0ZpE3dMmdxMxUGe3xyaj
No8vtKNSbkflCSByd2Vs8/6E9oxKCHFPmX3zbHD9JV/Rl64+3dw+++u/ynFsi+NV336OiKkAAACg
R067KXVyFVx/mSvU7qJtbp/li++rknAsI9znUAt+1KKugNrJvqNw7mt/9llBlmwcFZ7GOFvUCTeP
0c67wC4HbOEvsxvbZ7lClV+b+t/9T+c/9NxQ+UaGIaxF030l6Z0p0rtz+2Vh0i8AAAB0n1L3y+/j
1kPj6t8bPyiGv3w/lMqxDD82Eo3lc4Xqk53zeg9G2COUBgDhczpGaWWaaEKglvWryC39oA8/ay0R
zjvPBnxcrljd+uqcv7F1d2Vs2T/cwE/c2D7bj+WddhMh5Dd+ndv5Xy7eXr0jhJhNA+VKIy1f8/Pq
qxWqKKEEAAAAOsWxzGeLHzZNTaXLNuuAcH8IQkiuUN3YPqNfT7vMm/cn+AVjAR+XyVbqjalKYa+7
K8Rq/kTpYfdPdxak+ufTryuQr66M0QuId57d2jmnFY8izy5886zowqLx1VLpK7oY9Z/9/hv+8cYy
qhb987ESTPoFAAAA3VoO2JwOE12bmkqXI3tvpF1JfrqvKKNSscP6ZvSJwp5wMrDoQT1QGtpVmhiM
CcPQq7QMpfp9nLBC73poPPxjh9/H5YvVBw2tbLdZmYf3HC1fjAoUmhUAAAD0yGk3LfmHCSE/3bug
FZKWJBPz4gfF+GGREOKdZ6UZlRDyNFrfjoWyGVX4BB3GPNGEXh0eIUB3Oe0mz4xFODWD8i6w66Hx
rfCkzcrwO53W98oOU/ieoxXHSEifLT2tCWtTAQAAoMtkO2fBxRG3ayhxXLJZB2IHRZuV2bw/IXxC
rlANrr/MF6tK61eFa1addlPmtHbFYF7fbuwBYCwax1FrLnFPJEtzs5bGjmF3/7KBNfAi9JqDiwwP
o6kAAACgR7vR3KvTytP9y9hB8cVJObg4KnoCne6r0gFNHJfoF9Muc+COta6fjowKoH8ahx/3Y/lc
oar+nIYzKiFk2T9MK/02AxlVBDEVAAAA9MhmZeiU3RcnZc+MRdSJjMby8cPiWmhcZZAklb4ihHAs
s7pyc1cw+zcomfunRYc3SgUAFeq/j9L1ok/3L9t6PJ8tjmjZBEt2GXkzeyD3MMRUAAAA6Calnlmu
UOWn6YqGUjPZytZX52uh8YDyCEauUD06LhFCVj8de7p/yW8+sRYadzpMnhlLA4VPMNYB0HU1bxgt
+Yef/uT22sc3sKLPCxpfP5Uup9JlpX+lFd2kYofFSYep5lVFacgUSVUKMRUAAAD0iA+W0qHUrZ3z
8D2HMKNK+460tNKSf9hpN8W/rfdLk21Aw0I1KWE/El1JgM7T8qvnnWdXV8YIIQEfJyy6ljmtRGN5
LT/FPWWO7L1RmiScOC4lkiXp40fJUvyw6F1ga76+MKnqs4S4TiCmAgAAQJep989EkTKRLAUXR4XB
ld83VSh+UJx2mVdXxja3zwghHMsIR18fPM7yMVgj2kXmu5VIqgCdpPE3ziO4MqyujAkn4u5GZeb9
ymZOz6xlU+6qQghxu4Y2t8+kIdY9ZSaE7MfyWqZpqIypIqzyEFMBAACgm9S7ZcKtDqm5WQvtEVIb
22eTjkHRc3KFaiJZ2rw/Edl7kzmtcCyzeX+Cz6iRvTcvThQn9QGA3shmVI5lgosjwcURPhku+YdF
CwGE+5q+OClvSerxRuWqKwV8XCJZkj6ZEOKeMmdOK5G9C9HjfNzVeP8L97lqEu+RDQAAANBhKj02
6VaHQhvbZ0fJ0vrGLdHj8cNi+J4jX6hG9i5oRuWTbSZbSaXLa6Hx6PP80bHMQIpGGPTQvxYmAXzc
XaS0YdWSf5hulbzkH06ly7Klep0O03ponN+Y6un+pXeeFT4z4OPCj7Oiza5sViZwh3u6f+meMksX
wHtmLNLXqUl4CiGjaoHRVAAAAOgmlR6bdChVaGP7bD+WX5NbZUp7kBvbZ6KMSghxOkzhe465GQsy
ak/i52Yjo/YG6ec47TJvhSeDi6M0oxJCbFZGJTF6F1jhbjGiKbv0GyN7b0Tftey3EUK2vjqXllOi
F6WtnW+ED6pUXZK+EUzu1QKjqQAAAKBTKkOpNKMu+Ydlu6c2KxON5VPpsiij8jQWU5El7V/SDij6
ne1WM3m2/CPAZ6o3nhlL+J6DD6gara6MpdJXNiuTK1RfnJQ3t8/C9xz8vy77h8NfZt2uIWEBJKfD
5Pdx+7F8+HF266FT+hNfnJQje2/4IuROx+CLk/qWu+PsUofRVAAAAOiaxoZSaUalK9Nkn5ArVCPP
LpQyaq5Q5bdRddpr7yEhpJRRoYWEI6J1jY62dgQVKaLrRB/otMvcQEYlhNiszHrInsleb96fmHaZ
44fF+EGR/1fvAuu0mza2z0QFw+l038xpJfw4K32cEBLZu0gkS5lsBcvd2wExFQAAAPRIaSiVZlRC
yHpoXKnDGj8sbj10ymZUQgi/jWpwcWQpYNNe8lcloyLSNK/lk3Ubg4CqT3QCfwMZlXJPmYOfjBwl
SzSpbnw89Tf4yUi+WH3wcRydm7V4ZiyEkKPjj8opCS8s61+8Dn7+UlpRSYieTjip6oWYCgAAAN2h
EkicdpPsUCqfUb3zrMoWhQEfp9KdjT4veGYsW+HJJf9w5Jla/1KFMFChA9okPaRTgoCqM6JTYjlg
azijvn9BH+eeMtuszOb9iblZi3CMNODjnHaTtBRw4M77gdOn+5fRWD5+UNzYPlv+8dfNHAZohJgK
AAAAXaAeSzKnla2d81yhKixMwmdUjmVWV8bUXz9XqO7uy2yTGI3lOetA+J7DPWXmh1W1HzM9bFE1
FO2vAFJdD6g0neJz1Lkl/3DzL0JvftmsTPiew+kwCS8R9LbX0/1L4XxgGl/p15vbZ+Evs/v1L2tX
2iUV1CGmAgAAQJfJ9uGe7l8u//jr1fCrtUevc4Uqn1EJIcFPRlQqABNCUuny2qPXczM3pP8UPyjS
qYOZ7IfNDzmW8fs4jf1gZNRW0cMgKj5BQ5h2mZscSpVaD41nstf8jbBU+oouUxctUl0K2Op6Wdkz
quvnuREhpgIAAECn1ZX0jo5Lqw8yfEaddpmXFfJkrlClg6ir4VefLY7Krk1d+3ZF68b2GSGE1mGK
bNxaD42n0ld1vQsknGag4w7atTyjUqsrYzbr+/PQPTVE51aIFqkGfFxdVdYIrgwtgg1pAAAAoKMa
GI3MnH4Y3FgP2WWfkytU6WKzo+NScHFEaeUq7e/GD4qpdPnuyhi/inVj+6yunVTRE21GuzOq8NOR
/ix8doaTyV636ZX5eRkBH/f02znAdJEqXVlgszKBOx/+qSY6xTeaecfvU8WvFMCJVxfEVAAAAOiO
Bjptfh/Hj5HmClV+jCVXqK49ek33hPDOs/xmhlQqXbZZB/j+aK5Q/eneG+F2Nbv7l3UtOUN3s2Ed
GEQVfTr4sHpA5rSyu3+pXhqtSe4ps9Nu4u+IPd2/nJux0Ltdoo1qapImVYLpA/XDpF8AAADonJrV
cdVDxX4sH43lCSGpdDm4/pJ2H4UZddplXguNC78lV6hubJ8K17Km0mVhRo3G8k8+Lu8JLSHql2tf
ier3cVvhycgXt+qdbAk9jC44b+uPEE3B2Ng+29o5X3v0On5YVPoWolCCSxhQ+ae19GB738C7d2gy
AAAA6BBp7034ONE28sCxjM3KZE4rnhlL+J6Dz6h0Z0U+f6bS5VyhGj8sptJXwcXRuVmL9KVo35eu
SeNYRkvhX3Q3tWhm7GjaZfYtsOp7USrBp9NLhGeR027KFareBXb94/tQLZRKl1fDr+r9LtmAKvtP
UBdM+gUAAIAOUcqoPI2z4/LFKs2TR8cl4R6Gq5+OCefxRp/nP1scVVlUlslW+Iw67TK7p4ZqTv3l
D77me+lnTc5vfHFSpvcd6oLPoseIziI6HXc/lndPKRZRa5J7yqzxXpUK4UUM61GbgZgKAAAAndDu
pVlL/uGAjyOE5ArVze2z+GEx/GMHLedLCJGt+hs7LPIZdT1k1zKQIjtUgsjaxXV3/dzs/enJzvmk
3aRUI61J3gW2gZ1RpXBaNg+TfgEAAKAT1LMcP+wgnP2rPfx4Ziyb9ycIIYlkKfw4my9Wp11mQgg/
KMexjHeB/WxxhLMytAoLP92XY5knD52NVfqtudS2H/CNYBocqFy3qx36uYX7UM1p/8Lp/cJqaiIq
/yQrflAMf5mt+TTR1QknZzsgpgIAAIAeac+oHMtENm4dJUuxw6L6SIjfx2WyleDiaDSWjx+8H0oN
Lo7kCu+0bzhB0En9VvODqAMDRL0r2rdtC+pnl9Nu2rz/HafDlEiWtna++WxxVHZ8dWvnPCAoD64k
k60kjktu11Dq5Grz2ykYUkrFe3GWtgNiKgAAAHzQptmbDXTj6oqphBAtK8qGOYYQcpn/8Mxpl3k5
MKzSMZVCRqU6v7UM9BUtJ9iSf9hmHYjsXXhmLISQ9dA4X9M7kSy5p8zxw+LWV+fCoVcp7SOoSgeJ
E7UdEFMBAADgvbYGj3p7cp1Z7nhzhPnmotpk3ZT+6aTWde+grvrJIv3TpKCk3iuAZ8aSSpeDn4zQ
AkuZbGXt0V8sBWxPds6ddtPWQ6fS7N/w46z6ljM8pRLlOF3bATEVAAAACOlgFRwtXbrmD4a1DJTK
78ymgdJVjR/nnWcTyVLDMbVPeqh1rROm2/+k0uX4YWE3mqurbfukPaGmei8CHMs4HYMvTsp0nyqb
ldndv+S3RJ52mTfvT0iTaq5QDT/Oal+XjvOzYxBTAQAA+loXa7QS1YpKzb/4kGngqlKjnxNcHEml
yxrHUqT6pM+q8ePgWGb10zFabzmVLm/tfKPS+++TpoOGNXAREI7hr4fGvQvs3Qev+Dpq0y7zk4eT
/JNzherT/Uv12yiyhdxw6nYGYioAAEA/6m46FRF1+3R1bCr6pLdas+YqXfXnXWADPs5mZWjvP7J3
ofQtfdJu0LwmLwV+HxfwcetfvBY+sh4azxWq8cPibvRSfXtepW2ccQJ3BmIqAABAf9FzCFTqF+pQ
P3RVa34Qon1BCCHRWH7rq3Ol4al+aDRoh4avCU67ibMOCOOo027KnFZqfqPwXEVS7QrEVAAAgH5h
iPinpK5tVNUNDpLr66aOpCWHoU9axk7pVN5pl3k9ZOczqvos395uNOiAzly++Dtl6lM8cD53gKnb
BwAAAABtZ+iASprOqBbLQKn0oVuJjKpEvZG98+xaaJxu3iMqSBPZe4NZvtAZLbxjJXxNlf8V/VCc
z52BmAoAANDLeiCgNv8iwozajN7unqqcKnxBGkJIIlniK6kSQlLp8sb2qdIav95uMegWaVJtZr2A
xrOU/6HSsVbdEh2qsbbPQUwFAADoTUYPqFS738XAAMH6J3XCUBo/KHoX2PXQOPm2UCoGUaEzpAOe
SktG67po9PxZKkyq7RiIbh+sTQUAAOhBBuqLGEgP92iVTpi7K2PL/mH+fzPZitNhIoTED4pbO+dK
pWh6uKFAV5Qm4rYvqRpu6m8DA6o6GS5GTAUAAOgpCKh1YRhSVdw08SN66Le1ifSc8c6znJUJ+Li5
WYvonxLJUmTvDUolgU4o5S718rzNlEQy1tRZ0dFqjKnk46HprrxZxFQAAIDegYwqS9RFa/JFeoy0
TejektJnRmP56PO8UkAlvdtEoHOyUUp4Yrf8zNTJeKMWouFfjaPBfJMKv+jwW0ZMBQAA6AUIqEKy
4wDIqDy+x6klo0b23qTS5USypLQbKum59gHDkQ1RbU2qOqSUJOsdUBW1m7QZOzPzGTEVAADA8Po2
o6qUURFpsol6qY+r0hSyGVWlSBLVS40DPcZwS0mbUXP+s8aQSeOuxmtm+xoWlX4BAACMrW8zKqm1
/Ez0eMMN1UsdXJVGCC6OBBdHhY/kClX1jNpLLQMARE9/UJhuHwAAAAA0Tj9diq6LZt6pDA6goYjq
2bIWGhdlVELI0/1LpeertDaAfuAsFRJdAdSvil1vOsRUAAAAo0L04qn3qJrpb3W9r9Yq6hk14OOE
jySSpeD6S+lQKk2nPdMmAIZQ16W+Zoljo/z+IqYCAAAYEjKqkEprNDCUapRunHZKLcCxTPjHDmFG
zRWqWzvn61+8VtoTFcBYlKqFGYuW42/gwqXnmSaIqQAAAMaj245FF8m2SQMNJVzF2ht5VSWjbt6f
8C6w/COpdHn1QUZprm9vtAaA4dSbtNWfqX5TT/pzuwUxFQAAwGCQUZUozXbTPk+1x5KYylCJZ8YS
2bjlnjLzj+zuX66GX8kOomKiLxhaz5zAbaoDp/SyWn5c+/4eYUMaAAAAI+liRvX7uEnHYM2nxQ6K
L07KHTgeJQ3vsqB9X0FDUHqna6HxuRmL0/Fhu4dcobq5fRY/LMo+3+jtANAbtMzyUNryVEup83qf
r0UzVw9sSAMAAGAYnc+oHMu4p8xzs5aAjxMGGxXBxdFcoZpKl4+O3yaSpaPjUrsPUkSpRojGjNob
VDKqqFpSKl3e2D6VvbPQY20C0Lfq/dvR9YxKMJoKAABgFB3LqE67ybvAeufZuVlLS14wflCMHRbj
B8V8sdqSF9RCZY97/glKoxNGH03VmFHp3YTw46zs52Lctw/QM0Q33USDpdLndH1JSAuvGxhNBQAA
MIDOdD78Ps43zwpr6rSEd4H1LrAk9D6v7sfyrX19LVRKg/RJRg0ujvAZVWUElRj5vXeGgbb0AIMS
Jc+a55t+zskWHgliKgAAQL/jWCZwh1v22zRO620YzaurK2PRWP5pNNfWLU9ke0vSeb866du1ilJG
9fu44OIo/Tp+UNzYPlMa2e6xBmmhro9TQV+RTarCK5h+oqlIqw4Mk34BAAD0rq394+DiyJJ/2Gbt
QvH/aCwfeXbR1rDaYyOl6lQy6nponH4djeU3t8+UXqFXW6YZsuWj6/qVRKtCA5RuqKksXtCV5k97
xFQAAABda18XxDvPrq6MtXsEtabd/cvIs4s2LVvtn4SgJaMSQgK/c6LyIv3TXDV1uOuPlgcRpe21
ZP9Jh/o9pmoprNyZIwEAAGiHNnVHnHbTWmi8gQpJtOgOIeTo+K34NR0mp91kszLCrTi1v2xk7+Lp
/mW936hFP3QGNGbUVLq8Gn6l9CL90FA16TkA4APqK0aPqaRPKv226cPAbzsAAOhcO/4C+n3c6sqY
xlm+uUL1KFlKHJdS6SvtW8s47Sb3lNkza5mbuaE9tSaSpc3ts3bMAe7tv/hKJ8m0y/zk4ST/v7lC
de3Ra2w8I2SU7r66vv34epvsydnyKb7TLnP7trnu2ZiqhwsHfu0BAKCLWv6nkGOZ1U/HRNtmysoV
qvHDYvygGD8sNvlD6fY2AR+nJa/mCtXN7bPmf6hIr/5BVzlDpl3mzfsT/M0IZFQhPXQy26oPP9Oe
1Py66JqmXeZJh0n2kmu9wRTeNrsWo5lTUV8x1dBXDVwRAACgtVr7Z5Fjmc37EzWzYiZb+eneRTv2
OJ12mZcDw1pC8u7+5ZOd89b+9N77M61yenAsE9m4RTNqrlB9un8ZfV6QHabuvWZR0cwvlNNuUhnn
51hmbtbimbW4XUOpk6t8Qfy78yp7ncl+9O3a5yY0qa8+4p7R7rJ5u9Ecf4Xf+HxCdvPkJf/wH/5R
vlhq/A9Bj4ymGjqgGgWuUwAABtLyW+bCsTVZNKC2e1NTjmWWAzZ+cxQl6gVpG9BjfwTVMyp/P2Jj
+0zlA+2xNlHR8G8TnQvA79XEr80Wck+ZmyyUnUqXc4UqISRfqKZOrgghucK7VPqKEJLJXrd2Gnz/
fOiGoLR3S5uSEd17bHVlLH5QDH+ZpQ+uhcYz2Upk74IQ4pmx0BsoTrvJ6RhcXbmpsppdCwOPpiKd
9jlcKwEAlLTwT2TNjNrWCkaynHbT6sqYd4FVeU4qXV579LqFg7o980dH/dwI/9hBG7af957hdx7S
8nvkmbEQwfAm7aC7p4Y0zlTvjESyRAihQ7U01qbS5eZ/O3r7NNA/lS1G21c/b+uh02Zl+Ekr3nk2
fM/xu7/36t99Xb67MhZ5duF0DL44KW+FJ91T5mgsn0qXG/7rYMiYioAK7YNrLgAYXSczavyguLF9
1qb9YNR559m10LjKsbU2qfbGXwf1c2MtNE6nVWeyleDnL5We1htNIVXXL453nvUusN55lj8DE8lS
6uQq4OO6so1wYxLJEh2DTaXLr7KVJsvh9OqJoRP8+UnbWfS/Sk9umNJM9eDiCJ3PEn6cpatSg4sj
npkb61+8npu94ZkZSiRLgTscIYReTLZ2zvslpiKggrHgkg0Andeqv5U1M2oz/Y+W4FgmfM+hsjWO
cHJa83rgkq5ybvDbzySSpa2db5QSSw80gkiT6bSX0OJniWTpKFlqZrZw750kXUcHTpXq9wqfw3+t
5WWDiyOxgyL9ZedYRnhTby00vvXVOX2EYxnvAssvAYh8ccvpMOUK1eD6S/oE7zz7+uz6xcnVxucT
f/jH+fXQeK5QtVkZ9V2sajJMTEVAhT6BizsANKNVfy7VayaplH7tvLsrY8v+YaV/beE6VaNfn2XP
De88+ypbsVmZzfsTREMBKqM3Aq/e3xS/j/tscYSuMu0HdDep1MlVIllqeIZwz5wtXadyukqjqZb5
6lvhyfhhIbg4yqfN3S9vC6/qwcURzsrwV4Ot8OTu/iVNqnSiLyEkV6iuPsjQOxp09NXKMv/47zt+
8Xvvbx2qr2/XouFTqHMxFRkV+hmu8gCgXav+Ym58PqE0SplKl8OPs+3YobRh/EigrOa7SjzjXpBl
Tww+4dOhD+HwiCzjvn1eA78g0y7zesiun4WmXZHJVlLpcmOptQdOm65rYRTiWGY9NC5c2x/Ze5NK
l8P3HML7j3Ry790Hr+j/LvmHV1fG+NtY/B8I6doKvlR4zeuJFrqOqQioACK43AOAklb90eRXH0m1
ZMHn6E1udOyjrWUyL78pvW1qbFYlqbZw7Ne4V2DRuSFbhqq3S/tq+e3gWIbGUafDNOkYzBXeZbIV
9SXQfSuRLGVOKzS+JpKlmtcEo58/3dXamPr0J7eFj9CSWjR28ldL+lcglS5vbJ/mC+8ypxW6dp3O
T5l2mZ88nKTfLp2xMu0yP/wvHT99plb73TI0ULqSPyVE48ONnTltj6nIqAAqcMUHAJGW/N30zFjo
/E+pTLZy90GmgYw6cWvse9+/PXFrzHnr5siYVelpJz/7izff5NM/e/3n//rrBlKrSlJtcomUkLGu
vbKnhNNuimzcEj2YSJbWv3it9DrGetdCGn8pvPNswMepl48GFfGDYjSWpzV1VBj3ROqilgcilcky
5Nuk6ltg6c3KyN4bWiGJfFtl7Xf+4ct//+rDbJroP3VJ6xTYxwZPz69Fr6wSTUWaP0/aGFMRUAG0
w0UfAEjr/nTS8hjSxxsYkxy9yf2y93vf+/5tlWiq5ORnf/H/HPys3ryqMg7cqoJPBrrkKp0SfEVf
nvr0PAO9ZSEtvxG9XRKp8zLZSjSWjz4v1FwUYNCTqiuav7ZzLBP8ZIRfaEpn8Ko8P1eoPt2/FF5L
t3bOo8/zhJDN+xOJ47f8S9Gbg60tVkc1eYa0axE5MipAXZqZFAEAIBRULhKzuX2mPaNOfXfizo9+
4Prudxo+Etd3v+P67nd+9JvlP43/+f8Z+3ONYTWyd+F2DcmOiQUXR6LP813ZO6crlHpTHMt458Xt
E36c7aWMWrMniXTaJk6HKbg4GlwcjR8UY4dFlTmf6Lq0iWfGMjdrSaXLopHtgI/LF6qRvQtCSCL5
Vv1FbFZGdL8vuDiSSl8dHZfWHr3mJ638lTmWft2OaQgqu8Jq0ZbRVGRUgGbgig/Qt1qyUR7dul36
T5G9N7R/U5Plhvmv/+b8X174uSYPRqj0tvzPf/9P/u2//lrLkzmWefLQKRu2W1X11xBXWqXzQTrg
rFLd1xDvVErpvTvtpsAda8DH9U/B3u6ig3K70Zz67SGDnmZt1fD1nJ8OI1pqvhYa986z/KQJpVkz
shLJ0qRj8FX2OhrL78fyHMsQQujrbIUn6XJufhvVhskWKG743Gj9/SdkVIAmBZwD+D0C6EMt+cUP
fjIim1FT6bLGjDr13YnV9f+stRmVEGK5YV7+277l3/ZZbtSutpovVjcUsmjAxzntfZFPVIZSlz7e
vCeTrajvQNMbpl3mtdB4ZONWcHEUGbVj6KBcZOPW3ZUxlV899Fso2oVruCPHscxaaJw/vddD437B
3P7IswublVn99P1c38RxSf3VcoUPdxbcU+YHj7Nzs5bPFkcIIflilb/vsLXzDf1COqA6ZK77XUhD
acPnRotjKs5RgFZBWAWAejntJtF6Rd7G9qmWV/hl7/dW/s6va0mSjfn5X7j9O/f+k4lbakuqqKPj
0q7CMtTgJyOtPi4jWZcUrf2p8g0Io4xxCTv3Sn/+PlscVTq9od1sVmbZPxzZuLUWGlcKq33eb2ny
7ft93O6Xt5/+5LboJBcm1cxpJX5QDPi4aZeZEBI/qDHyGdm7SKXfL7WwWRn31NDWzrnTYfLMfFR7
6ei4FD8oxg+Kmax4NfJVWeYCUvOqwj8hmnnXzCWolTG1n09NgDbp84s+ANRFKb9FY3ktS1J/87d+
+KPf/KVWH5TYyJj107/z17Qk1cizC+FoAC/g4+iMtR6mUjlJOuKRl2slYoSMqn3cSfaNQ+cFfBzC
qkgDb1m6vNynvMp6PTS+9u1SUnrzbnXlJiEkkawxmhrwcWuPXvNJ1TfPPt2/jMbyyx9PxyCEbO2c
b2yfaZxxQ77Nn6IrjNIFp/uTfvvtjAToJPx+AUBNHMvIjjXlCtWtr2rPCP1RqxejqrDcMGtJqvli
Vamub+BOs6NqxrquemYsfh8X+eKW9COOKle40TmNH8G0y7wVnsQ4qq4grPIaeJueGUtk41b4nkM4
ez+muig04OPomOrRcYnuj+qdZ/PFKh9BZbmnzN4FlibVXKHqXWA5ltn66tzpMIk+uMxppbHSdCrR
VC8b0vTJiQjQdfq/NQ4AjWn+L6nS/gRaKif94sLP/cZv/bDJA6hX6W15a+MPapb/3f3ytnSQIZOt
BD9/2eQB6POKKj0TlHboqbm9kD7fIE/LOa+yOxHoxO7+ZeTZRS9VmdZOpdCXd4Gdm7G4p8y5wruN
7VP+91RY5U50HZO91vH433e6fwz93pq/IPRpdDObo2RpkCF//H8Vp13mv/pD6z/7/TcNvGXZD5Rv
h9Z+3C0YTUVGBegY/LoBgBKl4abdaE79GydujXU+oxJCLDfMv/Xbd2o+TXZA1ekw0dVZvURpAErp
kw0/zho3o9bkmbFEvriFjKp/dM3qkmQeKdXDw6qy78szY9n4fCKycWt1Zcy7wDodJveUefP+RHBx
xDvP+n3c6soYn0WdDpNw6q96lV2blVkP2TmW2Y/lM9mK02EKLo7Eai1PpU/LF6uRZxeEkD/9f0uE
kBcn5cM/q7GfTV3adLVptk5aF888uvzXPTVks8ocQ67wLpW+IoSk0uX+2WAN+gG2KQMAqWmXme4o
IBKN1d5l9De7kVEp13e/88ve7/1p/M9VnrMbzclmlcAdrpfK2yp1qJb8w7JVbTe2z46U63zq/2+E
SgfSM2MJLo7OzVqUngB6Y7Myqytjy36b0mnZ5P6ZhsCxzLrCCmrpFqa8gI/j0+lu9FJ9crt7yrz6
6djm9lk0lg8uji75h3ejuVyhqr51MH1avlhNJEvF0vs/B/+36rrWQYZcNxSeWvtBNxVTO5xR6V63
npkbk47BeguR5wrvZ28fHb8lCLFgfP1wxQcA7eZmb8g+Hn1eY+HinR/9QEs1o/a586Mf/Nt/8/Wb
bxSPM1+sRmN5ae9tbkb+LWun/wup0ow+uvNh54+nJVQ22vEusAEfh4BqUE6HafP+RCJZ2tw+y5yK
a8b20k126TnstJvC9xyy9wrVeRdYp91Em+vFSZkOk6r9aB8XPyjuRnNL/mGblQl+MhI/LKqHW/q0
Jzvn2iNPAxlVdsfUJjUeUzuTUek1yzfPNlnezWZl6FVP6drHF8uiOVb4CKIs6JP+O1gAoFHzf1JF
RSOpTLaiMuBGCLHcMP+y93tN/ugmWW6Y7/zHP/jnv/8nKs+hezCIHnRPmTmW6Y0/0NITwDNjWfYP
y3Z+aAxQeTU9/2mQPdWddhOdIdn544GWm5u1RDZuRfbe0BE80b/2atelsYxKLQVs/MSQ3f2cbIkB
obXQ+OqDDE2ny/7hyF7tJabL/uGn0Zz03gEhZMTGXORacxVteVLV7+bIKhfoduDjK/9FcFH8nEy2
8ip7Tb9OnVzx9d9fZa+FGw2p9wkAWqhXL/cAUBeOZWRvwqqXjiSE/Ee+77Vvi1Tt/vLCzz3/l3+m
MqCqtGRrbtaivprLoJSqYVFGzKjqU3zD9xzqsxbBcIKLowEfJzsHuJeGVSm/j2s4oxJCAr4P6xfi
B8WaMdVmZQJ3rJFnF/Tmncb126srY+Evs9LH68qo2ndMbYkGY2pbh1L9Pu6zxZF6p/V2gNNh4o9K
+4wUYbj98OBpRbqFblvRUtQNfGOuUNWy2x50C5IqACj1kGpu/t71oVTeLy783PP//c9UnhA/KErv
XLunzD0QU6V9KpWuaiJZkh0S0TOVTiMK+fYwOgdYqQ5wL/VepNuQ1sVmZfw+LpW+ymSvM6eVRLIk
TBnxg6J7yiyKRU6HKXNakb0qRvbe0PnAose9C6xnxtLkWFqHP7VGomD7MqpnxrIeGtdhQG2GMNwK
9NS6C9kozuPnUYuIRqF5mGVdr1661gNAA5TunKr3SH7++7f1MJRK/eLCd9VjauK4JO2QeWZuEKJ1
P3oD4eRqQ1JKG8lSevtboNJjbHgtHxjLsn/YN8/29rBq86dxwMdFspXPQqPhL7PRWF54SXc6TNKZ
wG7XEMcyOYXesuxq1d39S6fDRAw15bPuQNimjIplCYamEMXfa0ktBNkkLJx6zUtIapf1w4AwkipA
P3O7hqQPSi+GIt/7hdvtOZxGjIxZJ26NvX6pWLmXFj4U6cmQQzdFlD6eK1TDj7Oytx7okjBd/RVQ
7y4u+YeDiyOY6Nsn6LCq0gbOejt160V3HmnS3Kxla6fqXWC982z8oJhb+VC81z1ljj7Ki2PqlDlf
rCpNzJRdzB8/KGay134fZ6Dqa7oYtxRtIqQRncUqDSpOh8lpN9msTE/+9epbsklYNgBLFxXLknbg
pDOx+YrQQrod7DX6hR4AGiZ7o1BpJgvv57+vo5hKCPne92+rxFTZeNYDOUcU57zzrGxGTaXL4cdZ
2em+9Mqvn+u/ekB12k1roXHU8u1DwcVR77xV9jQ2RAdG5SBlJ9/W/fp3OELIWmg8uP5SNBzqdAxK
q51Pu8x8vV/x8RwWpbvU0BnFNquRRgTri6ktH0rlWGb10zH1MspC8YNi4riUSl9pnFrttJucjkEa
WTkrQ+83u6fMPfCHDZok9zeykb+a/DAvvWNC7550q4yWIS70ANBysrdlVdZiEEImbo3pZ8YvNfXd
CULU5v3KbtXQ/GqrLpJ2q5bkFrml0uW1R69l75Dq6ppfs5cYXByR7VUbSK5QjR8WaSzR3n0Fyj1l
3nrojOxdSOeuG6IDIztLOZUu7+5fSpeP1osucLVZmfXQ+O7+RxuoTjpM0i1VJx2mFyflp/uXsqu7
RUE3lS7TuwM1CxboSjdHU7UvS0gkS9FYPn5QrHcUK3Naef+pSEoscOz74Vb31JDNOkDoPG8rQwhp
YF9W6Fv8MK8o96bS5dTJVSJZOupsuQtDXOgBoAPUC/U5u7pXqqzRmzU6/a+y1y3/69zFa6bs1ovS
W6i5QrUHMqpuq2NqxKfT+GGRY5n10Lh09IzGFXozZdIxyD/Ody95/Tzjz2ZlVlfG5mYsG9tnorNa
50tV+d1WRKd6vljNZK+jsXyrioF5F9hoLC+8K0drxYlKK9EHo88Lop9LZwuK5v1Gv53oW2+PlH4c
wrfcyWtmHdeL1g6lTrvMm/cnat5Ri8byu9HLdiwszBffD3mp34UVzjjnA+23/yTeWByTWIDnnjK7
p8z0GpHJVmKHxejzfGeWyCKpAvQVpZVRqbTaBadmJuy8kTGr+hOkxQgInfBswNFU2T5V8JMR6YPh
x1lDZ1SjV8eMHxRjh0XhSMncrCV1ckUn98mvA6rzhJx2mW1WRjT1r7e7lN4F9smU88HjrLRfpOc+
jNK+oJnTym4018Ka1Wuh8WgszxcQpqeEqLQSfTBzWhHNB85kr4lk3m8iWWMNiBL6cfCfCB/UO/MZ
deeqoSWj0t2ru151XRhiJYFWa3VBjaurW35Jkt7AU9fPt/fayukwLfuHl/3DmWwlGsvLbngNANBa
6teZqe9OdOxItKtRRenkSjqEJRy2MrRpl1nY11QpmEQMklE9M5bg4qhB45Y0nX74p8Nia7dB4qOa
8GU5llkO2JwOk3eeNfQ0aSW0rtLWzrm0oo+ek6qSfLG6tXNec8tTjWxWhr8a8Dcc92N5YSkf/tYP
v4Hqt48P8jNJ6eMaK4lKB05ln9PJpKo1prZwKLVmRs1kK1s75z2wExpP47IZ/a+uUc/bNVMurW6l
9K/9MNfa6TAFF0eDi6PRWD7y7KJ9d2GMeIkHALhxQ6Zkce+R7VOtrtzkv6YTfQ1Ro172vRixTtK3
pSXeJpIlPfTH8sUqrYtL86rR1/TKouswJx2D0grAuu3GKA2oEkKe7l8u+22t6soKK/3ufruUV7gS
le9y0wFV7zxLA23m26oEu9FLG8vkitXo8zpK+6q8Qf4JpJ27kwppaspOZtT4QVE6Wx10ouaFu003
F/iFxCJKwVg6H1tvGTjg4wI+TmnP69b8CL1e4gEA+plsn8ozYxGGusjehUpG1c+1XXZ5bfCTEZ3X
Fkqly4njt5nsdSp9pf8t62hejexd+H2cb57tvb0bg4ujbteQ7FJV/ZzqQipBbnc/146dlvZjeY5l
8sWqaCUqX0Bu66vzra/ORQ344qQc/jLbwI8TvkGlj6AHJ/1yLLMesqt8eBvbZwbazAc6hl9ILKUQ
jGvPx6ZLQfj/FSVe0cBvm24JL/uHAz5OtuQdAAD0D+EmNIlkyRB/FKQ9de88G77n6MrBaJHJVnb3
c9Hn+Y6NhSh15Rsb/tmP5WknmXZg5mYtbtdQ8wVm9cC7wG46Jja2T0W3DAyXVJ/uX+YKVfrr3JJd
anj0pBWtROVX5jd8SgvfiA5bu6Nn9npoXGlSqIHmt0BvkJ5sGoeChflWWFWLDuHWO2xLS95551ml
IhnN0OEVBwCgn8l2bdc+rjC0uX3WwSNqkPSNTLvMa3I7vupBIlmK7L1p01TeBrKoyp9mLQmWdmD4
t0NnnNHU6pm1GHRusHvKvHl/QpoFag7rdYtSUt2P5QM+Ll+ohr/M7n55W/bjkG5qWsfPff4hprZk
Zb7sG6k59bczavenW3WUwcURpZsKyKhgIMIT9eO/eR+GcD0zFvfU0NyMReMfjLlZS2Tj1ub2Wctn
TSOpAgDoFscyTx46hRk1flCULVvA9xr1eUl32k1atm/ovFyhKlukp0laPoXGPinRd2nphNMZZ3yH
ZNplnpu9ob0Hoh82K/Pk4aTSzEo9n/8i/MBD/LBIR7z/f/bePqiN89z/vqMgC7G8yIAlM44UQIMh
xgbDuJ6xxEycOOKk4cyAcacZJ6aJS3JqnhOP2xriv06N0z9+Y0Pa+En6w21KkxYfe9r5BZuZk9Mc
FOdlHqQ8k3YgYDsFZwSOiB8sWYB4EUIWUZ8/bnsjr3bvXe2bdsX9mUzGSKvVarXa+/7e13V9L8oG
fQOLSZktlZq15ORzbCLi8Ubv9dQ0J1fMzyQ+FSJKE5Epmlpq1jLZNAvUqLpMraloY/wj3ik/v11h
MGIBBwyYtWWr0XNpAp6dpek8Wtg3sJBoJIDBYDAIlunatGAUSOJEsPuEkZKA45m+m/hCpU3NEz9I
59FCZSqiwfuJskL3k6KvgIddzeR0dHI6CmcgULLaavQqsrOCGbOqqAFkUndkcpzHG+0fXEpcwRkc
CiVVwkrZsufifHWFzlSY0XOB0RedI4hghhK0K4tMFev4OloLaB/np1HzNhJlj23Zum2Lscigy6TP
Ip6eugPuS1bv5B0AgG9mPrKKA7YYuYHO9T0XgvV1BKsFXEtjHrzviJgAjAOqGEx6g3ORVAFlQkXo
NZ1HC7k0gYu/gSv2Zj7oCrVZxGnFIRawY/mlwWUer1XaeaZ0reQOKVkJvcZWq7fX6FURYoX2v6ro
3ofWcrA8tf20HypV6N3V7MgJhWPxnr3JEh88F/eAlYYc0dSWxlzaGzEPjbqjtniXbauxiP1WaC7Z
RP7f/uR3j0dWo7Anm28mGFm9C+6L2NXVu4hebRiMQOAt6ZJzyWEn4tteJVJvJ6zmDe2n/VipYjAY
6VhdpYnaYWSj7TkDbYDr9v1mEomk/DbONLstNWtbGnNlPhgEg67Q4FCI3zw+5ScZTeLhcZQcoXCM
dGCCSV4Kb8cKu/cdOXlbLaZKtPhm17KzHpqcjnb3zsFlqc43A/C0Uzx7pQCtSCkdUJUpX1EyVZTD
NRVk7Hfk0D7V3TvHXaOWbdvyVENNriFL4PHoMrXxChY8KGIhMBILHtSuq+FovI7FshbDD6cr5B4O
tzTlNjP8LkCckYDy1xExGIxiIXsV0OKfCZY9tkXO48GQmAoyaCtBfIE1RK5jamvzmOaEhF6jkKpU
jzfa71xyD4dZh04mzxjJDk1C4g+b47wdJnmR8VUld7hprs9JzC9Tl1KFlVzukXDPxWDbQYOtVg89
0iievbT4AmswBc9q2ZDssgs8RZSkcYoi5dgiNYVIHk1taaLPve53LnF0i9Flag8cqiNVpQzEvxf3
UZyM01LgLmhhXFdEFoKhhXkVJPevN0Lh2LmLwcGhUEdrAVPGl+hKVV23dQwGkxSkowZGmVDmgr7Z
NdpmFX+i8yZQYIiDRAka1RdYG3SFBodWaK2nKNCWeooyOErxNSV7YElJVjK+airIqK/LqrcTCmxs
w5RfpqgpDcc45CXnktWitdXoyXZT/YNLTDLV443C9jywutjjFZT8gjhCLi1SU4i0VyTTeqHHGz13
kZNys5QYmw/ZmQpQFQUZp02Eo9ZNjOvKzGJwBSFrWfX2wnxoYX4FsQEuD45ncjraftrf9pyB6SZl
tWg7jxZ2nMGWYBgMhgXsoqQuTAUZiRp1eSXmHkYt36dwEsk0x+0+YUzh+ggMn3L02qEt7+R9SuVZ
OxAS8uUuWX2za30Di30Di7Ya/X5HjtLMlqwWbV9XEW2jGgXKKjTdvXM9nZsJvQaq7snp6Oh4hPaE
d74ZgMsusLpY+FsnpvjGPyV8/xLBKFNF+QW2NNHXKnT1znJ5+Y7a4mcO7BZ+GBiO5Bqy0GnVkmaI
+WeCTCJ2YT60EKQZhyiZ2PceVE8+digc6+6dGx2PdDD0mquu0LW35quihx4Gg1Ea6BgXzrWRjcQJ
VX0dzVDrHkFlqypNo5oKMjhaQEkB9z6oTGot2fOpkJg2v4/A0YEJJgObCjJamnJZ2xPISXaWhqml
qkIkFndD5vbTflPhw5PT937pfQML1RVG8lnosRRaiXFJDeBxkAq5jLkjYTSVKZTa71zisjCANep6
A+GMJTzlO1EDUxoXUULBcgZ+4Uowk69SvZ0YHY+I4syunBs6BoORAatFiyiuQSe/YCSFdnaECKUq
SqM67ESzI0fhAhVxxrifTIXP6XlIVi561Te71t0713Mh2Fyfvd+Ro4SqY6AGpcqRUDhGalQAwNhE
pKt3bnPhwwAAjonriXDXn+o6V0BSmUobSl1eifVdZm8LiTUqRlwSNTB36UupOib1bXwsV2AZsNMV
8njvMlX4tB00eLx3cc8JDAbDhGf6rtJS9TCQxOmjrUZPWwTI0bAjtZSatUzpP1LjC6z1XAyyniWB
AlW4NC01a+FQHv+TtJo3EAnje2glFt8md3Q8AgDwBb7loVWSLS9k1auhcKxvYLF/cFk5YjU7S9PR
WqBkd0mKXOSoHgXGIVSnPJNCKplK6DW2GhrrsEvOJdbLC2tUjKKgVB0j9C0s7vVO+W98eSvZxGPS
rzzxKXhrbuu8ndQOaVHduiMGg+FCCNemKhLaSSpT+wOyYk05JPZ6PUU3SMlAv3Op7/KidEnR/NRp
VbnOVJixufDhqvJM8KAu5Uh8iXJL43ePL6/EPN6ob3bNF1gbHY94vFGO10aydtDobFWliVVad0ll
TmxojXZF2Sft3tSY0MsFepkq/KPaamnaMS2vxPrZ+iwbiwz7GmoEvjsGkxJgca+5ZJP9ycrF4MrV
4amrwze5R1ndI+Gu3jnahWqrRdvSmNtHZwKJwWAwPMB9U1OCqSCDScxYLVp+rT4lInEq2Hm0UH4z
WNYgqhCJktR0l9BrrBZtdYXOat5gtWglPRXZWZrqCh0AOnBfvvoCax5v1DN9d3Q8wnqd8AuuosXq
4NCKEmpWrRZtR2t+51uB+AeVo1RFl4vxzWNoN0j87Ao5FaJA8xsT5fzSXseDrhDralDDgd2q8PXF
YNDkGrLsT1ban6y8Nnxz6KPrHMWq0xWyWrS0LVX3O3J41y1gMJh1SFV5JgCMa1tqsZpjBf0xUwjt
bKrtIKMLgy/wLe3jKZl0Jh78kYMGmRPLyZ4cTBvI4NNL6DXVFbqqCl11eWZqez6ZCjNMhRm2Wj1U
re7h8OhExD0cRs8KkgquojOBYc1q3+XF9tb81JYY2Gr1Rw4aKB1D0kmpJspOLjukePkKOQDlIMlS
ENNi4SW2UGrdvkqEjw4Go0a21xaXbdvyd/eNoSvXuWx/7mKQdjjMztK0NOUKd/1Np/sXBoOBLK/g
H7WyoJ1WOuxEYh8aiC+wppxVSCbbJDmPYdAV6rkQZIptSC1Qq8p1tlp9yqUpAlut3larbzto8AXW
XCPhwaEQQs+LmAnsm13rOOO31ejbW/NTmAPc7MjxeKOiuEvKAHedyfpUWmb2IpBEptLehUfHI+hb
cN5GYpdtqxTHg8GkFl2m1v5kZdljW/r/08UlrNr5ZqDnlClxAKi3E4NDIUVlhWEwGCUgsPk7RgbQ
5kMuxfgnJc6Dq8p1MtgmLa/Eei4G3cPhUDhWatYyiS5+ApXL5J7Qa2y1+uoKna2GpmxNsZgKM5od
Oc2OHF9gbdAVQmRdiShW3SPhlo6ZlqZcmRcv4kl0l1TOKjx3H6/408t6/PHfYFIvVC+S/A6ry2lC
qazmbHVPVuJ0X0waYywyHH6lnku+AOy1TftUCocEDAYjHek6yVifJM7sCb2mo7UA8ZKx8dSvP9ab
Hko88lKzltbbT1w83mj7ab/zfmmYiBqV9kPFQ+g1DjvR+Urhpd9s6WjNr7cTKtKo8ZgKM1oa8/q6
ijpfKaQ1MYUkG44b9P2T9rSHwrFzF4NHTt72eFPThgC6SxL6B74s1QUbKaeX9fgTv4v4PaTfOCL+
TxEuRyU+jmgIBgDQZWq31xaLfjAYjKLQZWoPv1K/g8Olfsm55AvQLIjaavWmAqFJEKq7j2MwGB6w
zrYXg7h1qky0NOXGp4/6AmvLcebMyyuxUQaZmtp5Z6lZy9QpTUSgRmVtupbsqWAVqFXluvbW/L6u
oo7WfKZkbDViq9V3Hi3sO1PksBMUFQdhPTOJMJ38yeloW+ftvoEFPgcqGKtFS9v8UnVAqcl6haef
CmVF/FsPbVUqa9HFjtoS0Y8Eg1EmzxzYbSkxsm7WxVCGur8+W+wjwmAwaQhrWZ2Qbs8Y7pSaqcZ4
Xb1zLR0zfQMLyyuxzjcD3b1zSmtFA+TVqOhOM1xm8PGgZRih1+x35PSdKeo+YVRv7JQVU2FGR2t+
X1dRS2Muk1hNaoeIb6FvYDFVYdVmR07VgymcylyIT9bFiveWaSZlxf9x0hemslXTcYkvYTBpQ/Mh
O2v279hEhHZ9PeV28BgMBoPhTtvBjfF/9juXxiYisMlH8yu33CNhpqqoFM44Cb1GBo0KAOi5OE/R
qJq49xQ3glpq1ra35l/6zZa2gwb5O+ukhOwsTUtj3rlTplIzzaIVD0XHJFYnp6Ptp/3oxEmJ6Dxa
qPbUX9FJmzMggUylS4hHL7HoMrXY4BezrtBlarn0XrrkXEp8MDtLgyg7wWAw65BUlYdhEqFMEKvK
dfFZZh5vlNJIgwmZNSrlsKsrdPKEGRNNAWP3RauIEdSqcl3Xq8Zzpzavz3VeU2FG9wmjg+6z89Mz
TNWqnW8Fei4G4xPaZSA7SyODxZcCQXe7TQ/EvwfR3tfQJoSWUvYESAwmzTAWGer2bUdv4x4JM1Wo
Cnz39L6vYTDrDQWmjGIgLY158X929c5yeVXKM/dkk3O0bgs8snyZnnLYCZjfm9pWnykHarnOV6iB
R8CrVBUwf0eXnEvtp/20UxfpsNXqKcv363mSk+zPR8nIlJHP1LQaYsKhVMy6ZJetjLVIdZCuLRiO
pmIwGIzyoYRS+wYWWI2CwIM9EhP/k+I4Kbs1FWTIYyk06AoJjLwhzgkUqB2t+eskv5cLtlp99wmj
WAnAgGE9ZXI6euSkT+YE4PbWfIWn/kqhHtNGjjIh008X7Z+EM34x65a6fZUXfu9HbDA4tEJZjAcA
ZGdpqsp1uIEqBoNBYyrIQIy/vpmguWSTnMeT9lBmxvV138Ukl1di/YPLPHbC/Vmx5qxtByWflfkC
a129c0JGMXSKL1anTFgt2u4Txu7eucSK6MRTyuWKGvT9M/GFMAG4vTVftrB8dpampSmXY0Z9OpHe
SlUR/maZmRtSfQgYTGowl2xCB1R9s2u0VWfrPH8Jg8FwwVT4MOLZyCqqHgcjEEKviZ+jX3IuSZ2b
zS/omlhMK3Uo1eONHjnpY9KoXKbdTB+w1KztetXYfcKINSqC7CxN59HCIxwWIzheSExxwu7eOaae
BVLQ7MihBIqVFlDFJIsiZCoGs57ZZS9Db+AeoeltWFWeKc3hYDAYjJpAp2ulEIrY+5//R9YutRz1
KmUDQi+5Gw26Aw2rRmX6UIRe096af+7UZryGy5FmR05P52Z0J/akInW0GztdITmVKsVVG6N2sEzF
YFJM2WNb0Ja/tG1pWDsiYjAYzHpAZrMWBBT5ZK/RAwCWV2KDrtDP/pffP5ea40wqvtrSlCtpHNI9
HBaoUWkf3+/I6esqWp8uvkKwWrQ9p0z7H2zqC+FXSJlypVpdoaMYGuOAqqrBSREYTOrZum3L1eGb
TM/SZkZlZ2kIvQbbe2IwGMjySkyeDiIYLhB6jakwo6t3zj0cVsiNmpyvx1s0xW9QVa5rplMsYuHx
RjvfCvB7LSLLt+3gRhxB5U12lqbtoKG6XEf5aupND/EreqTtkuJ0hTzeu/J04v1RYy7lR8f7s2BS
Dh7SMJjUU7ZtC3oD2vJUgQFVvMSIwaQTuHWqotiw4aG2zttOV0ghGjUepuCqpAmTMNcXsQFCSDCN
Vi2NuTjLVxRstfrEmKqQSULitzk5HW0/7ZehpaqpMKO5Plvqd8HIA5apGEzqYW1LQ3tnx5ETDAaD
UQiUOf38AqoPnxKgHHBLY650tSTLK7HONwOJip0UM8lq1FKztqdzc6INPoY3bQcNiY1qRFeqLR0z
/c4l3vvkyH5HDqXmFq/LqxSZprmJ3YTj8c2sO/9oDCYeXaYWXZ46NrGa+CAuT8VgMBiMcEwFGbQF
imLR+WYg0emKbGSSrEbd78jpPmHEI6Do0LZUFVephsKxcxeDUodVYXMa6faPkQ2ZZCr6brIwH5Ln
MDAYxWIqwvZ0GAxGZNB2OHjwFYVkG8AoEEklX9/AQqLDAhQwCJ8e2rNK6DWdrxS2HTTgZCIpyM7S
nDpamBhYElepAgDGJiItHTOS1inU2wkcUE0DZPqdo28ofhxNxWCQ3A4oPX8Mg8EokM3IvqkL87K2
SEk/0kCgQtwj4baTPlpXeYF4vNG+gUXKg/wcfUvN2nOnTFL3dF3nmAozuk8Y0SmQyUL7dYfCsfbT
fvdwWMQ3otAucWsljAwoIprqnUJV1WMw6wFL6SbEs7QdF3D7cgwGg0kV6SFQSXyzax1n/D0XgyJm
Y8KSVMqD/DSqw050nzDiUU8GrBZt9wmqX4bAq502bB4KxzrfCgy6pMrpqK7QVZU/YK+VZr/Z9YBc
MtW8Ab0BDqhiMMmC7sqNwWAwGIlI1/nuJedS20mfWNmYfQOLlJJUfhr1yEFDR2s+TvSVDatFmxiK
FJ47QPvtd/fOSadUscmW2hH/N097tVWx2YUjmkZiMBhaEh0pMBgMBiMpaZPoy4Rvdq2t83bfwILA
/Xi80UtJerrSFqO2t+ZL2s0VQ0u9nThy0EDzuARKtedCUKI6VRxQVTviy1TaRPPsLA068vPVP26J
fiQYjIpA+13TriLTZgJjMBgMRiLWzxy3b2Cx882AkATgnovzlEfQoVRajdp9wlhvJ3gfA0YIzY4c
hwQnnzb7t/20XyKligOqqkYCmToSpr2voQOqC/Oh6ak7oh8MBqMWImHUDRo772MwGExqWT8aFeIe
Cbef9vNbDx0dj1DcfflpVElbuY6OR+B/eM2XiY7W/MSYqvAfAn2dqrBlESZwQFXVSFLbNjYeSbRi
s9foncjs86Er1w++tFeK48FglM/q6t1UHwIGg8Fg6FmfU9vJ6eiRkz4ecjGpnOHEc1tq1p46WsjD
MMkXWLsd+NY3uwaVJ+ld7At8m2yZDKltrJYN2VkPEVkaaLNSzVbFlmY0O3KyszTdvXPxD9abHmIt
M0ZDds0l8c2udb4ZSHRvEk5LY17HGezVqkokkamjEzQy1VarJ/SaUJhxpcQ75Z+eumMuQfmdYjDp
CtpFjHa0lrTnGAaDwWDAehWoJDAhMymlmlQolVajdp8wshomLa/EPN6oZ/quL/Ctx3uXhxBFQ36E
xKavhF5jtWhNhRmbCx+uKs/cXPhw/BhNkcq3A98iorVwJwCAqvJMoFQNDPOuZVCqYxORnovBNrqa
WCHAgGr89yj84DHyII1MHV+lfdxWyxJQ/fD9kcOv1EtxSBiMkmHNeKct7ZYiPQaDwWAwJOtco0Kg
Um17zsCxTJSiZxAknl5TQQaTRoW6dGxidXQ8IrooTYpQODY2EQH3ZM+9rrC52ZqHHgILS0mOy99p
p3v7MRVkWC1aq0VbVZ6pHNVabydGxyPoOTwPEpXqJeeS1aIVvSC52ZFDWW6A74vFqsKRRKZOTtMH
eZodOehL3D8TdH103f5kpRRHhcEoFrR/EmCoTRUYTcV3ZwwGg0GANSpJKBzr7p0zFWSwCif3cDjZ
JjQkhF7TebQwXqP6AmujE5HR8cjYeETh5vaLy+IsHPtm13yza+6RMBSuthp9VYWuujwz5RYVHa35
Hu/d+Bm+KDHJRKXacyFoNW8Q9/PaavWmggyFX0KYRKTquzjoCiWuhVgtWkrYPZGhK9fzDMT22mKJ
DgyDUSBffYlyujYVZCQuLS+vxBAp9BgMBoMRAtaoicDSQbR+cI3QtHughXKGSc8kFUlTGXCPhN0j
YQAAodfYavX2Gn1iVZ1sdLQWtJ/2x889pFCqoXCsq3f23KnNAndLoaUpl3ucH6MQaGRq4sIGD/oH
l2hD9lzqmD98f8RYZDAWiZybjsEok8hq1DuF+lHQumTjwlQMBoORiJRr1FKzFq5Oxkcvl1f+6fHe
BbwMgUSBtU51eSVGSZpj0jCJZ/jfnjUMukKjvatMGXnrnFA45nSFnK4Q1Kv1dkL+lGCrRdtcn903
sCjubhMvhuZ68Tvl1tuJvsuLlB8OLlJVOPTRVOFKdXI6OjoeSfwJJdYxJxJZjV74/ccNP9hd9tgW
IceAwaiCq8M30RvQDkVjE/QV4BgMZn0yNrGqnEo2VZMSjVpVrquu0MFcR44Ot9BAyOONjo7LJ+2g
Uu3rKqItH3VzC6UmnmHdhod+/S6OdHGC1KulZm1zfY7MfWVbGvNcw2HRU3/jMRVkSPShcEBVdUiV
9AsA6BtYqK6g8ZXuaM1veXUG/drIarT/vKtuXyWuU8WkPX9330BvYKuhyfAhffZ5k+xUDK84YjCY
tEdOjWoqyLDV6m01en7rC9BoB9gBAGB5JTY2HnGNhN3DYanrQciYaqJS7R9civ+TdtSgPcORu3h8
uQd50lgvxcnpaHfvXN/lxbaDBjkzgdsObpS0v4tvdq3fudTsED+gaqth6TmCURoSytSxiQhtQNVU
mNHSmMslZ2DoynXv5J2GH+zONWRJc4wYTIq5NnxzYR7lK0amflFApyRIAe2QibUrBoNJG2TTqA47
IW7SZnaWxlart9XqQSsYdIUGh0KSjhGT09Gei8GO1vz4Bz3eKGtQN+XZ1MqHDE7GD6+I8+abXet8
K1BVrutozefRaZYH1RU6W40+PnIuMKCamMJ57mJwc0GG6No7O0uTmLSM836VDGNbKlG+M6b+zi2N
eWTfZDTeKX9P13+5ProeWcW1Cpg0ZOij6+gNaCs0hIdSxaLe9BDlv1QfEQaDSVsItl6aQpDh9kXo
NS2Nuf1vbelozZcuQ7veTnSfMPadKXJImQ7qdIUGHyxD7XcuMW2MB4ikSDxXg75/wv+YXjI2EWl5
dYZp1i06orc2TfxoXb1ziH6zvNnvyCH0Et5GMOIi7Vc1NhFxD9MXKnQeLeR+oQxdud7T9V9X3v9i
Mbgi3tFhMCnG9dF1dCiV0GtoM36VXJiKVSsGg+EN2k/Oat4g0ftKfbOCArWvq6ilMY82QUZ0TIUZ
Ha35korVngvBeDM/ynwPCg88EPCG9tShxWrfwGL7ab8MPdVNhRmU60r0bzkUjnX1zg26QuJ+HJh3
QHkQX6KKRfJ7Zc/FIO0Vlp2l6T5h5K5UI6vRv7tv9HT918Xff3Jt+CYOrmLUjn8mOHSFJZRqq9XT
TmhcDKs/CgRLVgwGo3Ckvjvtd+TIKVDjgWK1p3MzxxS2pICNQ+C/Pd4opeQP3/ZFgXYARYjVsYlI
S8eMDL0AZLBuGpuIdPfOif5ZftSY29KYK+4+MRKBumOKkvfrm11jKkO1WrRtzyWdNuCd8r//3udv
/PLSO28Nuj66Pj11B0tWjOqIrEbff+9z1s1+xHAnValfP9arGAxmXVFq1vZ0bm47aOAnUEfHI/H/
8c6BtFq03SeMRw4aRE93nJyOwkTTUQXn+KQH3MUq9LiipGSLTnWFjnI5CRzcaT8Lb4MxBKbCjJbG
PFOBHHW8GIHI8SVdci5Vl+toK6HhYgw/e2j/TNA/EwTgOgDAWGQwFRksJUbccBWjCvrPu/wzQfQ2
DjtBa4egnMJU3sDBDJsWYDCYNKalMbelMY/79h5vdHRi1eONerx30WuRVeU6U2GG1aKtLs9kamGa
SLMjx16jP/lmQNyFzr6BRVtN1uCQtKIIA0kcPcnk6vjNQuEYnFpLGvO01eqdoorhRC8l6SY8lOY0
2EhJmci0ltDVO9dXQd9lq95OWM0b2k/7hThEQ8lK9p+0lBjzNmYZizaaigzGIoMuk+tNHIORgf9+
73N0/RUAgNBrRLcoUBrkaITHBgxGONLVbWKShdBrOo8WcowCuYfDyTaSGZuIgImI03XvvWy1enuN
nostqqkw49ypzV29c+Kqi//121nvjCpzfFQKrVhNDGZKrVTr7YS4FxJI+CChcGzQFZLiI+Boqipg
+ZJor3seILpsAQCsFu25UyYRV/i8U34wBQC4Cf/UZWpNRRuNRYa8jYSpyJC3kcAdbjApAeb6fvXl
LdYtm+uz5a9iShU4uIrBCEdSF1wMd0rNWqbZTjy+wNqgK9Q/uCywi2MoHHO6Qk5XiNBr6uuIZkc2
a1cS6DPML5GNFqxRUwJl6KSdsfdcCFrNG7iH3JOiukJnKsjwzYrsx0v5IP2DS1LIVM/0XdH3iREd
+dYSaLtskcAVvp6LwUvMhua8iaxGvVN+SvwqbyORZyDyNmbd/wehy9TihGGMdPhngu+/9zlrri8A
oNSsTSpVLD3AYhUjHB7rqviSw4iIw06wVqL6Amt/GlgUPQwVCscuOZcuOZdsNfr9jhx0LFdIyRVG
UcQPnYlKFUaJzp0ySdRSVYbU2cnpqMcbFV1p19uJcxfZ52OY1MJ+1YoVUAUAwJsyk1IFALQdNNhq
9D0X52VwiFmYDy3Mh8AUzVPGIkNm5oZ7/9BrAQBQx8JncTA2Hv9MMLIaNZdsSvWBKJ2/u78aunKN
i90Xodd0tBbIcEjKBNeHYJJF4AgV/3J87WGE4LATiBkOAGB5JdY3sCjFcnw87pGweyTssBM/asxF
iBNRSq4wCoEUq7RK9eSbgXOnNkvyvnai50JQ3EuIpg2PK9RmETmMlJ2lcTyYtIynHwpE7sxsVqVa
XaE7d2rzoCvUd3lR9EQCjpDxLtYCQggpa4VjLDJYSjeVPbZFlL1JR2Q1euX9EbIYOB4YnY77M4tU
+AAAXeYG04Mh67QPYk9P3fnw/REuQVRI23MG9Krh5sKHxTgu5YLDqhguSGEZjeulMbxhNUxyD4e7
eudk04ROV8g9HG6uz0YcldWi7Txa2HGG01QHo3zI0ZNye4SGzBJlaTXXZ8d39JBC7Hm8kiToSlFb
ixEXTjJVxIAq4KBUAQD1dsJWo3ePhFMoVrnDXYGw4p3y/919I28j0fy8XcnijUmjAjJMTUIXr2bF
UmKkPlJKDdiSqwPKFLqR1ehXX976m/tGUpeHw06w1mCYCjOkqAZRGnhdE8OEDD2N8FoJJinaW/MR
t+7llVh375x7RO5+16FwrG9g0TUcPnW0kCmsWl2ha2/Nx9m/6QQcPSn3SWjILEWR6n5HjvAS63gS
D16iNrAS1dZiRCQ1PldOV8jjvYv2GMjO0tTbiXo74R4OD7pC8t/fU8jCfOjC7z9u6/hXxXoU3+Bg
AiSExDg2x8g2hBLRJSUumbwtkbKNrEb9M0HvlN83E+Tik0TBVqNHL998t2WtXuq0MSWApQImETn7
7uIrEMMFtEb1eKOpTaydnI4eOenraM1nsgKutxO+AGOL+7Sh1KylzDlNhRkwOymx68nYhLobv9He
J7t6Z6VI/c3O0kgdUJXIAgoAsL8+O75CFa+PKw2uMlXcgCoAYHI62tIxw8Wx3Vart9Xql1di7pGw
ezi8TvRqZDV6dfjmLltZqg+EHi41limEEtFFS9z4nG1KzDYxqAtZXb1LxkgX5kML8yus78JKqVnb
zk2jAgCaHdnrQaZC8LCBgcgpUCnvi69ADC2EXoOQfwCAQVdICYHKUDjW+VYAkZbc0pjn8UbTYH4F
tSicWFaVZwIArBaqOk2kpZHxKahgfbNrvsCaxxtdXompV8FOTkclau4idUBVomgqwEZKiieJaKro
SjUUjnWc8e935LQ05rLeRMjgKgDAPRwenYh4vHfVe7PgwtXhKcXK1HQiPik3QWpel+cYqsp1nUcL
uXegMRVmtDTmpv3iNwnWCaoGMXBw/1pTpVHj3x1fhJh4CL2m+4QREeeRqHkBb/oGFm8HvmXK2Wlv
zW876VNXAiSh11gt2uoKndW8wVSYIUXM7X4o5YGAyvJKzOONjk2s3g586/HelcH1Uyz6Li9KIVOz
szS2Wr10dkTSdU9NNFLCKIrUN7e95FxyD4fbW/M5NsIG9+Or8N+j4xHP9N2x8YjHG1XX7ZUVEUte
MUqG1RySlpbGPNdwWEWjo0CwTlAR3CUlZUum7ze1GpUEL5dgSFg1alfvHL+5b95GwlKyyVi0MbHN
+2JwZWE+5JsJ+mfmvVN3HrCB4AbCHCQ7S9N5tLCt8zaPY5aTUrO2uiKzulxntWglarLCCgzYxs9a
R8cjYxOro+MRjzeqZOdk3+yaRHrvR4254oo9SmxscEiSwwYA2GskFNgYgST3Cxc9oArxza51nPFX
levaDm5MdjEM3imaHTng/vqWZ/quxxtV1/oWE/6ZoALNgQAAxiIDVtGicOSgAV69POg+YWw/7U+D
65w7ePxQMsJHB1qjXYVoVIjqrkB0slzeRtxcjQ+mgozOo4XiatS8jUTZY1t21BYjBv1cQ1auIYvs
ALcYXLnx5a2/u28kpVcRStVq0SozT4eUplUVOu5pR3IC56IwedjjjbpHVkbHI8rM+JMooGoqzJC0
v8vYRMQXWJNiYcJWqyf0GiUvLqxnkv6+JVKqAICxiUhb523odMo9shpP4vqWxxv1BdY803dvB771
BdaUectAoNgSULEa8KxnWCc6rGRnabpPGFNiIJlCVKcT0h5JG8MoEHVdgcsrqLlXfLcwDEdKzVq0
AWSyGjVvI1H3ZOX22uJkjyTXkLXLVrbLVjY9dWfoynXu/ghOV2hz4cO0dar7HTmDQysKyU2z1eht
tfrqcl2qoqb8sFq0VkteSyNYXomNjUdcI2H3cFg5Ksg3u+YeDiMKqnnT7MiRNHv2TwOLPFLPuFBf
RygqPx9DorhfvtMVcrpCVeW6+jr2zhysWC1aq0VL+TWOjkdCKzHP9N3llX/CXkyqk68YtdPSmLvf
kSN8VRimaaW2z7D8qEsnpDFKFpOSgq/AdQtaoy6vxHouBrnP1HWZ2qcaangIVArmkk0HX9o7PXXn
/fc+5xhZ7RtYtJo3JGqV7CxN20FD51sBgYfEG0KvsdXq7TV6KXSUzMCKTVutHrQC93BYOXr1/+6b
lyIubbVoS81aETO8KIEx93AYtIq17weotz8gU/EdXjnwkanSBVRJxiYiYxORngtBKFbFLYuH4dbE
OyD0cIMKFgBAilj4lBLuLJg0wGEnftSYK+7aMNm6yTUSZkp3T/Tip6CuxRo8iqSWdStQSfAVuA5h
1ahJVWHsqC3e11AjYts5c8mmI+0Nro+uD13hZP7X1Tt3zmJKHIxstfqqcp38I4KtRl9vJ6RWp3Cm
R/sUF09g3ihKr84tfPtv/3H7l8c2iW46VV9HSNffRTojJatFm5YNVNNgnOI5V5ZBqQIAQuHYJefS
JeeSqSDDVqsXXa9SIHeOvksm3uPGJlZ5vyk6u8Y3EySrUBSFsciAyC8yFWTU190reaKcruWV2Lqq
pYxHCoEaT7y1mBBgjTe4b8Gv2KSDNLj/qhSsUTHrEIedaDtoEEWj6jK1DT/YXfbYFlEP8B72Jyst
Jcb3zg+xFg2FwrGu3rnuEzR911oa8zrOCGqxxp1Ss7a5PsdWoxdFIvoCa7cD33qm74ZWYrDaC/Aa
vEwFGabChwEAVsuG7KyHrOYNRJZGFB17r8niwZh7JDw4FErVwBqY/7at87YQdwxa7DV6cfu7JAZU
JTJSSrN29OQESe0zJf4zZnmUKsQ3uwb1KswGgebjkkpWBInvy6+SFjI6HkHI1MjqXd57lpRMPerk
mxiKXmiBg8oDj8yuwaGFJD6yff8R1cjdUrMWJgUo0/ghEbLpHMWCH9xXsGQHuduBtdR+C2q//6oO
LFDjwZff+gHtx56URs3bSDQ/b5fUHNFcsunHR//lvfNDrE6HYxORfudSolCprtBJ3aUDTueaHTlC
5nJwJILGmeKOR77ZNTg3S5SRVeU62PzGat7Ae/pHNln0Bdb6ncuDQ6GUBFfPXQx6vFHE+kuyEBLP
c9wj4eWVmBSzKVuNHuf9KhBBgR05lSokFI7B4lUAAKHXVFforBZtVXmmEKGISS2mwoyEAGNy32Zi
fBuupMJ/pyR5u9SstVo2VFfoxFohVgj3FewDXxA5SxgdX1XL2gGGB1ijJsJ6TvBEJw0QUaMaiwzP
vfSEiIm+TOQasp576YkLv/+YValC39fEcartoEGixFRTQUZLUy7vwRG2fvF4o6PjkZRIu7GJCJiI
OF33/iSHe37hE1NhRttBQ0tjrnsknBKPCacr5PHeRbuCcYdiLS7FDdA9IklAtbpCl1q/XxGFcToN
1oqzUOJOKBxzj4TdI2EAFsH9OwVc35K0wACjNHjEt8kQLlmKDAAgE4RIENk4VeXfvQV8O1Nhhqkg
Y3Phw+ryJBQONCoDdgDAd8aGY8g0ARHBS57yoLphr8q212QuNpkfBQCUVu7MzjMAADzXvggtBgEA
Y+5PyX9LygN9//CFKg2j4xKmTapRo0J0mVouSjUUjvVcDCZ+RujPJ27qr61Gv9+RwyOuoOQWL5PT
0cnpaHz4pKpCZ6/RJzUTIIOro+ORvoEFmT/m5HS07aRPYOsB6ZAz71fSDAIErCOswKmOemdKQufT
8gdUmbh/p7j3J6HXWC1aq2WDqfBhq3mDYsUDWk7zaN4tD3kG1D0C3alPCcSHcNPATlA5fGdsCIDH
G+13LslgFKHe+69aUMhNnhUi12D7ftOepxv3PN1Iu8GOPY/Dfzx/HAAA/N987f7r5ctvn/VN35Th
8OBpxNeqikBX7nm80fbTfo73N5k1KkSXqT1wqO4Pb/4Puk7V6QrR+iZUV+jaW/O7e+eEHwkPawZl
dnNBQ4ZPzl0MQlOV6nJdUnOM6gpddYXRF1j708CinJLJN7vWftrffcKoTKUaj3TLUtUVOun6vgqH
cjxMh5c4XnMZwRU7PImg3JSjVOMJhWPQLjj+QWh2ClfyYEF8yuWr1aJFNL1cmF+R82C4g+62p5YR
BSMpVou2ozUfGkVIncuktOEknVDg7T0RItew/9+ONb38UyKXa1U8AMD4yKNNLx9revnY1c8+Pfcf
P5u8/oV0R0gi3WwA5xCJS3trPiJoo3yNCsk1ZB04VHfh9x+jN2PqSAnPAG+lSug19XVEsyOb+0Rr
eSXmHgm7h8Nq7wdOMVVJqsWOqTCjozX/R425corVUDimCqUaCsck6vtqq0mfoAWTNFPdZEkchaZM
pZoIzMxJzKaAoVcAgKkwY3PhwwAAIktjNW+Az6ZcymIw6iW1uUwYgajixl5aufPku5eMjzzKew87
9jz+mw+H//P1U+e7T4l4YAikEKsKn1yqCxE16o7a4mcO7Bbv0JLGXLKpbl8lukuN0xVi8tGptxPZ
ek1X71xSC9CEXtNcn51Ue3DYqSVVWZfSQZqqJKtX5RerilWqFJUxOhGRQqZmZ2nE7ftKixChSPta
pge574R2PFKIoBVNfZHGx2LtUE5g6BUAADjMoeOLEsF9ZQtlLXZywshGfN5LvGUU9Smka1RiM1Vy
pQbczzgAInWTg7lMg66QRJFVhdxS0wlV3M9LK3ee6f84qSAqE88fP2kyF79+7LDwXXFEsXlW6qK6
QuQmn+mkUSH2JyuvDt9ElxENukJMGc62Wv05i4mjWEpWoEKrW/dwOP26VlIg9SrMB+YYZJZZrApU
quT8ASLRuOweDrcdlMQr216rl8EJUvhpYRqdxRq1lTP6ixwkVEtYVQjU4TDuTx6pHWjzbt/MfPIH
KAfopF8AgMcbVdpqnCogFSbZjJf0MZaiBw/NDplnezDpIDtLY7VooV8Uj3WZejthq9H3DSxK0aAM
K1URUcWdXESNCnnqhy8sLwR/+4ufibVDLuDrViBk6pNwCL2m82gh4s7mHg5zjysqRKNC9jXs7D/v
QmxwaXAZUYhLiqV+5zKtqbupIKOqQlddoeNub+MeDvc7l9Zhig2ZD1xVroP96lhfAs9/vZ2QISlJ
iFKVJ/cQdsWT4r2qyjOhLStE5pszl3JT0VN5FT7Wi/8drwelykT8Ull7az6XSTx6fGVtz50qcg1Z
6A0oHWIwJLD1KOkwDHWpL/Ct8heSyaSD+JIhU0EGdPrl3hcqO0vTdtBgq9F3984p/1NjlMzxs++I
qFEhTS8f++yDgTH3J+LuFg1WqkKoEimPidBr0FPzQVeIe5WmojQqAKDssS2WEqN3itG51ze7xrq+
DLungPsDGfl4Uhk3sPo0Jc1XlAa0UOm7vFhfl8Ul/gyTkkbHI1KPnlCpnjtl4iEFZcibBczV1AKR
LSlSins+F7vgZF+SciRZ9ljPShXim13rOOPf78iRKC0BoxZGxyNw2Q8GRdNv2Rj2QId9oaAXv61W
z6UhXnWFrueUqbt3TlyfDDzdFwVRbuBErqHKtrfK9rh1+87Syp0UPen/5mvf9M0x9yfuvw7w8y5y
PPtiaWW18ONM5FD7yVebP5FizwgkGjTR9xxjUTqMUNlZGluNXuCdJL01KmRHbTFCpgIARidWOQbQ
SDfKpFheiV1yLvUPLsvgs2gpMQIALKWbAAB5BoJMAcvbSDCts09P3SH/DU/UwnxoYX5ldfUua/tZ
Ifhm1/oGFvsGFjn6IVdX6Pq6ivqdS32XF6U7k6Fw7OSbAR79VCXycqMoC6crlFTonjtV5SIXEZDA
+Qn5Qcjpiig3/6R2oqKZklTReVWXqorFJefS8kpMivUejDKBC8yw8/jtwJoMC4qKgvTih9nvrMMt
7MvX1TuXfp4Zqkb4fbvKttfx7AtP/fAFxDbGRx41PvLojj2PP3/8pP+br51/fvfS784m1cj0UPtJ
gcfJxI49j5dW7pTH+De1ZGaKli6bWvY7coTIVHE16r6Gml22Mt4HIx3ba4s/fH8EkaXlHg4j8n6F
IKlA1WVqTUUbLaWboBw1l2zit5/4FybuZDG4sjAf8k75F+ZDvpmgFMIVpuNx7C7b7MiptxM9F4PS
DaCT09Hu3rnOo4VJvcpq2SDPinzPhSCXNfFkEb3WPR5x9WFSe0OHUknxzKXnjZxIm0SOw6rw9oFQ
qpRy80Smp+7wvudKii5TixjtPNN314mhlC+wNjoRGR2PeLx315suZYLMfq8q17U05qGvhI7W/OoK
nSit+SBKuLGuW0zm4uNn3yHbk3LE+Mijzx8/2fTyTy+//QZHsVpauVOItS8rjmdf+O0v0l+mpg3V
FTreAdVSsxYdMuobWOgbWGR6lkLDgd3ba4t5HIY8bN225erwTaZnpZidSyRQjUUGS4nRVGSwlBpZ
q5BEIdeQlWvIip+PTU/d8c0E/TPz3qk7Ina5h6u9XEbP7CwNLFjtuTgv0fTDPRLuG1hoaUyitiI7
S6ppP0VTwJVx0QOqcpanpnC6QlFnrOWvqULyWmccVnW6QpsLH2b6kau31Y2paCMifSiU1rWpZNvx
sfEIrq5BMDYR6Tjjt9Xo2w4aEJe6wNZ8GBERcq8+1H7y+eP8I5xEbt7zx086nn3x1Iv7WSOZVba9
vN+IC9btOyXdP0Z02lvz2076kr0hs2rUpNI9FK5RAQBlSJkKRLU/FF2g5m0kLCWbyrZtsZQYU9KE
loK5ZBOpWheDK95J/41/3PJO+kVxFYGjJxexWl2hO3dqs3Q5wH0Di9y9J4ColmasuIfFl6lSh1jE
FUTi7g0dXEyJqJZJI63zsGrfwKKtJgs736odX2DNNRJ2D4fTr8RUUtwj4dHxSHN9NmJFtt5OLK/E
zl0UJ40KB1Rlhsg1nHz3UrJBVFqMjzz6mw+Hf/XTHzv//C5iM+t2SapSSUT5LJhkiS8OpAUxg4RF
BNxbxYD1p1HB/YpNBL7AmihzFRF7jxmLDDtqSywlm5RcSp1ryNpeWwwvAP9M8Orwza/+cUt4iBWK
VS41q82OHHuNvqt3Tor5SXfvXM8pE8f0WkoDC0mHY4ncOkV3gUJrP8qftE1N5YH7ccqGfKG8dR5W
7bk4332CZXigZXX1rugHg0kKqE4Hh0I4p5c3oXCsb2BxdDzS0ZrPNNY2O3I83iiuU00h/O7PRK7h
TP/H4roZ/fyNPwAAEErVZC4W8e0w6YHVou0+Yex8M8BFHYmoUXWZ2qcaapSvUQEAukxt3kYCIZ88
03e5d9SjZXQ8IkrTFKhOt27bIk9Or4gYiwz7Gnbua9i5GFy58eWtq8NTAgtZYRGNw060HTQgrlhT
YUb3CWO/c0msBV8S3+wa9yJV1lo2EfEFvpVit6LXuyYVqxPXWkkgHN2DpVuJkDvjVDmnXmbGJiJM
XZ7QrmL+mWDZY1ukPDSe6PSoBdfb0tw7ZGbQFRocCuHYqViMTUSOnPQh2hJ2tOaLVeKLA6ryIIVG
hbAqVQwmEatF23PK1H7aj76NOOwEwjNieSXW+WaA451fl6l97qUnlBzoo5BnQMnU5RX+t83llZhw
R5+8jUTZY1u+Z9+qOnWaSK4ha5etbJetTJT4qtMVcg+H0XlJAIBmR051eSbHxRruuEfC7uEwlyUM
OWvZxGpGRSHlsz7RVVKpWesLfCs8J5yHKBU4GUtNYeT6FKv9zuV06k9jKjJ89eUtpmd9ARVXbPoC
a/3O5cGhkAym+aIAfQ7JP41Fhsz7iwjxRvyJ+GaCkQfD9b6ZYCR8b3qHbl3Aj1A41nHG396az1RP
cupo4ZGTPrWceczxs+9I1BUGAPDzN/7gufaFKhx3Syt3Zufdu70vLwTlP+aq8nVhWceF7CzNuVOb
EbFQVo3KqnJJVKdRAQDGIgPi3u7x8kzgGnSFei4Ehdy6y7Zt2VFbrMx1eYGQ8dWv/nHr6vBNxNwJ
DcxLGhxaaW/NRyTAw8Ua7kstHOm5GKyq0HGJNJoKMmSw7TAVZMgzqVb7qjd0MgcA8Kjep4W7J7Bw
oZdK/571JlZHx1dTfQgYFkbHI5ecS+J28uRH3kYiz0AAAPI2ZpE601hkIBtIGIsMwj0kuJhIR1aj
MGEJzmy8k3eEN5GDbkm0StVUmNHRmt/5VkDI/iFqH1pkhsetuOnln+55ulGKgyE5fvadf3+qRtK3
EILJXHyo/eSep5soXWFDiwuffXD50u/OqkJjpyUdrflWizYx+3Gda1QAQCYyE4oHvsCakJJIXaZ2
R21JeoRPWSl7bEvZY1sWgytXh6f+5rrBz2zJN7vWcca/35HT0pjLJBqzszTdJ4zi9nvzza5dci5x
cf01FT4sg0wlsh6SqEerStHrHgpHqHMeU0FG59FCeKLE/V445gMLJPU2s+Q8Mu316uR0dHkllvij
MhVmAOb7u3fyjv1JiY8Mk4r8XihESRUKnS0QncdThS5TC9Us/D95Nfpngv6ZoHfKz8+LH6FUbbV6
6fprY8SCyDVI17mUpLSy+lD7yfPdpyiP+6ZvptzlCOFsTOTmPfXDF5764QtXP/v09WOHfdM35T00
DAAANDtyNhdkdPXOkSG+/Y4cRPhlPWhU0RFiMKvL1H7PvnWXbasSbHvlJNeQZX+y0v5k5bXhm0Mf
XeeXCXzJuTQ6vtrRWoCwvBK931vfwGK9nWBN65WndapsdiFqWe9O1KiEXhPvfYUu5d3vyBkdX+V9
VimBAVLTCTx7qZepJOtBr3q80cQ8DTnLzWVDIvs1KXAPh3suBiVd+YOKlGw+rkAtygNjkcFYZICu
IdAo4u/uG0kNt929c1bzBtohtqM1v+XVGbEOFSMFR375a0oIUSKaXv5pYjNVqYXf1c8+RTxL5BqO
n32HSyR5x57H3/188j9fP5WotDEyYKvVdxfeM1VC1BoAADzeKHeXYGOR4bmXnlhv4opCUhW8FPI2
EnVPVqrCdEpSoDnw9NSdoSvXeVTZTE5H20/7254zIC5s0fu9/WlgEZGPAJGudSoFEfsnpZwcQrMU
EnnmbKvVkxp1eSUGJ7owB7jfuRTfUhE2DgQA1P94On4PVeW65ZVYCg1EFSRTSWjleHrgmb4rdUcm
2bCUGAG4zvSsKkxxxTIkTMRSYjQWGUxFhryNBJfEWrVDGkUkO9y2n/b3dRXRphi0NOb2DSzSvoo7
OO+XI8neaYlcw1M/fEGig0l4rzzb95soXkpj7k+fPy7hm3quoZJ1k3WNev74ydLKna8fO0wR21LD
uly4HoQWrNMbG48g3F+wRk0W93A4PkzNHRW5IsuGuWTTwZf28hOroXCsu3fOF1hD93sD4ilVpyvE
2h2nqjwTgO+GbxEHYoplrmf6rhQyldBreFdZ00YRuYywpEZNzN3doH3objS5Ewh76vyoMZd8ZGz8
3ly3uT7batF2tOaPjkc6zty73uDtMdFWpqUxLztL09Z5+95mNXqPN8oU15HCo1iJMjWeNAuxhugm
DQQyt34hiPtziI8vsNZzMShiDaouU2spNVpKjKYiw3rQpUyQw+2H749wqV8NhWOdbwZoezXtd+SI
2BceIy6OZ1+U8+2aXj5GkaloGSmcyeujTE/xc43a83Tjmf6PX21+Qk6l6vGyLBeuk5zV7CwN1qgk
3klUc1rWYr/llVjfwOIl51Ky77tuU3w5IkSs9g0s3g58iwhyiqtUWQOqskU4Pd4osIu/W6tFyy+A
ES9VeIvzxNzdZDUqAMBeq99cmBG/muCZvgsAMBVkkCsaYxP3HHMIvQZeIZQho6pcB0NrXa8axyZW
iSxNsyMHAOAeDrtGwrRlzxSxJnx5QukylSSF7W6lxmregHhWeHtoDAUhtTQULCXGsm1bFN52XH7M
JZsOv1Lv+uj60BXGeDvJ2ESk37kE733xZGdpmuuzhQdUMVLgeFamUCqktLKayDXEC7zQYnDy+qh0
JsNj7k9oH9/zdBPvMHJpZfWZ/o+V7Ai1DknKn9ZSYmw+ZFe7ykI3Y0cLDF9g7eSbAR7ZUjtqi/c1
1Kj91MlAsku9JE5XyBdYI81yEhFRqbIGVGVzNuJtTK1qNmgfIrI08wuoQlOreYOt5oHistHxCACg
nW59gVzFg1KWhBS01RW6+FRQW63eVquvtxNkMFY61OqRNej7Z/x/qT4croyOryNXGAWWp/oCa+2n
/ecuCjLNBwCUbdvScGD3T/9j/8GX9u6ylWGNSov9yUqOU7q+y4u0V8v+BO3Kg3Ra0lIIRK5BOn3I
RJVtL+URJiUpnMnro0y1r0d++Wshey6trD5+9h0he8CIyKAr1M05c3VHbfHBl/aqXWiRzu1MINK7
3MPhIyd9yWpUS4nx8Cv1zxzYrfZTJydwqbfhwG5EP7lExiYi7af9iKlXvZ1wMFexJkW/c1mU/Qhk
bCKiqKmmPNrkdPumx0o3xDchMxVkmAoeWDUgsjSUJSePN2qr0cerTTJ2aq+5J1PjRQpl40SqK3To
RmiinAG1ylQKlCtDRcKVC/wsy6WGNbWVNd9MZgZdoSMnfUIqUUl12vy8fXttMR50WSl7bAuXBDnY
Cy7x8ewsjVhjKkZErNt3puJNqcLY+ec/SvReTHt2PPui8ZFHBe78qR++sOfpJoE7wQgHalSOG++o
LX7mwG5Jj0ceWLNJmdK7+gYWOt8KJLXCq8vUNhzYffClvXgllx/ba4sPv1Jft6+S+2Rjcjra0jGD
mH11tOaXmkWYugwOhRSiD8fSOvyzMZfqsUroNZVluraDhvq672ZHVou2pSkXMOMLrIXCMYrPOfwG
TQUZ30VT464cLj1p0dbBopAmMjWRROGqWO3KaqoksEclZnkl1tU7x33VnELeRmJfQ01bx79idcoD
jqVcl5xLibX7AIDEZGBMyimtTIFMTXzTyetfICpIhUCpgyURqwGPwJAsRjh9AwvrUKMCAL768hZ6
g8QJCXT0Tbb+Ypdta1vHv2KrJIHoMrX2Jyt/fPRfYMs6LoTCsfbTfoRSPXW0kNALnfyHwjGEu4ek
mYOUybxLgkb3MqgvjvzsMDVHF8ZITYUZ1XGRTKtFiw6Ve7zRloQ8bShTSY0KpSy8Nhwc2g4BADj2
yKg3PcQ7ry1tZSottNpVThGrtADjegAm+vLrcA0rkY60N+yylaVBC5lUYSwyNPyAfZL3J7ppkNWi
FWXpFyMi2Xly9KFJeFOald3Lb58V/Y0+/MsfaV2OSit3Cg+lQoyPPCq6B1XaeMjLQFfvHHfRta+h
Jm00amQ1enX4JmKDxBQ+OIAmZTeYt5F47qUn9jXsxEu6YpFryDr40t59DVzL2tFK1VSYwdpRhguD
Q1ynVZJOsKWIptbXPTDfS0npUEtjblW5Tq+jvjV5qzcVZlBmR/Hxz8Qi88QqKpjAT3YzghcM3H+8
RTATSS1G8L4G1pdMRYMWsaKoWWxbKjMeb5RHLQ0AYEdtcVvHvx58aW/ZY1ukOLD1RtljW3bZtqK3
cQ+HaZOI4jNb+IHLU9MV55/f9X/ztbj7vPQ7eukrrmtU08vHRNwbhjtdvXPcVy0bDuzeZSuT9Hjk
5O/uG+gNKH7IPAbQXbath1+pX89299Kxy1Z2+JV6juIfKlWmvFxbrR5dVciFsYkIbQ6UzPhm10SP
AIniixFPUtoBfjX7HTkeb3RsYlWjAQCA3GzN/Wcz7+3TFaJYVWVnaWz3q0wpT8U3UI3HVJBBClrP
9F1o+csxlErbuyQRgRMwLFMVATpexKPpszygC05Iq+tUMegKcW8zQAIF6jMHduPwqbjU7atEu0Ew
JRGRxf0YhbC8sJDqQ/iO892nRNzb1c8+nbxO3+om0cNJCNC7WMQdYliB1R9JadR0ylmNrEb/5mKR
qfE322QHUF2mFgdRpcZYZGjr+FeOtb5QqTI9K0pAlSnhlqOA4Q1F9Q3ySpdDkJ2lES7jebPzsUwA
wNh4JBSOebzRWAwAAIq3aGE6LlSVyyux0fFIopis52znAbX9/vps8pHR8Uhzffbt2TUYSmWtPY63
BZYu6w3LVLmhXfWRzbxbXDIzUa10UktSFo4QS4kRC1Tp0GVq656sRG/TP0jTiy8xswWTWpiEXEpw
/vldEStUXz92mPZxKcyNU+JEtW5ZXolxr/6A3j/ppFEBAENXrqPtGEvNWnLWm+wACkdPHESVAbgc
wLFUdXI62nOR3tzEVJgh3KGQKeGW0tdEatzD4penilVGAcsyufdQfegh8PH/GwIAjE5EAADk2r3V
sqG6QmcqyIB6weONjo1HNhd+Z7DkC6x5vFFbrZ7j1wpVaPzKlC/w7X5HTv39UCprb+R4OVNdkUm7
jfBcNlWqI1WjEG+09CYpC0cAQN5GovmQ/eBLe7FAlZTttcXogOrkdJT2B2KvxQFVBeG5piCZCpi1
ZbJcfvssUx8aLClVDdSoHJNXoQxIM406PXWHNeO3uf5eomNS/lIAgH0NNWnQqkdF6DK1B1/au4Pb
JXrJucRUQ8il/hBNUkXL0uGbXVNC+jEtpDrlKNiKNmXc8q+BhNLf7KyHrBatKV6Xzq7Ft49yjdwr
m6qu0HFZ2ffNrsWvTPkCa/V1WdlZGjJsdpvNR+p2YM1UkEHoNaVmbXYWzacTpd4Ky1RFgM4C907e
ke1I0oBkNSqspcE1qPLAXqFKN+yRxRgYJRBaDEpkscuPyetf/OfrQlN/J6+PIvKHTeZigfvHpAoe
GjXNGqhEVqPvv/c5ehtYkwaS9JeCpyudyndVxDMHdtftY0lQgjDNiEQJqNJqYFaFIzqjAnoNSk1S
han/n38NZvlSchmqyjOt5g0UC2Lyz+WVf5Ky1mrewCVD0xdYI1emIPEVucsrMaj8EaG1yeloe2u+
1aJlCqWSCLH1wTJVbmjtm+MD9yoibyMq9pgSW+OkNCo2JJQf1gVg2jFPePoNdlESFyksdtGgQ7jn
u0999sEA752HFhdeP3aY1uAXYjKL4/EbD1PkVkTQFWLr4b7n8UZbOmbWs0YFAPSfdy3Ms2Q7N9dn
gyT9pWCdJE70TSH2JysbONhQ+2bX+hkSOLmXMjJB60IiQ2yTonwkbYEjHOEOrNlZGqtF23m0EP4J
7+0e773kavdweHI6CmdKiR6/TNjiMn5NhRnx4pZM52ZK/fV4o7YaPXzH6nKddBN+LFPlRrGZCTxA
J3DKn948Oh7hrlHLtm3BhoTyo8vUlm1DBa6Zal1S6GewHkh2BHX/9XJoUVYjJd80i6Pv68cO847x
vn7ssMwFt5PXR2WQqegKMVPRRqkPILV4vFHuJkBJmdOoiP9+73NWF0ZTQcZ+R05SGnVHbTF311mM
dGyvLeaiVPsuL9JOyWC5o5ADUEifRdHb0kjxuYQoVatFayp8wJUXxE2zyQAYXI/gsrJPxOX3JgKj
02jxD/vfWC0bqip03LVxsmCZqgjQSb++mXnZjkS9eLzRzjcDHDeu21fZ/LwdD7EpAe394Jtdox1N
rRbl+nWtQ0KLQXEtdllhlZGhxeCrzU/wUKq/+umPP/vgMt/j4on84ej1RrIa9bmXnki/EeG/3/sc
3SgV0tKU23MxyF2jplMv2TRge20xazUNk5E+SOhClCy0cm5M9hRcppkDb1ThI0PJE/EF1sbGI30D
C0xBco83SirPZmTTHehK1TewYDXTT72gbAYANDuys7M00lVmCVpEwfCANmUfvZqFdufDgHudBma5
zEh0mdqnGmrSzB5DXVjYItgebzRxLdCkzsR4WnhkIEvaHp0fl99+w/HsC6L73zIx5v6EdZvQYvDf
n6o5fvadp37IqcdpaHHh1eYn5Dcu9n/ztfPP78r8puuKpKo/1rlGrSrXjY5HkvBA/sFubOWgNPY1
7PTPBNFh877Li7Tqpd5OsHq6IqAtZEsJtDMHIXsTa1fyYCrIuB341j0SJgVkIv3OJS5p3r7AGpT9
oXCMtXERlw6rQsDRVLlJp6RfHbIhjZw/8u7eOS7VR2lp4ag6WNPqaDMVmZb01ALpSs+vSlbgyyXi
tcP75Un9Taru9PVjh08ceNL/DUuS8Id/+eML3yvhqFHH3J9yPwBWxLImjkd+zxLFkpRG3VFbvJ41
KuzEyF2jPvfSE1ijKpOGH+xGX8a+2TXaWZnwdE1Kaqhscz/K6q24gjmpdoYcETJ8U3rDLq9QV65N
hQ/DuRNissSxcw/M+A2FY4ReI1yFClxkx9HUpBn0/VP0mSKrK5d/JqjAmhkT8pCk+JHT0u9c4uKK
nq72GGrEUmJErPvS+r6o1GZMClUJ9yl6fJXHnc03ffPV5id+8+GwuEeSSLL2SGPuT174Xonj2Rf3
PN245+nG+Kf833zt/utlRO8ZWkSsI7389lnayHBp5U7b9xurbHvhn2PuT9x/HeAe6XW6QtUVOuGG
KGonWY2alsmrHDUqACA7S8MxPzNvI9H8vB0PoIol15D1PfvWoSvXEdsMukJtFppvsKpcJyRNlzJk
U9JlZUsFEjEIxDvjV7p15MGhEHl7X16JjY7TOlehFivdw2GO03Jy3YH7EoZ0rYmwTJUbhro7lksB
5/0y4fFGzzF0r44Ha1RFodOjLnjatVipE0tER+qwp0RiNVkmr3/x2uHm42ffIXLzJHqL0OKC+698
akedf34X5taWVu7MzjMAADzXvkDY+SLwTd/0f/O18RGhfr8f/uWPv/3FzygPVtn2Hmo/uWPP4/EP
7tjz+PPHT/q/+fp89ymOGcI9F4LV5TrV/VJEpOdikHv6ItaogHMAKl3zotOMXbatf3PdQEwXabUN
AKC6QpBM9UzfjS9wpfX+VRcKzPj1eKP9zqWx8YjHG2X62cJgKfw6lldilCxoF2clSQZduSdRu4fD
DjuRnaVhugPXmx7iN13BSb9yw9EZH8ORrt5Z1m2wRlUa6Di8KqwLEMiZmquEHODPPrj8avMT0mX/
Xn77DX7akmTy+hdj7k/G3J8I2Y/watIP//LHxHTfn7z269PvfUTRqCTGRx79+Rt/ONP/MZfGraFw
rCuZltFpRlfvHHeNmq4mQElpVI5gjaoWdJnarUgj/cnpKO3wSnBos8mdxHxUtZPy5WAAQCgcO3cx
6B4JM2lUUr7CWGh371z8esHySoxjbr/HGyWDrhyLrXyBtfbW/I7WfCYPESETFSxTlQIsEWHCNyNo
liYRrOOW1IW4fQMLXGT/gUN1WKOmAaVmpc+TUlI7KuKb8h6MJ69/8cL3Sq5+JmYBJ8T/zdeXfqcI
U9xLvzsrRIpffvssRaMSuYZfvHOp6eVjrK/dsefx33w4sufpJtYtxyYig5z9WtOJpJqpNBzYvctW
JunxpASsUTE7akvQG9CXp4pq/UA288TICaktPd5oV+8cJQuXe1LuaJy4reIWTTUVZsC462Y6O1iB
8xMsU1MAj7zfyKoSf/as2k9SVw+PN9o3sMi6WcOB3bg5anrAWsKdWlIb2OTx7uKKatgP5re/+Lm4
YdXXjx0WGEoVi9BiMDFfl9sLF1473Jz42iO//DWlbhYBkZv3i3f6Hc++yLpl32X2u2I6sbwSaz/t
T0qjpqWLHneNil4TjwdrVNXBOtuRIiM3VRZKsqGErCXuhML3AqfxTWI4mieBuA60poKMZCddo8yp
47wXwRU97UtX0u83nBJ6LrK3k91RW5yWMxKM0lDCMIY4hnijYIpjMO2DvLn89hsvfK/kw7/8UeB+
IL/66Y+59KGRDeef3032o0E/4cS+rD957dccu+bE8/M3/sAaU/XNrq2fgCrUqBzL6nSZ2uZD9rQc
EbhrVO5TT6xRVQq6Mzktws1+45HNPhPDii+wtrwSW175rmtu38ACOs+R3JLHVcFU/Cwka3r9ei0o
DfTIocyk3xQy6AqxTk2MRYa0rD5KA9BxeNXVpipBo0IoLgUpObDQYvD1Y4fPd59qevmY49kX+Vkr
hRYXfvuLnyVVDmosMmRmbgAAWEq/iycszIcW5lcAAAvB0MK8COLt9WOHx9yf/uS1X7N+rg//8sfz
3adoLYKrbHu55PrScvzsO//+1Bdo52HSE5IS5aAQf6LUCNSoHO0e0tihgLtGLTVrOVr7Yo2artDm
uImYqYS+50hK/+ByvZ2QwkOOh8ri7pwPdy7FYN1zcd4X+La+jojXpWMTkfbTd1qacmlt4eO/vmRl
6vJKTArzHSxTUwBtvw2rRYvIHY+EVRmApf2kosCa2KbL1DZgjapUMpEdd9VlM6YcjQqBSjXlR+Wb
vvnbX/zsfPcp2/ebErvCoLn62aevHzuMVmK6TK2l1GgqMlhKjHkbiVxDFpc9+2eCC8GQd/KOd8rv
57v25/zzu+6/XnY8+6Lj2RdKK6sf2P83X3uuffHZBwPuv15G5CofP/sOv7cGABC5ecfPvvNq8xOI
bcYmIr7AWnpb/nq80a7eWaxRk9Ko1RWZXFym8jYSWKOqF0vpJkS/N6kdQygGP5KaD1GGuVA41u9c
bjuYyp854vNSnmIao0UcvuHtMfEn75td6+6ds5o3JArR+Eyc+JxhLjAliuK+qeqDYt6tatANMCX6
pIOuEKuNft2+7Wk5KUkPENcMAKCqnKsHespJuRqkRTlHFVoMkl1h9jzdVGV73Lp9J5Orrf+br8fc
n1z63VlEs9C8jUTZY1u2btvCr+DcWGQwFhnKHtsCAIisRr1T/q++vOWdupNsoDW0GLz89huX334D
AGAyF5vMxcsLQY49Th3Pviiwsc2OPY87nn0RHWoenYjUp69M9Xij7af9HHMLjUWGhgO703I4SEqj
NtfncOkoq8vUNj9vxxp1XSGidk1tUZui3JvQ8oxWjsppKdz5ZgBOpB124keNuYOukKkwg3uRfyIS
NSJK22FMdaANwX0z7HWY6wfWUKqlxJiWRo7rHHTravlRjhpUBZ99cJks0SQbmZKwdjTdUVu8o7ZE
RDs0Xaa27LEtULL6Z4JXh29+9Y9bPBKDfdM30YFfCofaTyb7FrQ7YZGp4xHanK40IFmNmq6BwaQ0
akdrQftp1OIgJI3DzusHdI0YbZKFQLfL+H0yVSdiWJG57Q0Z7HG6QrTqFJr3wviqqSCDtYcqbb63
8A+FZapSQBuCI/o1rze4hFL3NeyU52AwcsKxEz1G+XAMPAIAdJna79m37rJtlVRpGIsM+xp27mvY
OT115+rw1I0vb0l0y62y7RUYSoUYH3l0z9NNic5MJIqKKojI6Hik880A1qhJadTuE0aOwv6phpq0
1KgwyX81HIWJPP6ZIOIHDtfC8jYSeQbCVGTI20io65yga8Q2M3S2FEL8PlNbszM2EekbWLDVZIlr
CiUdpIpTQmtWCn0DC7cD30IFW2rWnju1Gb09Ryu7ZMEyNQWMjkdakijUwjwAayh1R22xugYVjBrB
oVSpkUegUjCXbDKXbNrXEP3qy1t/c9/gXb/KRFI1umiqbI8jZKq6Cry503GGPSQIsZQYmw+lZ/Jq
shq1b2CRy/Wwr6EmbWyQI6tR76TfO+X3Tt1J9lc8PXWH/D+JuWTT1m1byh7bkrdR6UkKPJLvPNPi
rGql0D+JpG9gUXgiiXS+KioivuPj5HS052IQUfdLm+wtivbGMpUPUjiUsDqt+WeCClRfxiIDos5Q
dEHuHg6jQ2q6TO2+hhox3xKjDFRn/4sRQtm2LU811HA0RhIdXaZ2e23x9tpiGFzlKAm4YPs+SzsZ
7li345wRRnbUFqerzXuyGtXjjXKxTdpRW5wGlTIL86Gv/nHrxpe3KCJTONNTd6an7lx5/4vttcV1
T1YqVqwuBlfQmSC0iXsCC2rImjWK3E1JhNBUkCHcPU4JPb2UYIUYzyXnEkKmjkpTmAqwTFUOrCkK
ysz7zdTLulbNeu/4nl3W2AuGH95J1BzCaqEZR2UwZpB/SKiy7QUAVNmolkLLCwuT179ItugxPdBl
aht+sBuWjKYcGFyt27d96Mo14WKVyDWIkvELKa1kkalKiGykBKxRwX2NCgDofDPAunEaNG+7Onzz
qy9vffWPW1K/0bXhm9eGb+5r2LnLtlXq9+KBd5Il3YBWwgmsESCl75gC7jmi2HYi+m6ICEcZL1GT
OR6NcEbHI7QVqh5vNDHPUaxFCixTU4BECdxpjy+whr536DK1yhw5MEmRnUVz35QuCUdmdWoyFze9
fKzKtpfSy4SW0OLCmPuTzz4YSKqDqPwQeo0oLd3Ltm1pOLBbaStNuYasZw7sFi5WZY5/itgLUUXs
sm1NV2+CZDVqdpaGSx0vtE0S4fhSQWQ1+jfXjavDU4vBFTnf98r7X/hmggpsencDKdQJvYY2IiJw
FZi81aTW5hdiqxEqU6Xu2SMEMsQaH2ulCE7KU+gZTlIx244z/qpyXX0dYavRwy99eSV2ybkUnx4s
OlimKgj0VM83ExTR5VKNuNjWt7Zu26K0CS6GlhQWz8Qjs0Ctsu091H6SqR0LLURuHmw6+pPXfn35
7TfOd5+S7vCE0Pacobpc1+9cHhwK8dar+xpqlJx2KJZYFQtWGyqrRYteErWUGEU9otTTcGB32lRX
UuChUd3DYS5BoQOH6tQ4bkKB+nf3jVQlml0bvplnIOr2Vabk3Zn46kuUTGUKhQlcZITSd3klpgSb
Q1ZDWlZSLrbj45BMMUlE29Vk3yIpxiYi5LAi1vI0GixTFQR6VhFZVaJzY54BVaEh7q99cIgl47du
33YR3w4jHeiJBW1TaYGO+YnIrFF/8tqvm14+xvvlRG7e88dP7nm66fVjh7nb5MpDVbkOWla0HTS0
NOa6R8L9g0tJWfjoMrUHDtWpYhmOFKvv/5/P0e1/pcZzTVmXQcrBGhXEadTllVgXhy6pdfsqVfG7
iyflApXE9dH1rdu2KMc0hDXnuYpOwgmsKiw131vjkD/jV6LqTSnWxFOC1LXBTBpV3Pddj0lBSiDl
qzVigTYSEHGhxRdYQ098LSXGVBmuYJKCn3uqiHk49aaHZNaox8++I0SjkpRWVp/p/5i1KFFm4muB
srM09Xbi3KnNfWeKTAWclkFhzqG65sq5hqyDL+197qUnUuikcvnts4hnybnjOgFrVBCnUQEA3b1z
rOOvpcRof1JZwUBWvvry1h/e/B/XR9dTrlEhQ1eup/oQvgMdSgUA2OkSYgXKy833i11T4p8kxbso
p6qfy6ejDb0O+v6JeK2kX43oO8cyNTXQ2paiS4nQLZvTHtaM3x1pOkdJP1inF7RJO2JVdMvvk3T8
7DtP/fAFsfZG5Oad6f+YyFXK+j0A4NzFYKK3mccb5ZIABjWqcsIRSWEu2XSkvaFuX6X8OZMf/uWP
aHstWh+ytESXqT38Sj3WqPEalUu6ry5T23zILvwIZWNhPnTh9x/3/6dL5jJUNF/9Q6oeyzzwIv2N
S81aWv8kgXZBZLGrEtSdKMtzAn2PpYZJB9I+njjhoWwWvwHtHqDi5SiYpRDAWKYqCLTZL7plc9rD
uuBXtk0R1qAYVtCpkoSe5qYkPJQKs4Pk16h7nm4SUaNCiNy8I7/8tbj7FEh371y8UuWYcKhqjUpi
f7Lyx0f/hUud5/KCOEuNocUF1ipl2rBJ+pEelxAT/DTq8kqs5yL7ldbwA8V5lSH4u/vGO28Nit5m
RhRusMUw5cE/E1yYRxVG2ekscN3DQi1tYZHO8kpMCeagovjGURZYU9JWB40Uh8SkUeP/zSREJRKo
EFybmhp8s2sACK3zVgKs45wvsCa8hxVgW/Arw+ZJ6gE9lNIu1ggvTE1V/zGJ9ORTP3zhfPcpfu1q
TObiKttek/lR2A6ntHInkZsXWlyAJa9j7k8810bH3J+EFpPTVN29cwAAWKTaczHI0V80PQQGzAH+
u/uroSvXEKGVyetfhBYXiNw8gW/3+rHDrF/96ERElMYMSiadLqFE+GlUAMAl5xJrIkPZti0K6fnE
SmQ1+t75IWUKVAh6RJMNdCgVAGCroamKGhWsLWH2kxJa0YiCuirykhWH6EgsZZqUVNhWOrBMTQ20
0SECuQ60EFTErZAC6xThduBb4TKVNZlkq0pGXAwAYGEelbJFe7WMSdY5WlL2PN0kYp9MCk0vH/vt
L37GfXsi12D7flPTy8doG+EQuXnQgpg0Iv7sg4FkG+FApWoqyHBy6I3e8IPdaSYwdtnKLCWb3n/v
c0T19WcfXBYYXf/VT3/82QeXWTe75FyiLS1JG4xFhgOH6tLVj4C3RvUF1libQ+gytQrspEKLd8rf
f96lnKxaWrxTfgBSX+KLTlMyFWTQLgGPjgsaW6vK74VbKHJXgRFIjlBum+r9IIDD6jztBjD1TDkf
HMtUBUG2SKZFISt2KYFVpeCMXxWBHk03Fz6c+ODyilLumElh+36jlDtv4i5Tm17+6aH2k0nF8WAj
nEPtJ893n+IuVnsuBE103yCFun2VagnmJIWxyPDcS0+8/97nTF4m57tP8ZapocWF1w7vH3N/wnF7
LosFKgWe53TNoOGtUQEA6ZTuO3Tluusj8Q2KSs3a7CyN1bKBtkG3xxtdXon5At8qobdKUngnUQMr
rcfv8kosKUv2REgjCYFylzcUoSU8hURF37tYShJRraoEsExNDaJ310hv0GkYxiKDKgZdDACA1f2C
thuNx6tKg3hJLXmNjzxK5BpYU3NLK3ceP/sObQSV47v8/I0/HGo/+fqxw1wEUigcm5xOQ39R7ugy
tc3P25mUhm/65m9/8fOfvParZHd79bNPueT6JoVKo9lYo0ISNeroeITVDkcV6b6R1eiH749cE6k7
sakgo6pCV12hs5o3oB1AKIyORzrOsDedMingd+SfCaJjzvTGhIIzdWEiMWsjBtmAVSdCELGngBIg
Q6NMAVIuPVpTC5apqYHfL2ExuKK6HKeQGIlnaJmafk3qBRJZjcK0w4X5UGKuuLHIYCkxpmqS55uZ
R2+Q1DRC4fAWhxyxbt+Jlo6OZ1/8yWu/Fl4MaXzk0dPvfXT57bPnu08lW7NKQXX+ovx45sBuAACt
3rj89hvZeXnPHz/JcVdXP/v0fPcp7kFU7qhR6WGNCknUqACAnossd1dVpPtGVqMXfv8xv75l8ZSa
tfV1hL1Gz7vsiDa1JxFdZupdtVkLU6vLaTumCpKphF4Dx2vhBa6iYKvRi2KhlDZA2ZmqzjRigWUq
T6RoK0y73BXPwnxIgTLVUmJEpHF6pu9KnYahhLVM6SA1J0n82V4Nf/fs6upd7kO7pcSYksbu6CMk
9BraYUZdrgaQlPeMcTz74s/f+IOIO2x6+ViVbe+rzU8IUapqSTgUDkKpnu8+Neb+tOnlY3ueZkwL
93/ztfuvl51//iO0tsIAAHbUFj+jeJXFG4EaddAVYo1o1e3brvBfn38m+N75IYEtZxx2otmRI3zF
k2PWWwqbJ5OwFqbSanWBaUrk1I5iFyyb+BE94xeop8IoqZOstDzepMAyNTWkt7mFuLD6JylhkEgW
6FvomwlGVu+CB9UmYBtyRME75b/we3/Zti0NB2SVDd5J1KIv08SC1TZWgVi3S5jxC6myPc4UZBNd
o0JKK6v/95WRUy/u56edLCVG5SccighCqY65Pxlzf0LkGqzbd1bZHo9/ynNtdPL6F+Lm96YBWKNC
aDUqAKDvMotzkrHIsMtWxu/w5ME/E7zw+495GyYRek1zffZ+R45YITWO1n15G1MfPECv/9IWpgLB
3cjjClOVEk0VvhOVVhihUUXUlAksU1MDvzz+1dU0/P2wwpo2LH9IkAfTU3e8U37v5B3fzLxyfAu/
+vLWhfmP5UyiQyf9siYUyExp5U7b9xtLK3dm5xmWF4Jj7k8/++Cy8vVDaeXOn7wmVWNV4yOPnnz3
0v+1r4ZHTLXhB2krM5h45sBu30yQaRIZWgxCvcp9h/HXpOfaF/CaFOVQlcwu29Z9DZKv+6QK4Rp1
0BVitX55qqGG3+HJg0CNut+R09KYK27OJ8fAmqloo4hvyoPIahRtsUk7sArPUYKJxO7hsBLWkcXK
+FVj6lZ6g2Wqsig1axEK1j8TXFexCIhnGiXOFR5KXQyuDF25duPLW8qRphTg5ODwK/UyvNdicAV9
HkRpsSsc2LvlUPtJSjuZPU83/uS1X0lhZsOP5YUF2sePn31HeD0qAuMjj57p//jfn0pu1rujtliB
NQsy8NxLT/R0/ZfwO0CVbe+h9pNkxyAAwI49jze9fGzy+ujrxw6ncW5ww4Hd22uLU30UUiFcowIO
odSybVuUvJ4rRKNWles6WvOlGDs4BtZSnkfNWuxD20ViVFibNzKR2DWiiIxfpohxUvgCa0qQ3Jh4
cLWxslBj/TfaLlLqbJA8g3Jl6rXhm39483+uDt9UrEaF+GeCUvj+J3KDoUsHCa3Ng8zsebrpf18Z
+fkbf2Bqebpjz+Pvfj7pePZF9H6k8LyhQKtMDrWflNq6CQBQWll9qJ2rCRCkbt92iQ5G4egytQLD
yESu4RfvXDr93kfxGpWktLL6TP/HrBekGoGGW1ijAqRGVXsolbdGJf5/9t4+qK3r3vtdISgCxIts
iBTGBw4vg8FvYBjHdyIx09gEPT0lM9i4047dkMS1e2qe40zSFuI/7j0xbuf+4UDbZOLz4JyYOimO
PekEbN8JOb1ScNJ5kDIP8RXhLbHN5SUivkQyNgJLQoqIcv/YqapIe6+1tF+015bWZ/JHDFtbC73s
vb6/l+8vM639yMbuEzqJ4ps4zVkkiH9klxBrN43AtGH4nMLtgkXBKEbFLyFeUJRIlCeKkgZCqvmF
k5EpbSgRfjFVS/zsvJm0zw/2jxAuUMMMD00JdK3AgWuYJIMmM03ebKomV/ubV8+/dH6AS6BG8utX
/vSbV88nYFVxocnV7vvFC4l5rp/95qS+qATz4JRNpTJUbNm0g6/WKtu2861P5iBmSwAATW7er1/5
k6QDkBKDMyIvpM5QHTq6J4kLiETRqAAjlUryt4+3Rq2uVJ89pRc+gAQCTnNWBgE2v054YypH8Ffg
5BUmeznjCJIwaLSsSCV88zDjCA6Y70f+RNEtnUkDlalkAf+mwe1nkhV4RJNMm1/Xonuwf0TuVcTH
8NCkpOdfdfvgQV9IYyrXjVZENLnalwc+fOInz+A/5ImfPAPPKM5OjQleF4yZyehs6v5/fV7Sct8o
8BOqKZtKDdPQVMujOLDa8PjLAx9ivqcn37yM7y9N+BwvXaG2reNJhU52xUEsjWqzryF1ArHfPmb2
DA+N2tqcK10SNS5I+IjCG1PLi9mFtED/JKaQeMAij66Lqvg11YsQrWg/7SJk+islEipTyQJzTheF
cIYGldcnNmGflzShipTBorjJ84PRqDxqZX/2m5OP/XAf128lbRd0fflFrIlRgis/n/jJMzgJ1Yqt
m4hN5iQMdYYqXrVQtm3nS+cv48cddP/0z/v/9fn4l0YQO+pKGppqG5pqk3g4asAfFEujghidEAux
qVR+GlWTmdb1oq61WfJgnILq3eC9qXq2XaXAVCr4e1g5ahSNXAiv+DVbvbQrlUyoTJUNuDOQgoB3
h6agbRoybUgsg+9KlQFedfuQ2zKIm7ykDsC8NSrDb149z5XCGrf9TcC6EMSmUqsNj+OUK4sLRKWH
2Zy8dZtxsctQgW/5pi8qwc+jhtn3ixdkH9grBHWGapehYpehIlk1KgBgaHBULI064wgic2LEplL7
LwzjD/pmYF4Qogzhi8tk7k3l55+EORKWi7IiFSDG41eUit/YqASt+CUEKlNlg3XOigZqoQQf5iEX
8I0XCVexBEPU21RdqQ7/x9xaIDjmXBJ5KSEFMNxNnvVGKxa/efW8EM8hTW7esd+xT3+R1EXp479e
jfoJvH1RIqJmfsaizlAlsQVOvNTv3YZ5JD+7Zk1unuFf0IEDiiwE/MHzZ8xiaVSg5FTqYP8IMzwc
H+YF4ZqtLToktFzigExHs75imCNhuc/5ECDG47fFlCP8nFFpYapRyUH+yn5KJPDtuFL8eFKceCPE
8VJWpIrcu0SGlqsrM5j/KS9Wse5vWjsW4Xff4aGpPK1GXF3xfv8IMr0Md8IQxWuelX2/eEG4unvi
J89Y3nkrVpQ6F+Znp8Yk8t21/Vf0tMzy7TI46GTnIXJ3m7fSVOo/qNi6ST2oQl7JG3/6LKupLw6P
/bDZ8s6b/B5LkQ6mxhXz7oCjUT2+ELLkksxU6oR9fhJPq4eprlR3PleQyFEImGWxss8agN9bNZlp
rC+awGxqebHK4wtZrLCeWImI0qiazDRIHRYmM45gCiZUlAKVqbKBOTmaktyEzYEi1WZ50UMaDiEq
kPYjGzteRijGwf4Rx5zrRwcEjdAIY702hcwe6PPT4Y2p2Vlp8JHC/NDkauOdqsJF40+fYc2dXnnj
1V+/8idRniKSj/96NbYxlbewEQLSXbaCytQI1BmqHXWl12234IcJ+VhWGx7n/ViKRIiuUQFGNx2Z
qVTXovv9OP0FG42ajiMbJVqPQGSf3O5fg90WuZLPAntTy4seso0S0ZXaYsoWHryIGiFLU6lEQWWq
bGBOjo4i4A+S1rSDXI9zaZ0ER76EUVyqAwC3dNa59E3rvlxJXfUjqalSV1eqke1ME/Z556L7iaZa
IUPhAv7gYP8IfAgNQ+u+XOQxpnrN2Usip6lF9MV94ifPXOg+5VyYj/q57b+u/PK3fxTdfdfyzltR
P8GfDSMusX9yFIQ7yiaeHXUlcJlatm2nkB7jRFo9U3CQQqMCAMzDiFzWjrpSrPUlkIA/2H9hOK6H
yKVRlZJIQPknsW+9hA9N7bn0veYmWaSdJjNtf6MIFb+SdhVRBEJ7U/kjxdcSmTeTuqCUB0hDdoHl
JYqjqPRh/FCC8+56d++99tOuhPkKYnokMuPsLp37aPpztM6MIuAPWq9N9XS9h6NRy4pUOCrdZNRo
MkW+Xok7YpTVTMi76r7yxisiPgsAwPXlFx//NbriVy6ZGpvUjURXqCUtrCY7ukIt/JqZmOJtEgZp
pAISadQZRxBeXaIr1AoJMkrE4LsjcfnJy5hHxUkkkJCs9vth6+QaHiGwxtW59A0Js1tESaVSCIe+
wRRlA58YJhePGjfHdfz4zUDHy67EiNWaKjV+ANIx5xq4YH3ld5ff7x+ZtM9DNlsBf3Bh7s512/TA
29ZXfnd5eGgKs5W67eAGnMOys9JEmY0WptrwuLh5J8O/sPe4Xv7PV72rKyI+0YXuUyKeTSCxhsOR
0FQqK/CXRV+UCLvmjEwaPpAciTQqAMCMagt81BDfPSgBTNjn4wp6lhWp2g4SHUyRveIX8MqmCkyl
Vleqkd5dFNmJauJVLilUikkaAmcrpw41VbAi1ZVlCUd98sa4d9utz27Hm/pmxKqhNrPtoFbSMum2
g9qxG378aGjAH5ywz4dbTNUZKn3hP7Sl3/817yT//sYc/M7b1uZc87Bow82QTZXxwtUa6l11X+g+
9cvf/kGUZ5n4+G9EGeTMTo1BfqunKTs2Nm/dBKn7nZmEvaQUpRCXRjXUZrYf2YifGoKbJ6kzVKT1
hK8se4cGR/GPj0u0U7jQ57NsJDxsYybwyVA/QH1xKQmDXgKIg/WyEkaJAzlZR++IBbziRUYOHd3D
r6zONrrW+uJiV+894QO4IXSf0PGuoQ34g445V/g/3ho13mB5dlYaThcr7tnyxG/h43KvufLGKxMf
izBD1bu6cvbffyX8PCISazgcCa0sZQVejSlwjpEonzSKQOLSqI1GTVw2tjOOINywffPWTaQV2w/2
j+CPKtBkplGNigNyqA9r0a/AWTuhULINGhQ4nkdGuFKmSZNKBVSmEoieo5eAZOA1bDMLgpQkvLud
wGZdBnWG6tDRPbv4Vl5ZrF5JxWp2VpoQpSocfX5694m4K0JbGnPC3sgEosnlVGW/f/6w8NLf11/6
1ewUrMg2wbAaDkdCZSoXkGumd9X9wV+iLbLwibXXoiSYeDVqvO2XyIpf0lKpE/Z5/CmphGhUnHo3
Eop+4bCWZQncVNyc+96OjqZSxcKkf4CfvOT9QEVAZaqcSJouSxo0qNsVyUq1oWnn4eMm3h16korV
8mJV9wldWZEMQXdNZhrvIXidzxWIoq6lKK0s3845ItW5MP9iyx4hJ//gL29Byn09KzJ8C+CKiPw9
nIwUl8ESqmf//VfwamouXF9+Ac9vU6RGao0KUBW/eRs0FVsIkqkBfzCuct+2Q1quMSqkIfvQVFmq
ye57SUmlitUblTADSziM4BddcDIiFiJlCZe4VKbKCQ8LXDIdgyQFecdacRP9mugKtQePPt50YDfv
Xbt0YpVRqgnOT5YVqfq6CoVsRETZxAgsreTB7NSnf3jh5/we+8Ff3vr984fhJ+d3Zt6wGg5HIvse
jmTgeWbvqvvFlj3xKlXv6sqpZ/fD89sUSUmARkVW/BKlUQEAw0OT+OW++xtzEjaeLQmAf9K4YtAC
LZRkgZFSUYIK3iKHicBOXUmBC0ge8jL2IYRrVEBlKoHAHWXIdAySlOysNHj2zDGLW00kI9vrSg4f
N9U3bOPdMiSRWGWqf1ubRev5hNNo1Agp6PL4Qu2nXaLYjwksreSH5Z03f3u4Jd7qX6RGZeCXf+MN
zpIoXGRkICb1MUr1yhuvYp7Qu7ryYsse/GgFDSKITgI0KgBgDNVHt5mkit+VZe912zTmweRb+yoL
rvusiMIsMRW/XFJKlIB1zyW3uIamkdnLqP8gx4OIP5NVk0OeLup/4loq5FeEKFgqUykiAM8MCC+o
gF+MlGIrpc5QGfdua+t4ckddCe+TSCRWW5vz+l4ulDStqs9P7zxe0BGPm2Usna8tiTiuTZbJLh//
9Qp+osy7uvKHF36OKQgTmR/++K9XkU8Hr2tNcXBmWnpX3a+/9Ktnd5ddeeNV15dfcB3m+vKLt39/
6plHS+PKqNOSbNFJgEYFGB6/RI1LHewfwTxSk5nWcSRf0sVQkgl9frrwBuaxGwELqtMbH6S0iz2A
S2SKJSBxjiS8u5gOpJGTmYWv8adxkIzUI/jgM2lci+6AP0iasSEX6gzVjw7srm/Y/sHg6PRncQyR
i8Ri9Vqs3kaj5unmXLHaM/QF6d0ndGM3Apct922jsJ1QvGgy01pM2fsbcwTeVLp674kb9XQuzF95
49V9v3herBNi9rvOTn36b0/U7vvFC0+1n4TMbv3gL29d6D7lXJjHfHbLO2+J+LdAcH35BU2lJgzn
wvzrL/3q9Zd+pS8q0ReVVBv+MfdoZnJsdupT/E8IRTrgY6UjEaJRAcrah6hUqmPOhe+c1LovVykt
qeTgjH9oKgDAGX+7GSsJTqVGKa5qMTbPSDcyTOJKPDIHm53fCklXwnVs7DHqhx4IfP0t62FcMCuU
XcRSmSonrJNa4KpDKZlDcamuzABgFXKAY85FWkMOnFxtVsvPjAtzd4aHpni/p1KI1ZoqdU2V2rm0
PmDx2OxrAp3ry4pULaYcQ22m8Kin2eqNK+r52A/3VRt+UL79u+GoM5OfWt55Kzbd9PpLv6o2PF62
jdP6KC7iSmddeeOVK2+80vjTZ6sNPyjbtpNZg+vLL2YmPx23/e3jv16JV37MTn3q+vIL3T/9c1yP
ihfaACkWxaW6uL77zoV558J84nuqKSJSXakWolGRpUm87fqkYHhoCvPI6kp1S2OOpItJSgJrsNoi
1mk0QPBAGkIw1mYKPINzaT12U8FDlfG250UeI6JEDHz9beTZcLpeCSn6pTKVOERpCk8ykDnn6c9u
K0umMhSVPnzw6OMEilV9QXrbQW3bQe2MIzh20z9+I4D07QhTXanWF6TXVKlrKtVirWfGEey5iKuL
Gn/67FPtJ6PU2o7HfrDvF89PfPy3s/8ePdPlxZY9Lw98KFypur78gkdey/LOmxD/3ni50H3q16/8
SayzxRJvAySFkiJsryv5xHYLmVCdcQRnHEHeaUPkgEdyRtHgp1I1mWlCpDtFFuRNsmky0wx1QmVq
bCpVrD+KWR4TJvhq6ZsZx9dCmpUiU5rxSkdkzlb2ZCkSqojkxOMj/fOBCdyNQxRbuepKWN3vrc9u
/+iA8CeRB2LFKgCgvFhVXqwKx7mZWP7MwtdRhQDVlRkAgEcKHhTxqSPp6r2LM09cX1Tym1fP73js
B1wH7HjsB//xgf31l3595Y1Xwj9kvGqEK1UR1aaQNez7xfNiJYejoBqVQoHQdGD3xXMfwl1tvWuh
zteWek7p+RWYwLOpukItOc0v+KnUFlO2RDcOitLhklhth0Sw2jIPC3UkZV1ea3NubIuTc2ndOrp2
2eyJK5UdWb6LqSe5XrF4U6nkQC2U5GTGwWfmFb63e8KAu3HgCAwk8IRqwB+c/pxnnychMGL10NE9
Qqq2JJ2zCv5eEtzSmNPanBf5H/NzibYaA5b7OJHIasPj//HBKESjhvnlb//wm1fPR/6EUaoTH/+N
9yK9qyuX/xPXlFVSJOoadX35BdWoFAoEXaH2iaZa5GHOu+vdvff4PQW8MZWcit+VZS9mKlWfn76f
lvsqDRlTcPr89K4XdcKnFsX2NInyR7Uf2djanBcbhNIXpLc05vR1SWhUidnsGnlMXH+yXPKVylRB
SPFdRZYDYfo0JBmG2iz4AbztiIhCEWI1kXh8ob4rsLZkhsafPnu6/xrEjiiKJ37yDKtSffv3p+Kd
FsPw+ku/IqRdU8h0Vi4++Mtb/72hlmrUZAJuz07hx/a6kl2GzcjDbKNrfVfjvs6gG1OJ8dYevoab
Sm3dlyvcuSBlcS4uQ36rUfgLG6uL9PnpfV2FojiPimWeFElrcy5SP/NePFIlsh6ANBCO8g2OOoB3
sbGIKPtDnJTQSzYr5cUqeNfuhH2ewDwzP6hYDWO2epHZ+Md+uI9HQ+YTP3mm8afPRv3wQvepf3ui
Nt55qn944eckVPyGsbzzplhK1fXlFycO7P3984cJEeHJhLyigpzq0CSjoWknznW77+oqfLRMLDML
iPIrQrKpAX9w0j6Pc2RZkUp4WiyVge95yotYhjMLHxAoYyrVeXdd+PoBAAMx4wyEOyeVFalw+vhM
Ro0mk+cmXyJnYKLOGQtVRHIili04+YiilJAd89dtt4Q/CzlQsQoAuGz2wA8o27YzKi+Kzy9/+8ey
bTujfuhcmP/984ef3V32wV/eQmZWXV9+8dvDLWJp1OJSXex//E7FKFV+mWEG15df/OGFnz/zaClv
a1k/1IWSIunrw3snRBFOy1NGnLG08V6W4S4P5DSmTtjnMI9sO7hB0pVQkgx9frrwVOqMI4hTosWD
7Cy0bGMm/zFJl0ajpvN4wbGDCSps4ZePxXmgpNC2dTnhZwu+suwlan43wBhV/9XSN8IbF1sasy9b
7kMOmLDPG/duE/gspEGywZLU4NgL/+bV8/i1vlFocvOO/e6PL7bsif0VI1YBOBwebFO2bWf4iWan
xmanPrX919WP/3qF31MXl+p0hVp9oTZvgyZvgyZXi6hpX3X7Vpa9K8veFbfXMXvHubiMrB2wvPPm
uO2jX/72j4/9sDmutX3wl7eE/GlhUrM9AR+JXh99frqpPqu6MqPj5VScXkYC6gxVy8+M58+Y4Yd5
10InX1vqPqHDLKGCm1noianinsBLpYoiOSjJCqs0ahfDERqnRAtJ7PJmF4KYYZfyYlVfV6FzaV2T
lZadlSZF+TEOkb2sOBZNzAGiDH2NC8VsWFMKuKvtiluez7Ts6AvSy4pUEDedlWXvpH1+e11JAheV
IFJTrCIv30+1nxToarvjsR889sN9EEn28V+vCBdsDBVbNxWX6opLH+bRFpirzcrVZjHxIONeAABY
dfscsy7HnMsxd2dlmf2Fci7M//bwfn1RyVPtJ6sNj0NGqk58/LfwvNZ410aRgv2NOeXFKpt9bexG
AGdTpclMq6lSG+oymSpKUUrjKLzRFWqbDuwe7B+BHza7EOy55MYcxwJ3ktMVEpGZXFn2YsZfWvfl
Sr0YSjJRUfKQOF2pw0Ln0HAptLiWF96DRZVUtDbnVldmmK1em32tpkrddlD756urcQ2NxwRTZ7J2
robFquirikUBW1UKJUyLKQfukTh8bSopZSpDqonVsRuwIYGaXO2+X7wg/Fn2/+vzkmqziq2bNm/Z
VLF1k7glebnarO11Jcyn3bXonrDPT39+m1Wv/j0zDPRFJfqikrJtO7Pz8gAA47a/Mb/lMe4VB7+f
j5M5hSE76wGTUcNozhlHcGbha+fS+ldL30TuabKz0sqLVfqC9PKih3iP4qRIxPa6EsecC5latFi9
kUO/uEDOdSMkm4qfSqVdqRQuYhVUxkMP/PpZEVKpNvuaKLMnYikr4nkFjvpqM8NsaqrU4Mh3P+k4
snH8RoBf9SU++NnRRKZSAZWpsuNcWidcKhCFyajpueiGXGVWlr3XbdO7DBWJXFWCSR2xCs8eGP5l
H+9y30h2PPaDsm07Rbexzdug2WXYvKOuJAENY7pCbUPTzoamnQtzdybsc1w7RUaR8u41jRda9CsW
zPjiuB4SNdmYIgs/OrDbuehGfhHOXnLXVGbA32JkFysh1s2Yk+FM9Yg2BwolTG522ul2nSiROOto
tG+ZeKnUDH5L8kRcq/X56awtAOXFKrhMNdRm4jRJCSEqlRr7K4mSq9RlQWa+YnNRgneqcBX4yQv8
Hjl+E5YWi4sWUzb8gOGhyaSx/IWQ9AZLyOxB40+fEeu5RDwVAKC4VHfo6J5j7U27DBUJNjUpKn34
Rwd2t3U8uSMhNQWNqHxIKnwTeSNpthnuCkuIJWwqcOCpepyLQPtplwcaWYC/oXkbNCT4J+FX/NJU
KoWLWBXU3JAtVrVIvPbaUUCyiLxXGNniV81RNhx58tbm3Mge3f2NOeY/FXU+V1BerOp6Ucc7qcsK
5O+NEqXSFQBTmUoi8I/7yrIvYSvBJyODxfpcCvY35sBNLAP+4PAQ7tA2pSOiWO27ugLfJyUY5GJ2
PPYDsZ7L8C/7RDkPI1APHn1cXpOzXG0WI1Yrtm6S6CmYGetPNyO6y2hCFQL8xamu5BmbpxBFrjbr
wFP1yMO8a6HO15YgB7BGtMPkaYlQfZip1OpKNbElPBQCEetiGFvxK6K4gk9M5CJqn4OjdcuLHop8
rprK75Rt53MFNVVqI2oihuhIXQBMZSpFYWRnpSETqtdttxbm7iRmPSQgiljtu7ra2kGcWE0Mun/6
Z02uoJI5QgRqJLnarJafGTFnY8TF/sacnlP6mir0XpO2p1IoRaUPNzTVIg8bvxnoucQZuYAXvBBS
8euYxbrtmuqJENVwcFQH76YbSlxgWmEjia34jYuwHhNR3EZVjdVwCPLI6oMoKRuVgGVOKPVAskTO
zqUyVWak7opOSpAJVQDAB4OjiVkMOQgXq961UFisirs2PouBqmWBqjKW8u3RA1QxydugaTqwmyiB
GknFlk2Hj5vESquWFam6XtS1HdSG9w3wzRzNpnKBjKM9UvBgYlZCSQC7DBU438HLlvtc9ubwJoiM
TPkrfgG2bDPUJjrhwwM9/QLKQWxqrqwo7s58Vjy+UJRfLj+tJa5Ci5IAXH9pZEQ48v+rK9VRGt7j
C+1vzLn8H1IVUkWRAC8lKlNlhkdPIJkJirwNMEcEZJ9hXOAkVF2L7qFBkU1xFIGIYlWucV4MGmgA
1btKhP7ZZdh8+LiJcHNpZopj04HdQk6iz09vP7Lx7KlHojz34Zs5J5WpHCAv47QqMsloOrAbJ+fZ
c9HNeruE25OS0GzsWnTj9KKXFanESo5ReKA4S/AWE8IEGxOB+xmkS5Dz7npX770u6CgKlkdFSIDq
SvQ8G+aYsNtL7AictoMb2g5GX2dwziwQk/4BiSQrvViQCLwQn8wEBbywUPQ6UpyEaqqV/kYiXKw6
7653995r7VgkdgDj7NSYiGerNsTX6aor1B4+bmpo2kmCcwkO2+tKDh838VhtdaW683hBX1chq+tJ
eTGsKT2wRi2U2IFfxvm1OVFIRp2hajqwG/kF9K6FunrvRt0xxY3zSgRmKjXxvXOUSEiOEcTqHBEH
F102e4Q83Oz8NqxRWfVYd+89i9VrjLNSIPKrjTN2NeqGa6iNzg+FwxBhadqKspCIl9jXQdIaYHI/
rxQKhOystLZD6Mh0/4XhVTeJjlOJQRSx2vGyq/20K/FWwMigr+Wdt0R8Os9KHHXOTBKVkH4wfHSF
2p8/99/wl93anNv3cmH3CZ2Be2cJz6bS3i0u4Hlm4QWHcGEDL36hSISuUNv0Y3RRw+xCMGo8ODLO
S0LHAWbpRDJ5g8nuZA6/mMPdoRVBpKWtEMxWb1R5rUTKCl4FFgvz1WY888uLvidBWa/hkfsiTWYa
cptkqM1sbc6T2nCEDqRJZjy+xDUiJxkmowZZyRDwB/svDMt+L5EXRqw2HdjN20pn/GYg8VbA2Vlp
8JyS5Z03XV9+IdbTYc5NVWeoDh3d09DEs5FVdnK1WYeO7sFUqh7ft8jS06g7ayypHCeCAM+m4oTV
4cC/qqK7alEwqdiyaZdhM/Iw2+jagOV++J+KmIKLWecl/LOdGOB1Igyyl7bBJywo4mMTJjZF2WjU
iPJp8fhCfVdWhZ8Hh3jtZsZvBsqKVIwTQaQZ0owjyJob+J7HL/TFqalSM606AIDZhWBU+aE+P50Z
bBNv5Q48pSwFVKbKzIxD8eEuBjX0cumEmunzpgMj0uZadA+lnp1SLNvrSo61NwkRq0zDqsCxY3HB
NUOMwbvqPvvvvxLruTwr6A1HcamureNJEhIXQmCUNo5SvWy5j3y7kdFc5+JyHItLDQL+IHz8NW1M
TWIamnbilLecveQON1zA02KElHXgaLYE9MiJRXZWgnbhFMBR7hvbY8mPy5b7iUmlgjjtZpiDGeNr
fX56ZD32gOU+672VkabMeCpIlROTid1vys7OSmOepXVfLohQuab6rNbmPJNREz4JpjlwwtRpGCpT
hSLFxx258yOw5VIPvVNKZGisL0g/hnEhm7DPv98/IsUCFIdAsepdC3WeWZKlBpiVj/965e3fnxJ+
Hu/qCjKbWt+w7eDRx5XSiQqHUao4n4Gu3nvwvFx2Vhr89iZ7woFAkLXQyBw1RdG0PGXEuZJ0vraE
U8CSsKHlEDC/5jgpSkqqwap82o9sFKWN1rm03nc1QalUrgVw/YpRm0w7a2RQ3uML2exrUcHK6kp1
WZEq8pw13EEf26ivujKDGW/z1dI3+xtzmHsKI1ZBxC0mnCqDiN4opHNLYoXKVBIhucedNFoac3AC
tBP2+eu26QSsRxEIFKvjNwPHTjoja9JEx+MLtZ92WTCs+S50n7ryxqsCn87yzpuQ3zLeJ8a92wQ+
C1Ew9r84hi7dKOtCeFgNnjZMTZDjJRXnxkmJCyZOhDzMuxZqP+0CSmgOwhxAkHwfbHp9Ewir4Glt
zhWrODx2FrGkfj/mYR8AwOMLMRuksRuBsZucJpQzC18bajMZORr51bCNrrF+UyKjPPr8dK6iG48v
NHYjUF6sKi9WeXwhry8UdlEKZ1PD5w/PWY3X/CkK6V5VKocoiqfjyEaccoWhwdFJ+7z0y1EMjFit
b9jGI0PoXQudveSWKK3KaNRx7ot7FK+/9Ks/vPBz7yrPWa/e1RWI0GU2lISPnOGHrlB74Kl65GG2
0TW42zM8Q7KyTHtTo4FnUxVUGEnhja5Q29BUizxsdiHYc8kNbw4ioegXGXlhUJCFNWZFw4qbylT+
sGrUsiJVa3OeKOcfuxGwjX6vb0VENQU51fiNgHPpG48v1N17D/KZ9/pC4RxmTYS1WN+V1ai7qnNp
ffxmIHKYNrLiNzsrbcYRnHEEDXWZ2VlpTKMykwPTZKYxEnfGEWTs+vBTqVzQgTRJiyKM5kVBOvcd
fUE6TpMqAGCwf4Qq1SiMe7e1dTzJT6xKkVZlNOrsQnzfC8s7b/7bE7UTH/+NxzO+/tKvnAvzrL/S
FWrbOp4kYRcoEUWlD9c3oLPE8IQqvImL9qZGser2Se2fBKS83lLEYpehYgdG/Ouy5T58n5CRqZgU
pVL8k0D8lq2yAL83ETtMDoImM+3UcwVina3vKs/gNYRIV1supWodXZtxfN13ddV5dx3ymZ9xBA1/
z2GG05tjNwLOu+tRZu/M0NewS7bHF4JU/IZb2SN72pmkLvMskala5tV+ujmXWF9oBXwPkxv4zG4u
MAtsEgnSV0ZSQW6oy8ScDTXYPzI0iOXpmjqoM1SMWMWxoIyCSati9lDh0PnaUrwalcG5MP9iy54T
B/bii1Xv6spvD7dwVfzqCrWHju5JjmZUCMa925CGLs6765DZ6PAJEynusx2LYxbRmCrKxA74l4j3
hCqKuDQ01eJEwfjtExJJyo6ekrdaREERCkxa9+WKZSA3diMQVZMlabkvA+PDMn4jMOMIXrbch5cP
VFepmfRm5PhT5lYblcxnaonD8nJ2IQgxmPT6QswfPuMIjt/0Mz8cu+EHAIzdCGgy08LKubxYpS9I
bzRq9AXpxAY1qEwlFHjdF3UliaW1Oa8Rbwz0ddst6qgUizpD1dC0s63jyYqtm+J9rG10rbVjUfhl
ru/qCn6tLyvjto9ebNnz7O6y11/6NUSvur784u3fn3rm0dKP/3qF9YAU0agMOIYuQgz96UyaSG59
fhvy28g9BCXpYfreU+Q6o6xq9kfwZhfT3lRxEdGZRYpUKg4zjqDz7joTWoJPwA4X+kZ2ijKWHJF3
ge/yqxFWwNWVasgL9Q+H8L83C3h8oXDgkpGm4YOdS+vMR12UeRxS1P0qpk+AQkHSdlA74/gaJxc3
YZ9fWfZh2i2mFLnarJafGRfm7nwwOBpXNMS7Fup42XXsoLalMYffU4voyOdcmL/yxitX3ngFAFC2
bWd2nlaTq9UXlTB2vjOTn3pXYX9aSmlUwOyVf7x74IIVcozz7vrYjQCrgkLKqpVlb642C35MihDw
B6c/g8lUqlFTDV2hFvntg5OnpVNwxYcOhZIaVkkjltuFdKlU5Hki5TH8eh7lkzR2I3DZch/EtHB/
l1+NOBh+Wqa0zeMLjd/87pY9/v0UQmSq9s9XVx8peNDjC0k0j0M49HtISR6ys9K6T+gwOxsdc66L
5z5sOrA7iTsPeVNU+vDh46ZJ+/wHg6NxFW2eveSecQTbDmp5xES7UI6yYTS52vLtO6sNP3AufOFc
mB+3fQQ5GDlpJopU06gMFVs2VWzdBFdQZquXiiiBwF9hEI+VxYDlPu+QEIUoKrZs2mXYfN12i9/D
eY/CFhGcIXlJOcJAXgsleISCZOsTrrSbWNGBy1JOIoATWVYWV4dzd+89RitGKlKPL8TkVyOnyEYW
CcfCbICvT/j/saQIxV5TpQ6fn5l802LKDn9UNJlp2Vlp+oIHIxOw+EhRVp2EVw3FQWxFeLzA9V64
RF5SGKWKOafYtei+eO7DaWgNXiqzva6kreNJHJOPSCxWb/tpV7ytqrGxT1bKtu186fzld2/eO91/
7We/OfnrV/50uv/auzeXf/PqeX1RfOtkJaVq8KJ4AuU7Op4sVyoZmUBZuBnwpgLY7Gs2+xr6OIpC
aGjamfQNw4qbRhMeUwlB3qJfeISC/JbmKKor1Sa81i04ZqtXOoNfJJEvO/4EbLPVG85nRg2nYf4n
UsAzB7DeAsKC8//5zB/+J9OYyhD5CputXma1/2v8u1N1n9DpCx5saczhMeJYoheZylRCgccdyWyH
IGHIOIhTqQb8wYELVmqqxIU6Q/WjA7sPHd0TV8B+diHY2rEYVygXJ/bZ+NNn/+MD+2M/bI76uSY3
74mfPPPmyOwvf/tHTa6g3HjTj1M3u56rzYKHJJx317neU7hRhJP20gMAAFh1++BOM2VFKpyMk3Np
Hb/0gKIUWp4ykpAXpYRJyvQvCXClUsWaQyPESSEukK2YmKEZjy/Uc/Efd8lIcTtgvg/Y+rpnHEHr
KItMDWcIRsbWmH9G5UUj5e5lswcA4PF9yyje3Ow0pnPVUJdJTlSafgkJBf7hpqMI4ZQXq/CVKgDg
uu3W+TNmakzFRVHpw8yEVfyHMIPpMSsFPL6Qje2CG0njT5/99St/gh+z7xfP/4+h0bJtO3FX+X12
GTZXbInbPiqZQFo9c3nWw40iAuQ5k8vCJ1ZEVWeLCauIt6v3HjxPgowQUTlEIOoMVcvPjHKvghIf
hG8bCBxMxSXtyopUojSVRKYlv/tJAlOp/Lhsuf+9HGyEoxJX5W1X711WmRCuW1xeDQEAvglx3g5s
9jXmhfqf133/n2sdAJCXnQYAaDuoZVpV4/U8o3NTKZQ4YJQqTtEOA1MAfN02LemqFI1x77bDx034
G1zGVAkyyCQMUqOWbduJ1KgMun/655cHPuShVPM2aOLS4UmJrlALf3/F8rdITSbsc/ADcCp+Byz3
keXxyL0pdbQiE12htgFVe09JGDiqSd6BW/IOAhQXzCAdnKi0pOzgBOs9vtCA2RP5k3DCM7x9ivoo
9l1dmV0IslYUe3zf0+TOpfXI/RWjS5lPRXji/dLydx6/jDNCdlbajCOoyUzj4f0rhVKlMpUiGnkb
YFufxF8u41WqAX9waHD00rmPCI+PyoiuUHv4uCmubtXu3ntIpYrssjv2uz/iP6MmN4+HUk3ZltQo
4DXPCtr0kMakfR6+ozXUZiKLDJ1L6wmrZ1McC3N3Bt62Xjr30fv9I8qdgbTLUBGvHQBFXshswiIT
Tuek/HRRulKj0pJAylRq5N/C9SyzC8GOl11dvfcGLPeZIO/YjUDna0sDEV1OPZfckWuOzGGah1k+
WuGZCKxhlPAQGoal5W8iT9Jz0T1xK/D78/dmHMHYcOfXwW9t9rXO15Y6XnZ51+L2/jU7v6UWSskJ
Vx2d4oDnYWQpPmH6VOMqXXDMuc6fMVuvTckbJSUWpls1rlk+SKUKDzdWGx7f8dgP4lji35Uqfp/q
jroSZFg6RdBDZSrXt5jA0jLSGL42BT8AZ5eGLPdNTQL+4MDb1ovnPpz+7LZjzjVhn//Ta//3JMqt
ilgammpTtkOeKDBdZ+U1+4XjZbsy4/dDiQsk1RZpY8sb59J6VFoyMeW+zLNAnsti9Z695G59cbGr
917na0u20bWzl9zHTn4FAHAurVu+vzsKexeF/Y3A97tVGWOC2G2txxcauxGITYFG3jK8a6Hf/cfd
//eLr1/9M4u7wWWLp/PMErK6LcFQmSo/rNcRilgwSrUxzkDd8NDU+TNmagLMRcWWTYeO7sHfS0GU
qnNpHb7zbvzpM3GvDwBNbt7JNy9jHlzfsJ3HU1DCwJ3rk97CFMn057fhKRd9fjpyFA1OuW8KEvAH
GYEa9cPB/hGFKtVU9hsnCrgzHCEg6l/YsiCkWS43GjX4g7gg/PnqauKjeJHqFKmKLRHKc3Yh2Pna
EsQML7LKrOeSu6v3nnNpPXwXiHXi7bu62vGyC5kCdd//BgBwY1Yx6TEqUwkFbmMNt4ukxNJxZOOx
OMN1K8vegQtWWgPMBTNfFL8+jUupfoXqf6g2PB7n0r5jx2M/wHnsjroS2qpHkZTrVkTTu6ke8Qmc
cQRpuW8s05/f7ul6j+sSPdg/otCrt65Q2/Tj3XKvQmSQl3qF4phFz4yVDkImLPBmf2NOx5GNws8z
diMQlZaUNJXKZIZjnyKuJ7WNrsVGHi9b7refdvVdXYnqKbVYvcdOOsN3gahYg9nqFWtU7AOSGCHx
h8pUQolrKDAhqKGXS9nLAlsac7pejMP+l4GpAVZ0s5N0MAXA+M5D3b33Ypsb4UXvmlyt7p/+mef6
ANj3i+eRx9BUaiTw4TGszZOyf7UJZ2HuDjKwuL8RYR/S1XsXP1EAD6gnR5pu0j5/6dxHAxes8O6M
i+c+VGj7RsWWTUjnbXLAqaxRnAGbKMaz8iJFaICfTQ7ro1qbc0Up9wUA9F1dEeU8+CAVKW+dPH4z
wHSfRuFdC4XvApGp/q7ee93cWVn1Q4j3K+f7t/VvCfNFVp4WohALvKsNXhaYGGqq1H1dhfG6bAMA
JuzzPV3vDQ1+qtAdj6QY925rOoAb+G8/7YpSqvCi9/LtPKfLMMQOWY2iuFRHU6mRwLNPrNVidPwJ
nMH+EfgBjUYN3DyJ8XXEf0a4HtAXbsA/FYFM2ufPdg8O9o/gVBUxk7ETsCopaGjaqZSC+eSIffBD
3ox9cRnMVYHk0IA+Px0ZnsPEbPVGpSWl7kqFnD+qDFgiY6FwLLL9tMsC9f4IfI149vtse7AH41eH
dCANhSICTKtqa3Muj8det93q6XqPuivFsr2u5PBxE85OxbsW6uq9m8j8G7zul5pqRuJadCNaKNk8
RZDNMKkcCJi0zyONQJ+GXo5mHEHWyHoK4lp0Xzr30WD/SFzeqo45lxXlX0UscZnVEQ6P+RaygzMp
wK+0udCJzxKzCpj2IxuR3uY4kDaEBnAUA4srVrt77zGGTBIZFnxDTI0Ulanyg5yqRBGd1ua8ns5H
8GfVhAn4g8NDU1SsxsK0quLsqBjngAQsCYeKrZvkXgJBTKAsZ1h75uEB+1ROpQb8QaTBb6NRAzcU
7eq9K+qilIr12tT5M2Z+vgzDQ1MLc3I2EPJGnaE6dHSP3KtAg/M1j3e+BQng6Ch5B9LAm62IHSHW
2pwrllrui3FOSozBLw/EFasWq5efK29uNuxTnakmqzmVylQRIPYrQRpE9bCVF6vOnnqEX1qVilVW
8JXq+M1AzyWs8KdzYV7gqjwrnE9UXKpLmkyFcAL+4IR9DnKAJjONtegXHmjL06auTL1uuyUwlRpv
uW9SEvAHz58xDw8Jyoj2XxhW6LVaV6htaKqVexUIML/mRO0BcMCZSSOvbwW82YqE+VWxqVRDbWZr
c54oJ59xBKOsgwjZkON0rsq11FUP7FOxFuC/KinqfqlMJZRHCh6EH0CggSHSRIHAwB7vtCqgYpUN
fKV62XKf8VuH7wOcC/PeVf7WCN7VldmpT7l+C+/qSTWu227BP8ZcMwPg3+uUfZFX3b5PrLfgx8BT
qbTcFwDgWnRDvHzxUXST6i5DBeHtCRmZWPdQAvcAcJA7MQZ5E6pwYkMD1ZUZsqyEIV/7YLsY1r4M
Siw2gQhUiXpZCZHu/KAylVCQMTwCdZFCE1NMWvXYQS2/mddUrEaBr1S7eu95fCHkbLqP/3qF92Ku
vPEK5LdKsSdJAKtuHzJbZaxlkaljNwLwgD3+cN0kY3hoEnlBgKRSPb4QObXxcuFadIto1euYcw0N
cgatCKehqZbkrxLm2uC+7gSCk00FAKy4ZZOphKcHYtNr/0dbvigtqQCAAcv9qGITResxEuD3Akqa
GaYylUIBAICWxpy+rsJGI88CRUasvvK7y3R0DcAe+uddC3W+toRsULnQfYrfMmanxi7/56uQA0je
9iWYwXcRbrT6/HTWbCqyNyY1YwELc3eQjb7wVGrf1VXevXzwMmylfOzF1agM1223pj+/LeIJE4Y6
Q9V0YDexsWDMol/FuSgho6gMgTXZpCCPjwRmilg4sRp1Q+6D2yrEaUl1Lq0n8ShpgRNZo8CpxeUt
NcOPYv5H9LpfKlMplO/IzkrrOLKx60Udj4k1YZjRNVSsVmzZhDOlZvxmYMByH/6COxfm//DCz+Nd
gOvLL37//GHvKmetoDpDReyeL8FgDfY0ZbP+nKnc5iJvgyY1X2RkalqTmQYZGDh2IyDWrPZYMOsz
5SXgDw68jZiJGgtORczgu0q9OOsKtU+Q2qSK6ZQ241BYNhUz7wcfNy018GtsbAYbM0UsEFa58vj/
Jprre1fvPaU4J2GCHHITO+omAU8t0QPxoTJVfhQXX4QAv1eN3/QnbCW8qalSd5/QdR4vwAyjskLF
KgBge10JTj9V35XV8mKYVyEAwPLOm3944ef4Taof/OWt/95QC+lKBcqfHikiyMGemsw0E1uhwYwj
CM/4VWxJRSPlSfs8Uva3mLK5dsAeXwgyqz1FGLhgjavfr9Go6XpRd/aUHqlUA/6gcu2UtteV7DJs
lnsV7OBk6RXXm8pqGhdLQNaZNPB7GetkciHbG4CRMYs9oKLkIQAA632EBwOW+wkelJpgxMpJsqrZ
qJ+E/2nSP4B8XvjrLMW7QGWq/CjRpZ2LpHH1NNRl9nUVth/ZSMWqEH50YDey5tO7FsIJsVveefOZ
R0tff+nXs1NjXMfMTo1deePVZ3eXwfOolEiu26aReqB1Xy6rphpAZfxS0D8JZwiNPj8dYnQppNw3
Obhum8YfPNNo1PS9XNhxZGNNlVpfkN6B4c7iWnQPDY4KW6NsNDTtJLNsG2dV3rUQfH4VgeCk6OXN
psLx+FiUg17Kut9YqaPPTz/d/rA+Px1T9sNJ7nLfWLi0X9TrjCkRIRo1rmeP9+e8SUTqn0JRKCaj
xmTUmK3eviv8N44T9vkJ+/yOupL6hu25WtEqXpRCy1PGnq734LmL8ZsBfX468hX2rrqvvPEK44pU
bXg8+iS2j+JaGJlbvQQT8AeHhybhx5QVqVoac2J/7vGFLFaYvlVnqFIwm4ozhAZS7muzr0lX7qsI
cD6TDGVFqo4j+VEbX0Nd5v7GHORrOGGfLy7VbSfbPpeLQ0f3IC+qiQczSD12M2BKSNGpWJQXq6IS
d7HI+17oCrWQsA5rFLimSo38o/gRq3Y0mWmdzxVkZ6V1PlcgylOkYLmv6KeNIvyuxdVfmpiXXUkX
C0okflmLTFIKKlaFoM5QHXiq/uK5D+GHOe+uazLT8Ie8xStKY1FEh57UIIfQAADaDrJXlCGVwOat
KadRcQyTqyvVXKN9PL5QV8qX+w4PYVmmtzbncmWk2w5qZxxfI3fhg/0jukKtEsNVmBfVBFNc9rD1
GvqwGUcQGKVfjXjgtKfKOyCQx71MI5LXbhSsGrX7hI6JJYmSSu27upI05b5cahCiEs3Ob036B3D+
ZBwTpij3o6hnxzxeamjRL7nAfWUInJsKAFBDL5eK60uJxGTU0DJgfhSVPozTTyWWST0Fk4A/iDPY
k9WK2eMLDZg98MfuqCvlvzhl8gFGKSmX7AcAdMdkCfgB9ztQZyBawWUk4A9etyE+kwCA9iMbIVXT
AIDO5wpwajV5uDQRQlHpww2E2SlhdvuP3VCARUUk2O2psn2Q4Hls1nhNeZH4FwFWcdVxZKMo6pQh
KUdJS5RKDSO69W6CoftCipjooZHp2DHTioOKVX7UN2xDWkF6fKGyIprhTBzIVKomM41rsGff1VW4
oMrboCkqTa3G1IW5O9OfIYadNBo1XJs2m30NOd0HE3jRB/wqLS+YGhVpxIJZYbiy7B24YMVdHGHs
MlRUkFSwoM5Q4aSmZxeCytoJYCYenYvLUq+EC0yb5UiQc+CQRIkfVi107KCWq3IkXpxL66yjpJWb
SuUCksyM+nmkPRKTZY09Jq6fcP2Wq501MVCZSqHEDRWr8cIM/YMf410L1VRlUKWaGHBSqS2mbNbR
BTOOILLit37vNv6LUyY4hslcXam03JcBOWx2f2MOplloTZX6GHcPcBjHnMuKsrwilqYDuxuaanmo
FInArKAeh871JQ3MxKOMo1ORsNpWiXirZdWojUYNq6kBP9pP32ntWIwKwCWfRg2TxH9avFCZSqHw
hIrVuCgqfRgZ+zcPe7tP6BKjVEn2ZkwAOKnU/RybjJ5LiLyBOkOlUHMa3livTfE2TAbilfsqGtei
G/4a6vPTWznS+6y0NOYYatHJnOGhqenPEWlwMlFnqHYZKsgxO0D6ujNYRaoaSAzkj05F1q18xdYF
gJwDJ4SyIhWO5zYmfVdXnHfXk/IKKVyOCk+cEg6VqUSgrBoY3iTln0nFKj7I2fTetZBtdK37hA5n
cykQkoPfUoOZSuUaQoM0p3nUSOhoR4nAeT31+elcuQWz1StWua+iQaZSITqfC8wr8+C7SX7tTQzF
eHX+CsumitdaKReso1PFqvuNSqVqMtMY2ySBJw/D5YOgaOnFEPsnMC+muO6+rGeLd/ypjK82lalE
oGhvoUjgwdTZhST5M2OhYhWHXG1WfQOiFrTvyirTV9Z5HMsEhcKD6c9uw1Op+vx01lQqzsC6vA0a
HMesZGJocBRpoNLOkVtwLq33XEzpxH4Y+KxUTWYaZrlvJMzFBHklCfiD/ReGFWqnRA55GzQ4qV3n
3XVl7Xlw7kT4k36lAF5uPbPAMhhCChclAEB2VlrHkY0iGiKy+iAkgUblgsefFm5MFeVlIe21pbtA
CkU0qFhFssuwWZ0BC047766P3QgAAAx1mX1dha3NuUJeTAorw6hmPK60Vc8lN7Lyqn7vNvhbnGQs
zN1BpgENtZlcuYvYGYApC9y+3lTPswOzvFjVdgjdM+ladA9hGDVT4GCOoTJDRy6TBvkJ1QyofTdH
0a9KeCA4tivVeXe988xSV+89USIRYzcCsT4IpOkoEeH9p0XaKUmEXC87lakUisiIK1bJnDzEG3WG
ClkRGt7BZGeltTbn9XUVdh4vaDRqMF9PfX56o1HTebwgrja21GFh7g68A1CTmcZadD12I4CsTdUV
alOtKxU5hAbinIRTQR0vY6iKSjInhS7M3YEfUAOd0AbHZNQ0YmRiJ+zzk6iIAwUOZnuqzZ5sVe7y
3qnhX2pWCyUAgFg2vLFYrN7O15a4nhcfpA8CJemhaQpKQvH4QikyHtNk1JiMGrPV23dlFT4fAsKE
fX7CPl9cqqtv2JY04z12GTZ/YoX591is3raD2sjPiaEuk7mhenyhGUdwZuHr2GYbfUG6Pj+9vFgV
fqAHmqSSt0ZLRibsc/ADuLpScXYMSD/nJOO6bRq5PeUyTMapoJYCMnPdSAMqgVvqjiMbZxxfIxtP
BvtHdIVaMpW8Iiguw5KpTN0v+VlKhvLih5DhJHkrxuFuz1yLr6lSWyRIa+vz01v35fIo0Y9iwHI/
9gubxKlUCitUplLEBCmlZhxB4Y37CkIUseqYc10850oasarOUG3eugleJ2kbXWO9yWVnpdVUqTE/
QrRaOJaAPwh/5bkMfs1WL3KLv8uwOaX29wF/cHhoEn4MV5cvoOW+32fFDdsui+L+feq5gmMnncjX
fOBt6+HjJjLFPPmoM1QVWzbhOCcPWO6LaAYrKdlZLANXiAI5DJk1KCC6VaEmM63tkFa4QAUA2Oxr
Zy9FRwCpRk1BUiKvpVDgWUd/CvuUKg5RyoAdc66L5z68dO4jZHUc+dQ3bIcfkJiSsKTs/oWD7qKs
y2S98uA4JzU07eS9MCUy2D+CTKFE1QWEsdnXRC/3VTTwO5ooNTj6gvTO5wqQh60sewcuWIU/XcqC
HDzGYLOvJaX5vywg44NjN/2xP8zOShNx/FtZkersKb0oGnXGEYydI001ampCZSq5wOthkqxlMRWg
YjVMrjYLflu1jYqwg0FWlCHrDJMPZMXv02wNvWarF1kLkGrlvgtzd6Y/Q6SMqivVrKWqHl+oJyZR
kOLA72hizXisqVLjtKw75lxDg5+K8owpCKaLknctFOuOQ+GHOkMFv6VyDQHi7UwWhSYzreNIPmt3
Q7x4fKH2066oqgeqUVMWKlMpCYV34WvSwIjVrhd11QIcQZJArD6KmlkifJIkMgOTajJ11e2Di4Hq
SjXrPsM8jHihKrZuSoJy9LgY7B9BHsNV03jZcp9eCeNCxKrL1uY8nFrH67ZbOJWrlFiYul+cIwfM
HppQFQt43S/X/dQoUt1v675cUTqNWTUqJZWhMpUiMnCjP+HOb8lBTZW6+4ROLLGqxOJVZGEY0rAU
B3hFE7wdLvm4hcr+sUbWZxxBZHnqE021/JelQKzXppAxjtbmXE7npKsSOifFuotRomg/shGn1nHw
3WQzWk8YmHW/SkmoinIzkhqkxzJrK42+IF143W96+gMtHB348dLde4/aJlEioTKVQpENscSqEues
qjNU8K0MV5FSXMATqo5Zpeai+QGv+OWaQzOA2kfuqCvJ1WYJWpmiWHX7PrHegh8Dd06SYFH/YGbh
a8hvMeeFJDfZWWkdR/KRQyMD/iBO+zEllh11JZgeVH1XVwkPXnf13sNpI5fdcwsZGrByJFRbTEIV
5vr6t6LYSXT13hNeRUVJMqhMpVBkRhSxGp6zqiCxiki8310Xvn2BewKnVDYVWfHLap7k8YWQ+w+k
IVaSMfgudU5SPOXFqrZDaFdq16J7CDUXl8LKLlRbRxipAze8mXEEj538CnNki+wm58j2VC7PKkNt
JjJkgwQZzURitnpZX2qaSk1xqEyliIw6ExZT/Grpm4StRFmIK1YVkQEoRnUzjgne0MMdHVaWvYp4
oUTBMYuYE8vapGQbXYO3CaVaKnX689vIibuG2kzqnEQ+JqOGK+MdyYR9/rptOgHrSTIeNeLK1PGb
gb6rK5IuJl6Yr2pb51fIKVxhSKhT2FFXCvmtdy3EmqvMzkoTOJQYADB+MzDj4HkzdS6tt3YsdrNF
K6hGpVCZShEZeB8/4eU9siOiWCXf/0NXqIUXSvG+7YUpL0IYhKZO79kt1OeBdaeCTKXCN0ZJRsAf
HHwX4ZykyUxrO8h+DaTOSaTRdlCL05g3NDiaOhcKsVBnqLbXlWAe3Hd11YyXtEwAfVdXWjsW422a
xfQ3lhTkGrjM8ETpLOWdUO255KYXRgoXVKZSKMQhXKwG/MGBC1byZyoUl8Ei0DMOWJcdDkjvQWRm
LGmAZ1NZu1I9PvboexhdoTalDH6Hh6aQ6fcWU7YszknJjccnVVKl+4QOp+Jx4G1r6lReiEX93m34
B3f33pNdqZqt3taOxb6rq/E6zeoKtbIX/QKMSW/jNwOsqYLyYpWQyDiDxerlkYcYuxHgusvQVCoF
UJlKoRCLcLF63XaLcKUKz70Lz6YCAOCvXoq4KLkW3fBNNnsqFeVmkVKp1IW5O9dtaOek1uY81l8R
24BHCMVlsHiH8IgVF9lZaZ3PFSAPW1n2DlywSrSGZCVvg8YYp1KVpfrX4wsNWO4zdaf80nr4jbhS
g7wmD1g8rD8XJaEab6DB4wt1vrbEfiqqUSkAAABEGMVLoUSizoCVWYoiPJB4fCHmicZv+lkP0Bek
6/PTAcpihwRqqtQ1VbqxG4G+qys8zFeu224Vlz2MOcUu8RSX6gCY4vqtdy3k8YWQ40/hlBc/BHnd
UiSb6kDN161hE/PIMQw7sIv6koAPMKx02jkGpSbSOQne/w/3DkhNaqrUxw5qz6Lahh1zLuu1qbh0
F+VR4+brtlv4iei+q6tjNwIdRzbCbQXEwrm0PmDxmIe9QgZ1FpU+TM6VcPPWTXDTL/Owl7UrwVCX
qc9PF1h8O2D27G/Mwb9l0xGpFCRUplJEBp4fk+iS5PGFxm8EZha+HrsRmHEE43oWfX66vuDBmip1
edFD5cWqxNwd40WIWB18d6St40nZ7fJZydvAMqgzkhlHUGAooaZSDe8ymv78NrEyXixci8uQ3+rz
01k/9vDG1OJSHZkfKimwXptCdic2GjWsn9UEOyfB6+7g1+ckYMYRtI36mAjL+M2AJjOtvFhVXvyQ
yaiBtAC0NOaMcxcfhhkemiou1aVUobtA1BmqpgO7B96OIxE9fjPQ+uJio1HzNMfkYeEw7QzmYa/w
4BHzB4qyKlHI1WZVbN00zT0i27sWMlu9JiPLnbd1Xy6rjxE+jEsT68lj6WIbkcpAU6mUMCTuyCkU
TJxL69bRNfOwF9+Oj+Ukd9edd9fDtyt9fnp1lbqmSl1TqSZNsvITqwF/cMI+v8tQIena+JEAk9hq
lMp1zN5JepnqhEos1pcIGe5BjulLGnAGpVLnJNkxW70D5vtR9wLvWmj8ZmD8ZuCy5b4+P73toJbL
1LT9yMb20y7kraT/wjCxUT8yqdi6qWLLpngt/SxWr8XqNdRmmowa4T60DIw6tdnXRBzO2fKUERls
TTA76kogMhUA0HdllVVJmoyanotugbkErpNH4vGFurlHpFKNSomErF04hYKJzb42YLkvRR2d8+66
xbrOzO8qK1LVVGXAw/CJh4dYnf7sNpkyFQCQt0GzsszZ0DJ+0y8wm5qdlVZWpILsPqc/v93QtFPI
U5APPBPI+vEe4yiYD0OCs2ViwBqUeoh9UCp1TkoAZqu378oqMhbgvLveeWbJUJvZfmRj7JuVnZXW
cSQfWYUY8Acvnvvw8HGT0EWnEk0/3t3T9R4PDyrb6HeSsrpSXVOlrq7MKC9WxdsGMnYjMH7TP3Yj
IO6GgcmjkjCHJoqKLZvgd1Xn3fWxGwHWG2uLKVvg9cp5d91mX4NEFjy+EE48iEJhoDKVIjLIMLNz
aV1IltJmX0uYffnsQnB2IciE4Q11mUTp1bjEKskdmHla2A1VFIx1mZCb4sqy17XoJsGnUSKQ1aqs
Y3vgbeR5GzQpMi510j6P/PpUV6q5EgjUOUk6PL7QZct987AvrtuBbXSt/bSr+4QuVu2UF6vaDmmR
dY+uRffQ4KdJH9sSEXWG6tDRPefPmHmfgUmJA/CdgmKM8SKFVnnRQ5q/v6GMJ8WMI/jV0rpEcihX
m3XgqXpi7xo76kqGhzhNHwAAfVdXaqpYBPb+xhzhYbUBy30umTrjCLJGgszOb036BwBNpVJioDKV
IjLIC/dXS9/wk6nOpfWu3nsJcyL53lPfXb9suU+gXmXEqs2+1tV7D54EWHX7klVX2OxrnrUQpNDI
UJsFv/VO2OeTeNO54kZEAVjD6nBv1eLUaM8L+IM4zkkdHM5JZqsIzW8ULjpfW+L38s4uBNtPu86e
eiT2VyajZuxGwIIyLCXcmo5AdIXaHx3Y/X4/YuwwJsz7LteXq2LLpqYf7ya58HuXYTNcpo7fDLAm
VLOz0hqNGuTnH874zcCMIxi7Rxqw3Gc1KgtLU6pRKbHQgTQUZTBguX/spFP2PR+jV9s6v2rtWOy5
5EZaoSYGQ10mcqaC1BlLGWFK/iAHlBerGGNnLuLtm1IW8Gwq1ysDz0LoCjcIWpNCGOxHl/u2chi9
eHyhnouJc04KA79IEpv/STCzC0Gu2ScdRzaWFaEVyOC7I6tun9jrSmZ21JX8iCS3IR7karNafmZs
ecpIskYFAKgzVEjzYa7hMU835wpfwMD3bQuZwTNUo1J4QGUqRQF09d47e0loZ7+4MHq142XX/n+7
3dV7z2z1enzyLI9JMne8jKhLJHZ7Cl8YcoIR44rhvLsOn9gGN1JaWfYmsVL1r8FeQ33Bg7E/RL7s
SW8YCwCY/vw23IkEAFBWpOIalNp3dZWoSxZDBnRgWErBzD5h/dWp5wo0mYjdUcAf7L8wLMG6khnl
KlV1hsq4d9vPn/tvSrGOq2/YDj/AYvWyuoLrC9INtUI9qyJPPnYj0HbSyWqYRKUpBQmVqZRE441H
znl8oWMnvxJYgiIp3rWQxert7r3Xcvz2sZNf9Vxy2+xrCZCszqX1Acv9Yye/an1xEfn6qDNUxEZ/
M6CDHJGvZPjmB0+oIr0HJ+zz8AOUCyKbypYJhA81AQAk/UyOgD84+C66QLHtIHtWeexGAD4GiUIC
na8tce3UuQq5I2GaVCVYVzKjRKW6va7k8HFTfcM2Ym+jseRqs5D2Tn/m6IXZ35gjfAFM4Ljv6krH
yy7W7nGqUSk40N5UivgUl+ogpiMzC19j+ssrzhEubLkE/u4SXF6sYsaxinL+GUeQmQ07fiMQl2tI
cRlxboRh4NXISFPH8GxPJqHKJUdrqtTw2eXTn91O4vZdCI+wZlMXYI2ppA1gkILhoSlkue/+xhwu
G+qeS7BBtRRC8K6FTr62xNqkaqjL3N+Yg4w10CZVHuyoK8nbkDVwwcrD+zfBbK8rqd+7TaFXvPqG
bRfPwcqsLFYv63Damio13B4fh36z539eX5u/zXISKlAp+FCZSiGXnktugRfKvA2aPC3LDSYBzreM
ZA3/s6xIlZ2VxmxqqyszAADZWWlc8tXjCzFVl867686l9a+WvnEurQvpy91M8C5qZRnW3wVX+EzF
b/if8IlthrpM+KZzwj5n3LsNcoBC8fthmpMHrN+pZGJh7s51G2JQqj4/vZWjiWvAEj29k0IsswvB
rt57rLnTtoPaGcfXyAvv4LsjdJJqvBSX6to6nhx8d4TYbgtFC1SGotKH4TkDAMCfr66yfvhbTDlI
y2s4vrXQ/G2WYiiqUSlxQWUqhVAGLPd51PoWl+qKyx7WFWr1hRuQmTHXonvF7XUtuh2zd5yLy5JG
dplt6993PAmdo5i3QbMd5aagUKL6UZ131wcs91s4CpZaGrNRMnU+KWUqvOiXCZpEAfcGy9uQzDnn
gD84iOFH2naQe1AqtP5cUuTqkFc0Fqu3pop9pFDncwWtHYvISaoDF6wHjz4u1fqSFHWGquUp4/Rn
tz8YHCXHjEqdodpl2LyjrkTRAjUM74SqyajBmUUcL1SjUuKFylQKicw4gqymcFxUbN20ecumiq2b
4gpp6wq1ukJtxZZNxr0AAOBadDvm7jjmXI5ZF/nFSPg0Ka0RCB/zcHQgg0mosuoHfUF6daUakhth
jJRo/R6S5NjAcTE8NIW0xTbUZnJ1LiBHQ0kK0vsq6ZuK+dFz0c3anZGdldb5XAHSoM4x57Jem0rK
IJfUVGzdVFym+8R667rtlry3XV2hlhGoMq5BdIQkVE31iEFucUEFKoUfVKZSxCdvQxaY4/ztV0vf
IM+A39m1o66kvmG7KC2FjGrdZagAAEx/ftsxe2f689tKn+PSdGA34RtT5FRPLpxso9u9a6HLlvtc
5qumeg28hO+6dZrK1FQGp9xXk5nWzuGvY7OvyT40S6E44zf6EhHvWqir9273CV1shKumSt3anIvc
rw8PTVVs2USsoTrJqDNU9Q3bHjVunrDPfWK9leDMaq42a/PWTbsMm5M1+rajrgQuU7kSqvsbcwbM
HlGCblSjUnhDnX4p4gO/3CNNRM1WL85WT1eoPXR0z48O7JbC9qZiy6aGpp3H2psOHzftMmxWaN9R
04Hd5Jf7wgMBrCWpDFY2g3sAwIDZw1X6aDJq4HMmHHMucsrPKAkGs9y348hG1nS9xxfqEtbNlcoE
oGOTWI2+xGV2IdjDUcLT2pxXXQmbaMUw8LYCPIGIham2bet48uDRx7fXlUjtZperzdplqDh83NTW
8WRDU22yalQAwHaMAmZWy9/srDRMt0sKRTpoNpVCHDidXRVbNzUd2J0A9agr1DY07Wxo2skMUXTM
3VFEfjVvg4b8PCpAtU3Cia34ZUAmVOEdqsNDk4qbl0ARBYHlvj2EzXamxIvAJtWVZe9g/0jLz4yS
LTAlKC7VMZNUXItux5zLMXvHMSdOG446Q8W4VxSX6lIq712/dxs8AMeVUH26OZfkcYCUVIDKVHKB
u5gUl5GuQPgxhjFqRZbBaxVbNjHloK5F94R9nth64LwNmvq928hPojIgK365nH5ZK37DDJg9+xtz
WFNeSCOlW5/dbmgKKjR/TuENZrlv20H23e3YjQDdzyUBkCbVjiMbO88swR8+/dntSfu8Ui6/hPP3
NpzNAICVZe+K2+uYvRPwf83Uh7sW3UjtqivUMtI0b4NGX6hNKWkayfa6kuFriBgca4eqviDdUJtp
4yhcwsekf4DW/VL4QWUqhSyQc+p0hdqGptrELIZ7ATsbmnauun23PrvtmHNNf0aEpf6OupKKrZuU
1VoJz6ZqMtO45qYOWDyQB0ISqkgjpYA/eN12i7qhpBSY5b6t+1gSDgAAjy8kcHgDhRAgTaqYk1Q/
GBwtLtOl4ARmScnboMnboGGyrLEE/EHn4j/8LPSFG2icMQreCdX9jTnCZSqFwhsqUykEETUGk5XE
1PriwDS3MJZLC99ZBN9JwETWSNQZqs1bNxWX6uJ1OSYEx+wdyG8hQ1NtdsTnZMDsMRk1rKKipTEH
3vycrJNpxMIPbSNUIjjlvtWVaq5ZR31XxZ/cQJELpkmVa5Lq2A0/fChuwB8cfHeEzqdJJEzKVO5V
EA1OQnXA4omtFqmpUuvz0+n1jSIX1EKJIj7w0hqIQhiH1jkDAHbUlZBZt1NU+rBx77aDRx8/8X/+
5NDRPfUN2yq2bpLIlUGdoarYuqmhqfbwcdML/77/Rwd2b68rUaJGBQBEhsBjKS9+iPXnM44g8q7p
XQux2kIAAAx1mfp8WIRuZdk7aZ+Hn19BwD+H4zf9sT+EG6sK6SgmEMxyX1bdAgAYuxFAZtgoysJi
9Zo5SrhPPVcAt2EDf59PI8G6KBT+1KNir+ZhL6v7YOu+XOHPbtI/IPwklBSEZlMp4pORwa4ukIyh
DH7rG7bzO3MiKSp9ONK7aGHuDtNX41x0B9aCK25vXE2tTJBYV6jNyFQxxg8KVaSxIJuLajjcNbl2
kFFwVTEBAFr35cKrNIevTSVNg1meVhNvHzXcWBUeXFAWtNyXEOB1KBDHb4noueiuqVTHvun6gvS2
Q1rkm07n01BIA5lQ9a6FbKNrsRZiJqOm5yL1h6PIA5WpRJAAt31FMOP4GvJbXaFWiQ0/Uao1zKrb
B7lhkG/SK5zpzxE9vVxFv8iK3zBcg8sNtZmazDTIfXdl2bswdycV3oUZB0ukoLwIFmkK+IOuRXdy
bMGHBkcVWu7rZBtAjbyVJM0bJzXetdDJ15bOnnok9lcmo8ZmX0P2pwz2jxw+bpJmdRQKH5AdqgPm
+6xO1y2mbOToYApFCmjRLxFIPbtcKcA7BjdvVZI5EJJcbRajYFn/k3t1ieAW1HpKn5/O+r2w2dfw
hYHF6mWd05udldZiyoY/dngoScr24K7grFVekK5gBsccrKlYKUx/fnsCVd1NbLkv67cAeSuhgz3x
mV0I9l1dYf1V+5GN8MYBAIBr0T00+KkE66JQeIKcoTq7EGQNXO7niNNRKFJDZSqFFFjlRCTUIyGZ
WHX74C2OXNMprXG6DnJ1qLLGjCNxzLkWkkKMqaFF+KyxIX1BOnwXPmGfE7osuWGsbpCH0XLfVKbv
6irrZLjsrLR2juBFJNdtt5LjGkJJGpgBPxBYe2qys9IaUXdMCkUKqEylkMJXbDVskUjkSESRhU+s
CNMarsZU/IpfBq6Eqr4gHXnfTY6Eqh5V5MkaPq+uYn/9GVyL7lW3T9Cy5GbgghWZWiSz3FcIfj+s
sYISS3fvPdaKg5oqdWsz2lpmsH+EZrAp5LADZbjIdYd9GuPTTqGIDpWp5MJ6a0xikHs+JTamUriA
N6ZqMtNYs6k2+xoPI4eeS+xpW+R9NzkSqshexJkFFulSA5WpAIDhoUn+a5Ib67Up5OwoYst94ZQV
wfagSebSnACcd9e50uatzXnwVxsAsLLsTY5oFyU5YIbYQQ5w3l3nCuwiP+0UiuhQmUou8OFsyVcB
Cy/6pbYfycSkfR7uWyNWxS+DbXSNtXIvRRKq6gwVvBKB9cUx1LK/BWEm7PMKTahO2udx3ta2Q1rC
y3256lETvxKBIMWzvH+UbXSNK8XUcSQf+XBa+kshigqUzQfXzAUlXlsoSod+5iji44TuOZBD51jh
PeSGQiBI3xojm0by+EIWvFE0sXBZoXCVdIZJhYQq67xinGYkJSZUXYvuDwZHkYcZajO5upe7e++R
XO4L30o6Zkn8MCPLYpGeXlLT1XuPNZBaXqw6dhAdQqWlvxRyqNiyCV73y9oGQqHIApWpFPEJQNuf
ZN9wUORlYe4OvN5Sn5/OXvHLK5XKMH4zwJp6Ki9WVXM0wYZJgoQqvPjCeXeddV+CdJmasM8rS8O7
Ft0Xz32IFAyaTE6DHLPVK+RzKC7e+F2ayexNjXeub+LxroW6OFLoLY05yGsILf2lEEVxGeyOAB8N
SKEkEipT5YdfdpFk4NlUSoqD3K6Z6tmbkM3DgvayXAnV1uY8+AOTIKFajBpxxOruWFOlRk7dUFCa
KOAP4mhUAEDHkY2sOUnn0nrPRYIubqxNxfCZNGT2pq64YV9tro44+AAz0Rm/GRjgaEjuOLIReR+/
brtF5otPSUHgvnoJ/mZRKBCSTSApkeTLLsJD40hrFkoSg0ylAo4knnNpXeC9kyuhWlOlTvqEqq5Q
C29P5Wq9a92HcJlaWfbC58UTAr5G3d+Yw9UaffK1JR4OXlyYnd8KPIPHx3IGnHmeAp9XdOClyOR0
xPVdWeVyl0F+UwAAivimUFKB5DM3oSQrpFz9KckEfBukIWbPQUk8yI1ao1HDmg4asHiEP7uQhOok
qp+WcCq2INwdWROqJqMGKXumP7s9NPipoMVJjGvR3dP1Ho48KytStXG0GvZdXYHb2sWFcI0KOGrz
kHFAB3mlAfDQFetfJEv7nMDSX9ei23pN2QEvSnIA700FtD2VQgxUMFBEBlkeWV5EzZBSlOu2aWQT
Gmsq1eMLCaz4ZRCUUFX4/hI+hABw11RzybZIrttuESvjMftRAQCazLTuE+xJhrEbgb6rq2IvTShc
W0l4ZMG1uCzNcnjC75YBd4aXDoGlv59YbynUH5uSTCBHJ6TaQEQKsVCZShGZW5/B5mECvkW/TsK2
VpR4WXX7kMaw1ZVq1o+HbZTPuFRWeCdUV5a9123ToqxBFopKH4bX/XJpeENdJlLDAwAG+0cIVKqT
9vm4NCprfanHF+p8bUnEVYVTqQJzqt61EOtushp6jSUtm4q8ZbD+Oax9uYlBSOlvwB8cfJeW/lIo
FAoWVKZSRGb6c9ieA7Lfra7MgDww4A8qxamFwsrgu2ivHS6t2HdFtEQWJKGKM39F0R/CHXUl8AO4
NDxOmggAMNg/8j5J3XfWa1P4Dk9th7RcNgHtp11EtaRGwppQhfsdrCx7iWpPhd8yyopUrLEDGYsS
BZb+OuZc8D9ZFlyLbprmpVAopEFlKkVMXItueFVneTFnxS/SJwNpvUMhluu2aeTb12jUsKZSzVav
uGMqey6xZ+afbkZnQq7bbom4kgSzo64UfgCXhtcXpLcdQpf+AgAm7PMDb1tlF/MBf/DSuY/wja/a
j2zkmr7Tc8ktYkuq6Izf9Mf+sAYa8gMkJVSnP7+Nstxj/1vk7Z0bvxngch3r4BhlFMnQ4Keyf0fC
MF+W82fMPV3vne0eVHTNCAUTZKX9IwUPJmYlFAocKlPlh18PAJlDXyZQVX+GWnYLTYDheEzmYHoK
Eteie2hwFHkYl0oUMZXKMLsQZLUL0hekYyRUp5Sbc8jVZlWgOlS7OdJEJqMG+eIwTH92+/wZs4z5
uoW5Oz1d7+FHtY4d1HJpVLPVe5mjEZEf4qZSAQBc04Dh2e8J+5y4y+DNdStCFLHeMpxL6+KGrnjQ
1XuP9d6tL0hvRQW8Vpa95AS8Bi5Yw1+WlWXv0ODo2e5BpY/gosBBzk+Gz7WiUBIGlanywxWqh9cO
kTkPHV7LpMlMgzemwv9kAgulKEgC/uDA21bkYa3Nuaz3RdFTqQxc0vfp5lxkdesHGJKbWB41bIYf
4Ly7Din95ZpgGcXKsvf8GXPiTU0D/uDQ4KeYzagMjUZNS2MO669mHEEu0c4P0TUq4J5wyDVTh8G1
6CZBhyDHU+nz01lvGWMEzHX0roV6LrHHYlqb85D+2IQEvFjfgpVl78VzHxKV8qWICzzoj/z0UigJ
g8pUcoEXwRJYATtpn4eLZ/jOCUBLggEAK8teErZWlLgYuGBFhlT0+en7OaSC6KlUBq75K/qC9BZT
Nvyx05/dVu7nsKj0YeTEvL6rq1wVld0ndJhKFQAwPDR1/ow5Ya/V9Oe3z58xx5WkOnZQy1Wi6Vxa
bz9N3DWWFa5ea/ijSEioIquyuW4ZXAW3CcZi9bK++ACAdozSXxK8lD7h/r5ct926eO5DotqYKWIB
D/rracUvhRioTCUCrsItyENci27SIp2QGx6DkbvilwFSEsxAwtaKgs/7/SM48ZT2IxtZgzISpVIZ
+q6sstbs7W/MSe6Ean3DNuQxXb13WX+enZXWcSQfx06JgRkGM/C2VdLEkWvRfencRzgBkUjaj2zk
yqN6fKGTry2JaJsEuFOpwlOstlEWzYZxLZ2XN5s3aZ9HXhxaGlliRh5fiPVPlgWufDuOJZvsXkqr
bt801GbZteg+f8b8PrYPGUURLMzdQTWE8xnHQKFIAZWpRMC6F4c73wIA4DeYBLMwdwcedtXnpyOz
qTVValRLlcxbKwo+Q4OfInuVAQD7G3NYb4oeX6jnooSBfOfddda2w+ysNKRdkGvRrVyjkaLSh5Ed
qrMLQS4v0/JiVfcJHb5SBQBMf3a7p+u99/tHRP/yrrp97/ePnD9jjqu6RJOZBvFMAgC0n3aJa5sk
RblvGNbUYnZWGlImyZjNC/iDyFhPdaWatRGAHI0KoEXybQe1yK/J0OCnEiwKF+SEMIYJ+3xP13vW
a1NUrCYH6CqG2qzErIRCQUIL0IlgxhEExugfYlRtzW9HTZhIGMg9h6ke68JnqtfAPUsG3x05ePRx
/IVRZGHSPo9TfllWpOKyG+m7uipuOiuWAbNnf2NObCLXZNT0XVmFJ3KHhyZ31JWoM3ArYIniiaZa
ZJDLYvXWVKlZtRyjVLt678al5Sbs8xP2+eJS3S5jRcUWhE5GsjB3Z8I+hxMHiYKZjwqpVenqvUey
tW8szrvrM45g7F9kMmosbJXtYRxzruu26V2GCilXx87ABbQdNNd4KlEqfs3Ob036B4SfBwDQd3XV
ZNTEKursrLTWfblnOfpXGVaWvdZrU8a96AIH0Zn+/Db+1yfgDw4PTU3Y5+v3biNn10EOAX/QMedy
Lbods3dW3N7IXKWuUJu3QVNcqtu8dVOuVn75N/35bWRDONLPkkJJGDSbSgRjN1iGCgCUpRBzWZRm
RfExaZ9HrgSSu4jrMNkLpShIJu3zgxjzMzWZaR1H8rmGIorrsMoKxAQF2VoW8Adx7IvJJFebhVP6
2917j6v1jlGq+H2qYRxzroEL1ld+d/n9/hEeX2Qmj322e/DiuQ95aNSyIlVfVyFco8KlHQ8kTaV+
9xRsa66pUiPfoOGhycTfRHB6Aaor1ayBWufSuvBsqujvCGSMKsZbMJX4t8C16OaRS19Z9g72j1Af
4DABf3DSPn/p3Eev/O7ywAXr8NCUY84VVU/rWnRPf3Z7aHC0p+u982fMk/Z5GZPSAX8Q+b4jq94o
lERCZSoRzC4EWdvkTPWo8RgJ99KMBad8q5Et2MxKebEKOR598F3xqwcpYjE0+CmORgUAtB3ScgkG
rt5I0bFYvc4llqxpTZUa+TmcsM8rd7tm3LtNV4gehdr52hKXnVJ2VtrZU49gTqmJIuAPTtjnBy5Y
T//vf7l07qOhwU8n7fOsjQMLc3cW5u5Yr00NvG195XeXz58xDw2O8vM539+Yc/bUIxBrOrk0qnDV
ZB5mX3aLib35NgxjxJ3IffP7/SM48YW2gxtYfz5g8Yi1EhHFKtfAYcD9h0QymNjmT6ZjnPczMj7A
l859pNyrn3AW5u683z/yyu8uD+L5LzC4Ft2D/SM9Xe9Nxh9iEwWcTxprQzgDv+mJFIoQHvj2W8kD
vSmCwAoi1l4pjy/UchyRcDh0dE9R6cNCnlogQ4OfIss7+14uxB/DNXYj0PEy4rqvK9QeOrpHoSWX
SQzmHhQA0GjUcJmsDljuwyvlxKW6Ut19gsX81rm03vriIvyxukLt4eMmadYlOYw/CvIwZJWs2ert
ueiWukJbCJrMtI4jG+FZAnnzqMILULm6bdtPu7iG1oRJ2OUU8/qwvzGn7SBLDMXjC7V2LAr/pEW+
L2KV/urz0/u6Cll/hfPRStiVRKBGjaK4VFffsE3eHUiCmbTPT2C4fyHRFWqbDuzGiRWKBc63j+tu
CACw2dc6zywJWUAC6kooyQfNppICaywWxwZDXtPRhbk7SI2Kn0plwElkiXuvpQgn4A9eOvcRpkat
rlRzadQZRzCRGhVwZ0L0BelcfbNhXIvuxE8HFQtdoRan9Ne7Fmo/7eLKqQIATEYNvwLgxFBdqe7r
Kky8Rk0wXAlVrg7PSFyL7p6u9yQtPWXStjjXB01mGtf37rLlvrgaVUQEeim5Ft0JMNSdtM+fP2MW
8Vkcc66L5z5kalnFOiexTNrnz3YPxpU+hcBECRNmxceoa+RhXJcL59I6V2U7hSIpVKaSgs2+xl73
i5KprkW3XG6BAX8Qp7zzadRePxbMrRVVqoTA3HExb95lRarO5wpYf+XxhRJW7hsJ11SJ/Y05yEHn
n1hvKbcE3bh3G3KMKsBQquXFqrOnHkGq+gTDOPp2n9BBCn09vpBEGjXBqQOuaEtNlZprKHEkAX/w
/BmzRDGXhbk758+YMa3pO58rYH2/PL7QgFm0it8wIr5NA2YP6008OysNOY0ZADBhn5fujhbwB9/v
H8Fsx4gXppb1bPdgUroBr7p91mtTTH0vv3YDCEODowkIT1y3TeO89Y1GDZdzZ1fvPZLrZShJDJWp
pOBdY58Fh5NavG67JUssE+eqvb8xJ65UKgPm1ooqVRKYtM9fPPch5v1bn58OkQ09l9yymKw6764P
cA2nYSs+jATHlIJkWp4y5m1A95cySpXVqidMa3Ne38uFyOtVYmg0avq6CuFhPo8v1H7aRYJGFUUs
cWXzWptzkdEWhuGhqbPdgyLeTZiJQfjXB67xVACAnktSFZaLpVQhlmytzXk45QZMvE/0nk8mTMDD
ciwuVpa9w0NTjDtacrStMg2oPV3vDQ9JKL8lDU8AAN7vH8Fx+9Nkct7s+q6uIBsHKBSJeLCzs1Pu
NSQJfd2nBJ7B4wuxeibpC9KRGynHnKtsc6EmBzFqVUSu26aR5b6azLTO5woeUvFp/tlS/tBH/2sN
uS/xevyjIzMJ/tspDAF/8P965/9v7w5i27jOPIC/KqRIirZFWQpprSEikmBLcWopEtIcJB82daUF
1gXcuL3YrQtknUMMOJeF3R56iHIpkNo3d6EsEPdQFfHuonbqRbXA0nXTXZhEkRpUZKe2bIGRQa0g
U6YjShYpUZTVPbyEZSXy8c3MezNvhv/fKbAVmeQM573/zPe+98c//u/Usw2u6aPfV/fTf35+T4Xb
FpFo9lfXloW+QA3uJda//dqO7edqW6t7ciqfevKM8f8uZbJeX/3ftTXLfIGyuFzPhduD924nqx7E
wsZf6K203u6K37UdDXXDh/w9Xd5Ecn1x2Zq77z1dnrOnmo8N72RfeRLJwrn3Hv/fI9a2Q/roiz3G
R5DUk2ehFldnuH7Ln9e7v9bb7R3/A9ejyPxaYfre3K3Yg+xKfsdOr+7r6sJ85n8it8evfMJfS9zT
5fnJW+W/RJNT+ff/TUBNcqVDY/zDpz6fLfR0ecte4l7s9PAcAtpdbDmTDXcEXa7nDL6ehfnMf/77
H29qecg5OrLnxc76RLKg+6bAwnzmTvzhZxMPCfnajp0+27WQWM7kbsUe/NeVP92KPTCnCXN2Ze3z
6UcHesLGj3gpOkDfuz3L88M/eat5+6WDEJJIFn76r2JKnE6eGxHye6CmoIWSSMabMZz/UbDsveSR
i+mqXfg9XveJN18zZ0U+544jlbp6cOLppVR0+EifJRsA1qzZmceaiqDYnXgSycLZ9xasLSuq1NWJ
p5eSx+s+fe7btpuQFc3OPP7wg485f3igz3f21G5GJS0ViWarbj8rVqjZdfp4gGdDhVh8VV4Zm76Y
KqSXT6jZNfpuqOyhiUSzlYrbGRqb/Pte3BvueD7cHuQ5vWdnHidnFh7cndM6v+9oczPqLN5655GQ
OgvGoTGhl5KmQ+Dxur8xuP9gf7u+zTan783dik5rXUVZOmSPXVu6Glkx/h0JtwcP9r+w78BexS+P
y5ncg7tzd+IzVu3zJ3YKRyuxOd9LpbFvJbd5+p2UqGs4WiiBDoipIhkf5xgT5bfeSVUdMDxe97eO
9MnefZuz1JbRMo7f2LWlMe4nbOH24LEfDCo+FjoA3eq96rP0Uh1t7nOnmitlVFENPI0bHdlT9kXy
nIf7Duw99v1BOa/LDJz3nqhQs2vk7RaeXeAnp/IfXX9qfK9Ltp4uz/AhP+dNsdHLGXm78hqZiglJ
SpXa5BLDPbQbm/yNAX+wNeD1bT3uqflMfrWgu7UMO6MKPF7soyMqqTIOgY6F0PsO7N3/4t5wR7Bq
Xs2vFZIzC9N355Izj3Wsotx+W3kltzl2bVnUhx9sDRzsbw+3P29me9uqFuYz0/fmdNxYkUTIDfdb
sembNz7jfITe0eZ+/909Zf9K7Lp9xFTQATFVJCGDXKWJMv8M45WB/YePvGz8lZTFOZf1++refzek
Y1XqdpoulB6v+8j3Xt334l7j/y6UNX1v7sb4p5rmQOw5KF0faMmS1O0Y91Z4nucc+8Ggrc89TUmV
EHLy6C6ebmeEkFR6IxLNRm7mxD5c9fvqBvp9x4Z28gRmQkgiWTh/6Ym8k83gPExUTKpUlUOU7GnM
vj4Y3wajqOrREfX5E+Yh4KmNKoveJgh3lNn9JTWfWVrMGglajNKnVHrjl9eWBZ42jU3+cPvz4fYg
T/aWYWE+szCfoY/9xS4K7eny9HZ7Otvq/Q11hJDUk43JqXwsXn35Uqlwe/DwkZf1hfnZmce/G5/g
PxMY3z6BXz0KMRV0QEwVzPg4x5go8+yAR0nakiv6+z/fvMHVCtJgue/W38b9xql9B/Z+60ifJeOf
gy1ncuO/1tyLv6fLU6l1JyWqnE+USqcuTwm63Ut/ifakyn5Ovl0iWYhN5KLxVSMHPdTs6un2DPb5
eOp7i65efzr2m2V5D+2FTMKEJCW/r27sfGulL52+6l9J2BlV7FoAngMkKqkyDoFSN+YI367C5Kst
SYS30mls8gdbA6HWQLg9GGwNSLp4LmdyS4vZ5MxC8vPHqflF4f2KOtrcx4Z3DvT5Kh3xj64/5a8L
ow72v/DKwH7+WZyOMm/G4wTOCj5+yKigD2KqYEIGuZEzLWXHDK3rBA72v3Do8NeFpDVNEaVS6bJu
OsZ1urBn8JvVt4WEqnRU+VJVzwQFn+0w5pc8xYd2L/0l2pMq0fJYtWglt5lIFm7fX0skC4/SG+xv
t99X1xl2d4brO8Pu3i6P1jIN2Q9RibhJmKiYxF5zEYlmRz+U1TiXH/v6IDbOcR4ggQ9UGbWUK7nN
0csZFS59/NX7lOwafo/XHWptamxqoI+OG5v8Hq9b0w132mR4aTG7lMkuLWaXFnNCtjmtZGjQz1nN
oe8qVLVSenbm8YO7c9P35rSWebO7RWh9NsCGjAq6IaYKJrsNho67ywbDan6tcCv2gPMhKql2d1w3
feN6Y5P/8JGXbV2HaS169P8UfaD19rPfV3f6RID9RF3BjEpVWlrGeZ/IAd28pu/Njf9a225+Qr74
iWRhy86TnWG3kd9pTh4QOAkTGJPYIdCE6M5Q9fog/JEj/zEy7RBIXSPNg7MX2nbCy4A50exa5vVI
eEBa1dCg/4dHd2m6ZbaS27xw6QvdIT/YGvB6/9qMl+Zwfb+KfbnW1BOEB2Iq6IaYKp7sNhj6FgzQ
e3L7D+zlz6u0rfyd+Az/AMC+P1dqy3y00jKeLfSN6+H24KHDL7W1l1nSA5XoDqiE7w69shmVqrS0
jLP095/e/ge715zr2JRY65MZqWihnZBWpWzCZ2ACY1LVp9yiurlq0tPlOXdqN2N+b2FGpUxLqlI7
TjP4fXUnv7PrGMfm5Ax0wbn554+1/L66Y8M7Xh/aqfv2meVjHzujatphgQcyKhiBmCqeqBGuUukv
Mba4iHYvCLY2hVoDjU3+0sl0fq2wMJ/5cgmHrlaBlfo/FcXiq9GJ1bIdBTra3LRXJ/vqr3tcR1jl
tJzJ/Sn6QNPtiVJV79Cv5DZHLqaFr3GiY6Gobx+jYI+nA0q4PXj8zb8X8koslF8rfPjBx5r6srBX
RZojld64en0lcjNrzuxZ5ZhKONoEmPlkLNTsOntqN/umpIylmxbGVFLtZoGkNZ8MA32+08cDQhoc
EkJWcpuxidWrkafqrLaVRFM7cTbhjyv5VS2yELszHDIqGISYKp7AHgyMJ5OKLC4qxZ4PTU7lL1z6
omrBJM+tSiPlao1N/kPffEn2nj02NTvz+E585k78ob7/nafQV177kOJwKOoLWGlyybl9zqHDLzlg
aXR+rXBjfELTKSGp7J9HLL4aiWZlb35TStIkTGxMYtTmFMl+MkZ7zFSd4qfSG+9cTFubUSmTD0Es
vjp6OSN7k+GeLs/Jo42ctUtaJZKFq9efau1qqz6/r46mU7F1IpZM4d46HmA8QlfhDhHAFoipUgh8
pGNaF0QjquYTrcW6VasHDe7n5vG6D/a3f2Nwv90rM4Wg25rfij3QvdCFcBTyEUISycLIxbSMqVjp
WCjwPlGlLoichfdvnBlWaodA3T6LP/zd+AT/03WeXCTQ5FQ+NrEai6/KnuVvIW8GJjYjES1t7RgF
LzrQHYOGB/080WhyKj9yMS18RFMhphK+QxCJZsd+syzjNJYaULeIRLOx+KqZd4skGejzDQ/6NbUT
18TM9eE8cypkVFAQYqoUAkc4dsNGFVrbs5/6GnmFVcvVOJ/QMuhYsusY+bXC9N25B/fmpu/OGfk9
PA9RicxVWNvHQhPapfLceWls8r9xZtjW+9MULWdyV351k78AmLFvpBCJZGHy/trtqfzkVN6SW3Wy
Z2DCY1JHm/vdt1v4Sz3p1kGTU3kd9agdbe7ebm9vl4d/ii+pDNLIYRJ+CDhbFgmMeaFm10C/79jQ
DlElvvxoMbAd8+pAn2+g31dpdxmxDN5w53Ty6C52hRoyKigLMVUW03owEEvXObCnPsavfVXfu6hO
nrWTV0WlU2po0H/6eKDqcC7vFC07Fgr89lWqkuLs+nuw/4V//O6rol6M5fh3TmbfX+NH960hhKSe
bKTSGzy715jAnBmY8JjEuUPmdolkIZXeSMyur+T+kkiul/2Z3m6Pv6Gus61ea3Nmec+UjB8mGTcL
OPcZTqU3ohOr+m7E9HR5ers9A30NmupUY/HVyfv5RHI9kSyU/os9XZ5Qi6u326Mvua3kNm9P5el7
MbnegZ++rZi3SKU3HqWf0f/e0/KcpltCo5cXZaxP5qlyQkYFlSGmyiJ2eKua1izZXYBd2ifq2scT
hIw/Vi0KtgbC7cH9B/Y6rNnSwnwmOfN4+u6cqE3kOtrcp483VX1iJqlhUlGl4dCE0l/OjohHvvuq
k9ZCL8xnxq98wvNYdexnrZqe4dDa3e2zZNWYNgMTnpEo3duQCEe7Mcu7x6pgTCW6uuwmkoXE7Dq9
TbNlxyZqR0NdZ9gdanGFml1aqxg0tRyjTxp1txGyvAiiVKjZ1Rl203Sq+2lzIlmIRLOTU2tlpzo9
XZ6Bfh/n75+cyo9dWxI1VnKWeUuqyENMBVEQUyUyOakSmStbtuCJKG+980jUtY+zKYvYzRU8Xne4
IxhuDzJ21lYcjabJmYXk5wsCt5ULNbtOfmcXz0xF0mKzIsZYaE7hPU/przP2p9nixvint2IP2D/D
v0LVtAuXQebPvSQlVdqpjr1XjWyyW8iIOliSDgHPYy7ZdFechppdw4cahgf9Rl4/zd6JZCGRXDen
0bHfV9cZdneG63u7PDTV6/5VK7nNSDT7UWSF86rFvzZ4cipPq771fTVowyfOMm9J/U2QUUEgxFSJ
ZNQL8aQ1qXM+nogi4wGa31c38nZL1au8pM0VipE11BpQ+SnrciaXml9cmM8kP38sY8dz/tmtCUtu
qo6FJpT+Er7bMcHWwBtnhkW9GEXcik3fGJ9g/ABjU58i2Q/bBbJq7iUpJhEt95sEoksWZd+VEHuw
5B2CqosG5RFyV1dgkyFaMXv7/hotLF/JbRq8zd3T5SElteiaqnAZaIzUN8fgvzehtVKargYf6PPx
P0u/ev3p+5c1bDbGCRkVxEJMlUv48Fa1XVsRbdgoMLBxzmmkdnWquls9lUpvjF7OyOvcEGwNhFoD
dO/ZYGvAwh45szOPlxazS5mspFxapGlPc4E12JVwjoUmlP5y3pB+ZWD/4SMvC3kx6rj8wR/YNeSR
X7Qx/ladXuVVWTj3kpeRKPrVNvhkjActjzRnP1u7xFTC3YJOFK2PAXlI2rKFKq1zTsyuZ8vVPNMg
Sv9bVBzdgu7YFLmZM/i56Sj5puvz6eL8LX/V2VYfanFp/dhXcpsXLn0haYKEmApiIaZKJ6MNBv9l
rthtT/dSEE07CpiwRJb/fuTkVP6j609NaDPo8bpDrU3B1oDX5w62BrzeeuHZdTmTW1rMrq2tL8xn
lhazS4s5qaG0FL09wdk8Q1RHKzb+gdCc0l/O29IOW6RKCJm+N3f1V1HGD4yO7Kk0hUqlN956J4WM
ykN2UqUkNTilrYAiN7OmtU6QcbwccLNA0xpUfWhjYUl51RKSzl7Ozg4yXL3+dOw3y5LOAcsvleA8
iKnSyWuDcfp4QNOQRrsX0J6N7Co72lqgM+zW1CpQ3o4jW2jqVympDJgHja+EEI/PHfrb1a0eb33p
n6TmM/m1v+mfmfz88Vd/ZVIc3a6ny0PvkXP+vNTxr0jrQGhO6e/IxXTVGyIer/vEm6/ZdJ1zJe/9
5D8Yf8vYlkbg2nWpFJl4mZNUKdontqfLq3saTZcdTk7lzW/uaqPNbMsSvlen+bcJyFd5VdOOREox
50PTMYszQmyLpu0UuVSCwyCmmkFeGwyt1SNbTE5tvWDpK5gxZ++vLTS1oKAtJY1X7NQC+vz82NBO
/jsUJlT5UvoGQoGlv5W2CObcnybYGjjx5mvO2EmV0hdTJS2LEku1WZeZSbWoo829p8XVGXaX1lXS
vrKl22/QisRH6WdV74FKZbvNbBkG+nw93Z7eLq+OJ5O0TPT2/bVofNXybdV7uz0Gu+magy4Hnbyf
j8VXzZwnDA36NY22OsgOqES9qyU4BmKqSeQNbxZWj1CmRZTtdPSrFL5k10l0VP2ZMP4V6R4IBX77
GG2BOPencdJOqsuZ3Oj53zJ+oGxMXcltnjw3r3i5r4KzLktiqo2YcMisOgQ9XZ7OcP2Ohq91ttX7
G+pIyQ3l4r1mpTYWLovuTdoZduvL3jIUo2mlHWVMQ2uXxJbc0zVfVyNPTXhrCl4wwRkQU00ie3jj
b3cukOxORZxCza6zp3Zreu/FJbuWv3gVdLS5hw/5td7tNr+a2shAKPALyOjjNXZtiWcTyMNH+l4Z
2Cfq9Vio6trUqz/fu33WFYlmL1z6QubrMkrZKReSaiV238y2BtHs3Rl2d7bVm5Zai8+ZE8kC7Utk
zr/LiZYy9XZ7jORVOr2ZnMqbNjore8EEB0BMNY8Jw1tHm/vY8E4TegZauOCzEn1BvXhB171NmX1p
2nm8VCJZuHr9qV0CKiX228dYcnn2vQWeZ8tvnBl2wCLV/7ryyZ34w0p/6/fVffQve7f/Oc86Xquo
P99CTNrO5KOGQyBDqNkVanmOXld7uryEEIO33WkVeja3mZhdp+XoiWTBRqM83WOmM+wONbuqfhST
U/nUk41EsmD+Y2H1r5lga4ippjJneNOxtpBfLL4aiWaVnWUODfp/eHSXvjUwsfiqCsU/UtGyq8E+
X0+3R8fNWjNLfItEjYICv31+X93Y+dayHyBnRavH6z597tu2XqSaXyuMnv8to79X2d7IK7nNY2fm
JL80newy30JMKmXJUcMhMI3fV1c6k6HFz1t+pnTTGuMbriqL7gS7hbWbTtvlmgn2hZhqNjOHN4Hd
9miEM7m1gG4Dfb7Xh3bqvhebSm9M3s9b0qZSBhpNe7s9vV0e3U0sItGsOUtctv67qu5/ONDnG3m7
pexfJZKF0yOPqv6GYGvgjTPDol6P+T6LPxy/8gnjB8o2RuZcwWsy2022EJMoB+9nC6A42102wY4Q
Uy1gyfBWXAfCU0BCCKEVMl9uKmDp7TrdtO6nUlYxsiaS6za6R0u3lKBrfoz0VzRhqz0G4aOg2K8e
Y38azk62tm6n9P6F8aVFVuH32M9at597o5czJrcEZ7PvTAsxyfJjh0MANcvybx/UCMRUCygytpUt
ICGEpNLPHPAIsSjU7Bo+1CBq2/TJqXxidp1n71kzFTeNMJ5LiyLRrLUtpiSNgmK/faMjeyqV1nOu
wLRpO6Wqj1IrtURWZ7tUB0yzFBlKLKHI4avlQwA1S5FvH9QCxFRrYGwzH91tRWx/Kbok5vb9tZXc
XxLJdRMSfkebe0dDHV2f09PlpRsYCvz9iWQhEs1a9fi0SOooaNoi1bPvLfBEshNvvtbW/ryol2SC
qqtSSYVHzan0xskfzct8aVwcNseqwdFEtSNYg4cAapZq3z5wNsRUy2BgswTtLzXY5zO+XrcS2vKe
EJKYXc/mNgkhtM3glp8pDTA0fJb+QKjFtaflOUKIv6Gus62eENIZ3vozAqXSG5FoNnIzp8KDdNmj
oNivXtlGQVQiWTj73gJPO6UTb75mo8a/N8Y/vRV7wPiBSumdsxZaHqdOsGpnNFH2CNbOIYBapuwX
EJwKMdVKGNgsJGSDMrtLJAuxiVw0vlprdZhiv3qMnVRj8dWRn6er/oZga+DEm6/ZovHv7MzjDz/4
mP0zQ4P+c6d2b/9zqyp+a2FqVQujieLHsRYOAdQyxb+A4EiIqdbD2GY52nBooK/BtE3GraVm32Zb
b344cqal0vP5sWtLY9eWq/4GWyTV5UzuFxf/m13uSyo0T+JsgCxWrc2rHDya2OJQOvjzhxpniy8g
OA9iqhIwtinC76vr7fZ0ht09XV6De4urJpEsTN5fuz2VV3PPW/OHQLFfOr+v7sKPgwbbKSmeVPNr
hQ8/+HhhvkrV7utDO08fL1PAfP7SF9ejrM7AotT4dMp5o4ntDqjzDgHUONt9B8ExEFNVUZsDG732
Kfvei7v40A66Vr8czSan8rfvryWShcmpvLUtkRgcs/NhR5v7wo+DBtspKZtUOTNqpVWpK7nNY2fm
pL06zKK2Uvaiqol9D6szPn8AYuevITgAYqpCam1g23LtU//t93R5QiX7vii4orW4X45ddnm1fPxT
rZ0SUTKpcmZUQsjZU7vLNtPmrHzmZPlpYxfqX1QrccYhtu/nD0Cc8jUEW0NMVUvtjGplL3/2evt+
Xx3dpHRPy3OdbfX+hjoz64RT6Y1H6WepJxup9MbkVN52u92qM/6JPesqdQ8ihExO5c/9bIHnlzQ2
+Y99f1CR3r/8GbVSSl/JbZ48N2/8eb4654y92Ou66ryjbK/Pnyo9CnZ8/WCc876JYEeIqSpy/KjA
uPw54L3T3WWKO8qEWlyh5i/byfA/gy3uakMIoVmUfLVNq+0S6XZKjX/CT7lKTxQJIZFo9sKlL3h+
icfrPvK9V/e9uFfoS9NsYT4zfuUTnozK2EJ29HLmo+tPjb8YpU4b21H/0urs46v+5085e3SWyjHZ
3tnfRLAXxFRF2foax8B5+XPq2wc1xz/h59v5HwUrPVrX1EnolYH9h4+8LO51afNZ/OHvxieq9vWl
KvU6FtXgV80zx3bUvLTWzsFV8/OnMDrrU+lzs+MHVTvfRLALxFSl2fEyx6DpCuiw9w5E7SHQzMa/
mpJqsDVw5LuvmlwAnF8rjF/5ZPoub9Mjxs6xZ99buH0/b/wlqXzy2JEKF9iaPaYqfPil9B0I1d6F
yZyX6mv2+wgqQ0y1ARtd5irRfflzwHsHYofxT/iZxiiCJdp3Zzl0+KVXBvab01fpVmz65o3POB+i
EuZy3KvXn75/uXrBMA/1TyGbMv8ai0NZZO0AJ+pA1NQw7chIj68kKAsx1R4Uv8axGb8C2vrt1zgb
jX/CTzPGFjVEe1JtbPIf+uZLX+9/QcyLK2f63tyN8U+XFjW8KkZG5W9uXJWNziJbk3SlxeGryswx
TurhcOpgLeRDU/DDwXcTFIeYaicKXuPYBF4BbffewY7jn4yk+v67eyr9rdakSqSF1c/iD2/+/s+a
AiphZlT+rWJ52PFccgYd3wgcLINkDHbmHxQHDNnyPjTLPxx8ScEuEFPtx/ILHA9JF0FbvHew9RAo
/BxjZDmitwtuY5P/lYH9B/tfMFgGvDCfuRN/eCc+w1/iW8R+XyMX07GJVSOvrcjWpxOAQc64U2CX
sdvkj87kj0XBEwOADTHVxtS87ptwHVTzjQNxyihoclLl36Vmu4P9L4Tbg/sO7OXPq/m1QnJmIfn5
4+l7c1ofnxbJyN6VOOOkAoAidQZxRS4vUj8QRd4jgA6IqbanyOUeNUU1zkkDoYxTi53rJqfyIxfT
RpZxBlsDjU3+UGugMeBvbNq6a2tqPpNfW0/NZxbmM7qjaRFjY1hiLHWX+W0OOq8AoBJzBnS7XE8M
fhp2eZsAVSGmOodVsc3aCyLCqrWcOhyan1RXcpsjF9NC9m6RJ9TsGnm7pdJGO0R0RiXOPcEAQCvG
ZRkXCgBHQkx1JtnhTcEhAXnVZAqeA2KZn1QJIWPXlsauLQv/d4UY6POdPbW7UuNigowKAAAA4iCm
1gQhE25bTBkRVmWzxWkgiiVJNZEsjF5eVOqxaqjZdfp4YKDfx/gZGQG7pk42AAAAKIWYCs6EvCpc
bWYGSUn19PEA47EkIeTq9adjv1kWsumoQSeP7np9aCf71erYWaeq2jzfAAAAgEJMBYdDXjWoxtOC
pPOno8194cdBdvZbyW2OXVsW2DJXq6FB/w+P7gq1uBg/I3Z/1FI1fuIBAADUOMRUqBXIq5ogJBRJ
OnOqtiOiUumNX15bFv6sko0noBIRDYorwekHAABQ4xBToeYgrzIgHpQl6Zzx++pOnwgwNncpomE1
Fl+VWgYcanYNH2qoWuJLyev2hJMQAAAAEFOhpiGyEqQCPvJOFZ6lqtRKbjM2sXo18lRska3fVzfQ
7xvs87GbJBUlkoXzl57IKPSlcEICAAAAYirAl2oqsiIJ6CDvDAk1u86e2t3b7eH8+VR6IzqxGouv
GmkI3NPl6e32DPQ1VC08LiV7yxycmQAAAEAQUwEqcV5qRQAwTupZ8frQzpNHd/E8Vi01OZVPzK6n
0s8SyXVCSNng6vfV0Sza2+0Jtbg62+o1RdPiP3Th0hepJxta/0d+OEUBAACAQkwF4GLH1IpJvwxS
zwT+1apmMqeNE05XAAAAKEJMBdBJteCKWb5pZB96rTXA8qzkNj+6/vRqZEX2Dq44ewEAAKAUYiqA
eFJjDCb0ljPnDkVPl2f4kN+qJ6umBVQKZzUAAACUQkwFANDMtGfpoWbX68M7hgf9Wtes6jY5lY9E
s2bu1IqMCgAAAFsgpgIA6GFy1ffQoJ9/zxgdEslCJJqNxVelNknaDhkVAAAAtkNMBQDQyfz1yX5f
XW+3Z6Df19vlCbW4jP/CWHyV7m1jTnHvFsioAAAAUBZiKgCAfhZ20go1uzrD7s6wu6fL2xl281cF
r+Q2YxOrsfhqbGJV6itkQ0YFAACAShBTAQAMUaTnc0+Xh6c5cCJZsDadUsioAAAAwICYCgBglCJJ
1S6QUQEAAIANMRUAQAyEVR7IqAAAAFAVYioAgDBIqgwIqAAAAMDJpI34AABqAZJYJfhkAAAAgB9i
KgCASMhj2+EzAQAAAE1Q9AsAIB6qfykEVAAAANABMRUAQJYaD6vIqAAAAKAPin4BAGSp5ZxWy+8d
AAAADMLTVAAA6WrqsSoCKgAAABiEp6kAANLVTnKrnXcKAAAA8uBpKgCAeRz8WBUBFQAAAERBTAUA
MJvDwioCKgAAAIiFmAoAYAFnJFUEVAAAAJABMRUAwDL2DasIqAAAACAPYioAgPVslFcRUAEAAEA2
xFQAAFWoHFaRTgEAAMA0iKkAAMpRKq8ioAIAAIDJEFMBANRlYV5FOgUAAACrIKYCANiAOXkV0RQA
AABUgJgKAGAzwiMr0ikAAAAoBTEVAMCWjIdVpFMAAABQE2IqAAAAAAAAKKTO6hcAAAAAAAAA8FeI
qQAAAAAAAKAQxFQAAAAAAABQCGIqAAAAAAAAKAQxFQAAAAAAABSCmAoAAAAAAAAKQUwFAAAAAAAA
hSCmAgAAAAAAgEIQUwEAAAAAAEAhiKkAAAAAAACgEMRUAAAAAAAAUAhiKgAAAAAAACgEMRUAAAAA
AAAUgpgKAAAAAAAACkFMBQAAAAAAAIUgpgIAAAAAAIBCEFMBAAAAAABAIYipAAAAAAAAoJD/B9yK
sdkKZW5kc3RyZWFtCmVuZG9iagoxMiAwIG9iago8PCAvVHlwZSAvRm9udAovU3VidHlwZSAvVHlw
ZTEKL05hbWUgL0YxCi9CYXNlRm9udCAvVGltZXMtQm9sZAovRW5jb2RpbmcgL1dpbkFuc2lFbmNv
ZGluZwo+PgplbmRvYmoKMTMgMCBvYmoKPDwgL1R5cGUgL0ZvbnQKL1N1YnR5cGUgL1R5cGUxCi9O
YW1lIC9GMgovQmFzZUZvbnQgL1RpbWVzLVJvbWFuCi9FbmNvZGluZyAvV2luQW5zaUVuY29kaW5n
Cj4+CmVuZG9iagp4cmVmCjAgMTQKMDAwMDAwMDAwMCA2NTUzNSBmIAowMDAwMDAwMDA5IDAwMDAw
IG4gCjAwMDAwMDAwNzQgMDAwMDAgbiAKMDAwMDAwMDEyMCAwMDAwMCBuIAowMDAwMDAwMzY0IDAw
MDAwIG4gCjAwMDAwMDA0MDEgMDAwMDAgbiAKMDAwMDAwMDU1MCAwMDAwMCBuIAowMDAwMDAwNjUz
IDAwMDAwIG4gCjAwMDAwMDQxMjUgMDAwMDAgbiAKMDAwMDAwNDE4MSAwMDAwMCBuIAowMDAwMDA0
MjM3IDAwMDAwIG4gCjAwMDAwMjQxNDcgMDAwMDAgbiAKMDAwMDEwNTM1NiAwMDAwMCBuIAowMDAw
MTA1NDY1IDAwMDAwIG4gCnRyYWlsZXIKPDwKL1NpemUgMTQKL1Jvb3QgMSAwIFIKL0luZm8gNSAw
IFIKL0lEWzxlMzUxMjQyN2UwZmJkOTY5OTQ5ZTFhMzE2ZDVhZWVlNz48ZTM1MTI0MjdlMGZiZDk2
OTk0OWUxYTMxNmQ1YWVlZTc+XQo+PgpzdGFydHhyZWYKMTA1NTc1CiUlRU9GCg==
--te4pbsZ3--
  
[2026-05-25 02:10:09] local.DEBUG: From: Tsoka <hello@tsokatravel.com>
To: lisanyaude4413@gmail.com
Subject: Invoice TT-2026-004 from Tsoka Travel
MIME-Version: 1.0
Date: Mon, 25 May 2026 02:10:09 +0000
Message-ID: <ecb77c748f086e59e3c9f90cc2cb17b5@tsokatravel.com>
Content-Type: multipart/mixed; boundary=vPvATheB

--vPvATheB
Content-Type: text/html; charset=utf-8
Content-Transfer-Encoding: quoted-printable

<!DOCTYPE html>
<html lang="en">
<head>
<meta charset="UTF-8">
<style>
body { font-family: -apple-system, 'Helvetica Neue', Arial, sans-serif; font-size: 14px; color: #1a1a1a; background: #f5f5f5; margin: 0; padding: 0; }
.wrap { max-width: 560px; margin: 32px auto; background: #fff; border-radius: 8px; overflow: hidden; box-shadow: 0 2px 8px rgba(0,0,0,.06); }
.topbar { height: 4px; background: #c8a96e; }
.body   { padding: 36px 40px; }
.greeting { font-size: 18px; font-weight: 700; margin-bottom: 16px; }
.para     { font-size: 13px; color: #555; line-height: 1.7; margin-bottom: 16px; }
.info-box { background: #fdf8f0; border: 1px solid #e8d5b5; border-radius: 6px; padding: 20px; margin: 24px 0; }
.info-row { display: flex; justify-content: space-between; padding: 5px 0; font-size: 13px; border-bottom: 1px solid #f0ead8; }
.info-row:last-child { border-bottom: none; }
.info-row .k { color: #888; }
.info-row .v { font-weight: 600; }
.cta-btn {
    display: block; width: 100%; padding: 14px; border-radius: 5px;
    text-align: center; background: #0a0a0a; color: #fff !important;
    font-size: 14px; font-weight: 700; text-decoration: none; margin: 24px 0 8px;
}
.footer { background: #fafafa; border-top: 1px solid #f0f0f0; padding: 20px 40px; text-align: center; font-size: 11px; color: #bbb; }
</style>
</head>
<body>
<div class="wrap">
    <div class="topbar"></div>
    <div class="body">
        <div class="greeting">
            Hi Lisa CT Nyaude,
        </div>
        <p class="para">
                            Please find your invoice from Luxsav attached to this email as a PDF.
                    </p>

        <div class="info-box">
            <div class="info-row"><span class="k">Reference</span><span class="v">TT-2026-004</span></div>
                        <div class="info-row"><span class="k">Description</span><span class="v">Trip to Dubai — 7 days, 4 guests</span></div>
                        <div class="info-row"><span class="k">Date</span><span class="v">25 May 2026</span></div>
                        <div class="info-row"><span class="k">Due Date</span><span class="v">16 Jun 2026</span></div>
                        <div class="info-row"><span class="k">Amount</span><span class="v">USD 5,886.40</span></div>
        </div>

        <a href="http://localhost:8000/tourpay/pay/e9a0faa1-85e3-4179-80b1-9b9e9711bb7d" class="cta-btn">
            View &amp; Pay Online
        </a>

        <p class="para" style="font-size:12px;">
            If you have any questions, please don&#039;t hesitate to get in touch.
        </p>
    </div>
    <div class="footer">
        Luxsav &nbsp;·&nbsp; This email was sent by Luxsav
    </div>
</div>
</body>
</html>

--vPvATheB
Content-Type: application/pdf; name=TT-2026-004.pdf
Content-Transfer-Encoding: base64
Content-Disposition: attachment; name=TT-2026-004.pdf;
 filename=TT-2026-004.pdf

JVBERi0xLjcKMSAwIG9iago8PCAvVHlwZSAvQ2F0YWxvZwovT3V0bGluZXMgMiAwIFIKL1BhZ2Vz
IDMgMCBSID4+CmVuZG9iagoyIDAgb2JqCjw8IC9UeXBlIC9PdXRsaW5lcyAvQ291bnQgMCA+Pgpl
bmRvYmoKMyAwIG9iago8PCAvVHlwZSAvUGFnZXMKL0tpZHMgWzYgMCBSCjE0IDAgUgpdCi9Db3Vu
dCAyCi9SZXNvdXJjZXMgPDwKL1Byb2NTZXQgNCAwIFIKL0ZvbnQgPDwgCi9GMSAxMiAwIFIKL0Yy
IDEzIDAgUgo+PgovWE9iamVjdCA8PCAKL0kxIDEwIDAgUgovSTIgMTEgMCBSCj4+Ci9FeHRHU3Rh
dGUgPDwgCi9HUzEgOCAwIFIKL0dTMiA5IDAgUgo+Pgo+PgovTWVkaWFCb3ggWzAuMDAwIDAuMDAw
IDU5NS4yODAgODQxLjg5MF0KID4+CmVuZG9iago0IDAgb2JqClsvUERGIC9UZXh0IC9JbWFnZUMg
XQplbmRvYmoKNSAwIG9iago8PAovUHJvZHVjZXIgKP7/AGQAbwBtAHAAZABmACAAMwAuADEALgA1
ACAAKwAgAEMAUABEAEYpCi9DcmVhdGlvbkRhdGUgKEQ6MjAyNjA1MjUwMjEwMDkrMDAnMDAnKQov
TW9kRGF0ZSAoRDoyMDI2MDUyNTAyMTAwOSswMCcwMCcpCj4+CmVuZG9iago2IDAgb2JqCjw8IC9U
eXBlIC9QYWdlCi9NZWRpYUJveCBbMC4wMDAgMC4wMDAgNTk1LjI4MCA4NDEuODkwXQovUGFyZW50
IDMgMCBSCi9Db250ZW50cyA3IDAgUgo+PgplbmRvYmoKNyAwIG9iago8PCAvRmlsdGVyIC9GbGF0
ZURlY29kZQovTGVuZ3RoIDM4NTkgPj4Kc3RyZWFtCnicnVvdcls3Dr73U/CynU2Vw39yr+rGSTeZ
/DVWttNpe6G1lcRTy0pkud08yT5KX28BEOChpHPkk0xmHAPiAUHgw0fyCD7Rs67rVPtz8/6ko1/K
T5/9zKROJadnKcPHS/Xu5NOJzfRpdGGWfFYrVRWeFNfK+0APDmnCgSbNLGmqGVH8rG7An5gc+BOC
hZ/OavXmxxM98+ov1aln6lelfodfLnun4ix06FRvv2iu1fnJTycPfzzX6v0t/m/w/08n0ZQVwz8b
6FcxFdJMG68uVurhU6PO1vD4oTcQsh/myvk0MyDF5GfZGjW/hI+T69T8Qj18opWB+Kr5O6V+/ebp
y3+/evro8be/q/kzjjMMejwH296i1f5nse07O4NFkD8hBrT98IlReZbY4nz+nelM+K7rXLFKxoYd
lbXpPHPOsZ+6+hmq0SdvXr0Y8tEQOvqfu2Y7N9MuFRc1uCiLfn7339vFn9W7/omQ0VPbL0qeuL5a
3yyvv7+mB2cX69XQwzHOnE6HD//DBBsBR8kl44YeDG7W+YFZXfbqNc683Kg368XlvfE0Ws+ciRMC
+sPT588fn6n5q+lRrcZHw3p1u1CP5url58Xd5bJdqDx6JL63ixt6zDltv3+/Wlxd74e5Gjka55Ss
dnYK9pKF2rcTYvX0/PztY3V2Oh8skxEIivU2WK2zUMovFp8VlspkV0MCSgjdEVfPvtrREGH24A4d
1UE9u7v5Qke9EXIYcfR8fjp/e/4Vbto4s6k7BN/ZZvFuO91BSLrJ5oiDj96+efP45aNfvsJFYMic
w2Ek356fVQfrvuVjmiVjYYuoGmdm1uEW0WqM18QXuogaJkLRZBI7H9QFDQesedggcyg7R4wkphBQ
1NqRGKMvw7U3pAgQLRRzedrniKKBSUjUbN12xZyzNNzGjkTrE4rOZhJNSmW471ihM37ukydRe3Im
hGJMd6YMj+x752j2ZMvwrqOVZxNA7GBlFobDL52ORQEfwH9aaxIT+O4wL+XTFFMZDpxQFLCZw3+u
M0V0JHoKcxEvTrx3AKBeA6lAFdoSFco5hmrSew/Rts2cqNEhV6dQBoaqPqNsvWsWhRrn+lWj7K2p
QUE5aNtEjTS5DyvKMeoadZThvNSkBTVZ93kjOdqaVjyodCY2eSdNMhUYKGuTKm5IDqEBFh12OluR
RzKvA4FJstcNckkTe2jLcUmQ38qWU8Qarh9KUa/Khh9CoxHrJvfTRqyEOi06BhqjjaqOR8R66JeG
Miy9PEGLBw3s6KoGB2QPi6/hAznw0jjAoImWA66LVwnrUVKEMoSzPEFJBE2mYHCSE4I+9DBAGdZX
niCggAYPiRVIKEfdQy1hYWR+gsCIGldsElhRjr6HM8rZcU0Q4EFjcXYpCJRNkalmWKaio7JiBWRI
6o41UpVsUaq2TilVzT5JzbPLwgl1TcIZvGhhFI6JME4NmjASR1X4ioMufFazInzHaRM25KwKW9a0
C5syLoRrGTbCxRVXwtUMPGFyxqUwfQWu7ASM7GYvQeDvbS19Jiqd8WUmwxbYETrhp6NNsm45THM6
Uk1hOKIrd66fmt2LMwm3rrSjuK6KOuee5WuFnOTb/U4UtaRHr1xycUJ22L97IYwQBhgbCPWKYGdM
YE1HONMluIgEEjmWQZdoma7kqgO6QBRmtucMiYmftjxcp1KtnSnDIw/XRQwldbj6MhwLD3OVaO/R
SMMoQjWR6IoYIg/HPKDCUw1oLGwU4dBKoi6iNTzcsjlDa9OWh3fFOtEdBDgHGc4RT8WcKU+nWJZK
XAZiEN8pkKBwxZwp1rHwWhFhB1fcPdWqjqk578ewquSramxUMiuKxlWvUNSyZtqPQNHxmnnrSP2a
UYx1zcW6CcWcTbzTmBpRFJ2s2fFwU8y5cugyOtZ8odh5Hu6LOZ2LddrzQUy2ogHFKL7HYl2Hgpak
eRvUFWsoOsFa5uG2QLcra9MFekbOh1qQrPn5jtZmOJBdLiIHokOKG3wl0dGT7U9+D2BLrfoEWXNy
HtdANPIeYHP1UW3X6uzuP4sr9T8V1eXi8+0D5dT7u+Xt9vb4WV3IouuIhg2crTMExhi4+vGrn8EX
Rvj2g4mnw4rS5YgfunrEj9XDs8fnj948fT1/+url0Cl/yCuYH90Qt/CaA4uf4pUFtzyk/H63fpoP
XjqG3IlwEICKEHdyptc+k4Kk4dSB+9O97rx9+XSuXr8ZeUk04BXsE3AiDtWrhNf2aUGCDRgOnXGC
V6cvXr19OR/yaBiuDAqXPBX/wd3s9OJivVqtLxfbq/UNoPXZz3A932yu1tst/vLp7uq2ILmB7fAL
MpkJomCh1Hmm3vPNer1Sf0M53Fy9/7D97Zvb374FEfwEPUnNDMNrsR6vGG58MRE8aN+cOLovhPEH
4BK794gHfOBpbvQR/cDtPqT5VS2fKWDpfRk7C1CAs5aUsXWQVVOwUE4e8BOICk8GEfd3ANbYO1UX
4GwbDB45uBpFg5vJffl3efgF1Nnis9KQ97Pl8qM6u/pz+YXZpgNZPMw2mLq6eQ8JXmyVzv+EoX+r
8OGeoMm6OGrMMm3Q9pcOwWAumBKMCqCxaPj7EyvTsY9MPTs+7nm0UsIMkxImmB3zUZv74VcnZC+Z
ilov933qX9VP8dJDHrw9gquwWyRNPWggwwbDrMHJGlhpR6w6CFcDcH2xRr56v9h+KV47C6TtD/E6
/7BcLdXrxeYPxqw9wOy+yw32mkXci72xpbmdeO1ZbjC0FzAHAxEuY2Zzbu3uW2myvmu3JnjMrs1h
KgtajyDRgywoQzJcon1qgCGaCeRm6UKTx9FSjmJny9vlZqvOF+8Wm8mAsSHRHf0AMKeXfy5vtnew
CMJL94UcJzE5wnFNTBgNU2IiOBsNipvMceLjEY7rfRRkTcobg3bUx3A/Edf52MkjFNc7KWCf4qRU
wKiTJgxRHPrjYG0NklmzS3HW2Vk0cRi0Finu7nZ5t1Lrd2r7Yame3CHWJqPWwtRBH6KWjRbIpgJZ
e0hxzSIaLMgi7oXe2NIGKa6fq01pGzBBy6hZSOYhxfV2a9Z37dYEj9nVeHufRnEmlfdYxyjO4Led
rgUGa6ZQHFwMIGDjaDn95VS9vYHz2+b2C7dEk8s38wdYeXyzBb5cXN2sgOh2T3JuIstJWI6xXB8W
AcSEsFSojcVlOsuJj8dYrvpYwTUldYLbMR8txHoiy4mTx1iuOlnxPsHJWgRjTmo/xHImJai59jIi
ml2WM9HOOjNy73B1a/7X8vrqYv0R8Kbm67vN7WTsBnx5NXD92DO4e6Zzh4TXrKfCol/PfSgcXeUg
4fVz9dndjR1fAUbNGm2HDnW9YUHAnmFJ9qjh5M3UQ53RCBh7jPGMtzMIUQsS1kxgPAPVEeLIFQCR
Ayf2xRame/UO7q3vr7aLa3W62U5Gjgmz3A1cBMDGV3IdB+QI1zUBESxMCEhF2VhEvoDr2McjXNf7
WGE1JWnMdaM+2vtvC3U+dvII1/VOVqRPcLLCf8xJ7dwQ1+kIjrZ3E9HscV2HL+ZHriEeEAu3y8Vq
vV1vVH95QHaailmd9cz7++8iR+6uzVoqJPq13IvAsRUO81ydq8/sbtyE58bMmuQHea4artnfNSwv
8UYN6wfaTX6Jp7F1MeRjTKcTFn176BfNBKbTIdB3XoO4CYCb8+Xi5/Xm+lK926xXX3a40/TF/sBF
4PTTHdyC968CU2+vEpIjXNeEhPEwJSSCtNGYTOc68fEI1/U+CrQmpY1hO+qj1mbywU68PEJ2vZcC
9yleCtmNR3LwYIf+YBNCg2TW4GQySOtZdu3pTzS7jKitngU9cmuJiOw/rvgEOL+6+GO5nXzww5eg
+GX6Aa7Pb9Z/qfOP68329t5DX7PWBjN1rXtLa0Y1i70XyGMhGKTM3qMWH9WjvfmbUXvh5914dHL6
WvyAV/vZK9Ca2ffnakbtzl6RNza71ehe2xJoLBSMUxnoHqCKLYGsgYOq84ZaAnsNdvSQqEk0dPmx
BBIQtaeeGFTAk3jSDbZ8DsmMhgoQxaATiqVnjRRgBxQxRfocz80o0tUdRLhmgBi0WE+azHlbhmOy
QXRBk5idRdFmTcMh27oojCn3spRRND6TiH07Ub5KRwV+JR/xy/ByjbOWhuuuXEYdhBc75kPg4d7Q
89gsgyKGnTvqUYzoqiY0l+GpS6QIxZkMWEHRo4hbrhOxbwlkRdMRyBrpj2J70kBV55MOK/ZHGrDY
W+nQqquRFi5erXR4cSykBazGSnrEOJbSQsaRlh6zmglpQuNMSY8a51Ga2GqepcuNcSBNcIwS6ZKr
KJI2OkaZdNkxBqUNr2JU+vQYw/VPJQrCG9FxJoqCq6Rp/MsYYV/7/jK3uPF8INrQNV1/oHAyH3gL
ovddXQ2Iwemm5Q8U0Zra8Qdi4qZCjBWIuZNePIwlKpKp7X74NQG3W2ImcrHZN/uhgptEMY8gmtDn
GUSrpTcQcYCKkGujH4hO+4oiFL10lGIMUJG72uUHotd9zyqKNjU9fqjwsbb4oRhi7fBjEUuoFAkr
iJ1KFbFGaoztSQ3W+aRG2R+pYPZWKryuRhiAVyv8wLEQ/qixEn7hWAr7cKSFnWomhL04U8JtnEfh
vppn4UbGgTAno0SYtaJImJdRJrzMGBTerhgVXmcMNzsDInxvo+gzUdlppHWOzq68gZShUAiAP7hM
lExwg9/gl/LSGjT45TzmoiNKCJ63LtBYYrRgy/tNE4hC6GUgipkIyCcjudVEj543A+tSv7OAGMun
OvJw15HC5WLOFYJzsQx3shF1sjd0RFHO2QK0spXgX5SQWOjPaQFaKKuxmbcSR77bVCYLkejRRtmo
Iu9roeAyOrJu+YVkTETNpXWZqqJsVNaVyKSyq1pbhqfsiiiRyZa5vDiDB1kSY79RFfGCTmw7qlUt
XFbg+WRPteLtTFe7JHors5JY8lW8Iqow1WsSy3aGayIx537NRDXWS0wK82iJGPFS10SUFH3ESYxB
8kGsVo4dJV+kKJulM9xpH5Nkm1hRNjuhaFsOJogWEqMXLBGndr7HGils6HdH7AvwglQSS74Kkomi
TUU6ib6TOiCxLAULBfMlrXajrWPWUMUmQ/2o9U9f6l/cvZqfPt/p94GRHm5ZCUrf+Nqbp2em/0sU
5R+kBDxaz5//Bxk9920KZW5kc3RyZWFtCmVuZG9iago4IDAgb2JqCjw8IC9UeXBlIC9FeHRHU3Rh
dGUKL0JNIC9Ob3JtYWwKL0NBIDEKPj4KZW5kb2JqCjkgMCBvYmoKPDwgL1R5cGUgL0V4dEdTdGF0
ZQovQk0gL05vcm1hbAovY2EgMQo+PgplbmRvYmoKMTAgMCBvYmoKPDwKL1R5cGUgL1hPYmplY3QK
L1N1YnR5cGUgL0ltYWdlCi9XaWR0aCAxMjUwCi9IZWlnaHQgNjI1Ci9GaWx0ZXIgL0ZsYXRlRGVj
b2RlCi9EZWNvZGVQYXJtcyA8PCAvUHJlZGljdG9yIDE1IC9Db2xvcnMgMSAvQ29sdW1ucyAxMjUw
IC9CaXRzUGVyQ29tcG9uZW50IDg+PgovQ29sb3JTcGFjZSAvRGV2aWNlR3JheQovQml0c1BlckNv
bXBvbmVudCA4Ci9MZW5ndGggMTk2NjE+PgpzdHJlYW0KeJztvU2r7ri17+uPoE8Q9AkKf4BqqH3Y
DTcul5CWGiGNtNxIYzcuG3G4jSItc9iE09hcxGUTNpdqmJBGSCOIS3EoDptgwqaoRnEwxWJThBBE
URSLxcIcy35e5+MXSZYt+3n+P5I555o1Lcsv+j9DGkNjJAkAAAAAAAAAAAAAAAAAAAAAAAAAAAAA
AAAAAAAAAAAAAAAAAAAAAAAAAAAAAAAAAAAAAAAAAAAAAAAAAAAAAAAAAAAAAAAAAAAAAAAAAAAA
AAAAAAAAAAAAAAAAAAAAAAAAAAAAAAAAAAAAAAAAAACW8NgdAACA9RA0dg8AAGA1BI/dAwAAWA0h
Y/cAAABWQ9SxewAAAKuRNzR2FwAAYBWyLGENj90LAABYBVI2XzSfn/5BmSiyqN0BAICwFE3TVJ/9
PC+UbrQgsbsDAAABIf/3++YEBA4A8Gz8W3Phw2eQOADAM5Gq5o5vVSGyNHavAABgOUKUzVsqkTHY
cgCAJ+BPDwLXImP3CgAAAsD+8f2QxDUrRo18AvsQALAOtJD57RSUD+qb8auup0N/+Vas1jYA4MVh
ddPUpchoq3dCjylc04jVelC9a2rOuChLeDQAAMHhvbBpNSFwrQyucGbWkv3H2U4UK5wBAADIlPV2
IaiJlcmHU378moY8AwAAnKFqSNRWnalmj2f4Gwt7CgAA6LGQuDLwKdMvH89RBD4HAAAkE47UG9Sy
UxBZ8luvLBtUVbnsJAAAMICFEbfc35DrphLnFb2xqbFYehYAAHhDbqFwTbP4NLRqW9GSE1pUo2dh
yy8HAACuEGmlcMslLknE/FlUgNMAAMAZOm5RhdceE2g8A+J/AQDhYDYxceHMq/lVP3hVAQDBSKVg
dktxQaTHwnVbhzgPAACcIHYzVR7iXDYnCnEeAAA4kVopXJA1Mgt3A3yqAICwWCmcXn4em21ikDgA
QFjsrDi5+Dzc0rHBFp8JAHAs2JqNF1bCszTtL3msCAGJAwAYSL5m61behnrhSUhZCssQYxbgmgAA
B4KvKnF2wlMuzmxu6blF7C8Ar0bF1mzdTniaeqn0MMsTBbkoAMBhSBvaf1+hbUsvZ6Obki48laXE
VSEuCwBwHGRv2KwzXbXb2lAnqVg6U7UKisMGLgBeDaLr9istayFEFr7Wn90KWbXYhCSWMSMrVmwF
AOwQ3ih+zZEraeDm7YSnaZZacTaZhZsgIcYAgCNRNV/ca02ANrmSQuSMpfYS19Rs0Skt4+IwTwXg
tXjcfFDR5a0SbhnC0fMbYVhkx1nOUxEyAsBrMRAwq4PoQGq936BpPn7a/n3hb2ERZem5VSGuDABw
GH7ycUAIAmgcFU5m3I9F7bhNld7ZfHa7xLC1AYAXI303qATVcs8qZUwIqeyFTri1T4QqOL38y+4c
OrzHGACwVwj7t/cjWhBsVd46sbm7m4MI3dSSdxanpT81hHYDAA4CGSgYf4YFOsd8vZgL0v0ChBFQ
XebMdqKKzQ0AvA6UfTIqBXWQM6RD3owBdErzysfEsq1g2COTFFYcAC/ExL5OvqDZrDj5KzJpZ14x
88c094g7pnY7xHoQFAfAazFhA1Wtkee92Smta0HND5Yrcf7akwrLcJEO6X0eAMDxmEvOUQpfkSOt
9Vbl1HKeujAil9kHqMgl5wEAHIs5X4Dm5q+oV9uZMeBKO+1RzOcMhTgLI7HMMtKESL0JADgIM8Kg
BUkzoZTwa92+msIpX50zWV3LLjeKZaq4X2VCKKzHAfAi0JmFsrpb5cr9cwLn1jFx7bmUEBlznK+a
6XBT5tQy8Pd9K4eUF9imCsBLYLVOz4WvjdVCnTZx9SglBbNsn5C0uwjb0/ypqANkpgMAHIHMSuGo
1gmj3idxcXc2WpVCMOawWlYUqYOpaCiwFgfAS0Dqpv5mThC+roxH4m6JnjtphO3mhjrz01HZ1IWL
jGIlDoAXoWgkHduheoe+renASuZyEtuto8p79ui0uyFUnigAwN5JNUuolSrw60FUukhEKh3mkFp6
huA5aJwgQteYqALwCpSpbc0qdj6kFQj7tXqaO2zAX6Ry1hpn+k5y6XMOAMCxoGa824nQ+RBeu+yT
527J4ozACea7HmcH82kcAHBUHqs2DFJ0tpWp0eWcCcTyDCeqgnldh+2Cn/RqHQBwTDLrlTKaUHmW
CO40mXSbrGpVOk9VCbNNuqlQQRWAF8LW9mmlrc88Kc1qXJ3PNux+ku9r49r98EenTf+knQgrB38G
wkUAeCXsFa4pOltMJalsNLNtn6rWKLOti8USyoT8d+F0BSQrXIzE8lroAQDw7DgoXI/mZjEupfbF
Tq1zjS9YJaO8dDDkagmZA+AlsE8+dIsSlVUdaZoJ5bYKJ/wvxWmLGGQOgFdAtnLFrfaoPqC4Rfss
L5yWyYSXK4B0BqVDQeozkDkAnhrZ56B014am5PZnIcx2h3wphOCMOadSqpRgiXXthipjLBM9SkmH
KwEAHAnZJ9m12751i72z4YTzGVoLy8GtSswk1Ta82D/tHQDgSKSs/+7scbBZhjtBhEnHax9514mb
Erl9IiXunopO2fcfAHB4HHN0OLo9WdUoYSlxVSky5tx/p13+p0ugzmcBABwURzOodmw+/+OPtk07
T4BbBTXmHnEz5arKhDE7nwoAcERIo3M3lXObSSbsC/umhXPvVR+g5xKbYuqJubo0AAAHhTU8sSzr
cqMSLi7V9LeWdlwhlNu+MIPUgghrd2pP7dB7AMChETJxXI8rc3sTKM0dth34bR8VjbZd7Gu+PeU3
rvwqtgIADkdXp8UpcMR6jkrzUvV8+Z1Fu1L4XYGLS/iXRg0/E9iLD8BL4bCPtGlOk0l7U47aGYla
ePY+tTcUsy6lJ/c8EQDgkLiFxlWdd0LbL5tRZvhsvuWa+fU//btt35X588xq9xkA4FloBch1Q759
ppELf7ZotqReF/CP1v1m3d/DnwrAi0Gc4mevSkRadWRTDbN+N2jG7PY4eM5W+b/bNJ6L3owDALwa
brmIdJoy3tedqQs63TKzbPr8Zz6z1dQuK6YuiwZpzQF4QRwDy65wi8btRE4Rk/K3stc4ar50U05W
2Acva8/iNwCA42JKZLnvZ6+KyjL6gtnMI0/FWdNM2HkyiJRpwmuz0d9MmO1XEzWSmwPwUpBW3nLq
asmJTFdWzdNf/3W+tVqUzvG4ua64KbxlJIvO58SU7AKHwwGA16FoKmeXqqJFo23cqvxPdg36rMHR
dgrcS1tl48zYQtfoBucAALiQNQWhjv4GbvJQWkjGT37bbWz44W9zApe7VWY946TMmvqcwg2PdFAA
gDUhrf1km3v8DoslM1GWIhdSzi301dS396n1GiIv6mr9HEpEdd+Y+bH9Pxy4AMSGuZpwTrLEii9+
sGnNI5a4heSfyXeW/W0VObXqsi+i+9pnTmfSbFxLkgKLfgDE5mTCaVVap+xosbKIssJaPU0aN8d+
818WX1r3d1V7qo9dkeZrobrfSEkSKZJfbTE5BgCMY+rVF6LPEemwsqXThDBqcwKWlzN23LfdV4ea
ECfU+//89os/fmm3Q1W4tu4ApV30TJfuLmuo+ZnoWrCGZ99uMDkGAIyS6eumdJe0cbU2YbRKScbn
9je0EvDlt1+9H2/rtzIzBRjcUxz97HuHHjPn5q3haa6IyUnFTRpl2f+uqSvdFN80dpE1AIAV6MJn
zz97VFtWqurMI85nTjTpz/i+W5gvauVu8MiP1n1dc8pYpWVFWGsFc1MMoz+Raqr+jsoMTgcA4nBT
g8HE/za1U+Y4XbcilyaZtChOOjkH/mn/N6l7XvOEfm3d3RWnjFynuioo0e38vTiZcWl7O3t375/l
aicGANhB29FYcdfdqjpvp5hW2UHolBm3KAvvT+dnqzXvtunLJaeZRlXcLPfxRqdZczLjrqr+43on
BgDYkOqm2z/lFiCnlbYu2EfF2FLfN++stkmMUdB/m+0oSzLj2vWwEmfITj1nZlbamnCqnQ+ftZRc
05+8+z+YkBLzVQAiwXQncPZxtBcUY5bnGMs/rlqhoAv6nur5TEqluUZplxjF7eTy9INqVN1qHGua
v2hjxrVnSu8m598GPzcAwBIuWfuVOC3EnbAoZkU6S4eP2odLa/6ls50UfZgyLcNr3HlrbWu71SaU
pjdVJa+T9Kd3fXDIBA8ACEunQexkDDlNVa2yg6i0rw+hxny2td/ehjOzruDqPJ/kOvRug6I+Nd1r
mz4pedU85o9C+VYAIpIXmck9XnOHYjVXgSNTGkV13jYqKfvdaEt6icilsxpXnxcMaWiJY90kOLkW
ajzXUxz6pNCobghAPFLdKo2wShH+VuCEmGzZuGnrEevwnLHXSeSIkPz652wyZlkxkqy4w6DbGmba
t9oagtkqALFIdasyt2IxYxvx84FE1KO+QsqFmvZh0IRQLmtXkaOqqURqzMd8TpQVXXJbHnhjsBof
asJEkdpV+KlF2N4AAOxIa5EW/Sj9sfm+HYsZnRmt/eSPCF1NzP4oy8TkXnx++jsjc7Yix4oiI6Yk
hC5tcmHqsNEa8u5yC+MTTpu8kXb73zKB5CMAbA8tuJD5T2sTAPybzCQ3mkk7UuY06QSuKed1KRtr
5fvPbvvAZWUncsY1Up+z0JVZYqfGgSDV7XTTXJpImikVv4MF7AkAwIlca2OikEqlbHb6l/YCZ5XC
g+Y/Wg55yoaOf4DcS8rsAqJP2vTxk+sbVSem+fm4lbHrBQBsBVVVv4Zf5MRi0vVFJ3CaJXTMRCKi
nNUeLTK/iZvLTjNjjwrPuzJEqnvJpLz9Yi7R3kdzdsACADaGXzLUEqttXNr8UZVyJaZaTYWab6yS
wi733BWSzroZbhB55ZGPbpzsJJmmfIVLCiqDDNcNAIAHqX2e87rUc1NAZp1KWBUuIRW5nq0I0RjP
yamjPC3qgBEb3NS2ThKlSeG0J+R/NdA4AFwJ6qIjxVdfmcFomYjNwtcwHTFWixZT25Q6dtSq4sQH
UVSNzls1rHmA6lhml0Q/Ly+6Obps1Fi83wi/0+3UfGk3AHgpqAjZ2ifS1LnPPrUbsdyiRbOnqRrX
o7rwGPKU21aFUJTmKk1IJhZl+iCdlpPWdCtyZn5h5qeFa/VZbbJWIQ0wAA78U6J+UZhlKXUfVMq8
WqOylTdinIZWI9bCfiSy1zDyq5G8bnU7QXWN6UiFULbT6UD739Muo6aoCDW5UczOrcZxP6+BmTaw
jQsAa3725c+uVRGKG6mwmUE+ck4DXJ52k0+ud7UztXnSixNjqKn3X+T+0+z5jQ1NbjakhdneIIy/
guiKqE6omHbPPNU0n5uWmNejAeAlqb/8cDOCTl7DzMQ18AWtmhzAjZa5apTsNmB9GBqv/+HUppJ/
HGrkh69/v8DMGt1kZmw83dmZTOowhlxljFbRVFlnvbKm9KmvHdKvC8Dz88mbEWQGH62KXNVmxYeW
1KvVVOlGcUJ6c8Ok7B6MjPi5U6P5oCTUsl/a8mTQNDSYrflmS1U3veRlCEMu7e5u3ZidZmmSu89S
e2SArgDwKjyUSq7OQW2qtTiuM8nUaam9qG8LB1ZNNSwkjrmB2NvVs7r+66dOLQww7BapVNqKnzbq
3IfaUk6n27EhN7td+1xTej6B0w13BRb/+u/LsuMB8EKQAd05fVdpdU3dkzrF1DN++6+0D/J94HPH
RTRe36yc1fLXi0JdepFIVTGsNP9P0uWG4uaLWHKee5RxIdd3t9mKU7YnJQiXGvl/AbBmosKevokx
TTVNvS2Hkej933s0dc62+evFZgwvK1WI7B9+P3LxrDtb1c1kw4WhmTJifDSlwDg1669cmEZSoQKn
dwLgWaGT8bmXuqGpFpcyKs6MJAH+3kulqPhDO237L759uWtqwp168ixLs78qkQGTmZuNsYWPJ1WZ
CLpLoTGCfEoA2DCeKLy5qf7OdM1qOtHMFCN1s378k19z1C6YzrJvciTUjvX/nVTSfOMBa0Tb7227
oSqV7nbqY1sDAC6QSSOOdX/DUlM2waqa8xBj+Tx+5dmgDKhwBv7Xx75prU7/Ne3tJreVyEnsQqLf
YqSNVTefOgAAC6Y3gCcpNbl8u4lm7WfHnHIq6QfbpfDdPBFY4YaTbVYXfzDvV/YJHTvcHjZ+vlmE
OdLsZlXL+wHAqzCX0003qanH0P3MvM6QVqYKsxbkrS2nffssw0e+ZgNCf820LoKdpzMIaTZf0XCA
boJalKQOmrUOgKeGzKdLuyykSa8zZLUo+kjVt0tevlEPNOCq2BVTG/E/z137ptStuIe1FZnJZlcp
81NT+0gcM60IYdy7cDQAYMvcnEmdQ/+1l7DwnMo+FP+f2jb+8vdrLJjw7bHzdnt7CBPqJOeUUlEF
Xdk3sqabMmOumUVubxg3xQhLzyUDAF6Qn84MrPoc3cDNX1N6PZJZCQCp+kqp9EPTfNbOVd+dmpWh
LyQYP/2yOhedDypxeV147tbqUaYRxsxXiTQjAFjyB/sBRvLqmnmElNym+fRcCvpXTfMp0c1fmrqu
hGD7dgvSNC8rHrhR1lQOqZAH6HrWt7Uoax0AL8TA5q1hGC+7uVLKu+Nyyxwk56FIPnxME6n/oDk1
tfr8g4i3I2WBG2ya8h995c34o2/7E7pvADwpc7VDL0PM/J8npOiWgVhllan3huLjp0mq//W8d5y/
3GIS5Uk7//3GV+KaUsKRCoA7DmVR6tRkF0+7QBOrPJY3kHefJkn5KV3jEo5BVTPXKlv3ZBKVBQFw
xr7GXkVYlyOjnaO6h1Pkn9xk7n1JVKNciraeef+ZsZ+71JwEOeIAcIXZDzZljBDZFQ8MvbngFSib
5isPiWuEeURSlSaOELcdAEcc504VNRPbCkPNGeoT7Gv4nnDzmcJT5+VPAEDiVTiAkPsyXWAOviBY
5HOTiYonJv0yjXwZABwN7lEAqqJiUdGa14PbL3gO8OETU0vatMP86qEB8LqUbCRX5TgmRJ+3h5oM
JMACuijct+UH0mocNU0RSBwATnDXxbi+5l4tiZAUxQNsyBZt2mq+/tB5d5SIfR0AHBOf/NpNmdW6
XCXfx9PhbCW/4VP6i6JuOEFMHAA+eI3Awph++1K4lLVkolBvZoU8cr+WKlzzB9NKVspd3W0AjoJf
hm3Djla+yehi1zkFQDRS39t7hXYNUcTpAOCBw/ate87J42JVgWqtNi6M0SbYaAbdisXp2w1eywC3
l6D72jgAAB8c9ja8QZwa2NqYI5m4m4vWZTaicH3Ct7gsnaZqJgSyJgHgjbeRUffHi22zz5LcusN7
ELjlRpymCXJfAuCNSbDtF7TFzeFpteleVSKsFw4l27Bf49gmqhqku1iV7GfJE4CjQdtRxL3mqt8x
9mmSb7sbn9sKXLmbqZ1XKcEzaWcCIvYQAG/KrpKp3wB8/9/Vpgo37jV9YD+q4FmGpqMyxdEqlIUG
wJusKxvouSKu9Kmu5zawaRNOiexkMelyR/mEl0hckSSp5lyr2BcBwEFpjQSZLBmGfLu+TueSrKn5
m0wpwfcVPbZE4sztzWRCq/0YpQAciqIv/SwazbxSmfHNekpm+ic364kjnosAipv0yuYGG8WGxAHg
Q3pSBtF05dWd0RtMU7spJ8nmUhGx9Xvih6dHVbSHMrXj6wLgACjZfxdmh5CHxNH1u8jqz+pu0W+S
ejcO1Ef8tsfJ7limkD4eAG/yc+YKIb0mVHWyeqFAm81l9a5LJpP37jdWG2dqDytpzN4DcGCIOsuT
YKY4lHTdrKpI3m0gWGd/Ua5T+vVsH6p852aO8xpnLRuTQDN2vwE4PNnFAGslKlWp81RVaxPWwNbZ
JyWbZsr+UWw/cSFTEFeFa1ImTUD2zpUbgOPhkfRHJqRYxa067Py4LGsdqG6E4+dGwRNCTYTMniff
AOwENsGjleBep71O/kHHULgd5ambxXH/73l5VCFOBIA5pqNO5ds/d3f9/eZPTZPzwPYG04KPmD59
5Mie3aePuBbeOkkbPZCKAxCHuWy+6n6l3hQjFm42x49N85UOa26QUZ+HlpSUeicZkuxxmKhWnR2N
RTgALCDcxpWn5TXoo2yqcX0ZbyGsScXGjB4tDmrW2K9wtldo9HDb9HsAHBE7fTtR8u4Y2toPZju+
28SqCmtzjErsgSuzUMbmY18M7GR4o84WAJOk0nFVTcvU+PCEMThyp2I1Ydf907FJXc1CnmZ7Pmnv
1PRt1VmmzV+2j6BSPHJ3AdgzzCuFr+J1RbUxyoyP4jvLo34TrttZlY95R7QId5pIVE2edhr3xeAV
1nn7UUG7v2wNacqi9hWAPeMncIaPn1VNQbqpku0K+f8brt8TGesUDXeaWPAvWdJp3Je/HLi5d8uZ
xX6TpgAQG3+BM3z8b0kXaGK7GvfngB0fPcmxIkTGIMarYy5Sttba/UOq3kbAqcZ79t8dmLIlPQVg
v1CvlG93esJaI662XYxT4bo+2vOj+lEH4a2eme/s1pJ7SCVCauF7gl7d4K4Az4l9baoJ6kZX/ffm
++bD9N+GK303tq/iGeaot/BT+rdTDjktjUH3EHaT+oeNdOpWsusvnukTArw2o95IV76uTE0u1fzz
aW38u7I17oY0SATr+4jCBQ4q3gNc9d8LUwGamZ9SXjx4ULn3hUvTVK6uvyCy/T90Dhyf6cIGTrxr
1Ss3IvfHxlRbJrUZcAMzyWADZ0Thns2E6zgVdzVOnYm/4r7NZ5qYwBN2c0JuZA4iB47NXGEDR76g
mrPm6z6hR2qGx4AKqSA9T8cUbouc6TFg/bc8cMryc2NdgM1NxS6SNmlSZkSYBKhPekvB85O6bvWe
49ufJep7fd26wDL6sNBHQ/S8UCO1UZ/KzTBEFbbUqzg9qtI8l/L6cPJEacL1b/6hy3fKQp4SgK2w
LhFvT/UPrRF3s2nqMRpFBul5Uw8uIUoaovVdwwJ6a1ryU2vcPJj88nTSsv2NIvpL9afugyPkKQHY
CM86z9N8+Oom6yQVj0IUYm/q8A71WtAAbe+eUoVsjdX9d2JMtfRiYxvPQ90UsvnLD+bWBj0lANvg
nsjSio//5805Onftu8t/K6oggyUdtD7rAC0fAbq0OsPdhww5ZyZVjUqTi5FtdFQ0TWlCgCBx4JCs
pHDNTRnodpZat3NXM0jM/6usNQzY8p6PZPZ9mXRpYuGVmppCV84fDbn5kFCtGUfNv3TVBeGdP0vU
sjMCsD3rKdxF47hSnDbyF+1v/j+jQbQ1GarJTlnx6grXlWhYxF0iq+YmqjhrDTep+n8kt+9IgMcG
wKasqXAXB1w7kjJpIrl++9cPnQZly+s1EDrU9ScM9l0Rrm/czpe1g/aTo+y2/H7WLdOaldTrDZYx
+gmANwEDfoe4mlQ8+bxpvi7+/j+7X4l6aceJHFK4I1Wd2QOqut4wMzdNGKddMqyusmGdmU/ApPiX
21v8h1NxItxpcARW8aXeaRy9nOoH/f6Tn3/Zm2+LczamQ7Eizxrsux7sZuapjImWtwaccVN3e1+b
2pTGkabAxpsbXd4v4wGwUzzqnrpyNhNS9YsmS/IvePevpdUFBl2pCoaFC9R8UX3sYpb0tQzbKWmt
uYkD73e7DKaJ/x+vs9oJDo5TBnJf+sQ8RJJ/bH9i/VJZKpZ1fFDhFrY5D137BBvSqlRpngXtPQhm
N6+RuGv9tKlX47f4LAHHYFH6S2s6VSMkMetkrD9xtmyMDE2vNVt4M2agReA6OnFpP2uKzhkkO7+3
kv3boC2zzYionQfAjuk60OHopSFcPYEhhfvqF6FaH4LklZkGE8ZyIfJutZ13WYeOiyZ5twHMWPI8
0e0U1SkRg4jdfwBmGU8FHpjAsVRDCvf1X9abO5HPTNa7d+rt1E0rJQxZK3h0tbOvhSpZ7wsyypba
V9s4X/w6vWIXnslkBnEgoZOLjCNC9nsoVuT9akVSyTfffbS8ykqpQoijyJ1osj7IzSi3x5psWOc1
ZUKqty9kbT5DeJ/3EwBn3MvW+xPwI3kwVFmGa/9CWiiZ//y9z+VqVbbTWbpCp8LBmro+bbj3I1hP
0nymQmwndt2nBwt2UvD8bBAvckWF6jUZVLigSYU60iKEjVuVItvthKvvoX/sd5ALI5lrUXJjLMvT
8gAcu2CCbbypZ3iYTg/vSg3U+AUaRN8uFAv9x6uQpv0L4H+pATrhrm+PaGUQPcwGGqDnYP+svq3h
njpIp4cV7p+CtH2BhU3x3l9+KXZicrDTd6IXXuZNMkA/iNhuMXgWdaUUZ/hZFBdeKYjC1q8XD9Dn
YYX7LEDLJygNUEl2lFqK+BZEff5habm1haV/BnMo7Bx9EsE7k3G3CxGvzsZGXBAzbljh/nV5wz1p
UTX1Q2RIcKpY2zupqS1DL0toy7xNX+lF+f6OKHDTVLcWICbEO2D7OQJf3OdB++p3y++FIYx7wRZd
0DDddoAkWVML3of7Jiad1SJ+d1Ojy7krWzrzY9ObfhLRLxuzuREXwIwb7HOQiN9t9a1H8Y3X5vKU
mczL3XOoC7LQo/73VuOYb0+22Bm9T7SSue9tA07EWOhly7o8mDJAL9eJwO5Te7TcdBlHcmYqZrQa
l5vM5Qtn5CqV/7306gfd1pW/R6pi68+312OzrVu3+I2IC4Nb7xeLBI864Cq+tP/21EXWaBpKzlVy
qgDuygubcHdUS+tugEnW8xpOQRd0WA5uN1u4iYiK6OOt5ssuwRrRKNE04S6YefWCxHnz9kmd06CP
GFwhcR6pf1WFkZQofNFdYPvw6tX5JpMW2ejFiWWym48Zr5ym6Y4i4XZBiTTV67ByvYYxvBOOjMyr
5ZJ7wJfGhYVDiw1EzmQtX9zRvCul2nz1P9svHtnzeHSjeX9sZsa/FrFGNw3aX7XoHuxq0XtlkSOM
ZWHUpW9FJr9oKveF0EifrHsHIhceGuthes5Uh4dGtUwV9jFLvbBabUTCZaDZoSrOHzVtXwtJRe02
y9rZHd8RjjcSzBLt01T59XdwiF4re7liEvdmuzLiOmrme0ETBN1FwM56aXpqSgFxl65A4SZYuBsO
vCGeV8uru8Nh+Mrv2tP9LME9EPw9D7yLgJs2qe4fI3G0PKBwk2gR+Nm/NvEeJPPp7rDB5Tex26Tk
mD9F0CW5wP7Lk92cee1TgcLNUdGAj/7FiRL32yPcezucA9N3W0PEa7ci5JLcYCFG/55d7Azh8Un1
SptSfVmcnQqc2aru1gDKta+joaKeUrBw7/kGqFBB74EN1qpQ55aV8z6VCFuij8hqBUhejYgr7a5l
m4bTJzXeK3GHCFsQftf2ltCPOb3cc+Lq6tk0h/6RwWQ1DDGXo6hbV8dWcPzcqUfZPRSiJHUWfErO
rwUyUrdaGTtfAN0Tyzddg4hRcQY3N9zoMOU+Fx4o+nUDAqzIsT+H7VKtb2dRbo9xx07s3YEFuQBE
XXEXTl0dU2PpftWpW6332KilqzLBtyHL2rcrEdd+jwhf+ORB3DdOuvR0xJnqs6/hcLsj9cKA9+Af
ZNJ3+rx3J/bu4MuePIgrccqlp4ODQ0v39YqjLMLdscy9Fsqx8uO37Zd32iwQekYiIrmIK3zJgweR
95/XLj0dTFeZJq5Dn8TPCufFIq9DsA+y/F9NV3SjvRJgIiLOB77gwYPYKTYcOjroiOOul3tUgWv8
J6s0CaUs35u8cB/bH6T0SxCHeBEv4FddRNyJg30/2VBHuePFHljgDMLxcnt4O8f9S5Dz1/+1abKq
+Z4pmfslpt9fuoMjgNiRRcR9eNS2m//ybuBo7nitgzJ5JEov06nQ4n+EOT8ru3zoJj0L89kpjm0N
fizMFPbixH12zLKXnw4dzB0v9QkGmF+8e9n8LcjZdUHq5hfNB2YapRVz7sjRP2KisbCW02sT99Ex
y17+feBYV5feIbZrzeFVrXR045sj35jFtM+bb3jfqnOBa4TEebNWitRXIO6TY3ad/JehY6nbhe5/
y70d3PEBG2iAJUjdZ4bLtVZnv4fj9Ak7txaA5Thv4j44ZtXHT4YOdaxuEzaX0ANabbaSLpyfcRBP
pih671D5jfLogAFG3AK8izmBuA+OWfXxu6FDudNlrqVwOWO5bNXtshM9ZYxlQpQLy8tPIZ2uvGfx
OmRm9s/RxATvKo/zG7AStwTheddB3OfGbLr488fjyqZxmiWtonC6vNY8pQ+nJEqFqgTzFp9aqwvC
RrrNIIWxwroVofw/nE/e8QTenqhgqupJ3MfGbLr4aMTJpJJOVxk8u0Ulc5tXbnBHRgC0pE7XvySj
TNXdPZPbrw8+psrx1CeQYWQZnrcdxH1szKKHD57Qf25HWm5z5IXlBoS67GutSpE5fKAyuc6MVbpc
f3cPPvqdqE4TZgqm8iSRomvJL4IBGxuWwr3uO4jr5WLzHXz0w/02cXXmLV7ozk4Kp3w2UaWZKIOb
MNy5Gz4lYXRfFkMpbowIJrqG/AIYUJFmKX575kDcLTVsvoOP4Wyfu10hycVSgdGqG6DKorujsLwM
uTTnvqnHWecrmtCqW+dOdWsI07aJ/ob6XD4iRpYjfG482L3EPeqC8Z9n1qbE8vQ9rbKZAn3Oy1+P
0GC16D00zjlTmzJHFZ0fVZqtrq3U+V86nA3L8awz9+rsXeKGhkZaaPvdmguTw2mZdknQRwWOmhgR
qdQ1MM78XAjB2GAfKS/DGDTOGud6Wtk/AF32htuyrJxHzNG3O8SiR/CqxE3gxWb7N2z1SOvrW2Y9
lNwMbjEscCwXasYoU1IMCR0rQhhzrhqXtjLz4Qf79sXpMI/NqA8Ez6z+ktTLH8QLEjfknM11b3jb
lbS+vCUBcbWgpgkiHwXOaWGtHgowSQOonPPERTX/rqu5hUllKjOYb+J0FGGOpxkA89Qg8OVP4vXY
ucQNzqOV9dX5b0DX8jwxy+l9m0x4TO615A96lC6OJ3FNskObOv3d/D2RxscjParcj4N5ahCwjcuD
fUvc8BL53FFXfFca1aMgddB8wdpl+djo0tBg1xA12dB0XPdr0Rm9f+jmlTLE/PQC/KlhwBYHd+JW
RGLTnUsHB6N9cUnPWCw5/CIFmFuWD12ny0w5tyrNCelrsg7d1kqb8WPumOzunOLUre0pME8NhOPz
BklsiZsJ/RgxN2wDRvwG1rDvNMTamUE/ZFkj+ZKWHf2cvLP73pruqhRpwuvklHuUdK+FW8OTICgu
FDrgU3kV4kqcmOzbSBLLLywvzUvhBgWOipBRu48RxNy/eT3U3wk6M+D2oVfVeUXPtKS+a5sUifFk
OzY8BdIoBWNhQd1XZMcSN/bZb7ke4ZMDc7CSXxZ8rfxxH5i/yCm7u3G5qd1Xkz44F5mZlt4t5+WS
mwo05qeQgwlVaYIhwz2VV8E/A0UIxFTXRkL2vqNWF+Zjww10hwQ14C48aqm3yE3ewxHKkzLSQt9K
GSmM+cZSahwOPu2OAIkLRh3uqbwMUR+YmOjYqPhyi6sadlRMUz+acHS1zeMDVVFzzxUrDy9bfjH+
SH5T8sa0JE4PRQYsiQKJCwd8qs5EfV5iomNkZGAom6tyn3/XaiBwbeHlTVI8nI/4bTXxCJZKb+/8
fT/IaS7EAsZgQeLCgUI1zkR9XmKiYyNWnN36urPEyccm1h6YAxUDmVeo8tRdHKEeP0aq/jskbpeg
3qAzUZ+XmOjYiAnFra7KyR76sfnxodX1pqhXBiarfrNV98mLHHcmpKdwER5uSgSJCwfCRpyJ+rzE
eL9GjDhpdVFugVi/rNnb4zdK4Dhw/dTDf+tucPG3V3yDov09gMTtEhrssbwKUV8/Md6v4Vgqy+hu
t0Ut9XDuzUJVHxcATfoi52Ym7uMwlI7/tyn58wMSFxBExrmyV4kbiqH48dOkL+PH2KSJ4Vgn4M3y
BtuyGt5QeXt3d7BrAPA0wQcRJC4gIvTTeXp2KnGDgbtf3Y99pUQ+mHfS8Zru5JJsnRSjKgV/cxXu
rlUZ4E1YD0hcQOBvcGWnEne/GPb3iTYe07GNbPwag98dG2c75duYvMy1GyzM27AOkLiAqNhP83BE
ff3Gp0RuQ7y+9RBSt2Nvl/fGYvHW5jFGznWyqgK+EsGBxIUk9tM8HFFfPzbWK/cNptcclm5XJG/P
GikjxpATxXXCzMO9EsGBxIUk9tM8HPuUOK84/1p0ZVScjrlJnOu5uSAEg/fBLXBlz1U2IXEhwRYu
R6LWp2FjvfJ1akrqcqjUNwrns601FMOVZtw0TgR/NYIBiQsJi/04j0bUXF5spFML8p84CJVIboIt
Yk1Se4Y1zilbyo6rbELiQsJiP86jsUuJ++cNzt0acDTdx21oxirNOGmcCP9yBAISFxIW+3EejR1K
HN1iSNxFy261YWuC5RoXNv43JJC4kPDYj/No7E7iyDY9up0Z+tciDMhwSGfmsrS4wusRBEhcSETs
x3k09iZxG22fuk27lW65Y2scufgB0fCvRxAgcSERsR/n0diZxG3k4L01mdK91IeSww4D+/7JVd6Q
5UDiQiJiP86jsSuJoxvNGG+9j7tRuNHq9vbzaLrWW7IMSFxIWOzHeTT2JHGbBW7cnHdHCje6xdpa
4+RKL8lCIHEhYbEf59HYkcRt1hV5PeeuFG5Uo6w1jq70liwDEhcSFvtxHo39SNx2gRv0cs6dKdxo
RICtxonV3pMlQOJCwmI/zqOxF4nbMHBDXk7qmJRkA8aC2yy1eJ9bHCBxIaGxH+fR2InEbahwVxXZ
RTzcG9TIc7LMZCwIG2kgIltnGX1uYj/Nw7EPidtyD7y4XPsurYuxQpl2Gx30uUbgntjjR8lhQQku
V3YhcVsuiV3ncvF3bQ0xOte0FeTVXxl3drfkeWBU7Id5OByzgIeF9X3YdARc8k867XF3YtluCTn8
oKyrX7PV3xl39vlpckhk7Gd5OJzrxoeEdV3YNo/ReXPqirpaM8pE6d0+HXxQ1ro5NtONSdQP0mdE
K6VKIXI2WJ8J3BJf4tazpoaoT9e97vpQV4whzf0W+9Tgg7KunLjHEk2OZR+BC7UqRMZiP+L9El3i
tlW4s42T/nnd03xDT7e38Ji1ssEnZX2j9vi5vo9MB09Nq3Q5i/2c90hsidtY4brxT/L1XXwff03P
d9h5IUoNPyrbdsQW740jWIzbiEpyGvth74zIErf1qy99JMf3XOx0j4lwXJf7+eCjsi28s8f436iv
2atRy2yHr0A04krc5h/uP+NbTplqfnrVHPN8fj34qKwrWojtXh9rMFPdlpJD5U5ElbjtQ0K3DtDS
gvb32S1b+3ANbdtdAnuMDoVPdWv0ZRbx4mAGsTaS9nfaYZC//8nww7LdBMK2envsIX43DyyhhimX
4NN1C04i5xCJt2wX1y6rCcPhEAMtIHKxq+u9BqoTHftYvHrscdktae1R4hbUxgULeAKRY1yU6oQU
OaNuh0PitqGz5Ow1ji96XHLJC7UWMOMiUfPYj34Bg/HzusypfROQuK0wImetcfXw0yKW5Xv2+MEN
My4aao9mvQWEj4+X2lrlIHHb0U4ZiG3wBB98WrYbofa4T3Wr6mpgABH74XswG056duTNAInbEJ1b
+xyq4cdlGXoycnRcCFIqxaM6nCFnUyV9pC7nPZC4TamZ7Y41Nvi4bGN8dvlCw3sfEc1jP34niN3S
rbaYr0DiNkb90fLvhp+XpRlXDB8dGWT/jYmM/fiHIKznzWeyfRrwctaQg8Rtznu7Pxs2xCyNwD1u
cEBOpciMlCKPRZrLWyGry/zyyrskc6znZiyQuL0ihx+Ypb9ieAtYbPC2RaWisV+AC5kcUrHTpjO3
dLV6RuPw0u2W4c9cywcmA7+SgcBUNSpzarARdFDfeuqcuCbknrkqSNxuGV5JtQwv2+dMdYeVa1+L
PWgcm1lP1s7vyPRVQeJ2y0jkh2W+kX3OVK2T3oF1iK5xdI2qupOrjJC4/UIHn5ilSMjlb+Mqq9OI
HIlLHdfnsJLeTEUQQOL2Cxt+ZHYOh8Uz1TRhIx1YBvaqxiWmX5WuthbLxk8KidsvI4/NciPUxEO3
QiQrVTtZY6YC7IlXom3FcqKK5UIqVQjxkIgEErdfRl4Uy+gyu+jf0aUZWiSFsGrClXXrO4JZ1nms
82y1RqHlXSpQSNx+GXtV7Gaqtc1bx/jlR3r/XyRPlEhWcVpA4yLD1niqs2y6QnGT1R0St1/G3hXL
mSq1eO2YuPzYf/KdDyI6TbQi6vqnxKY9O6BxcYlSo23rNdjq/PGMhZH9MvayWM5UucV7x64LM6Kb
2YrTv4omIY0S8uY3AccFwWsXlQjLcRE86ac0eU6FocCmjL4udqu2k+/x6SOOXYPv1B/M7+pWy8y/
aiVYo7VoP31Z/5d19y2UzsGvGpXNoya3Lgnf030sQ+L2Cxt7XywTzUy9crL/hGNXHdV//X3/76r7
fS3M565IzIqcoVLma8qXvOe3ID4uJltPVV33ZIXCpMmDxO2X0Y/aAIW4MnVq6XwS0rxvKHvXSpxZ
xGsnksws+Yn2n91fit5Dy8NlaWLYyxWRjbNtRVt81RwSt2PE2AtjuU91Kl0g6bVNXE7CWokT6oOR
uLw7ATGvBjMLf0m3t5R3f6+CvPF9F/DuRWTTjVwxnZocr9l+Gf+ktXtq44tx7TSlMjt50qvEmbfw
x8boWWvdtwac7qwsZvaLse6EaX/igC8+JqsRUSEf5AxxKxNhtrBfxt9Cu/zm44txOUkKI25EX3Tw
vL5Hk6apLm8FMzWQRLcvNsmEcXSwgK9+kuITNhpBH+Q0eMpgmIkiM3ZBF3TscPa5US2aZPKio+fV
EpncttBpXc3q9ovSpJ3ehi7uleMzNhJq9tmEwrbgCHg9xt8aO2HgY4f/pKHMvOTiepLLQaOzCpWk
2SmDScgQOdQejAQL9xCngREHxhhXErs9XHL4YMLY35T5aM3E5Y+u4cSjESm6buretJQi5AigiJGL
ggr5ECdAxQ4wCht9bew+GMdmuiX7W2OW+mvTjAmRItxeZlSpzj4KTsMMAohcFDZyquLhglHY6Gtj
afuPHK1507y7/FFFnIs4q35Dq9nfdWLhcKEF1uQ2R84+liDgyYJRxOhrsyxnnLpXSOWxWKIFMYEm
9NQi50sHAkH80uZsssUBqezBOOOBcXaxlIINH62si7lOoCslzoZAGmRDEM2RgWRTAnvHh4E7CYyj
Rt8bu49GNnJ0K5AfAnWRmvZIFSp1Bc1hy23HRFRSOPCxBcYZj92181KxkaMDfrBK015plbjJlqzA
qNgIGvCxjUBiXyPYNeOvoNXhbyciaT9zDVrMlBujMHTiCsKEwir1+mwwU0XcL5iCjb45VoaOuD/G
BPXyJPTqiGQr+eZSXmDWui4bzFSxDxlMwUbfHKtgI3F/jPFRlEnwvA96zQyLaSZKzFtXg6724M6g
cgKYgo2+OVYp48TwscE/WBfXbJ0jZaJQdjs6gAvrz1ThUAVTsNE3xyo/jRg+NvgHq1xjbAxdNMuE
UApWXTDWL+KAtQYwxcQqvo1NM7LUElziWNso3TRVNmVG7VrTrgXWnT+r29+QODDJxKtjtRhHBw8N
7eQyyTUTucLwsARWnT+r71OFxIEpJl4dq+DfkaWWwCX+TAEbqlYYHpZgFPmz+mIcykmCKabeHZu4
MTl8aOBtg1olSbFxvZNbIHH+yLUfDjyqYAI19e7YzFSHGuA5tUw3Z0/7IvM1xocdcNr5s3pkHCQO
TKCm3h2bsJHBBjJd/TlwR2ngmg5uYBQtYO2HE6dGNDgIaurdsdn8N9wACb4+8sX6Q2UCSNwC1vY3
YAMXmEBMvjwWjkQ1cmj4XTWbJK0YAYbCAtjaTyf2BYI9IybfHYslqNHIzm9Cd1UGHhguwFBYgFj7
6cAZBMbhk++OhV909P39OnRXN8muOAIkbgHC7V4Ts5XupFq1kmNJV2/AMgIYZ/r9sdjDNSo8G3d1
XeIWWz84yuE+czngii/59L4WFOAC48wsBc83wMZe1q9Cd9V+oKxA6It5JZTlPZ7KOi/p1JHYYAdG
mXnr5lc52N3fMyFEzgy//PaHsD2tLQfKOoS9ltdCWd1hNuOEnxI5ZIwDY8ztkZ6XuPspxIqrImWS
cKuxsgpIEOxPbXF/UwuXgRg92rmEJXgZ1MybN//i3f/9ihInEokdXMdk9u4Su90j1eiyChwOYIQ5
0diTxKnQ5RtcgMQtYO7mpraJXPRD7mfWqx7iFsEIYvHIZnd/v6LEfWx+bS1I4UE2iwXM3NvMYZrJ
zwdRLs8vZ60E/A1gBDbz9s2/OvTu743ErfW6fecjTaHATGgB07fWzQIT5hBU/Aa20JmRPd/C/d9T
Rk5qUCkpCjMRTusmzPvIfOUpBJC4BUzeWde0W/ms7xWAKzMD28IZ/3gQE4z1q2bEBAYTLY1AfPhs
YVeVnzYFAhK3gKkbmzo7Q2HAAXvmdrZb7FuaPN5YXlx2AqGWLthTJ0kKDXZwLWDivhIIFliTOYfq
YomjSWLOEcAG+p2jJgUGEufP1Acpco2CVeHLB/bk8er0nS/2QXyMGDBigMT5o8ZvK3aXgnWZS1Zo
YX1NHn+2ElnDrst6XpHo/7+LHq2BT6dBhxq/qwg3BKsyW+JyXuImXt/kuuOK1UnWSMZoOy8ZSiXR
VHLGS7Z6pbo5/O4waO7fEZIV6vwZV5WYpoJ1USPD+cJSiTvDeCLqvkFtsqVnrGoq0apafXrdWSuH
U5/o3zpLUmiC3PDXRJzvIeEI9wCbIsZHdE8oiSMkUaz7SRdJt/6sWruMNOVpplLTZLJSRCmdJSk0
8Px5I/o7SAQ2y4ONedjx9xY6+1KO5jV/y+kPS5F2Xg4lW9uuIieJ69bsTAzou8GTVIS5KlJwsGrk
Tf+aQeDA9sx7KemcJ1TYSgTtv3HBuvPq9t8ZOSlH2Q0C2f7QL85U96NhPMHEhkDivGGJWY2N3Qvw
gtQWI3tuqupaUIGKrLP8xOnfZv5X9v/QjSaq0e3/CLktUq0ix4v0YGXcG4LNISAONpPMmXdzOt/0
EOldVftu/a3/d2o+7qtG9J/69Jw8ouKPbcQAg9QXvUJVXQBssLHAZkb27GreQIu3ad+6LBPkdCaR
JK2iXbpFWSYYdT/BOkDifFHYpAUiYbPENTOyPVbJ7ryjZVOdjclKGaOOlRFT+06BpIu+SCgciENt
M7JnVtk9tELdWH5EN/lpnkqNcceKxNpFuzHYwQXAwZAWA3uufqiHVtxqGM81PaUQ4Ub5KCG78C0M
AIkD4GBwi4E940dUHlohb34WSZGc8lDsVdrOYMM4AAfDRlRmopmUj1a8+bdr2EkstnkoAIBAzKXD
NMyZLmq5clC6vI1N2OShAABCYeO5nEtsLtbWlR2B/UcAHAqbeI85d79YW1d2BHZwAXAkZnPFJfP+
1LhFsTYGEgfAkZAWo3q2ANfe3aAhgcQBcCRstl7NjWobj8XTgB1cAByIIPNUsbas7AlIHAAHQloM
6rl5qsn59jpA4gA4EDbz1Jm435qtrSq7AvvwATgONvPUuV2ZO00JshbYpArAcZDzQ5rMpaJma4vK
voDEAXAcLOJ+ZzN5r68quwL78AE4DLXFkJ6NA1tbU/bGFg8GABACm+wekLg3bPFgAAAhsNmVsIHE
eVR+iMgWDwYAEABpM6I3kDixvIkNQQkCAA4CsxnRcxJXe2vF2YZkwruJGGCTKgDHoA4yopWtNBD6
5hf56Vf8WJF1kDgAjgG3GtFzrUh7bXgTolIleefvEKrVPy7o6dc02Tdyi2cDAFiKtnA28L5O/RTC
WhtqI2jy8s+0Seru4FJ1ptGpP2TvNh02qQJwCCykJBVJNteMGjySFapFcHrWhayVBk0TKS9/UjSs
EaL9QaneVmTmt0Se/KuEeQnQ+kDiADgEdH40Sza/uWEoti67bvqqeNeQrsyuAHUuCJ0wlmglG23+
2eh+ywDr/rI+tZHbZFyPASQOgCMg5wcz0YTNVWMZmO6S+9UqnZt0THnVdNEW9KQTeWb+rX+SmKkw
byXxy24xjl1WCOuEhRCk8MzatQCAHcDmB3PezMeA8YejyMNBxqZrZU+pqxe3KkrzXz5T/b727DxN
rc6SyRUVy+VoDbAPH4ADoCwG81yOkWYw8KQc/Lv2/7//oft7mhjLrdfBb2SXgE0moneoyov3QhX5
Tjc9QOIAOAAszFh+aIbOGH4i09nNZC9L0tq00vtR+WVPGWuyyqKLMUCqEQD2j7IYy4Pm2Fwz/3X+
IHmNLdMJN4t9LJGiF49zg7Jh3bKdTaKArVly3wEAm8DnR/JsVZpmyBb8+/xBrRl3ngJ/0TtsM2E6
ZJJvij5YhDY6N5tfiQypTYHwvukAgI343mIkWwRH1A8H/dyrO+3kltHOamT9jlXZqMokXRe9Fbev
+BGvSwQAbEhpMZJ/nG+G+xw0jKy7Ql8k4aWJVmmkmbMS3YvbvjY8WHhhAABREfMD+Y8WzTzExC0I
i+0C8Kok1ZqZZmojcaKdrKZZInhwmVoC9uEDsHfE/EC2aOXBFrRZvpukMCX8Tkt1RWvEqYQoktrU
CdsQSBwAe0fMjmOLRbVu99UdXyztV6ceGT/1kbf/l0VS7WueCokDYPeI2XH8+XwjD8rzfwXqXB9a
x1tjjuUNFV30CN2PywHZlADYO2JuGM/mUGoe9/H/JlDnTttiGTcbu8q0j5WTwZXKG+zDB2DviLlh
nM+3oR6H/pch+8jqRuuGVZ3fllbhpcoXSBwAe0fMDWOLwIi3W0jTdub6nwH72K3I1aLpnA1yR+tx
kDgA9o6YGcUWCYPevT2m5EnyfcA+fjRfin7Jjz4IakSQTQmAvSNmRrGF0/C/vTmk8weE7qeu+yU/
2RCyG38DUo0AsHfE4kH8cajywxqDXyXGiKsTSYNrlSeQOAD2jpgexBZG3GdDx60xheOJMeJkuh9/
AyQOgL0jJscwn29guHzXCgvxxtlAW6FT+/E3LN7DAQBYmUm9sAgYGdFIeXISBMQkxpTG7bAjf0Pg
SwQAhEZNDGCb4P2RGqyqqYKGxpkzsdJYTfpxy388Al8iACA0anz8Wq2n8eFjtaazRQld+e05B8l+
CH2JAIDAqNHhS+aqCk4d3uThKxu8779Jup/FuNCXCAAIjBodvhauhqYZCVFjdbJeHo5fyRXEyg+k
GgFg56jR4WtRk2a0yjTLVxz/73l4rfIEEgfAzlGjw9dmnkpHjs2NS2C1HZxk7LSbA4kDYOeosdFr
E9YqJ8f/Wjs4f6x3s4MLEgfAzlEjg5e8tziYTo7/4C7VM/sJjLOZzAMAIqJGBq9NVJucHv9r1af6
PLBOLQDZlADYOWrB2KWTwz940MiZr4MrlTeQOAB2jhoculb7y2dKsK5X2IAHlypfIHEA7Bw1OHQ/
/WH+SD2z6K8bvc5qXFHsZgsXJA6AnVMPjVxiY4Hl06M/M3HBq0iACC9VvtjkKQAAxGRg4NI/WBxX
z4x+2c0n0yp8j0VoofIHCeMA2DsDA1d8sDiOz4x+LbpvKzgdRFiZWgIkDoC9MzBwl+y/P5PJ0w/t
nDdw9Nh+duFD4gDYPY9L97+wOYzNDP7LSh3RTVKUIbcB1GFlagmQOAD2DnsYtzYlUKW9DIjOUGQB
Tbnd7N+CxAGwe9jbYfsTi4M0ddCBuv9GWCjXgwggTmFA8QYA9g5/O2xtAkaEiw6w8w+qyQv3GWv1
l/t/6z3l/XW+GgDAtog3g5ZY1LGv/fSgYL3do5RW4xtYsztjTzdv/zIvZnaObYnHDQcAbMlb/6TN
mhnz1wSzeiWSCVuxSm4lTj9mZGJEz0Qdb4j7/QYAbIq6H7M26cxnNqdOYtpn7XeW1mYP2KPSqRvZ
0GX6kJKtlTeuZk6yHUvuPABgA+4XtmwidZ18DW8xW7q6OBVjnmXd+WpxI2O66LvQxeYZ1+nVafmj
+cLNsWo3m1RDPQUAwFrcjtjUJup30TSxPK/klb01qM3Xq8RpyjtN69wS3Pxdt831W/OF6Ubr7ljG
l3QhJCs8DwBAUG6izKwUTi3SBNWU3TyXnqpMl2ZlzjTLui3tRa9p0qieWSUk/dKgmd5WyecNO82R
6aI+BASZzQHYO/wyXolV4NqywFvdEGG+i5PTIm+/EdNsIuvWwKPGEaGV0Q6ZmF38Na8aqYwLokh+
9S7hI83GAhIHwN65uFTtFE4s04Tzvoj6dN60IQlrVGsbmgkq61RDtOadMjYeM2EmrSgyUweCJYIv
O/cKQOIA2DvqNFrtFG5h2G16MgKzpj65DNoGeSFa5cxPXdHdV3VWXt6JYmbWDHe0//4MJA6A3dMP
VjuFm0v1Owc7SWR5ia3jrX6RrFW+si8GQXoRVOcTld2/ienmbvyoVyBxAOweZsaqncIt86a2nOaa
9M18l2kjYt3vmOx+c4m9O4liVS888zpA4gDYPWb+Z5m5Ui2VhLy3xMSb+W5aJryquv/Gaf+H5/90
EsVi8alXARIHwO6prIeqXjxVZP23h3r2eVLmvPvpdIrLH4j+F0wtPfUqQOIA2D80edwJOggLJAyZ
ePsbkpQjjZ9/rQKdOyzr1BgDAIQktyxcL0IJw0BDGXU/ZgegyiAA++ev/2r1Z0t23z8rkDgAnoVq
hzEb0YHEAfAkmL1V4C2QOACeg0UZlJ4XSBwAz4GILSb7BBIHwFNQx9aSnQKJA+ApYLG1ZKdA4gB4
BmRsKdkrkDgAnoDlG7eeFUgcAE9AFltJdgskDoDjg20No0DiADg8mKaOA4kD4PDw2DqyYyBxABwd
FVtG9gwkDoBDo7FzaxJIHABHpi4XV2t4biBxAByZtFKxRWTfQOIAODCcYJo6DSQOgOPCEyZia8jO
gcQBcFj4tTYMGAESB8BB0Ty2fBwBSBwAx+Sh0ikYAhIHwCFR2LRlBSQOgCMiYkvHUYDEAXA8NIut
HIcBEgfA4SgxSbUGEgfAwdDYseUAJA6AY/EjPKkuQOIAOBiQOBcgcQAcDBlbNQ4FJA6AowFngwOQ
OACOhogtG0cCEgfA0dCxZeNIQOIAOBw8tm4cCEgcAIejjq0bB0LFflgAAGdi68aBgMQBcDxi68aB
gMQBcDxi68aBgMQBcDxi68aBgMQBcDxi68aBgMQBcDxi68aBgMSBN9SxOwDmia0bBwISB+6pECp5
AGLrxoHQsZ8V2BkpJO4AxNaNAxH7UYGdIRIWuwtgnti6cSBiPyqwL6oEEncEYuvGgYj9qMC+SJOE
xO4DmCe2bhyI2I8K7AqBd+IYRJaNIxH7UYE9UXXvBLzs+yeybByJ2I8K7Im+7kkZuxtglsiycSRi
PyqwI0T/TiBqZP9EFY1jgbg4cEad3oksdkfALDE142Bg3QWc0PT0TtDYPQGzxNSMgwGJAyf45aWI
aNpLTCusiKcYh0PGflZgJ5TXlyKiv4FjlmxFPMU4HFhaBh36pvxwHq8bFP5cK+IpxuHgsZ8V2Afs
5qVIo/WiThKCqaoFkeTiiGBDIjCIu7cimsoUCRy6VkQRi4MS+1mBPVDdvxTRJotZ1LMfiBhScVSq
2A8LxOcSL3Ii1vKF7s6Oqeo82wvFcYFLFfTG0w2xko3I/vSYqs6ytUwcGfgbgHh4KyLZ9mepRbTm
HJtqxMFBKPvLox7fijgffPXlpcRUdYbtBOIJQMGlF6cmjy9FnJmquJw/YmTeMdhOH54ALMa9Njod
eiuieDXp9fzwgk2iNxKH5wBru6/NW1dDvLfiZgsZ4jWnYZtIw9OAdY9Xho+8FRHWL9jt+TG5mKBY
XRSeC7xML4wceyu2Xw1Td+dHcNw41fAjA2NgTmBJ/XwfBnL0rdheYth9B+BxGGN49RRMAJ+qHezp
LIspc2DrHDTqbQfgcRghX08KnhV8XlpRPN2dqgbCRS5srefsbQcwuximHHhYYJqnM05WoQsfeyqD
d1Lhtjbj5GMHsB1/CD391MAgz7fGtALdAsgzWRYzCrftJ9/bRAAG7HEYgoUf/y8ANnHNc1oAeZ7d
k3MKt+0uLjHUAaSkfgTxIn7AjJvjvADyNJ8G8wq3pZ6P+D3gcXgL4kU8eZqBuxZXQXgSy0LZrOhs
l+B8JAwiXob1nYJ4EW+eZOCuxc2bRZ7C4yD39VqMhkHgvbwH8SLewKk6ye0+zmfY0yts34ttZooq
dgeOwsSNAnMgM+YE/O5WHd/jwAdfgSE2cWoOZXPatANHAfEiizj+wF0NeX+njj7qnNZzNvjom+7P
MxjNoRhOCgMsOfrAXQ/59lYde4HIytFwpVi9Q3y6A8e+2yFBvMhCnmxzUjDk4606ssdBuL4Xa+8x
mF1BR0RTD+JFFoOp6hBq4E4dd49DzZxfC7Luir+M3YGjMLT/A7gBr+oAwxGy68/e1qHwWa9eVWJk
7A4cBubx6MAbEGj5gBy+U8f8NPAw4da+2pH7+7YD0DgHLziYAJEjb5Bjd+qIfj7hHXKQrrX4OHp/
33bgkB8pIbG9U2AGrOzeIcfv1OES/ZR0wXuxkhll7yJ8dTtu4k0EbkDjbpjy9R1sqqrYsvdiFYnh
sTtwGOSypwdueO036Q7NJ+/UkaaqSwXOvBjBP/y0W6fICzv85eLHB65A407M7gE4zFS1ZEHejMBx
kxV17cDLzjBkkOcHzkDjOubTqR1jqqoLGurNYCEv2CdS/0W9YTLUAwQnoHGN3Qg8wFS1DLqrkQQz
XD3DV1bz7O4Z5E9agZedEZzRdsqw7/ukSx48MUUWxpDzikA2hF8R3DuWryJwZIXgfRlodGyBona3
acfZMZVgq7wZITRmkfMj2+89X4MKWX5XgofWI5kk9CgTYGF9m/a4V1WrIl9zXLCFj7Hmy85Pjrp5
zgeJBHGrEXjVg3eNHuLldPrc3Fein1owtsbL8Aa+4N3QYvn500XhIzXLjhJ+gknqqoRbWr6JgNr/
ZNV1CO7KMt0sn5ivyC214M74z1b7HtBi7emulilbeo4SJtzKBNOjmxyMIYVzDWxX4S7sKpHohus2
PpZQSPeun8hW/HoBazouVO/oEUteDt+cCcCBQHok7hrdsyFXe4zBHUWO1EGeui2OllCd07DnZ84i
K9ldA4Sv83l7c6XUW0dDTOiBBQHcVw9LW7v1+2u/TBz7uZzNA6hSW5WrVnGA0MLh43JQYsOrXF3c
X6mfyHm+isCHRbZ2+6yGht1Sn9w6+Dqv9hMpHWNYpLmaeUOqIluvY5m0ej+rYlRiCbdrwuo0QzJK
nduHwG0LWSJyY7KR7262Kqn3HdpLLjPpfQULSXkxrHNK5mz1szMx/Rmjy9kp8lwTNtRyNNCa5C6T
oTp8wDaYwVvkJmSD7CvaYoHAJbtZjmNLrmE5jOWiRSllvuWbhK9czi3KIZHSquDUrgWSFf6hJHU5
NxFnlqaclgj1jYLbx9CJGdnwX4kNzjKBS3YS76cWXsThoSxrtVW2Glt6aizLB5Vy+rYXGbVqPJtd
uKwLxMFFhLkpkhZ0tsl9iFyQTBx7WI5jyy8DtDAulNUnequklup2hnI59qa081y3tkB4HLxPtgFQ
Ti6xVQi08LGDvEoqxHWAM7RVukKpR0XSnZGYMe/3pm24VNdJcdU2x1nAnoMl2Hif9Piy61CLIuau
6kC5IpM91C4LdingLYSdiN0RsAlpPmpsG+eV+2pprB2DtcVc2p7Y2RpVwGsB4OXpjO0bpWut90J4
2+40giknQ6/sRl5YpIEvBwAQEssQzkBUa4QeRU1fIcJfDwAgKFup3GAIegBi7nKoES0KwAGYDx1a
ilpJ3wwRdzmw1S4KABCUNF8t3ZKbr9en72v1fI7N8sQBAALAxNzWbneU2GBnTCS36nw9RADAzpiK
TXFEr1Wq5ZHA1ZQtrw/bGgE4JiyXC/2UleSbCkCM0BG+5QUCAAKTZsJH6GoltlW3nu01DgtxADwB
hPFW6Wzmrl0Ucry529bhcSralQIAViBlrdj1OXNuke3vOGM0dve2Do+DqwEAsCmbahwUDgCwMRtq
HJypAIDN2UzjoHAAgAhspHFQOABAFDbRuIrGvkwAwIuygcbB0wAAiMfaMcC+la0BACAE61YeFLEv
DwDw4vD18sdpFNwEAMQmXSvBZwVXKgAgPmSd9J7YeA8A2Ad5+MmqZrEvCgAATqSho0dKeFIBADtC
hDTkahb7cgAA4A4aLoWcgAkHANgdWRjXakljXwgAAAwRwO2gWOyLAACAEcjCJTkIHABg1xDhP12F
wAEA9g/3iiDRksbuOAAA2JBK1/lqyWP3GQAA7MkcVK7kiBIBABwNVljMWLXMoG8AgGNCskmZqwsk
EwEAHBs24mLVEvoGAHgC2CCxewUAAAAAAAAAAAAAAAAAAAAAAAAAAAAAAAAAAAAAAAAAAAAAAAAA
AAAAAAAAAAAAAAAAAAAAAAAAAAAAROZ/AyzLhq8KZW5kc3RyZWFtCmVuZG9iagoxMSAwIG9iago8
PAovVHlwZSAvWE9iamVjdAovU3VidHlwZSAvSW1hZ2UKL1dpZHRoIDEyNTAKL0hlaWdodCA2MjUK
L1NNYXNrIDEwIDAgUgovRmlsdGVyIC9GbGF0ZURlY29kZQovRGVjb2RlUGFybXMgPDwgL1ByZWRp
Y3RvciAxNSAvQ29sb3JzIDMgL0NvbHVtbnMgMTI1MCAvQml0c1BlckNvbXBvbmVudCA4Pj4KL0Nv
bG9yU3BhY2UgL0RldmljZVJHQgovQml0c1BlckNvbXBvbmVudCA4Ci9MZW5ndGggODA5NDc+Pgpz
dHJlYW0KeJzs3V9sW9ueH/alLVL05qb+WOQV5RhU54qdK829GWokTO9kSA8y6Q3ZdKaojjRBAJ0M
z8MwmFrJdVMg0jGaYGAaQR58pKf63MoooAS9BI7aAiNb7SSdUmhSzJh8mE6lUu0k1AT0Daic2vRQ
OrLEP6ZI0X1YPtvb+x83/+9Nfj84Dzo0RW0ubm2t715r/dbAu3fvCAAAAAAAAIA+MN0+AAAAAAAA
AIAPEFMBAAAAAABARxBTAQAAAAAAQEcQUwEAAAAAAEBHEFMBAAAAAABARxBTAQAAAAAAQEcQUwEA
AAAAAEBHEFMBAAAAAABARxBTAQAAAAAAQEcQUwEAAAAAAEBHEFMBAAAAAABARxBTAQAAAAAAQEcQ
UwEAAAAAAEBHEFMBAAAAAABARxBTAQAAAAAAQEcQUwEAAAAAAEBHEFMBAAAAAABARxBTAQAAAAAA
QEcQUwEAAAAAAEBHEFMBAAAAAABARxBTAQAAAAAAQEcQUwEAAAAAAEBHEFMBAAAAAABARxBTAQAA
AAAAQEcQUwEAAAAAAEBHEFMBAAAAAABARxBTAQAAAAAAQEcQUwEAAAAAAEBHEFMBAAAAAABARxBT
AQAAAAAAQEcQUwEAAAAAAEBHEFMBAAAAAABARxBTAQAAAAAAQEcQUwEAAAAAAEBHEFMBAAAAAABA
RxBTAQAAAKCnBJwD3T4EAGgKYioAAAAA9BokVQBDQ0wFAAAAAAAAHUFMBQAAAAAAAB1BTAUAAAAA
AAAdQUwFAAAAgB6E5akAxoWYCgAAAAC9IOAcQDQF6A2mbh8AAAAAAEDL1EyqoidEM+/aeTgA0IiB
d+/wmwkAAAAAPaKuAVVkVAB9wmgqAAAAAPQI7RkVARVAz7A2FQAAAAAAAHQEk34BAAAAwPCaL56E
8VUA/cCkXwAAAAAwKpT2BehJiKkAAAAA0LOmXWablSGEpNLlfLEqfQIGUQF0CJN+AQAAAMB4NI6j
roXGAz6Ofh2N5SPPLjKnFdFzkFSFaMOiTaC7EFMBAAAAoMukmVM9Jmmf67vkH15dGRM+srF9th/L
1/Xj+grftmgT6CJM+gUAAACALqOJSBg+RUFU+gSNEsm3okfWQ+OEEGlSBRGl1kZ8hQ7AaCoAAAAA
6EjLqyLtfnmbLk8VCq6/FM7+7dvoVVdr920rQechpgIAAACAvrQ2qW58PjE3axE9GI3lN7fPPnqk
DzIYtu0Bo0BMBQAAAAA9qpmpOJZZDtjo14lkyekwyU7llY2phJDA75wI/7d/AliTYbV/Ggq6SDz/
AQAAAABAD2rGoXyxGtm7SKXLnJVZD4375tm6Xt8zI5Nd+0GTORN71UIHoIQSAAAAAOiRShziWGZu
1uKZtQR8HL/uNFpnVaS5WcvRcampQ9QH2XJT2p/f2E/EmCq0FWIqAAAAABiD027yzFp886x3QWbg
9FX2uvOHpAeiMsjqO8rUlVE9M5Zl/3DiuBR9ns8Xq6LXQVKF9kFMBQAAAADdkaYpjmUCd6xu15DT
Id+DzWQrso+nTq5k16a6XUNNHqSuRDPvRI3WwKjptMtMR6fpOPPRcSlXqK6u3AwujmztnIuW/iKp
QvsgpgIAAACAjiiFK7oSlf9f7zy75B+WzZ/ibyxUaz6nNzS8uywhhGOZ8D2He8os3byHWg+NTzoG
hR8BQPughBIAAAAA6IXGiOW0m1ZXxrRkVBWpk6tmvl23Ghvh3Lw/MTdrUcqoVHBx1PtxnSqUU4I2
QUwFAAAAAF3Qnnkyp5Xg5y+3ds6b+XG5Qs9OWK2ZVKdd5uDiSHBxxDvPTrvMhJCtnW+0vPLqylgL
jg+gFkz6BQAAAIDuU8mofh9HK/q6p8wqr+CeGpKt3OuZuSH7/ETybb0HaRQ1A38me51IltxTQ55Z
y5pv3GZlUumylld2Okx+Hye7Py1ACyGmAgAAAED38QOA0oi1ujKmPhmVslnls5lSuH1xoimY9R6n
3eSeMrunzJ6ZG/xiVPVbAEJzsxbEVGg3xFQAAAAA0C+/YGfUBjjtJtlvjx8UmzgoXZMtkuyeMs/N
WtyuIU+tBag1iSoko94vtANiKgAAAADoiGhjlYCP0/iNnpkbhIjr0HrkyixFY/nIs4+e2RtBS2mu
r9Mx6J4acjpMKoV8tdM+7grQMMRUAAAAANCR1haPlVYDvvvgVU9O91VptxcnZf4t0xm/AR/nXWCV
ng/QdYipAAAAAN2B2ZJaaN91ZtIxKH1QtIFK/KDYexlVe7CfdpmXA8NzMxanAykAdA0nKAAAAEAX
YMNJLUQhUySTrbzKXh8dv32Vvc5kK9Iyv955VjTHNXYosyTV0DcL6jqRXpyUU+myeqsC6AFiKgAA
AADoVCJZisby0uWpu/uXT6O5zGlF/dulqyhlR1xp0jNoWFWpkHx3ZWzZP0y/TiTfZ/jMaSWVLmsf
o5bSuHUNQDMQUwEAAABAp/LF6ub2mTSmLvuHl/3DuUL1KFlKnVwlkqVUupwvVmu+4JJ/OLInLrNE
9dgcbM+Mhc+o5KO5040HVCp1ciX8315qNNAPxFQAAACATlOaqNljSakuDcyCtlkZ7wLrXWCDi4QQ
kslWHjzOqi89tVkZv4/rh20/g4ujbXplfmAWoH0QUwEAAAC6Q5RI+3y1qmgfGt6SYEhQ/htjeae9
jj6taN6v0s81NI5lmpnWq66Ht5wF/UBMBQAAAOgoaSj6aJtQwdf9NrIqTYzBxZGao4LeeTZ+WEwk
S/GDomjeb/R5gR/6czpMNKCKBgMNvTCVJ2q3tmZULZOrAZo08O6dsX8nAQAAAIyl3rE7oyeouggb
h2OZpz+5Xde3N7knqnGbWnRSrYXGpQt6WyL8OBsXVEs2bouBzmE0FQAAAEDXemnBqkpEl77HfLEa
XH8Z/GREe+Kam73RTEztjabmWKYdW87ED4qxw2JcbkcfgJbDaCoAAABA5zSzDLIHEhRpqAWcdpPG
sBrZe6NUyFc7I7azqFU9M5bN+xMtfP2N7TPZulNGbCswBIymAgAAAOjCtMtsszKEkEz2WnZH0N4Y
61PZ51NJ5rSyuX0WeXYR/GTEO8/SVtKCYxn3lPnouEZlWnpIRiykpHTMR8elXKGqvaHUpdJlZFTo
MMRUAAAAgA5RCUJ3V8aEu1wmkqXI3htpvuqNpNpYIKRhlWOZ5YBtyT+sJYO5p8z8oGIiWTo6fis7
1qrDslUaCzsplSn2zFhalVEJIVs737TqpQA0atnpCwAAAAAqlLIZxzKeGcvyx9uuzM1aNu9PhH/s
4Fhxb82Ig34iTUbBV9nrrZ3zTFZmwFnF3KzFO29Vf45OMiov4Bzg/9P+XU67aXXlZgsPw7vQ+pWu
AOowmgoAAADQRloCRvieQ/Zx7wK76ZhYe/S697YAkQ2EWtoqX6zux/LeeTaVLjsdPduVlc5D1jjk
67Sbth46WziUSgjxzbNPds6lj/fG2D7oU8/+bgMAAAAYwnpoXCVU0GmroqTaP/Hg7srYpN2UOrnK
Fd6l0le5QpUW8o0fFuOHRafd5F1gl/02jXl1d/9S/Ql6a1ilRbMqed4zW3u6byZb+eneRb5QdTpM
Tseg2zWkvs+q02GadpmbKaEMUC/EVAAAAICuWfIP15xR6Z4yr4fGw19mO3NIXSGbD512E50LLWqi
XKGaSpfzhSqNrxvbZ+6pobkZS82W1DJPWOOi0E6qq8LTfiyfSl+th+zuKbPSc5wO03poPFeoPt2/
fBrN0XpdTrvJ6Ricm7W4XUNOh0n07aKMqrQmFqBVsCENAAAAQNvJ9umnXebN+xMa52eGH2dFW1bq
KkppwTeC9Mhl28c7zypNh1Yi2pCGY5mnP7nN/2/8oChN+8KD0WEtJaG6kmFwcURjoaloLB99npfW
65p2md1TQ5OOQc/MjfUvXn/0LfprHOgxiKkAAAAAbScbMLbCkypDXiK5QjW4/lI49Vc4omWU2CBq
B6WISHEsE77nUJ+PKiLdNzX6T13C/1179FqUx4zSdKT+6llOu2ktNK7SgInkh6ZInVzxI6taGKjd
wIgQUwEAAADaSzZdBBdHgouj2l9EGlOlDJEcZFtDZRKp025aCtgCPk7LwKB6TFVqQ0O0m4j2yLrk
Hw4ujsi2Xq5QjR8W4wfFRLLUQJkuI7YbGAViKgAAAEB7ySaKyBe3nA5TrlAlhGicmbm5fab2hI9H
JnUeIRpY2ej3cQEfpz64qh5Td/cvpRVr9dxQ6qPlGtuQYxmblVldGVNfu5tIluKHxUTybb2lkvTc
gGBcKKEEAAAA0EayWcLv42hG3do5Xw+Na3mdmuV/jFXSpoEaPPux/H4s77SbAnesAR+nfTeaVLqc
OH4rO6NV5xGLbyXti2Y5lhGNi+aLVfeUOXVypR5T52Yt9BZAJluJHRaPkiXRWmiATsJoKgAAAEC7
qExkdToGj45LG59PaFx7mUqXV8OvtP9onQcwXs2w6rSbCCHShOmdZwM+ThS9pKOp3nm2sbilnwbU
nudp0alUupw6uUokS0fJkrDdPDOW4OJok2t9KWnxYf00F/QGxFQAAACAdlEPGJ4Zy+b9Ce2vJi3/
o8JAsUG9lYRJPpOtvMpeE0JSJ1f5QjWVLr/KVuZmb9isA7QaUCpdbmCNpXZdaVXtk3ufPHSKBpkz
2UriuJRKl/nZvHWFVaWYKmKgkw2MAjEVAAAAoC1qpgu6PFX7C6bSZVrzJvo8X7OWkg73/1Sn1Fy7
X95WWrtLN1AlhBwdvyWEJJKl9sXU7rakxqSq0laEkFyhepQs0YFWQoiWsCq7mlfEQOcYGAhiKgAA
AEDr1cwVfh+ncVWqlJbwQNWMEPpJs7ItthYaD/g47S+SyVaisTwdAORYxj1ldk8N0XimZasVPbSD
Ei1J1e/jVlfGNO7Em0iW1GNqJlsJfv5S5Ql6bi4wOpRQAgAAAOg0jmVWV8Ya+95coRp9nq/5NI0B
VcszO0A2g3EsQxemaud0mIKLozSmrn46xkdc9WCvhxaoSUvRqf1Y/ihZqlnUl6o5lBqrtaZX/wWl
wbgQUwEAAABaTJgAZaPFcsCmcchLJJUurz16XXNeq3p40E/lG/XclS9W1794rbLtp7pcoUpntxJC
1IO9rhK7Ci1JNXNaCX+Z9cxY1kPjdU0pl9LS5kiq0CaY9AsAAADQYsKZtNJc4bSbth46bVYmV6ja
rEzNuZe8aCy/9dW5lrWXSslBdDDdChj1bkXjtJvWQuPSVoofFBPHpQa2+qxJz9FLe0Wl5YAtuDja
zM8Krr8UTZbmW8Yo2R4MCjEVAAAAoJVEqz2loYKut9zaOXc6Bo+SJc+sZdk/XPNlNdZcJbrPqNIj
keJYxrvA0lq+fExSH1ZNJEupk6ujZEn4Lc3Qc/pSakCOZZyOQWFoV0r4GqnEVIC2QkwFAAAAaBdp
nJh2mR/eczx4nKVZQkshpVyhurVzvh8TT1uddpkJIUoDicI4IT0MXYUN6eEJm0VYnzZXqK6u3KwZ
ujLZSipdThyXUukr7Vv4COmqfaSUYiq9A0I3oRHum1pXaSWe7J0RnbcM9AzEVAAAAIC2kM0SS/5h
fjuZaZf5ycNJ9RfJFaprj15Ls+iSf3h1ZUy9FqvsUkZpfNVD8BAd51Z40j1lbtWLJ5Klo+O3Gsei
hfTQMkINbMNLI2v8oJhKl5cCNi3j9oSW6YrlI88upDPM9dYm0KsQUwEAAABar+a8Vn6FqspzZAsm
cSyzHhrnS7muPXqtfcBQulxWJ6lD1Fwbn080PE9VVq5QXf7x19qf3/VmaWD57ub976jXTIrG8olk
KZOtEEKcDtOkY1D6nESypHQ6db1NoK8gpgIAAAC0mJa1l5v3J9QHDPmCSU67iV8fKK3gmitUN7fP
tCzIlA6u6raEktNuCt9ztHBAlRBy98Er6aB0zQHnLqo3qWrcY5YfX00kS1rKcYnopHGg5yGmAgAA
ALSSlnRRc7SQLgvkWGb107FEskQXpgYXR1QKty79va8bSB1Er2FVy2izdpls5ad7F9L1vUYJXRoj
q3eeDd9zaH/ZRLIUPyw2XCrZKK0HRoSYCgAAANAyWuKE+qgXLZgUPyguB2xL/uGn+5c0r4bvOdST
rexooRadCRv1jg2S+kOXilS6vBp+JftPxspasvsb5QpV/g4FXbRc78s2OcRKjNaMoH+IqQAAAACt
oSWJqZf2zRWq4cfZuVnLkn/YZmWisfzm9plnxhK+51AfV4wfFMNfZhs56A4GjAaSamMlaqUy2crd
BxmlAKbbiCWtcSVqQ1qFK1eoxg+Lu9FL2fLRmWwldlh0u4YmHYPqi1ephu938HTbnmAgiKkAAAAA
LSBbl0gUKmoOD0b23tCASr4dAFSf6EvJVlrSortxQmNqbWx4kBCSyVY2ts8IIU6HKX5Q1N4++klZ
0rXE6iWRU+ny7v7lfiwvTarRWD76vJA5rUy7zDYrMzdr4ayMNLvmCtXg+svGBlRF9NOMYESIqQAA
AADN4sOD+m6ld1fGNO4IkkqXN7ZP10P2mmWEGssVuooQ0obiWCZwh5ubsXBWRuMYoCw6HN30AXaz
udTD/O6Xt6VDzXQ7GZuVkc4tTyRL0VheGtr57JpKl+OHRaUfp6vTBnobYioAAABAU5R2H5UGDO2L
LYXDquoamO6rn9AlW2hXnWfmowW6NisjTPJu1xC/VQ9Fi1HVf6TvD6+xb2yS9jZpbPmuaJJwvRBW
oQMQUwEAAADaQjZshH/sEOUoWZlsZXc/RwgJLo6ohFV+KJVjmeAnI3MzN5QKBVE6CRgNLFJV4rSb
3FNm95TZM3PDPWXm2ypXqB4lS7HD4lGyVHOrHqKblhHS2ErN7DFLT7Po87zhZoxDz0NMBQAAAGgL
2ZjhtJsCd6yemRtK0SJ+UIzG8vHD4lpo3DvPxg+LKmWBw4+z8cPikn+YT7Nrj14fHZdkn6yrXNFw
Up12mScdJmkupRLJUmTvTa5Q1ThOqKs2oUSD81r2mI1s3Gryh/JnXb3fqMMGhN6AmAoAAADQejXT
hWhYVVjkhkbZV9nrVPpKZXlq/KC4u3+5unKTPoHuZCPdGlSdfiYAa/GXJkw/+HnLpGOQlv8hhEiT
ar3toLegJVuLi6g2l5Y6W1rkCtXI3sXT/Uv1p9GjUprrDtASiKkAAAAArScsqiQbMPhVhbSqjTBW
cSyTL1Zr7sWSyVb42kK05FIDSw0NUexXatplnpu94Z4yz81YZAssRWP5ra/ONc5l1WHWqqtlOJZZ
D41rmUxeEx2f1/JMHTYa9JIGy6YBAAAAQE20Ky+bVDkrs7t/+TSak105qWUJKx/PRJFs2mUO3OGi
z/MqqdVYg6jUf/gfDP3qL91Qmi+dK1RT6TIhhP5rwMe5XUPq0V3PQUtLcSm+HnLiuBSN5VsSU7UX
VcZoKrQVYioAAABAF+zH8vsxmcenXeaH9xza08LWzjmdpUmnCgd8HP3egI+Tnfuq/+q1QoOD5Pqa
EEK88+xaaFxpbDmVLucK1af7l8KRQI5lam7no2c1k2q+WH26fxl9nvcusAEflytUtZSGVud0DGo/
vCZ/FoAKTPoFAAAAaDuNIW3JP7y6MqbxNXOF6tqj1/nCO5pSRJEsk62sPfoL6VCt7MY5uh1cZS0D
xdKHY/PMWNxTQzbrQCJZIoSISiU57SY6oqixdK0hglZd8d47z3pmLb55trGdZqOxfPR5XlqCS7gY
VfgIQPsgpgIAAAC0l5akUe/yQlrtZm7Gov4tGpca6jamdoD+E1cDTUQTu3eerWuvmkSytP7Fa+nj
spWc9N9uYGiIqQAAAADtVTNmeGYs4XuO5mdsiuzuX0aeXdQcV9Rh3tAezDwzFqfDNOkYpPvT0L1S
6y13THTZCEINh3mOZbwL7NysxTvPyp5gu/uXqXR5btaSyVZooWnZ1xG1T3dH4KEfIKYCAAAAdIhS
2GjVhiK8TLaysX2mtIEqTylpiI6zHYGkmUFU7zzrXWDdriF+nnOuUD1KlhLHpUTybQPljimd5y4t
LTY6zPyC2/JLv2Chu/UI2azyK3Uz2Urw85c1X1nnjQO9BzEVAAAAoEOUksa0y7wcGFYa72pAZO9N
IlnKZK+VBse0a18+qTepOu2m4CcjfCtlspXEcSmRLB0lS82/TZ4+81hdbXVzZPDXf8UqXa6sZGP7
TMv4sz5bBnoVYioAAABAJ9RMGt55dnVlLFd416r6tNFYfnP7rMHv7VQm0R7AtsKTfMvED4qpkytC
SK7wLpW+og+KKio1rPN5TDSHVvq/jb2s025aCthEFZWisXwmW6E1qKi62g1hFToDMRUAAACg7bQn
Db+PWw+NN/8TlcrhaNGVnKb+hJsjg//N70047VoL2C79va/rXZTbxUq2oh+tNOlapZWmXebN+xM2
K5PJVl5lr+mDmdNKJlshhIg2m1Wq6FsvRFZoH8RUAAAAgPaqazTMaTdFNm6JHswVqql0OXVylUqX
CSFzs5aAj1N6hVS6vLt/GT8oatmURaqLCU3FMMf8/uPb2l82uP5Sy0xgXQWtmk2hvpMqHY3XuBVN
NJYnhDQfVnXVgNBLGtlSCQAAAADaJHNaSSRLNiuTOrmikzNT6TINnHRxplJATaXL0Vg+flBs4ULN
tqorvVerJH5QlN19h8bySceg02Fy2k3uKbPNyjgdg+rtoMN8pZ5CSa0Wix8W44dFz4wluDgq3YdG
uoPR5vaZ026adplVZvzqsJX0CaWPWw6jqQAAAABt1JJ9QVUCaiZbiR0Wo8/zNGxwLJMvVm9NmCbG
TZ6ZoVfZ67p2Z+lMV7vl26torGwspOdQ0fw5I3vCpNLltUevbVbGu8AGfFzi+O2TnfOaL6XnhtIP
+pGhrVoIMRUAAACgXfi8UXOgTIn6CCohJH5Q3N2/nJu10C1t/vtnb45fXLlumVdXxiJ7b3ajOe1T
f3WeUUW886xgQ5p3dOTZiJvEympJK3EssxywLfmH+UifK1TXHr2mdzSmXeZM9lrL6WGURusi2Zgq
HGJV+hqUIKYCAAAAtEszYaNmQCWERGP5yLMLz6xlPTSeK1Sf7l/uRnOrn465XUMb26c0jTjtJo3T
gDvZdW7VIHPgjtXtGqp3x1Q9h4TGWsbv4+ipcnT8lhDyKnudyVZoCV86BP3Z4ghdtipMqipoE2GQ
UIk0akrbSviI0tegBDEVAAAAoI0aSB0cy6x+OqYeUFPp8tbON0fHJVoZmObVXKG6Hhr3zFqe7l+6
XUNOhylXqG7tfKMlv+lwBxoVsiswc4XqUbKUOC493b+s+Qp6CwnNTISObNxS33E3lS7nCtV8obqx
fYbh08bI7hKk/giRm08hnFiBdlaBmAoAAADQFkrBo+aWmGuhcdmMmitUbVaG1sKhSYyOoUX23hwd
lziW2bw/wc+DTSRL9HEth9qtrnMzO4K6p8yeWcvczA3pNrN3H7wSJvOBASLb4dVbSNDSGpahgdLV
O9Ej//Xv2vnCSIlkiQ6oysoV3kWf53tmanTHyP52iHKpynNUoKmVIKYCAAAAtJ6WTTiVurCeGYt3
gZ20m2gASxyXEsnSUbIU/GSEELL11TmNGY6bg/Pfv0ErJE27zOsh+/vn1xNQNWp3Z7rJIVbPjGVu
1uKZuUHL/G5sn2kpHKXDhNBAOwR81rWQXfgIrap1lCzFD4sNH4kOG6eLZHeyFeVSpRs96p8p2lkJ
YioAAABAKzUTUFV459lX2YpwkPDG0MDbq3eEkGmXefP+hM3KiAKqd55tJqhQosGitvaqazbLzZFB
160P+yleV0m+UC2WqoSQ4tt311VSvX5XLMkfoXTUS/S4ftR1enhmLOF7DtlJv7lCNX5YTCRLjW2i
q8OW6SLphyKdg9BYUpX9FkBMBQAAAGilmnGuVaVuKb+PW10ZS6XLfEDlWCb4yYhvnn3wOCuMtdpr
KfFEBYo70JNWb5wl//DqypjwEbppqpYYJj14PVeyqesk4VhmPTQuu6ksL5EsxQ+L9W6rq8/G6Qot
03cRU1sIMRUAAACgc2THZGQf10K4NpU+QleoOh2DwmqunhnLsn9YY/kcWTopsDQ2PPiPVt9PcLVZ
GeGq1Ggsvxu9VCkWZcQYUNdZ4Z1nV1fGaDlfJfGDYl2ngREbrX3UB1Sl/6T+verPB8RUAAAAgA5R
mm7aWEb9G7/G/X+vK8I1qPzs37VHr/mR1dVPxzLZSmTvouHD7nAHurHWmHaZNW6yYiD1NgUdSF/2
Dys9gT8xZMmGLsM1WvOUhtllPw6lpNrAgGrNF+kriKkAAAAAnSA7e7aFE4Dp7F9hAaEl/7B7yhx5
dlHvXF+hrnSUW9gsht6psrF28MxY1kPjdFg1kSxlTiveeZYuXg2uv1Q5GQy0fLetVM6Wuj4RmmAb
my7Rb20uhZgKAAAA0HbSRWutXaEaXBwJLo4SQmhGpYV/E8dvn0ZzzWRU0qkav3Xt4dEA43b6tbfG
r/4S+3c/HXM6TJlshRDidJh29y/zhWpk74JjGbpytWYBZKUPwrgN2Ji6BlTVqUwMVv+uer+lxyCm
AgAAALQdP6jC/29jr8MMkOrHfTc6rZfus7qxfRY/KNJpn7lCdWvnnMYSz4wlk71uoH5SYwdZL2Ek
kLYMZ2XyBfFayrsrY41tuGLE3n9dZ8vcrOW3//PRuVkLISSTrYjKaNWkEsyM2HQNU3nX7biNoqSv
2lwEMRUAAACgo1rbzZ2dHvr1X7HSCkmEkNWVsXyhGo3ld6M5p2MwcIcjhOz+b7nXZy2o79qmqbMN
NAhdhUsIiR8Wo8/z9W4Sa6zefwPt85cmTHdXxv7KHEsIiey9qWtlsrFKIreJTmKq0jH0A8RUAAAA
gC5oYWf3H921z04PpdLlXLHKZza/j/tsceSfPDlNvrjS/lI1N3ptU4+5gVpBgTuczfrtUT0vNDC3
ubu9f+3rP1UaZ8k/7J1nhaWehSxDA//pr3F/92/fTCRL61+8VjkY4SpKoKR7orZpxr4WffjRIKYC
AAAAdFoLu7kDA+Qf/M54/KCYSJb4jUa88+yQeeD/+JOC9tepGVBVnlOvjvXytSwL1FVYJXVuUOSd
Z9dC4zYrk8lWfrp3Ibv0lGGIfWzwL86uVV6nT1JQXcPCojO/89FUVp98UgQxFQAAAKDDOtDfHWTI
dUM7pKosoG1t/7gznX7tMzYNsemOEr+PW/YPu6fMqXR5NfyqsRfpk/yjPanqM6aSvvmkEFMBAAAA
Okc/nV0plTmNHegZt7xlah5zd/cIbWBrk5pPm3aZM9lrflC9AT0fgbRPX5fepun6L2/PfzpCiKkA
AAAAXSM7YtmS3rDNyvzVH7L/JnWlsdCr0o/ucL3f1tJ+8F2pEtT12COr57OQxnns7fh0WAtTLOEm
giaIqQAAAABdoDKltmb/eJhjLvNqnV2/j1tdGdvaOc8XqsI1q/XiR5Ba0j/uVirTeee+yWZZ8g8n
km/r2nWmJp23WPOUkqrobG/5GTt1y/Sr8+z/+C8uG/v2nv9chBBTAQAAADpNfeZhvZ3jgQEi7NB5
59nwPQf9emP7TLasTl3a0Tnu7kCifrr7zbdDcHHE7Rra2jnnrAM2K9PABrlK9NNK7aAlqbbjLHXc
HLRxzL/79w3eVujtD0UIMRUAAABARxroGVtZpvDxeCnHMt4F1j1ljj7PvzgpmwYHBgfJzHeH6t1f
lLSzW6yTKa9d7/frpB1kdb1x2qodU+6ddpP6bYJf+2Xr15lyM6Pfvf2h8BBTAQAAQO/6ZEfHdsQV
p900/wPLH/5R3jNj0VVGFepKTtPVGaXDpNra+d5dJB0dVS9n3eRn4ZmxOB0m2SkMHMvYrEyuUH36
k9v/xe+9+tnXSKpqTN0+AAAAAAA1OuzBG0jmtPKHf1QhhNSbUQ1dOUlKn916vZ3bwpBm0IyqNJ1e
eKtL+LUolzb2iUy7zPnCOzqIenRc2lgcJYRIk+rQ0EDob47+D//iIn5QLLyto2FFw7yG+1Aag9FU
AAAA0Cnam1TvOGrc/1DnHTul+rq9XXNIqYhU+961rk4D/WRUXTVL86RxTr1+dZMfBMcykY1bhJDN
7bP4YZEQMu0yP3k4GX6cpf9LLfmH/+Bf5cqVd3/tV6wT9sF6qyiJ3kuPfWSyEFMBAABAj+rdVbLm
S+m5Y6d0hL09G1blc2nhG9fz5y6CslKtIkqqsg3bqtsiwcWR4OIo/ZqvWLYWGvfOs2uPXvNrUNdC
4yO2wX/832bL5XeDDLmus/a2SjniXoWYCgAAAHpUb99RaY6fcWfKNdZ7Hh1m3lwafmPGlgc2nbwv
jTo2EVplVySj055Um2/trfCke8r8/uudc/eUOfLsIrJxK1eo/lf/JJN+WSGE/PoPrf/wrn13//LJ
znnDP6iXPqCaEFMBAABAdxrrONY1cqLzDp/2qc6tjTQ6aZaefFPadWxYVXZE0XDNJUv6jpSuDM23
Nscym/cn+KRKCEmly1s736yHxjkr89trLwtvq4SQ3/1bY3/zbwz/rb//9XkTN5JIr3xANSGmAgAA
gO7Idhz9Ps43z3JW5uj4beygWNeODhpHVvUzm057bOjVgccm35dO3kXD2pRURalMOgdB9nGDEr3T
ljQpxzL5bzd/4ljG6RikF6Jpl3nz/oTNyvDP3Ng+ix8U10PjIzbmHzx6TSPXWmj8D/5VLvniSvia
psGBynXdDd4bn5EKxFQAAADQF9neZPjHDu8CK3wkflDc2D7LF+selzBKRtVYHaqFP1cP751q4H3p
5+C1kxb3atMHqhLYjNhu2rU8qa6Fxre+OucvOxufTxwdv92N5vLFqmfGsnl/gn9mrlANrr/MF6vT
LjMhpJmNUqV6+1OjEFMBAABAX6RdSVH/j5dKl9ceva4rqapn1JpP05tWpRrdvt/m6zzrWQcm9ypN
d++TpNp8C4s2HL67MjZpN4W/zNL/5Vhm9dOxuRnLxvbZ0XHJ7+PWQ+P8kyN7byJ7F00egPour02+
uJ4xtZ8CAAAA0Cmy3Uq+kKaIe8osGmJtyQ81SudPPzuatI/SZxHNvDPKx6Si3e9C+OLSHU06sANQ
1zXWvHdXxu6ujNGvg4ujG59P0BFRQshRsuRdYNdC4xzLTLvM+WJ1c/tsdz+3eX8i/GPHUbK0u/9h
p5ng4qjTbmr+XfDop9YDZ74WiKkAAACga067aW7WovSvmWxF+0u1e++TTuqfLVukh6fzA65Xm7KH
lhdEUhXxzFg8M5Zl//Cyf5hPqnOzlicPJ4OLIxzLpNJlQkjAxwXucMuBYRpfn+5f3n3wyjNr2Xro
zGSv4wcftksNfjLS0nfzXj+EVcRUAAAA0Av5oVTVfp6wZok66SJA+p/60/Sph0NFTYb4gBrT7rGy
Hq7r2xJOu2l15Sa/vmDZP+z3cZOOQfq/wcXRJw+d7ikzvTW2ujJ2e8L0G3/V5p1nCSEvTsrB9Zep
dHl1ZUw4xSPg4/iRWB4nd9VS+vT79pcdMRUAAAD0y2k3BXycyhM8ygOtQrR6Ct/hM27PTzZaN8wQ
EaUPM1VL3qb6zkzSB437SyHS2L0njmW2HjqFm8oQQtZD407Hh1m7TocpfM/BP/KDn7cc/+zKu8D6
fRwhJF+srn/xOvw4K5risbpyU/Sz8gW15fR9cpLXhJgKAAAA3aeUvpYCNvVvdLuGPDMWQkhwcYR+
ofT6sl+L6LyD2I4ysDp/y0IGOtTmdWBMVfRgLzWv6PddWlFZ6ulPbmufmsFbXRnb+up8btbi//Zu
WvywePdBJrL3hv7v//pH+f/5X+bqfVmRnrmDUJdWLuoFAAAAaIBSJ4xjGfWhVELI3KzFPeWgdU1y
hXNhTU4p9R0pdN5NVzryHhsKE+mxnTzr0vwnqxTPeqwxtYy3qzejdF6uiky2wg+o2qxM8JORze2z
tdA4IWQ/lieE5IvVyN5F9Hkh+MlIIln64z8taH9xIeH1SkvS7jHYkAYAAAB0QdqPXPIPr35bxaSm
RLK0/sXrZg5Az71A9QmcPbzLqH42s9WJmjv0GHS5dZOaCfOeGcvqyk3RdF8VqXR5d/9ydWWMH329
++DVi5PyWmh8N3rZ8P6o0o1n+mrrIClM+gUAAACdokOpWmr55grV8ONsMz9L1Ees2ett7RrRmkTd
0yZ3EzFQZ7fHJqM2jy+0o1JuR+UJIHJ3ZWzz/oT2jEoIcU+ZffNscP0lX9GXrj7d3D7767/KcWyL
41Xffo6IqQAAAKBHTrspdXIVXH+ZK9Tuom1un+WL76uScCwj3OdQC37Uoq6A2sm+o3Dua3/2WUGW
bBwVnsY4W9QJN4/RzrvALgds4S+zG9tnuUKVX5v63/1P5z/03FD5RoYhrEXTfSXpnSnSu3P7ZWHS
LwAAAHSfUvfL7+PWQ+Pq3xs/KIa/fD+UyrEMPzYSjeVzheqTnfN6D0bYI5QGAOFzOkZpZZpoQqCW
9avILf2gDz9rLRHOO88GfFyuWN366py/sXV3ZWzZP9zAT9zYPtuP5Z12EyHkN36d2/lfLt5evSOE
mE0D5UojLV/z8+qrFaoooQQAAAA6xbHMZ4sfNk1Npcs264BwfwhCSK5Q3dg+o19Pu8yb9yf4BWMB
H5fJVuqNqUphr7srxGr+ROlh9093FqT659OvK5CvrozRC4h3nt3aOacVjyLPLnzzrOjCovHVUukr
uhj1n/3+G/7xxjKqFv3zsRJM+gUAAADdWg7YnA4TXZuaSpcje2+kXUl+uq8oo1Kxw/pm9InCnnAy
sOhBPVAa2lWaGIwJw9CrtAyl+n2csELvemg8/GOH38fli9UHDa1st1mZh/ccLV+MChSaFQAAAPTI
aTct+YcJIT/du6AVkpYkE/PiB8X4YZEQ4p1npRmVEPI0Wt+OhbIZVfgEHcY80YReHR4hQHc57SbP
jEU4NYPyLrDrofGt8KTNyvA7ndb3yg5T+J6jFcdISJ8tPa0Ja1MBAACgy2Q7Z8HFEbdrKHFcslkH
YgdFm5XZvD8hfEKuUA2uv8wXq0rrV4VrVp12U+a0dsVgXt9u7AFgLBrHUWsucU8kS3OzlsaOYXf/
soE18CL0moOLDA+jqQAAAKBHu9Hcq9PK0/3L2EHxxUk5uDgqegKd7qvSAU0cl+gX0y5z4I61rp+O
jAqgfxqHH/dj+Vyhqv6chjMqIWTZP0wr/TYDGVUEMRUAAAD0yGZl6JTdFydlz4xF1ImMxvLxw+Ja
aFxlkCSVviKEcCyzunJzVzD7NyiZ+6dFhzdKBQAV6r+P0vWiT/cv23o8ny2OaNkES3YZeTN7IPcw
xFQAAADoJqWeWa5Q5afpioZSM9nK1lfna6HxgPIIRq5QPTouEUJWPx17un/Jbz6xFhp3OkyeGUsD
hU8w1gHQdTVvGC35h5/+5Pbaxzewos8LGl8/lS6n0mWlf6UV3aRih8VJh6nmVUVpyBRJVQoxFQAA
APSID5bSodStnfPwPYcwo0r7jrS00pJ/2Gk3xb+t90uTbUDDQjUpYT8SXUmAztPyq+edZ1dXxggh
AR8nLLqWOa1EY3ktP8U9ZY7svVGaJJw4LiWSJenjR8lS/LDoXWBrvr4wqeqzhLhOIKYCAABAl6n3
z0SRMpEsBRdHhcGV3zdVKH5QnHaZV1fGNrfPCCEcywhHXx88zvIxWCPaRea7lUiqAJ2k8TfOI7gy
rK6MCSfi7kZl5v3KZk7PrGVT7qpCCHG7hja3z6Qh1j1lJoTsx/JapmmojKkirPIQUwEAAKCb1Ltl
wq0OqblZC+0RUhvbZ5OOQdFzcoVqIlnavD8R2XuTOa1wLLN5f4LPqJG9Ny9OFCf1AYDeyGZUjmWC
iyPBxRE+GS75h0ULAYT7mr44KW9J6vFG5aorBXxcIlmSPpkQ4p4yZ04rkb0L0eN83NV4/wv3uWoS
75ENAAAA0GEqPTbpVodCG9tnR8nS+sYt0ePxw2L4niNfqEb2LmhG5ZNtJltJpctrofHo8/zRscxA
ikYY9NC/FiYBfNxdpLRh1ZJ/mG6VvOQfTqXLsqV6nQ7Temic35jq6f6ld54VPjPg48KPs6LNrmxW
JnCHe7p/6Z4ySxfAe2Ys0tepSXgKIaNqgdFUAAAA6CaVHpt0KFVoY/tsP5Zfk1tlSnuQG9tnooxK
CHE6TOF7jrkZCzJqT+LnZiOj9gbp5zjtMm+FJ4OLozSjEkJsVkYlMXoXWOFuMaIpu/QbI3tvRN+1
7LcRQra+OpeWU6IXpa2db4QPqlRdkr4RTO7VAqOpAAAAoFMqQ6k0oy75h2W7pzYrE43lU+myKKPy
NBZTkSXtX9IOKPqd7VYzebb8I8BnqjeeGUv4noMPqBqtroyl0lc2K5MrVF+clDe3z8L3HPy/LvuH
w19m3a4hYQEkp8Pk93H7sXz4cXbroVP6E1+clCN7b/gi5E7H4IuT+pa74+xSh9FUAAAA6JrGhlJp
RqUr02SfkCtUI88ulDJqrlDlt1F12mvvISGklFGhhYQjonWNjrZ2BBUpoutEH+i0y9xARiWE2KzM
esieyV5v3p+Ydpnjh8X4QZH/V+8C67SbNrbPRAXD6XTfzGkl/DgrfZwQEtm7SCRLmWwFy93bATEV
AAAA9EhpKJVmVELIemhcqcMaPyxuPXTKZlRCCL+NanBxZClg017yVyWjItI0r+WTdRuDgKpPdAJ/
AxmVck+Zg5+MHCVLNKlufDz1N/jJSL5YffBxHJ2btXhmLISQo+OPyikJLyzrX7wOfv5SWlFJiJ5O
OKnqhZgKAAAA3aESSJx2k+xQKp9RvfOsyhaFAR+n0p2NPi94Zixb4ckl/3DkmVr/UoUwUKED2iQ9
pFOCgKozolNiOWBrOKO+f0Ef554y26zM5v2JuVmLcIw04OOcdpO0FHDgzvuB06f7l9FYPn5Q3Ng+
W/7x180cBmiEmAoAAABdoB5LMqeVrZ3zXKEqLEzCZ1SOZVZXxtRfP1eo7u7LbJMYjeU560D4nsM9
ZeaHVbUfMz1sUTUU7a8AUl0PqDSd4nPUuSX/cPMvQm9+2axM+J7D6TAJLxH0ttfT/UvhfGAaX+nX
m9tn4S+z+/Uva1faJRXUIaYCAABAl8n24Z7uXy7/+OvV8Ku1R69zhSqfUQkhwU9GVCoAE0JS6fLa
o9dzMzek/xQ/KNKpg5nsh80POZbx+ziN/WBk1FbRwyAqPkFDmHaZmxxKlVoPjWey1/yNsFT6ii5T
Fy1SXQrY6npZ2TOq6+e5ESGmAgAAQKfVlfSOjkurDzJ8Rp12mZcV8mSuUKWDqKvhV58tjsquTV37
dkXrxvYZIYTWYYps3FoPjafSV3W9CyScZqDjDtq1PKNSqytjNuv789A9NUTnVogWqQZ8XF1V1giu
DC2CDWkAAACgoxoYjcycfhjcWA/ZZZ+TK1TpYrOj41JwcURp5Srt78YPiql0+e7KGL+KdWP7rK6d
VNETbUa7M6rw05H+LHx2hpPJXrfplfl5GQEf9/TbOcB0kSpdWWCzMoE7H/6pJjrFN5p5x+9Txa8U
wIlXF8RUAAAA6I4GOm1+H8ePkeYKVX6MJVeorj16TfeE8M6z/GaGVCpdtlkH+P5orlD96d4b4XY1
u/uXdS05Q3ezYR0YRBV9OviwekDmtLK7f6leGq1J7imz027i74g93b+cm7HQu12ijWpqkiZVgukD
9cOkXwAAAOicmtVx1UPFfiwfjeUJIal0Obj+knYfhRl12mVeC40LvyVXqG5snwrXsqbSZWFGjcby
Tz4u7wktIeqXa1+J6vdxW+HJyBe36p1sCT2MLjhv648QTcHY2D7b2jlfe/Q6flhU+haiUIJLGFD5
p7X0YHvfwLt3aDIAAADoEGnvTfg40TbywLGMzcpkTiueGUv4noPPqHRnRT5/ptLlXKEaPyym0lfB
xdG5WYv0pWjfl65J41hGS+FfdDe1aGbsaNpl9i2w6ntRKsGn00uEZ5HTbsoVqt4Fdv3j+1AtlEqX
V8Ov6v0u2YAq+09QF0z6BQAAgA5Ryqg8jbPj8sUqzZNHxyXhHoarn44J5/FGn+c/WxxVWVSWyVb4
jDrtMrunhmpO/eUPvuZ76WdNzm98cVKm9x3qgs+ix4jOIjoddz+Wd08pFlFrknvKrPFelQrhRQzr
UZuBmAoAAACd0O6lWUv+4YCPI4TkCtXN7bP4YTH8Ywct50sIka36Gzss8hl1PWTXMpAiO1SCyNrF
dXf93Oz96cnO+aTdpFQjrUneBbaBnVGlcFo2D5N+AQAAoBPUsxw/7CCc/as9/HhmLJv3JwghiWQp
/DibL1anXWZCCD8ox7GMd4H9bHGEszK0Cgs/3ZdjmScPnY1V+q251LYf8I1gGhyoXLerHfq5hftQ
zWn/wun9wmpqIir/JCt+UAx/ma35NNHVCSdnOyCmAgAAgB5pz6gcy0Q2bh0lS7HDovpIiN/HZbKV
4OJoNJaPH7wfSg0ujuQK77RvOEHQSf1W84OoAwNEvSvat20L6meX027avP8dp8OUSJa2dr75bHFU
dnx1a+c8ICgPriSTrSSOS27XUOrkavPbKRhSSsV7cZa2A2IqAAAAfNCm2ZsNdOPqiqmEEC0ryoY5
hhBymf/wzGmXeTkwrNIxlUJGpTq/tQz0FS0n2JJ/2GYdiOxdeGYshJD10Dhf0zuRLLmnzPHD4tZX
58KhVyntI6hKB4kTtR0QUwEAAOC9tgaPentynVnueHOE+eai2mTdlP7ppNZ176Cu+ski/dOkoKTe
K4BnxpJKl4OfjNACS5lsZe3RXywFbE92zp1209ZDp9Ls3/DjrPqWMzylEuU4XdsBMRUAAAAI6WAV
HC1duuYPhrUMlMrvzKaB0lWNH+edZxPJUsMxtU96qHWtE6bb/6TS5fhhYTeaq6tt+6Q9oaZ6LwIc
yzgdgy9OynSfKpuV2d2/5LdEnnaZN+9PSJNqrlANP85qX5eO87NjEFMBAAD6WhdrtBLVikrNv/iQ
aeCqUqOfE1wcSaXLGsdSpPqkz6rx4+BYZvXTMVpvOZUub+18o9L775Omg4Y1cBEQjuGvh8a9C+zd
B6/4OmrTLvOTh5P8k3OF6tP9S/XbKLKF3HDqdgZiKgAAQD/qbjoVEXX7dHVsKvqkt1qz5ipd9edd
YAM+zmZlaO8/sneh9C190m7QvCYvBX4fF/Bx61+8Fj6yHhrPFarxw+Ju9FJ9e16lbZxxAncGYioA
AEB/0XMIVOoX6lA/dFVrfhCifUEIIdFYfuurc6XhqX5oNGiHhq8JTruJsw4I46jTbsqcVmp+o/Bc
RVLtCsRUAACAfmGI+Kekrm1U1Q0Okuvrpo6kJYehT1rGTulU3mmXeT1k5zOq+izf3m406IDOXL74
O2XqUzxwPneAqdsHAAAAAG1n6IBKms6oFstAqfShW4mMqkS9kb3z7FponG7eIypIE9l7g1m+0Bkt
vGMlfE2V/xX9UJzPnYGYCgAA0Mt6IKA2/yLCjNqM3u6eqpwqfEEaQkgiWeIrqRJCUunyxvap0hq/
3m4x6BZpUm1mvYDGs5T/odKxVt0SHaqxts9BTAUAAOhNRg+oVLvfxcAAwfondcJQGj8oehfY9dA4
+bZQKgZRoTOkA55KS0brumj0/FkqTKrtGIhuH6xNBQAA6EEG6osYSA/3aJVOmLsrY8v+Yf5/M9mK
02EihMQPils750qlaHq4oUBXlCbiti+pGm7qbwMDqjoZLkZMBQAA6CkIqHVhGFJV3DTxI3rot7WJ
9JzxzrOclQn4uLlZi+ifEslSZO8NSiWBTijlLvXyvM2URDLW1FnR0WqMqeTjoemuvFnEVAAAgN6B
jCpL1EVr8kV6jLRN6N6S0mdGY/no87xSQCW920Sgc7JRSnhit/zM1Ml4oxai4V+No8F8kwq/6PBb
RkwFAADoBQioQrLjAMioPL7HqSWjRvbepNLlRLKktBsq6bn2AcORDVFtTao6pJQk6x1QFbWbtBk7
M/MZMRUAAMDw+jajqpRREWmyiXqpj6vSFLIZVaVIEtVLjQM9xnBLSZtRc/6zxpBJ467Ga2b7GhaV
fgEAAIytbzMqqbX8TPR4ww3VSx1clUYILo4EF0eFj+QKVfWM2kstAwBET39QmG4fAAAAADROP12K
rotm3qkMDqChiOrZshYaF2VUQsjT/Uul56u0NoB+4CwVEl0B1K+KXW86xFQAAACjQvTiqfeomulv
db2v1irqGTXg44SPJJKl4PpL6VAqTac90yYAhlDXpb5miWOj/P4ipgIAABgSMqqQSms0MJRqlG6c
dkotwLFM+McOYUbNFapbO+frX7xW2hMVwFiUqoUZi5bjb+DCpeeZJoipAAAAxqPbjkUXybZJAw0l
XMXaG3lVJaNu3p/wLrD8I6l0efVBRmmub2+0BoDh1Ju01Z+pflNP+nO7BTEVAADAYJBRlSjNdtM+
T7XHkpjKUIlnxhLZuOWeMvOP7O5froZfyQ6iYqIvGFrPnMBtqgOn9LJaflz7/h5hQxoAAAAj6WJG
9fu4ScdgzafFDoovTsodOB4lDe+yoH1fQUNQeqdrofG5GYvT8WG7h1yhurl9Fj8syj7f6O0A0Bu0
zPJQ2vJUS6nzep+vRTNXD2xIAwAAYBidz6gcy7inzHOzloCPEwYbFcHF0VyhmkqXj47fJpKlo+NS
uw9SRKlGiMaM2htUMqqoWlIqXd7YPpW9s9BjbQLQt+r929H1jEowmgoAAGAUHcuoTrvJu8B659m5
WUtLXjB+UIwdFuMHxXyx2pIX1EJlj3v+CUqjE0YfTdWYUendhPDjrOznYty3D9AzRDfdRIOl0ud0
fUlIC68bGE0FAAAwgM50Pvw+zjfPCmvqtIR3gfUusCT0Pq/ux/KtfX0tVEqD9ElGDS6O8BlVZQSV
GPm9d4aBtvQAgxIlz5rnm37OyRYeCWIqAABAv+NYJnCHW/bbNE7rbRjNq6srY9FY/mk019YtT2R7
S9J5vzrp27WKUkb1+7jg4ij9On5Q3Ng+UxrZ7rEGaaGuj1NBX5FNqsIrmH6iqUirDgyTfgEAAPSu
rf3j4OLIkn/YZu1C8f9oLB95dtHWsNpjI6XqVDLqemicfh2N5Te3z5ReoVdbphmy5aPr+pVEq0ID
lG6oqSxe0JXmT3vEVAAAAF1rXxfEO8+uroy1ewS1pt39y8izizYtW+2fhKAloxJCAr9zovIi/dNc
NXW464+WBxGl7bVk/0mH+j2maims3JkjAQAAaIc2dUecdtNaaLyBCkm06A4h5Oj4rfg1HSan3WSz
MsKtOLW/bGTv4un+Zb3fqEU/dAY0ZtRUurwafqX0Iv3QUDXpOQDgA+orRo+ppE8q/bbpw8BvOwAA
6Fw7/gL6fdzqypjGWb65QvUoWUocl1LpK+1byzjtJveU2TNrmZu5oT21JpKlze2zdswB7u2/+Eon
ybTL/OThJP+/uUJ17dFrbDwjZJTuvrq+/fh6m+zJ2fIpvtMuc/u2ue7ZmKqHCwd+7QEAoIta/qeQ
Y5nVT8dE22bKyhWq8cNi/KAYPyw2+UPp9jYBH6clr+YK1c3ts+Z/qEiv/kFXOUOmXebN+xP8zQhk
VCE9dDLbqg8/057U/LromqZd5kmHSfaSa73BFN42uxajmVNRXzHV0FcNXBEAAKC1WvtnkWOZzfsT
NbNiJlv56d5FO/Y4nXaZlwPDWkLy7v7lk53z1v703vszrXJ6cCwT2bhFM2quUH26fxl9XpAdpu69
ZlHRzC+U025SGefnWGZu1uKZtbhdQ6mTq3xB/LvzKnudyX707drnJjSprz7intHusnm70Rx/hd/4
fEJ28+Ql//Af/lG+WGr8D0GPjKYaOqAaBa5TAAAG0vJb5sKxNVk0oLZ7U1OOZZYDNn5zFCXqBWkb
0GN/BNUzKn8/YmP7TOUD7bE2UdHwbxOdC8Dv1cSvzRZyT5mbLJSdSpdzhSohJF+opk6uCCG5wrtU
+ooQkslet3YafP986IagtHdLm5IR3XtsdWUsflAMf5mlD66FxjPZSmTvghDimbHQGyhOu8npGFxd
uamyml0LA4+mIp32OVwrAQCUtPBPZM2M2tYKRrKcdtPqyph3gVV5TipdXnv0uoWDuj3zR0f93Aj/
2EEbtp/3nuF3HtLye+SZsRDB8CbtoLunhjTOVO+MRLJECKFDtTTWptLl5n87evs00D+VLUbbVz9v
66HTZmX4SSveeTZ8z/G7v/fq331dvrsyFnl24XQMvjgpb4Un3VPmaCyfSpcb/utgyJiKgArtg2su
ABhdJzNq/KC4sX3Wpv1g1Hnn2bXQuMqxtTap9sZfB/VzYy00TqdVZ7KV4OcvlZ7WG00hVdcvjnee
9S6w3nmWPwMTyVLq5Crg47qyjXBjEskSHYNNpcuvspUmy+H06omhE/z5SdtZ9L9KT26Y0kz14OII
nc8Sfpylq1KDiyOemRvrX7yem73hmRlKJEuBOxwhhF5MtnbO+yWmIqCCseCSDQCd16q/lTUzajP9
j5bgWCZ8z6GyNY5wclrzeuCSrnJu8NvPJJKlrZ1vlBJLDzSCSJPptJfQ4meJZOkoWWpmtnDvnSRd
RwdOler3Cp/Df63lZYOLI7GDIv1l51hGeFNvLTS+9dU5fYRjGe8Cyy8BiHxxy+kw5QrV4PpL+gTv
PPv67PrFydXG5xN/+Mf59dB4rlC1WRn1XaxqMkxMRUCFPoGLOwA0o1V/LtVrJqmUfu28uytjy/5h
pX9t4TpVo1+fZc8N7zz7KluxWZnN+xNEQwEqozcCr97fFL+P+2xxhK4y7Qd0N6nUyVUiWWp4hnDP
nC1dp3K6SqOplvnqW+HJ+GEhuDjKp83dL28Lr+rBxRHOyvBXg63w5O7+JU2qdKIvISRXqK4+yNA7
GnT01coy//jvO37xe+9vHaqvb9ei4VOoczEVGRX6Ga7yAKBdq/5ibnw+oTRKmUqXw4+z7dihtGH8
SKCs5rtKPONekGVPDD7h06EP4fCILOO+fV4DvyDTLvN6yK6fhaZdkclWUulyY6m1B06brmthFOJY
Zj00LlzbH9l7k0qXw/ccwvuPdHLv3Qev6P8u+YdXV8b421j8Hwjp2gq+VHjN64kWuo6pCKgAIrjc
A4CSVv3R5FcfSbVkwefoTW507KOtZTIvvym9bWpsViWptnDs17hXYNG5IVuGqrdL+2r57eBYhsZR
p8M06RjMFd5lshX1JdB9K5EsZU4rNL4mkqWa1wSjnz/d1dqY+vQnt4WP0JJaNHbyV0v6VyCVLm9s
n+YL7zKnFbp2nc5PmXaZnzycpN8unbEy7TI//C8dP32mVvvdMjRQupI/JUTjw42dOW2PqcioACpw
xQcAkZb83fTMWOj8T6lMtnL3QaaBjDpxa+x73789cWvMeevmyJhV6WknP/uLN9/k0z97/ef/+usG
UqtKUm1yiZSQsa69sqeE026KbNwSPZhIlta/eK30OsZ610Iafym882zAx6mXjwYV8YNiNJanNXVU
GPdE6qKWByKVyTLk26TqW2DpzcrI3htaIYl8W2Xtd/7hy3//6sNsmug/dUnrFNjHBk/Pr0WvrBJN
RZo/T9oYUxFQAbTDRR8ASOv+dNLyGNLHGxiTHL3J/bL3e9/7/m2VaKrk5Gd/8f8c/KzevKoyDtyq
gk8GuuQqnRJ8RV+e+vQ8A71lIS2/Eb1dEqnzMtlKNJaPPi/UXBRg0JOqK5q/tnMsE/xkhF9oSmfw
qjw/V6g+3b8UXku3ds6jz/OEkM37E4njt/xL0ZuDrS1WRzV5hrRrETkyKkBdmpkUAQAgFFQuErO5
faY9o059d+LOj37g+u53Gj4S13e/4/rud370m+U/jf/5/xn7c41hNbJ34XYNyY6JBRdHos/zXdk7
pyuUelMcy3jnxe0TfpztpYxasyeJdNomTocpuDgaXByNHxRjh0WVOZ/ourSJZ8YyN2tJpcuike2A
j8sXqpG9C0JIIvlW/UVsVkZ0vy+4OJJKXx0dl9YeveYnrfyVOZZ+3Y5pCCq7wmrRltFUZFSAZuCK
D9C3WrJRHt26XfpPkb03tH9Tk+WG+a//5vxfXvi5Jg9GqPS2/M9//0/+7b/+WsuTOZZ58tApG7Zb
VfXXEFdapfNBOuCsUt3XEO9USum9O+2mwB1rwMf1T8He7qKDcrvRnPrtIYOeZm3V8PWcnw4jWmq+
Fhr3zrP8pAmlWTOyEsnSpGPwVfY6Gsvvx/IcyxBC6OtshSfpcm5+G9WGyRYobvjcaP39J2RUgCYF
nAP4PQLoQy35xQ9+MiKbUVPpssaMOvXdidX1/6y1GZUQYrlhXv7bvuXf9llu1K62mi9WNxSyaMDH
Oe19kU9UhlKXPt68J5OtqO9A0xumXea10Hhk41ZwcRQZtWPooFxk49bdlTGVXz30WyjahWu4I8ex
zFponD+910PjfsHc/sizC5uVWf30/VzfxHFJ/dVyhQ93FtxT5gePs3Ozls8WRwgh+WKVv++wtfMN
/UI6oDpkrvtdSENpw+dGi2MqzlGAVkFYBYB6Oe0m0XpF3sb2qZZX+GXv91b+zq9rSZKN+flfuP07
9/6TiVtqS6qoo+PSrsIy1OAnI60+LiNZlxSt/anyDQijjHEJO/dKf/4+WxxVOr2h3WxWZtk/HNm4
tRYaVwqrfd5vafLt+33c7pe3n/7ktugkFybVzGklflAM+Lhpl5kQEj+oMfIZ2btIpd8vtbBZGffU
0NbOudNh8sx8VHvp6LgUPyjGD4qZrHg18lVZ5gJS86rCPyGaedfMJaiVMbWfT02ANunziz4A1EUp
v0VjeS1LUn/zt374o9/8pVYflNjImPXTv/PXtCTVyLML4WgAL+Dj6Iy1HqZSOUk64pGXayVihIyq
fdxJ9o1D5wV8HMKqSANvWbq83Ke8yno9NL727VJSevNudeUmISSRrDGaGvBxa49e80nVN88+3b+M
xvLLH0/HIIRs7ZxvbJ9pnHFDvs2foiuM0gWn+5N+++2MBOgk/H4BQE0cy8iONeUK1a2vas8I/VGr
F6OqsNwwa0mq+WJVqa5v4E6zo2rGuq56Zix+Hxf54pb0I44qV7jROY0fwbTLvBWexDiqriCs8hp4
m54ZS2TjVvieQzh7P6a6KDTg4+iY6tFxie6P6p1n88UqH0FluafM3gWWJtVcoepdYDmW2frq3Okw
iT64zGmlsdJ0KtFULxvS9MmJCNB1+r81DgCNaf4vqdL+BFoqJ/3iws/9xm/9sMkDqFfpbXlr4w9q
lv/d/fK2dJAhk60EP3/Z5AHo84oqPROUduipub2QPt8gT8s5r7I7EejE7v5l5NlFL1WZ1k6l0Jd3
gZ2bsbinzLnCu43tU/73VFjlTnQdk73W8fjfd7p/DP3emr8g9Gl0M5ujZGmQIX/8fxWnXea/+kPr
P/v9Nw28ZdkPlG+H1n7cLRhNRUYF6Bj8ugGAEqXhpt1oTv0bJ26NdT6jEkIsN8y/9dt3aj5NdkDV
6TDR1Vm9RGkASumTDT/OGjej1uSZsUS+uIWMqn90zeqSZB4p1cPDqrLvyzNj2fh8IrJxa3VlzLvA
Oh0m95R58/5EcHHEO8/6fdzqyhifRZ0Ok3Dqr3qVXZuVWQ/ZOZbZj+Uz2YrTYQoujsRqLU+lT8sX
q5FnF4SQP/1/S4SQFyflwz+rsZ9NXdp0tWm2TloXzzy6/Nc9NWSzyhxDrvAulb4ihKTS5f7ZYA36
AbYpAwCpaZeZ7iggEo3V3mX0N7uRUSnXd7/zy97v/Wn8z1WesxvNyWaVwB2ul8rbKnWolvzDslVt
N7bPjpTrfOr/b4RKB9IzYwkujs7NWpSeAHpjszKrK2PLfpvSadnk/pmGwLHMusIKaukWpryAj+PT
6W70Un1yu3vKvPrp2Ob2WTSWDy6OLvmHd6O5XKGqvnUwfVq+WE0kS8XS+z8H/7fqutZBhlw3FJ5a
+0E3FVM7nFHpXreemRuTjsF6C5HnCu9nbx8dvyUIsWB8/XDFBwDt5mZvyD4efV5j4eKdH/1ASzWj
9rnzox/823/z9ZtvFI8zX6xGY3lp721uRv4ta6f/C6nSjD6682Hnj6clVDba8S6wAR+HgGpQTodp
8/5EIlna3D7LnIprxvbSTXbpOey0m8L3HLL3CtV5F1in3USb68VJmQ6Tqv1oHxc/KO5Gc0v+YZuV
CX4yEj8sqodb+rQnO+faI08DGVV2x9QmNR5TO5NR6TXLN882Wd7NZmXoVU/p2scXy6I5VvgIoizo
k/47WACgUfN/UkVFI6lMtqIy4EYIsdww/7L3e03+6CZZbpjv/Mc/+Oe//ycqz6F7MIgedE+ZOZbp
jT/Q0hPAM2NZ9g/Ldn5oDFB5NT3/aZA91Z12E50h2fnjgZabm7VENm5F9t7QETzRv/Zq16WxjEot
BWz8xJDd/ZxsiQGhtdD46oMMTafL/uHIXu0lpsv+4afRnPTeASFkxMZc5FpzFW15UtXv5sgqF+h2
4OMr/0VwUfycTLbyKntNv06dXPH1319lr4UbDan3CQBaqFcv9wBQF45lZG/CqpeOJIT8R77vtW+L
VO3+8sLPPf+Xf6YyoKq0ZGtu1qK+msuglKphUUbMqOpTfMP3HOqzFsFwgoujAR8nOwe4l4ZVKb+P
azijEkICvg/rF+IHxZox1WZlAneskWcX9OadxvXbqytj4S+z0sfryqjad0xtiQZjaluHUv0+7rPF
kXqn9XaA02Hij0r7jBRhuP3w4GlFuoVuW9FS1A18Y65Q1bLbHnQLkioAKPWQam7+3vWhVN4vLvzc
8//9z1SeED8oSu9cu6fMPRBTpX0qla5qIlmSHRLRM5VOIwr59jA6B1ipDnAv9V6k25DWxWZl/D4u
lb7KZK8zp5VEsiRMGfGDonvKLIpFTocpc1qRvSpG9t7Q+cCix70LrGfG0uRYWoc/tUaiYPsyqmfG
sh4a12FAbYYw3Ar01LoL2SjO4+dRi4hGoXmYZV2vXrrWA0ADlO6cqvdIfv77t/UwlEr94sJ31WNq
4rgk7ZB5Zm4QonU/egPh5GpDUkobyVJ6+1ug0mNseC0fGMuyf9g3z/b2sGrzp3HAx0Wylc9Co+Ev
s9FYXnhJdzpM0pnAbtcQxzI5hd6y7GrV3f1Lp8NEDDXls+5A2KaMimUJhqYQxd9rSS0E2SQsnHrN
S0hql/XDgDCSKkA/c7uGpA9KL4Yi3/uF2+05nEaMjFknbo29fqlYuZcWPhTpyZBDN0WUPp4rVMOP
s7K3HuiSMF39FVDvLi75h4OLI5jo2yfosKrSBs56O3XrRXceadLcrGVrp+pdYL3zbPygmFv5ULzX
PWWOPsqLY+qUOV+sKk3MlF3MHz8oZrLXfh9noOpruhi3FG0ipBGdxSoNKk6HyWk32axMT/716luy
SVg2AEsXFcuSduCkM7H5itBCuh3sNfqFHgAaJnujUGkmC+/nv6+jmEoI+d73b6vEVNl41gM5RxTn
vPOsbEZNpcvhx1nZ6b70yq+f6796QHXaTWuhcdTy7UPBxVHvvFX2NDZEB0blIGUn39b9+nc4Qsha
aDy4/lI0HOp0DEqrnU+7zHy9X/HxHBalu9TQGcU2q5FGBOuLqS0fSuVYZvXTMfUyykLxg2LiuJRK
X2mcWu20m5yOQRpZOStD7ze7p8w98IcNmiT3N7KRv5r8MC+9Y0LvnnSrjJYhLvQA0HKyt2VV1mIQ
QiZujelnxi819d0JQtTm/cpu1dD8aqsuknarluQWuaXS5bVHr2XvkOrqml+zlxhcHJHtVRtIrlCN
HxZpLNHefQXKPWXeeuiM7F1I564bogMjO0s5lS7v7l9Kl4/Wiy5wtVmZ9dD47v5HG6hOOkzSLVUn
HaYXJ+Wn+5eyq7tFQTeVLtO7AzULFuhKN0dTtS9LSCRL0Vg+flCsdxQrc1p5/6lISixw7PvhVvfU
kM06QOg8bytDCGlgX1boW/wwryj3ptLl1MlVIlk66my5C0Nc6AGgA9QL9Tm7uleqrNGbNTr9r7LX
Lf/r3MVrpuzWi9JbqLlCtQcyqm6rY2rEp9P4YZFjmfXQuHT0jMYVejNl0jHIP853L3n9POPPZmVW
V8bmZiwb22eis1rnS1X53VZEp3q+WM1kr6OxfKuKgXkX2GgsL7wrR2vFiUor0Qejzwuin0tnC4rm
/Ua/nehbb4+UfhzCt9zJa2Yd14vWDqVOu8yb9ydq3lGLxvK70ct2LCzMF98PeanfhRXOOOcD7bf/
JN5YHJNYgOeeMrunzPQakclWYofF6PN8Z5bIIqkC9BWllVGptNoFp2Ym7LyRMav6E6TFCAid8GzA
0VTZPlXwkxHpg+HHWUNnVKNXx4wfFGOHReFIydysJXVyRSf3ya8DqvOEnHaZbVZGNPWvt7uU3gX2
yZTzweOstF+k5z6M0r6gmdPKbjTXwprVa6HxaCzPFxCmp4SotBJ9MHNaEc0HzmSviWTebyJZYw2I
Evpx8J8IH9Q78xl156qhJaPS3au7XnVdGGIlgVZrdUGNq6tbfkmS3sBT18+399rK6TAt+4eX/cOZ
bCUay8tueA0A0Frq15mp70507Ei0q1FF6eRKOoQlHLYytGmXWdjXVCmYRAySUT0zluDiqEHjljSd
fvinw2Jrt0Hio5rwZTmWWQ7YnA6Td5419DRpJbSu0tbOubSij56TqpJ8sbq1c15zy1ONbFaGvxrw
Nxz3Y3lhKR/+1g+/geq3jw/yM0np4xoriUoHTmWf08mkqjWmtnAotWZGzWQrWzvnPbATGk/jshn9
r65Rz9s1Uy6tbqX0r/0w19rpMAUXR4OLo9FYPvLson13YYx4iQcAuHFDpmRx75HtU62u3OS/phN9
DVGjXva9GLFO0relJd4mkiU99MfyxSqti0vzqtHX9Mqi6zAnHYPSCsC67cYoDagSQp7uXy77ba3q
ygor/e5+u5RXuBKV73LTAVXvPEsDbebbqgS70Usby+SK1ejzOkr7qrxB/gmknbuTCmlqyk5m1PhB
UTpbHXSi5oW7TTcX+IXEIkrBWDofW28ZOODjAj5Oac/r1vwIvV7iAQD6mWyfyjNjEYa6yN6FSkbV
z7Vddnlt8JMRndcWSqXLieO3mex1Kn2l/y3raF6N7F34fZxvnu29vRuDi6Nu15DsUlX9nOpCKkFu
dz/Xjp2W9mN5jmXyxapoJSpfQG7rq/Otr85FDfjipBz+MtvAjxO+QaWPoAcn/XIssx6yq3x4G9tn
BtrMBzqGX0gspRCMa8/HpktB+P8VJV7RwG+bbgkv+4cDPk625B0AAPQP4SY0iWTJEH8UpD117zwb
vufoysFokclWdvdz0ef5jo2FKHXlGxv+2Y/laSeZdmDmZi1u11DzBWb1wLvAbjomNrZPRbcMDJdU
n+5f5gpV+uvckl1qePSkFa1E5VfmN3xKC9+IDlu7o2f2emhcaVKogea3QG+Qnmwah4KF+VZYVYsO
4dY7bEtL3nnnWaUiGc3Q4RUHAKCfyXZt1z6uMLS5fdbBI2qQ9I1Mu8xrcju+6kEiWYrsvWnTVN4G
sqjKn2YtCZZ2YPi3Q2ec0dTqmbUYdG6we8q8eX9CmgVqDut1i1JS3Y/lAz4uX6iGv8zufnlb9uOQ
bmpax899/iGmtmRlvuwbqTn1tzNq96dbdZTBxRGlmwrIqGAgwhP14795H4ZwPTMW99TQ3IxF4x+M
uVlLZOPW5vZZy2dNI6kCAOgWxzJPHjqFGTV+UJQtW8D3GvV5SXfaTVq2b+i8XKEqW6SnSVo+hcY+
KdF3aemE0xlnfIdk2mWem72hvQeiHzYr8+ThpNLMSj2f/yL8wEP8sEhHvP9/9t4+qI3z3P++oyAL
sbzIgCUzjhRAgyHGBsO4nrHETJw44qThzIBxpxknpolLcmqeE4/bGuK/To3TP35jQ9r4SfrDbUqT
Fh972vkFm5mT0xwU52UepDyTdiBgOwVnBI6IHyxZgHgRQhZRnz9ueyOvdu9d7Zt2xf2ZTMZIq9Vq
tdr7/t7XdX0vygZ9A4tJmS2VmrXk5HNsIuLxRu/11DQnV8zPJD4VIkoTkSmaWmrWMtk0C9Soukyt
qWhj/CPeKT+/XWEwYgEHDJi1ZavRc2kCnp2l6Txa2DewkGgkgMFgMAiW6dq0YBRI4kSw+4SRkoDj
mb6b+EKlTc0TP0jn0UJlKqLB+4myQveToq+Ah13N5HR0cjoKZyBQstpq9Cqys4IZs6qoAWRSd2Ry
nMcb7R9cSlzBGRwKJVXCStmy5+J8dYXOVJjRc4HRF50jiGCGErQri0wV6/g6WgtoH+enUfM2EmWP
bdm6bYuxyKDLpM8inp66A+5LVu/kHQCAb2Y+sooDthi5gc71PReC9XUEqwVcS2MevO+ImACMA6oY
THqDc5FUAWVCReg1nUcLuTSBi7+BK/ZmPugKtVnEacUhFrBj+aXBZR6vVdp5pnSt5A4pWQm9xlar
t9foVRFihfa/qujeh9ZysDy1/bQfKlXo3dXsyAmFY/GevckSHzwX94CVhhzR1JbGXNobMQ+NuqO2
eJdtq7GI/VZoLtlE/t/+5HePR1ajsCebbyYYWb0L7ovY1dW7iF5tGIxA4C3pknPJYSfi214lUm8n
rOYN7af9WKliMBjpWF2lidphZKPtOQNtgOv2/WYSiaT8Ns40uy01a1sac2U+GASDrtDgUIjfPD7l
JxlN4uFxlByhcIx0YIJJXgpvxwq79x05eVstpkq0+GbXsrMempyOdvfOwWWpzjcD8LRTPHulAK1I
KR1QlSlfUTJVlMM1FWTsd+TQPtXdO8ddo5Zt2/JUQ02uIUvg8egytfEKFjwoYiEwEgse1K6r4Wi8
jsWyFsMPpyvkHg63NOU2M/wuQJyRgPLXETEYjGIhexXQ4p8Jlj22Rc7jwZCYCjJoK0F8gTVErmNq
a/OY5oSEXqOQqlSPN9rvXHIPh1mHTibPGMkOTULiD5vjvB0meZHxVSV3uGmuz0nML1OXUoWVXO6R
cM/FYNtBg61WDz3SKJ69tPgCazAFz2rZkOyyCzxFlKRxiiLl2CI1hUgeTW1pos+97ncucXSL0WVq
DxyqI1WlDMS/F/dRnIzTUuAuaGFcV0QWgqGFeRUk9683QuHYuYvBwaFQR2sBU8aX6EpVXbd1DAaT
FKSjBkaZUOaCvtk12mYVf6LzJlBgiINECRrVF1gbdIUGh1Zoraco0JZ6ijI4SvE1JXtgSUlWMr5q
Ksior8uqtxMKbGzDlF+mqCkNxzjkJeeS1aK11ejJdlP9g0tMMtXjjcL2PLC62OMVlPyCOEIuLVJT
iLRXJNN6occbPXeRk3KzlBibD9mZClAVBRmnTYSj1k2M68rMYnAFIWtZ9fbCfGhhfgWxAS4Pjmdy
Otp+2t/2nIHpJmW1aDuPFnacwZZgGAyGBeyipC5MBRmJGnV5JeYeRi3fp3ASyTTH7T5hTOH6CAyf
cvTaoS3v5H1K5Vk7EBLy5S5ZfbNrfQOLfQOLthr9fkeO0syWrBZtX1cRbaMaBcoqNN29cz2dmwm9
Bqruyeno6HiE9oR3vhmAyy6wulj4Wyem+MY/JXz/EsEoU0X5BbY00dcqdPXOcnn5jtriZw7sFn4Y
GI7kGrLQadWSZoj5Z4JMInZhPrQQpBmHKJnY9x5UTz52KBzr7p0bHY90MPSaq67Qtbfmq6KHHgaD
URroGBfOtZGNxAlVfR3NUOseQWWrKk2jmgoyOFpASQH3PqhMai3Z86mQmDa/j8DRgQkmA5sKMlqa
clnbE8hJdpaGqaWqQiQWd0Pm9tN+U+HDk9P3ful9AwvVFUbyWeixFFqJcUkN4HGQCrmMuSNhNJUp
lNrvXOKyMIA16noD4YwlPOU7UQNTGhdRQsFyBn7hSjCTr1K9nRgdj4jizK6cGzoGg5EBq0WLKK5B
J79gJIV2doQIpSpKozrsRLMjR+ECFXHGuJ9Mhc/peUhWLnrVN7vW3TvXcyHYXJ+935GjhKpjoAal
ypFQOEZqVADA2ESkq3duc+HDAACOieuJcNef6jpXQFKZShtKXV6J9V1mbwuJNSpGXBI1MHfpS6k6
JvVtfCxXYBmw0xXyeO8yVfi0HTR4vHdxzwkMBsOEZ/qu0lL1MJDE6aOtRk9bBMjRsCO1lJq1TOk/
UuMLrPVcDLKeJYECVbg0LTVr4VAe/5O0mjcQCeN7aCUW3yZ3dDwCAPAFvuWhVZItL2TVq6FwrG9g
sX9wWTliNTtL09FaoGR3SYpc5KgeBcYhVKc8k0IqmUroNbYaGuuwS84l1ssLa1SMoqBUHSP0LSzu
9U75b3x5K9nEY9KvPPEpeGtu67yd1A5pUd26IwaD4UII16YqEtpJKlP7A7JiTTkk9no9RTdIyUC/
c6nv8qJ0SdH81GlVuc5UmLG58OGq8kzwoC7lSHyJckvjd48vr8Q83qhvds0XWBsdj3i8UY7XRrJ2
0OhsVaWJVVp3SWVObGiNdkXZJ+3e1JjQywV6mSr8o9pqadoxLa/E+tn6LBuLDPsaagS+OwaTEmBx
r7lkk/3JysXgytXhqavDN7lHWd0j4a7eOdqFaqtF29KY20dnAonBYDA8wH1TU4KpIINJzFgtWn6t
PiUicSrYebRQfjNY1iCqEImS1HSX0GusFm11hc5q3mC1aCU9FdlZmuoKHQA6cF+++gJrHm/UM313
dDzCep3wC66ixerg0IoSalatFm1Ha37nW4H4B5WjVEWXi/HNY2g3SPzsCjkVokDzGxPl/NJex4Ou
EOtqUMOB3arw9cVg0OQasuxPVtqfrLw2fHPoo+scxarTFbJatLQtVfc7cnjXLWAwmHVIVXkmAIxr
W2qxmmMF/TFTCO1squ0gowuDL/At7eMpmXQmHvyRgwaZE8vJnhxMG8jg00voNdUVuqoKXXV5Zmp7
PpkKM0yFGbZaPVSt7uHw6ETEPRxGzwqSCq6iM4FhzWrf5cX21vzUlhjYavVHDhooHUPSSakmyk4u
O6R4+Qo5AOUgyVIQ02LhJbZQat2+SoSPDgajRrbXFpdt2/J3942hK9e5bH/uYpB2OMzO0rQ05Qp3
/U2n+xcGg4Esr+AftbKgnVY67ERiHxqIL7CmnFVIJtskOY9h0BXquRBkim1ILVCrynW2Wn3KpSkC
W63eVqtvO2jwBdZcI+HBoRBCz4uYCeybXes447fV6Ntb81OYA9zsyPF4o6K4S8oAd53J+lRaZvYi
kESm0t6FR8cj6Ftw3kZil22rFMeDwaQWXabW/mRl2WNb+v/TxSWs2vlmoOeUKXEAqLcTg0MhRWWF
YTAYJSCw+TtGBtDmQy7F+CclzoOrynUy2CYtr8R6Lgbdw+FQOFZq1jKJLn4ClcvkntBrbLX66gqd
rYambE2xmAozmh05zY4cX2Bt0BVCZF2JKFbdI+GWjpmWplyZFy/iSXSXVM4qPHcfr/jTy3r88d9g
Ui9UL5L8DqvLaUKprOZsdU9W4nRfTBpjLDIcfqWeS74A7LVN+1QKhwQMBiMd6TrJWJ8kzuwJvaaj
tQDxkrHx1K8/1pseSjzyUrOW1ttPXDzeaPtpv/N+aZiIGpX2Q8VD6DUOO9H5SuGl32zpaM2vtxMq
0qjxmAozWhrz+rqKOl8ppDUxhSQbjhv0/ZP2tIfCsXMXg0dO3vZ4U9OGALpLEvoHvizVBRspp5f1
+BO/i/g9pN84Iv5PES5HJT6OaAgGANBlarfXFot+MBiMotBlag+/Ur+Dw6V+ybnkC9AsiNpq9aYC
oUkQqruPYzAYHrDOtheDuHWqTLQ05canj/oCa8tx5szLK7FRBpma2nlnqVnL1ClNRKBGZW26luyp
YBWoVeW69tb8vq6ijtZ8pmRsNWKr1XceLew7U+SwExQVB2E9M4kwnfzJ6Whb5+2+gQU+ByoYq0VL
2/xSdUCpyXqFp58KZUX8Ww9tVSpr0cWO2hLRjwSDUSbPHNhtKTGybtbFUIa6vz5b7CPCYDBpCGtZ
nZBuzxjulJqpxnhdvXMtHTN9AwvLK7HONwPdvXNKa0UD5NWo6E4zXGbw8aBlGKHX7Hfk9J0p6j5h
VG/slBVTYUZHa35fV1FLYy6TWE1qh4hvoW9gMVVh1WZHTtWDKZzKXIhP1sWK95ZpJmXF/3HSF6ay
VdNxiS9hMGlD8yE7a/bv2ESEdn095XbwGAwGg+FO28GN8X/2O5fGJiKwyUfzK7fcI2GmqqgUzjgJ
vUYGjQoA6Lk4T9Gomrj3FDeCWmrWtrfmX/rNlraDBvk766SE7CxNS2PeuVOmUjPNohUPRcckVien
o+2n/ejESYnoPFqo9tRf0UmbMyCBTKVLiEcvsegytdjgF7Ou0GVqufReuuRcSnwwO0uDKDvBYDDr
kFSVh2ESoUwQq8p18VlmHm+U0kiDCZk1KuWwqyt08oQZE00BY/dFq4gR1KpyXderxnOnNq/PdV5T
YUb3CaOD7rPz0zNM1aqdbwV6LgbjE9plIDtLI4PFlwJBd7tND8S/B9He19AmhJZS9gRIDCbNMBYZ
6vZtR2/jHgkzVagKfPf0vq9hMOsNBaaMYiAtjXnxf3b1znJ5Vcoz92STc7RuCzyyfJmectgJmN+b
2lafKQdquc5XqIFHwKtUFTB/R5ecS+2n/bRTF+mw1eopy/freZKT7M9HyciUkc/UtBpiwqFUzLpk
l62MtUh1kK4tGI6mYjAYjPKhhFL7BhZYjYLAgz0SE/+T4jgpuzUVZMhjKTToCgmMvCHOCRSoHa35
6yS/lwu2Wn33CaNYCcCAYT1lcjp65KRP5gTg9tZ8haf+SqEe00aOMiHTTxftn4QzfjHrlrp9lRd+
70dsMDi0QlmMBwBkZ2mqynW4gSoGg0FjKshAjL++maC5ZJOcx5P2UGbG9XXfxSSXV2L9g8s8dsL9
WbHmrG0HJZ+V+QJrXb1zQkYxdIovVqdMWC3a7hPG7t65xIroxFPK5Yoa9P0z8YUwAbi9NV+2sHx2
lqalKZdjRn06kd5KVRH+ZpmZG1J9CBhMajCXbEIHVH2za7RVZ+s8fwmDwXDBVPgw4tnIKqoeByMQ
Qq+Jn6Nfci5JnZvNL+iaWEwrdSjV440eOelj0qhcpt1MH7DUrO161dh9wog1KoLsLE3n0cIjHBYj
OF5ITHHC7t45pp4FUtDsyKEEipUWUMUkiyJkKgazntllL0Nv4B6h6W1YVZ4pzeFgMBiMmkCna6UQ
itj7n/9H1i61HPUqZQNCL7kbDboDDatGZfpQhF7T3pp/7tRmvIbLkWZHTk/nZnQn9qQidbQbO10h
OZUqxVUbo3awTMVgUkzZY1vQlr+0bWlYOyJiMBjMekBmsxYEFPlkr9EDAJZXYoOu0M/+l98/l5rj
TCq+2tKUK2kc0j0cFqhRaR/f78jp6ypany6+QrBatD2nTPsfbOoL4VdImXKlWl2hoxga44CqqsFJ
ERhM6tm6bcvV4ZtMz9JmRmVnaQi9Btt7YjAYyPJKTJ4OIhguEHqNqTCjq3fOPRxWyI2anK/HWzTF
b1BVrmumUyxi4fFGO98K8HstIsu37eBGHEHlTXaWpu2gobpcR/lq6k0P8St6pO2S4nSFPN678nTi
/VFjLuVHx/uzYFIOHtIwmNRTtm0LegPa8lSBAVW8xIjBpBO4daqi2LDhobbO205XSCEaNR6m4Kqk
CZMw1xexAUJIMI1WLY25OMtXFGy1+sSYqpBJQuK3OTkdbT/tl6Glqqkwo7k+W+p3wcgDlqkYTOph
bUtDe2fHkRMMBoNRCJQ5/fwCqg+fEqAccEtjrnS1JMsrsc43A4mKnRQzyWrUUrO2p3Nzog0+hjdt
Bw2JjWpEV6otHTP9ziXe++TIfkcOpeYWr8urFJmmuYndhOPxzaw7/2gMJh5dphZdnjo2sZr4IC5P
xWAwGIxwTAUZtAWKYtH5ZiDR6YpsZJKsRt3vyOk+YcQjoOjQtlQVV6mGwrFzF4NSh1Vhcxrp9o+R
DZlkKvpusjAfkucwMBjFYirC9nQYDEZk0HY4ePAVhWQbwCgQSSVf38BCosMCFDAInx7as0roNZ2v
FLYdNOBkIinIztKcOlqYGFgSV6kCAMYmIi0dM5LWKdTbCRxQTQNk+p2jbyh+HE3FYJDcDig9fwyD
wSiQzci+qQvzsrZIST/SQKBC3CPhtpM+Wld5gXi80b6BRcqD/Bx9S83ac6dMUvd0XeeYCjO6TxjR
KZDJQvt1h8Kx9tN+93BYxDei0C5xayWMDCgimuqdQlXVYzDrAUvpJsSztB0XcPtyDAaDSRXpIVBJ
fLNrHWf8PReDImZjwpJUyoP8NKrDTnSfMOJRTwasFm33CapfhsCrnTZsHgrHOt8KDLqkyumortBV
lT9gr5Vmv9n1gFwy1bwBvQEOqGIwyYLuyo3BYDAYiUjX+e4l51LbSZ9Y2Zh9A4uUklR+GvXIQUNH
az5O9JUNq0WbGIoUnjtA++13985Jp1SxyZbaEf83T3u1VbHZhSOaRmIwGFoSHSkwGAwGIylpk+jL
hG92ra3zdt/AgsD9eLzRS0l6utIWo7a35kvazRVDS72dOHLQQPO4BEq150JQojpVHFBVO+LLVNpE
8+wsDTry89U/bol+JBiMikD7XdOuItNmAmMwGAxGItbPHLdvYLHzzYCQBOCei/OUR9ChVFqN2n3C
WG8neB8DRgjNjhyHBCefNvu3/bRfIqWKA6qqRgKZOhKmva+hA6oL86HpqTuiHwwGoxYiYdQNGjvv
YzAYTGpZPxoV4h4Jt5/281sPHR2PUNx9+WlUSVu5jo5H4H94zZeJjtb8xJiq8B8CfZ2qsGURJnBA
VdVIUts2Nh5JtGKz1+idyOzzoSvXD760V4rjwWCUz+rq3VQfAgaDwWDoWZ9T28np6JGTPh5yMamc
4cRzW2rWnjpayMMwyRdYux341je7BpUn6V3sC3ybbJkMqW2slg3ZWQ8RWRpos1LNVsWWZjQ7crKz
NN29c/EP1pseYi0zRkN2zSXxza51vhlIdG8STktjXscZ7NWqSiSRqaMTNDLVVqsn9JpQmHGlxDvl
n566Yy5B+Z1iMOkK2kWMdrSWtOcYBoPBYMB6FagkMCEzKaWaVCiVVqN2nzCyGiYtr8Q83qhn+q4v
8K3He5eHEEVDfoTEpq+EXmO1aE2FGZsLH64qz9xc+HD8GE2RyrcD3yKitXAnAICq8kygVA0M865l
UKpjE5Gei8E2uppYIcCAavz3KPzgMfIgjUwdX6V93FbLElD98P2Rw6/US3FIGIySYc14py3tliI9
BoPBYDAk61yjQqBSbXvOwLFMlKJnECSeXlNBBpNGhbp0bGJ1dDwiuihNilA4NjYRAfdkz72usLnZ
moceAgtLSY7L32mne/sxFWRYLVqrRVtVnqkc1VpvJ0bHI+g5PA8Sleol55LVohW9ILnZkUNZboDv
i8WqwpFEpk5O0wd5mh056EvcPxN0fXTd/mSlFEeFwSgWtH8SYKhNFRhNxXdnDAaDQYA1KkkoHOvu
nTMVZLAKJ/dwONkmNCSEXtN5tDBeo/oCa6MTkdHxyNh4ROHm9ovL4iwc+2bXfLNr7pEwFK62Gn1V
ha66PDPlFhUdrfke7934Gb4oMclEpdpzIWg1bxD389pq9aaCDIVfQphEpOq7OOgKJa6FWC1aStg9
kaEr1/MMxPbaYokODINRIF99iXK6NhVkJC4tL6/EECn0GAwGgxEC1qiJwNJBtH5wjdC0e6CFcoZJ
zyQVSVMZcI+E3SNhAACh19hq9fYafWJVnWx0tBa0n/bHzz2kUKqhcKyrd/bcqc0Cd0uhpSmXe5wf
oxBoZGriwgYP+geXaEP2XOqYP3x/xFhkMBaJnJuOwSiTyGrUO4X6UdC6ZOPCVAwGg5GIlGvUUrMW
rk7GRy+XV/7p8d4FvAyBRIG1TnV5JUZJmmPSMIln+N+eNQy6QqO9q0wZeeucUDjmdIWcrhDUq/V2
Qv6UYKtF21yf3TewKO5uEy+G5nrxO+XW24m+y4uUHw4uUlU49NFU4Up1cjo6Oh5J/Akl1jEnElmN
Xvj9xw0/2F322BYhx4DBqIKrwzfRG9AORWMT9BXgGAxmfTI2saqcSjZVkxKNWlWuq67QwVxHjg63
0EDI442Ojssn7aBS7esqoi0fdXMLpSaeYd2Gh379Lo50cYLUq6VmbXN9jsx9ZVsa81zDYdFTf+Mx
FWRI9KFwQFV1SJX0CwDoG1iorqDxle5ozW95dQb92shqtP+8q25fJa5TxaQ9f3ffQG9gq6HJ8CF9
9nmT7FQMrzhiMJi0R06NairIsNXqbTV6fusL0GgH2AEAYHklNjYecY2E3cNhqetByJhqolLtH1yK
/5N21KA9w5G7eHy5B3nSWC/Fyelod+9c3+XFtoMGOTOB2w5ulLS/i292rd+51OwQP6Bqq2HpOYJR
GhLK1LGJCG1A1VSY0dKYyyVnYOjKde/knYYf7M41ZElzjBhMirk2fHNhHuUrRqZ+UUCnJEgB7ZCJ
tSsGg0kbZNOoDjshbtJmdpbGVqu31epBKxh0hQaHQpKOEZPT0Z6LwY7W/PgHPd4oa1A35dnUyocM
TsYPr4jz5ptd63wrUFWu62jN59FplgfVFTpbjT4+ci4woJqYwnnuYnBzQYbo2js7S5OYtIzzfpUM
Y1sqUb4zpv7OLY15ZN9kNN4pf0/Xf7k+uh5ZxbUKmDRk6KPr6A1oKzSEh1LFot70EOW/VB8RBoNJ
Wwi2XppCkOH2Reg1LY25/W9t6WjNly5Du95OdJ8w9p0pckiZDup0hQYfLEPtdy4xbYwHiKRIPFeD
vn/C/5heMjYRaXl1hmnWLTqitzZN/GhdvXOIfrO82e/IIfQS3kYw4iLtVzU2EXEP0xcqdB4t5H6h
DF253tP1X1fe/2IxuCLe0WEwKcb10XV0KJXQa2gzfpVcmIpVKwaD4Q3aT85q3iDR+0p9s4ICta+r
qKUxjzZBRnRMhRkdrfmSitWeC8F4Mz/KfA8KDzwQ8Ib21KHFat/AYvtpvww91U2FGZTrSvRvORSO
dfXODbpC4n4cmHdAeRBfoopF8ntlz8Ug7RWWnaXpPmHkrlQjq9G/u2/0dP3Xxd9/cm34Jg6uYtSO
fyY4dIUllGqr1dNOaFwMqz8KBEtWDAajcKS+O+135MgpUOOBYrWnczPHFLakgI1D4L893iil5A/f
9kWBdgBFiNWxiUhLx4wMvQBksG4am4h0986J/ll+1Jjb0pgr7j4xEoG6Y4qS9+ubXWMqQ7VatG3P
JZ024J3yv//e52/88tI7bw26Pro+PXUHS1aM6oisRt9/73PWzX7EcCdVqV8/1qsYDGZdUWrW9nRu
bjto4CdQR8cj8f/xzoG0WrTdJ4xHDhpET3ecnI7CRNNRBef4pAfcxSr0uKKkZItOdYWOcjkJHNxp
PwtvgzEEpsKMlsY8U4EcdbwYgcjxJV1yLlWX62groeFiDD97aP9M0D8TBOA6AMBYZDAVGSwlRtxw
FaMK+s+7/DNB9DYOO0Frh6CcwlTewMEMmxZgMJg0pqUxt6Uxj/v2Hm90dGLV4416vHfRa5FV5TpT
YYbVoq0uz2RqYZpIsyPHXqM/+WZA3IXOvoFFW03W4JC0oggDSRw9yeTq+M1C4RicWksa87TV6p2i
iuFELyXpJjyU5jTYSEmZyLSW0NU711dB32Wr3k5YzRvaT/uFOERDyUr2n7SUGPM2ZhmLNpqKDMYi
gy6T600cg5GB/37vc3T9FQCA0GtEtyhQGuRohMcGDEY40tVtYpKF0Gs6jxZyjAK5h8PJNpIZm4iA
iYjTde+9bLV6e42eiy2qqTDj3KnNXb1z4qqL//XbWe+MKnN8VAqtWE0MZkqtVOvthLgXEkj4IKFw
bNAVkuIj4GiqKmD5kmivex4gumwBAKwW7blTJhFX+LxTfjAFALgJ/9Rlak1FG41FhryNhKnIkLeR
wB1uMCkB5vp+9eUt1i2b67Plr2JKFTi4isEIR1IXXAx3Ss1aptlOPL7A2qAr1D+4LLCLYygcc7pC
TleI0Gvq64hmRzZrVxLoM8wvkY0WrFFTAmXopJ2x91wIWs0buIfck6K6QmcqyPDNiuzHS/kg/YNL
UshUz/Rd0feJER351hJou2yRwBW+novBS8yG5ryJrEa9U35K/CpvI5FnIPI2Zt3/B6HL1OKEYYx0
+GeC77/3OWuuLwCg1KxNKlUsPcBiFSMcHuuq+JLDiIjDTrBWovoCa38aWBQ9DBUKxy45ly45l2w1
+v2OHHQsV0jJFUZRxA+diUoVRonOnTJJ1FJVhtTZyemoxxsVXWnX24lzF9nnY5jUwn7VihVQBQDA
mzKTUgUAtB002Gr0PRfnZXCIWZgPLcyHwBTNU8YiQ2bmhnv/0GsBAFDHwmdxMDYe/0wwsho1l2xK
9YEonb+7vxq6co2L3Reh13S0FshwSMoE14dgkkXgCBX/cnztYYTgsBOIGQ4AYHkl1jewKMVyfDzu
kbB7JOywEz9qzEWIE1FKrjAKgRSrtEr15JuBc6c2S/K+dqLnQlDcS4imDY8r1GYROYyUnaVxPJi0
jKcfCkTuzGxWpVpdoTt3avOgK9R3eVH0RAKOkPEu1gJCCClrhWMsMlhKN5U9tkWUvUlHZDV65f0R
shg4Hhidjvszi1T4AABd5gbTgyHrtA9iT0/d+fD9ES5BVEjbcwb0quHmwofFOC7lgsOqGC5IYRmN
66UxvGE1THIPh7t652TThE5XyD0cbq7PRhyV1aLtPFrYcYbTVAejfMjRk3J7hIbMEmVpNddnx3f0
kELsebySJOhKUVuLERdOMlXEgCrgoFQBAPV2wlajd4+EUyhWucNdgbDinfL/3X0jbyPR/LxdyeKN
SaMCMkxNQhevZsVSYqQ+UkoN2JKrA8oUupHV6Fdf3vqb+0ZSl4fDTrDWYJgKM6SoBlEaeF0Tw4QM
PY3wWgkmKdpb8xG37uWVWHfvnHtE7n7XoXCsb2DRNRw+dbSQKaxaXaFrb83H2b/pBBw9KfdJaMgs
RZHqfkeO8BLreBIPXqI2sBLV1mJEJDU+V05XyOO9i/YYyM7S1NuJejvhHg4PukLy399TyMJ86MLv
P27r+FfFehTf4GACJITEODbHyDaEEtElJS6ZvC2Rso2sRv0zQe+U3zcT5OKTRMFWo0cv33y3Za1e
6rQxJYClAiYROfvu4isQwwW0RvV4o6lNrJ2cjh456etozWeyAq63E74AY4v7tKHUrKXMOU2FGTA7
KbHrydiEuhu/0d4nu3pnpUj9zc7SSB1QlcgCCgCwvz47vkIVr48rDa4yVdyAKgBgcjra0jHDxbHd
Vqu31eqXV2LukbB7OLxO9GpkNXp1+OYuW1mqD4QeLjWWKYQS0UVL3PicbUrMNjGoC1ldvUvGSBfm
QwvzK6zvwkqpWdvOTaMCAJod2etBpkLwsIGByClQKe+Lr0AMLYReg5B/AIBBV0gJgcpQONb5VgCR
ltzSmOfxRtNgfgW1KJxYVpVnAgCsFqo6TaSlkfEpqGB9s2u+wJrHG11eialXwU5ORyVq7iJ1QFWi
aCrARkqKJ4loquhKNRSOdZzx73fktDTmst5EyOAqAMA9HB6diHi8d9V7s+DC1eEpxcrUdCI+KTdB
al6X5xiqynWdRwu5d6AxFWa0NOam/eI3CdYJqgYxcHD/WlOlUePfHV+EmHgIvab7hBER55GoeQFv
+gYWbwe+ZcrZaW/NbzvpU1cCJKHXWC3a6gqd1bzBVJghRcztfijlgYDK8krM442OTazeDnzr8d6V
wfVTLPouL0ohU7OzNLZavXR2RNJ1T000UsIoitQ3t73kXHIPh9tb8zk2wgb346vw36PjEc/03bHx
iMcbVdftlRURS14xSobVHJKWlsY813BYRaOjQLBOUBHcJSVlS6bvN7UalQQvl2BIWDVqV+8cv7lv
3kbCUrLJWLQxsc37YnBlYT7kmwn6Z+a9U3cesIHgBsIcJDtL03m0sK3zNo9jlpNSs7a6IrO6XGe1
aCVqssIKDNjGz1pHxyNjE6uj4xGPN6pk52Tf7JpEeu9Hjbniij1KbGxwSJLDBgDYayQU2BiBJPcL
Fz2gCvHNrnWc8VeV69oObkx2MQzeKZodOeD++pZn+q7HG1XX+hYT/pmgAs2BAADGIgNW0aJw5KAB
Xr086D5hbD/tT4PrnDt4/FAywkcHWqNdhWhUiOquQHSyXN5G3FyND6aCjM6jheJq1LyNRNljW3bU
FiMG/VxDVq4hi+wAtxhcufHlrb+7bySlVxFK1WrRKjNPh5SmVRU67mlHcgLnojB52OONukdWRscj
ysz4kyigairMkLS/y9hExBdYk2JhwlarJ/QaJS8urGeS/r4lUqoAgLGJSFvnbeh0yj2yGk/i+pbH
G/UF1jzTd28HvvUF1pR5y0Cg2BJQsRrwrGdYJzqsZGdpuk8YU2IgmUJUpxPSHkkbwygQdV2Byyuo
uVd8tzAMR0rNWrQBZLIaNW8jUfdk5fba4mSPJNeQtctWtstWNj11Z+jKde7+CE5XaHPhw7R1qvsd
OYNDKwrJTbPV6G21+upyXaqipvywWrRWS15LI1heiY2NR1wjYfdwWDkqyDe75h4OIwqqedPsyJE0
e/ZPA4s8Us+4UF9HKCo/H0OiuF++0xVyukJV5br6OvbOHKxYLVqrRUv5NY6OR0IrMc/03eWVf8Je
TKqTrxi109KYu9+RI3xVGKZppbbPsPyoSyekMUoWk5KCr8B1C1qjLq/Eei4Guc/UdZnapxpqeAhU
CuaSTQdf2js9def99z7nGFntG1i0mjckapXsLE3bQUPnWwGBh8QbQq+x1ertNXopdJTMwIpNW60e
tAL3cFg5evX/7puXIi5ttWhLzVoRM7wogTH3cBi0irXvB6i3PyBT8R1eOfCRqdIFVEnGJiJjE5Ge
C0EoVsUti4fh1sQ7IPRwgwoWAECKWPiUEu4smDTAYSd+1Jgr7tow2brJNRJmSndP9OKnoK7FGjyK
pJZ1K1BJ8BW4DmHVqElVYeyoLd7XUCNi2zlzyaYj7Q2uj64PXeFk/tfVO3fOYkocjGy1+qpynfwj
gq1GX28npFancKZH+xQXT2DeKEqvzi18+2//cfuXxzaJbjpVX0dI199FOiMlq0Wblg1U02Cc4jlX
lkGpAgBC4dgl59Il55KpIMNWqxddr1Igd46+Sybe48YmVnm/KTq7xjcTJKtQFIWxyIDILzIVZNTX
3St5opyu5ZXYuqqljEcKgRpPvLWYEGCNN7hvwa/YpIM0uP+qFKxRMesQh51oO2gQRaPqMrUNP9hd
9tgWUQ/wHvYnKy0lxvfOD7EWDYXCsa7eue4TNH3XWhrzOs4IarHGnVKztrk+x1ajF0Ui+gJrtwPf
eqbvhlZisNoL8Bq8TAUZpsKHAQBWy4bsrIes5g1ElkYUHXuvyeLBmHskPDgUStXAGpj/tq3zthB3
DFrsNXpx+7skBlQlMlJKs3b05ARJ7TMl/jNmeZQqxDe7BvUqzAaB5uOSSlYEie/Lr5IWMjoeQcjU
yOpd3nuWlEw96uSbGIpeaIGDygOPzK7BoYUkPrJ9/xHVyN1SsxYmBSjT+CERsukcxYIf3FewZAe5
24G11H4Lar//qg4sUOPBl9/6Ae3HnpRGzdtIND9vl9Qc0Vyy6cdH/+W980OsTodjE5F+51KiUKmu
0EndpQNO55odOULmcnAkgsaZ4o5Hvtk1ODdLlJFV5TrY/MZq3sB7+kc2WfQF1vqdy4NDoZQEV89d
DHq8UcT6S7IQEs9z3CPh5ZWYFLMpW40e5/0qEEGBHTmVKiQUjsHiVQAAoddUV+isFm1VeaYQoYhJ
LabCjIQAY3LfZmJ8G66kwn+nJHm71Ky1WjZUV+jEWiFWCPcV7ANfEDlLGB1fVcvaAYYHWKMmwnpO
8EQnDRBRoxqLDM+99ISIib5M5BqynnvpiQu//5hVqULf18Rxqu2gQaLEVFNBRktTLu/BEbZ+8Xij
o+ORlEi7sYkImIg4Xff+JId7fuETU2FG20FDS2OueyScEo8Jpyvk8d5Fu4Jxh2ItLsUN0D0iSUC1
ukKXWr9fEYVxOg3WirNQ4k4oHHOPhN0jYQAWwf07BVzfkrTAAKM0eMS3yRAuWYoMACAThEgQ2ThV
5d+9BXw7U2GGqSBjc+HD6vIkFA40KgN2AMB3xoZjyDQBEcFLnvKgumGvyrbXZC42mR8FAJRW7szO
MwAAPNe+CC0GAQBj7k/Jf0vKA33/8IUqDaPjEqZNqlGjQnSZWi5KNRSO9VwMJn5G6M8nbuqvrUa/
35HDI66g5BYvk9PRyelofPikqkJnr9EnNRMgg6uj45G+gQWZP+bkdLTtpE9g6wHpkDPvV9IMAgSs
I6zAqY56Z0pC59PyB1SZuH+nuPcnoddYLVqrZYOp8GGreYNixQNaTvNo3i0PeQbUPQLdqU8JxIdw
08BOUDl8Z2wIgMcb7XcuyWAUod77r1pQyE2eFSLXYPt+056nG/c83Ui7wY49j8N/PH8cAAD833zt
/uvly2+f9U3flOHw4GnE16qKQFfuebzR9tN+jvc3mTUqRJepPXCo7g9v/g+6TtXpCtH6JlRX6Npb
87t754QfCQ9rBmV2c0FDhk/OXQxCU5Xqcl1Sc4zqCl11hdEXWPvTwKKcksk3u9Z+2t99wqhMpRqP
dMtS1RU66fq+CodyPEyHlzhecxnBFTs8iaDclKNU4wmFY9AuOP5BaHYKV/JgQXzK5avVokU0vVyY
X5HzYLiD7ranlhEFIylWi7ajNR8aRUidy6S04SSdUODtPREi17D/3441vfxTIpdrVTwAwPjIo00v
H2t6+djVzz499x8/m7z+hXRHSCLdbADnEIlLe2s+ImijfI0KyTVkHThUd+H3H6M3Y+pICc8Ab6VK
6DX1dUSzI5v7RGt5JeYeCbuHw2rvB04xVUmqxY6pMKOjNf9HjblyitVQOKYKpRoKxyTq+2qrSZ+g
BZM0U91kSRyFpkylmgjMzEnMpoChVwCAqTBjc+HDAAAiS2M1b4DPplzKYjDqJbW5TBiBqOLGXlq5
8+S7l4yPPMp7Dzv2PP6bD4f/8/VT57tPiXhgCKQQqwqfXKoLETXqjtriZw7sFu/QksZcsqluXyW6
S43TFWLy0am3E9l6TVfvXFIL0IRe01yfnVR7cNipJVVZl9JBmqokq1flF6uKVaoUlTE6EZFCpmZn
acTt+0qLEKFI+1qmB7nvhHY8UoigFU19kcbHYu1QTmDoFQAAOMyh44sSwX1lC2UtdnLCyEZ83ku8
ZRT1KaRrVGIzVXKlBtzPOAAidZODuUyDrpBEkVWF3FLTCVXcz0srd57p/zipICoTzx8/aTIXv37s
sPBdcUSxeVbqorpC5Caf6aRRIfYnK68O30SXEQ26QkwZzrZa/TmLiaNYSlagQqtb93A4/bpWUiD1
KswH5hhkllmsClSq5PwBItG47B4Otx2UxCvbXquXwQlS+GlhGp3FGrWVM/qLHCRUS1hVCNThMO5P
HqkdaPNu38x88gcoB+ikXwCAxxtV2mqcKiAVJtmMl/QxlqIHD80OmWd7MOkgO0tjtWihXxSPdZl6
O2Gr0fcNLErRoAwrVRFRxZ1cRI0KeeqHLywvBH/7i5+JtUMu4OtWIGTqk3AIvabzaCHizuYeDnOP
KypEo0L2NezsP+9CbHBpcBlRiEuKpX7nMq2pu6kgo6pCV12h425v4x4O9zuX1mGKDZkPXFWug/3q
WF8Cz3+9nZAhKUmIUpUn9xB2xZPivarKM6EtK0TmmzOXclPRU3kVPtaL/x2vB6XKRPxSWXtrPpdJ
PHp8ZW3PnSpyDVnoDSgdYjAksPUo6TAMdakv8K3yF5LJpIP4kiFTQQZ0+uXeFyo7S9N20GCr0Xf3
zin/U2OUzPGz74ioUSFNLx/77IOBMfcn4u4WDVaqQqgSKY+J0GvQU/NBV4h7laaiNCoAoOyxLZYS
o3eK0bnXN7vGur4Mu6eA+wMZ+XhSGTew+jQlzVeUBrRQ6bu8WF+XxSX+DJOSRscjUo+eUKmeO2Xi
IQVlyJsFzNXUApEtKVKKez4Xu+BkX5JyJFn2WM9KFeKbXes449/vyJEoLQGjFkbHI3DZDwZF02/Z
GPZAh32hoBe/rVbPpSFedYWu55Spu3dOXJ8MPN0XBVFu4ESuocq2t8r2uHX7ztLKnRQ96f/ma9/0
zTH3J+6/DvDzLnI8+2JpZbXw40zkUPvJV5s/kWLPCCQaNNH3HGNROoxQ2VkaW41e4J0kvTUqZEdt
MUKmAgBGJ1Y5BtBIN8qkWF6JXXIu9Q8uy+CzaCkxAgAspZsAAHkGgkwBy9tIMK2zT0/dIf8NT9TC
fGhhfmV19S5r+1kh+GbX+gYW+wYWOfohV1fo+rqK+p1LfZcXpTuToXDs5JsBHv1UJfJyoygLpyuU
VOieO1XlIhcRkMD5CflByOmKKDf/pHaiopmSVNF5VZeqisUl59LySkyK9R6MMoELzLDz+O3AmgwL
ioqC9OKH2e+swy3sy9fVO5d+nhmqRvh9u8q21/HsC0/98AXENsZHHjU+8uiOPY8/f/yk/5uvnX9+
99LvzibVyPRQ+0mBx8nEjj2Pl1bulMf4N7VkZoqWLpta9jtyhMhUcTXqvoaaXbYy3gcjHdtriz98
fwSRpeUeDiPyfoUgqUDVZWpNRRstpZugHDWXbOK3n/gXJu5kMbiyMB/yTvkX5kO+maAUwhWm43Hs
LtvsyKm3Ez0Xg9INoJPT0e7euc6jhUm9ymrZIM+KfM+FIJc18WQRvdY9HnH1YVJ7Q4dSSfHMpeeN
nEibRI7DqvD2gVCqlHLzRKan7vC+50qKLlOLGO0803fXiaGUL7A2OhEZHY94vHfXmy5lgsx+ryrX
tTTmoa+Ejtb86gqdKK35IEq4sa5bTObi42ffIduTcsT4yKPPHz/Z9PJPL7/9BkexWlq5U4i1LyuO
Z1/47S/SX6amDdUVOt4B1VKzFh0y6htY6BtYZHqWQsOB3dtri3kchjxs3bbl6vBNpmelmJ1LJFCN
RQZLidFUZLCUGlmrkEQh15CVa8iKn49NT93xzQT9M/PeqTsidrmHq71cRs/sLA0sWO25OC/R9MM9
Eu4bWGhpTKK2IjtLqmk/RVPAlXHRA6pylqemcLpCUWes5a+pQvJaZxxWdbpCmwsfZvqRq7fVjalo
IyJ9KJTWtalk2/Gx8QiurkEwNhHpOOO31ejbDhoQl7rA1nwYERFyrz7UfvL54/wjnERu3vPHTzqe
ffHUi/tZI5lVtr2834gL1u07Jd0/RnTaW/PbTvqSvSGzatSk0j0UrlEBAGVImQpEtT8UXaDmbSQs
JZvKtm2xlBhT0oSWgrlkE6laF4Mr3kn/jX/c8k76RXEVgaMnF7FaXaE7d2qzdDnAfQOL3L0ngKiW
Zqy4h8WXqVKHWMQVROLuDR1cTImolkkjrfOwat/Aoq0mCzvfqh1fYM01EnYPh9OvxFRS3CPh0fFI
c302YkW23k4sr8TOXRQnjQoHVGWGyDWcfPdSskFUWoyPPPqbD4d/9dMfO//8LmIz63ZJqlJJRPks
mGSJLw6kBTGDhEUE3FvFgPWnUcH9ik0EvsCaKHMVEXuPGYsMO2pLLCWblFxKnWvI2l5bDC8A/0zw
6vDNr/5xS3iIFYpVLjWrzY4ce42+q3dOivlJd+9czykTx/RaSgMLSYdjidw6RXeBQms/yp+0TU3l
gftxyoZ8obx1HlbtuTjffYJleKBldfWu6AeDSQqoTgeHQjinlzehcKxvYHF0PNLRms801jY7cjze
KK5TTSH87s9EruFM/8fiuhn9/I0/AAAQStVkLhbx7TDpgdWi7T5h7HwzwEUdiahRdZnapxpqlK9R
AQC6TG3eRgIhnzzTd7l31KNldDwiStMUqE63btsiT06viBiLDPsadu5r2LkYXLnx5a2rw1MCC1lh
EY3DTrQdNCCuWFNhRvcJY79zSawFXxLf7Br3IlXWWjYR8QW+lWK3ote7JhWrE9daSSAc3YOlW4mQ
O+NUOadeZsYmIkxdntCuYv6ZYNljW6Q8NJ7o9KgF19vS3DtkZtAVGhwK4dipWIxNRI6c9CHaEna0
5otV4osDqvIghUaFsCpVDCYRq0Xbc8rUftqPvo047ATCM2J5Jdb5ZoDjnV+XqX3upSeUHOijkGdA
ydTlFf63zeWVmHBHn7yNRNljW75n36o6dZpIriFrl61sl61MlPiq0xVyD4fReUkAgGZHTnV5JsfF
Gu64R8Lu4TCXJQw5a9nEakZFIeWzPtFVUqlZ6wt8KzwnnIcoFTgZS01h5PoUq/3O5XTqT2MqMnz1
5S2mZ30BFVds+gJr/c7lwaGQDKb5ogB9Dsk/jUWGzPuLCPFG/In4ZoKRB8P1vplgJHxveoduXcCP
UDjWccbf3prPVE9y6mjhkZM+tZx5zPGz70jUFQYA8PM3/uC59oUqHHdLK3dm5927vS8vBOU/5qry
dWFZx4XsLM25U5sRsVBWjcqqcklUp1EBAMYiA+Le7vHyTOAadIV6LgSF3LrLtm3ZUVuszHV5gZDx
1a/+cevq8E3E3AkNzEsaHFppb81HJMDDxRruSy0c6bkYrKrQcYk0mgoyZLDtMBVkyDOpVvuqN3Qy
BwDwqN6nhbsnsHChl0r/nvUmVkfHV1N9CBgWRscjl5xL4nby5EfeRiLPQAAA8jZmkTrTWGQgG0gY
iwzCPSS4mEhHVqMwYQnObLyTd4Q3kYNuSbRK1VSY0dGa3/lWQMj+IWofWmSGx6246eWf7nm6UYqD
ITl+9p1/f6pG0rcQgslcfKj95J6nmyhdYUOLC599cPnS786qQmOnJR2t+VaLNjH7cZ1rVABAJjIT
ige+wJqQkkhdpnZHbUl6hE9ZKXtsS9ljWxaDK1eHp/7musHPbMk3u9Zxxr/fkdPSmMskGrOzNN0n
jOL2e/PNrl1yLnFx/TUVPiyDTCWyHpKoR6tK0eseCkeocx5TQUbn0UJ4osT9XjjmAwsk9Taz5Dwy
7fXq5HR0eSWW+KMyFWYA5vu7d/KO/UmJjwyTivxeKERJFQqdLRCdx1OFLlML1Sz8P3k1+meC/pmg
d8rPz4sfoVRttXrp+mtjxILINUjXuZSktLL6UPvJ892nKI/7pm+m3OUI4WxM5OY99cMXnvrhC1c/
+/T1Y4d90zflPTQMAAA0O3I2F2R09c6RIb79jhxE+GU9aFTREWIwq8vUfs++dZdtqxJse+Uk15Bl
f7LS/mTlteGbQx9d55cJfMm5NDq+2tFagLC8Er3fW9/AYr2dYE3rlad1qmx2IWpZ707UqIReE+99
hS7l3e/IGR1f5X1WKYEBUtMJPHupl6kk60GverzRxDwNOcvNZUMi+zUpcA+Hey4GJV35g4qUbD6u
QC3KA2ORwVhkgK4h0Cji7+4bSQ233b1zVvMG2iG2ozW/5dUZsQ4VIwVHfvlrSghRIppe/mliM1Wp
hd/Vzz5FPEvkGo6ffYdLJHnHnsff/XzyP18/lai0MTJgq9V3F94zVULUGgAAPN4od5dgY5HhuZee
WG/iikJSFbwU8jYSdU9WqsJ0SlKgOfD01J2hK9d5VNlMTkfbT/vbnjMgLmzR+739aWARkY8Aka51
KgUR+yelnBxCsxQSeeZsq9WTGnV5JQYnujAHuN+5FN9SETYOBADU/3g6fg9V5brllVgKDUQVJFNJ
aOV4euCZvit1RybZsJQYAbjO9KwqTHHFMiRMxFJiNBYZTEWGvI0El8RatUMaRSQ73Laf9vd1FdGm
GLQ05vYNLNK+ijs475cjyd5piVzDUz98QaKDSXivPNv3myheSmPuT58/LuGbeq6hknWTdY16/vjJ
0sqdrx87TBHbUsO6XLgehBas0xsbjyDcX7BGTRb3cDg+TM0dFbkiy4a5ZNPBl/byE6uhcKy7d84X
WEP3ewPiKVWnK8TaHaeqPBOA74ZvEQdiimWuZ/quFDKV0Gt4V1nTRhG5jLCkRk3M3d2gfehuNLkT
CHvq/Kgxl3xkbPzeXLe5Pttq0Xa05o+ORzrO3Lve4O0x0VampTEvO0vT1nn73mY1eo83yhTXkcKj
WIkyNZ40C7GG6CYNBDK3fiGI+3OIjy+w1nMxKGINqi5Tayk1WkqMpiLDetClTJDD7Yfvj3CpXw2F
Y51vBmh7Ne135IjYFx4jLo5nX5Tz7ZpePkaRqWgZKZzJ66NMT/FzjdrzdOOZ/o9fbX5CTqXq8bIs
F66TnNXsLA3WqCTeSVRzWtZiv+WVWN/A4iXnUrLvu25TfDkiRKz2DSzeDnyLCHKKq1RZA6qyRTg9
3iiwi79bq0XLL4ARL1V4i/PE3N1kNSoAwF6r31yYEb+a4Jm+CwAwFWSQKxpjE/cccwi9Bl4hlCGj
qlwHQ2tdrxrHJlaJLE2zIwcA4B4Ou0bCtGXPFLEmfHlC6TKVJIXtbqXGat6AeFZ4e2gMBSG1NBQs
JcaybVsU3nZcfswlmw6/Uu/66PrQFcZ4O8nYRKTfuQTvffFkZ2ma67OFB1QxUuB4VqZQKqS0sprI
NcQLvNBicPL6qHQmw2PuT2gf3/N0E+8wcmll9Zn+j5XsCLUOScqf1lJibD5kV7vKQjdjRwsMX2Dt
5JsBHtlSO2qL9zXUqP3UyUCyS70kTlfIF1gjzXISEVGpsgZUZXM24m1MrWo2aB8isjTzC6hCU6t5
g63mgeKy0fEIAKCdbn2BXMWDUpaEFLTVFbr4VFBbrd5Wq6+3E2QwVjrU6pE16Ptn/H+pPhyujI6v
I1cYBZan+gJr7af95y4KMs0HAJRt29JwYPdP/2P/wZf27rKVYY1Ki/3JSo5Tur7Li7RXy/4E7cqD
dFrSUghErkE6fchElW0v5REmJSmcyeujTLWvR375ayF7Lq2sPn72HSF7wIjIoCvUzTlzdUdt8cGX
9qpdaJHO7Uwg0rvcw+EjJ33JalRLifHwK/XPHNit9lMnJ3Cpt+HAbkQ/uUTGJiLtp/2IqVe9nXAw
V7EmRb9zWZT9CGRsIqKoqaY82uR0+6bHSjfENyEzFWSYCh5YNSCyNJQlJ483aqvRx6tNMnZqr7kn
U+NFCmXjRKordOhGaKKcAbXKVAqUK0NFwpUL/CzLpYY1tZU130xmBl2hIyd9QipRSXXa/Lx9e20x
HnRZKXtsC5cEOdgLLvHx7CyNWGMqRkSs23em4k2pwtj55z9K9F5Me3Y8+6LxkUcF7vypH76w5+km
gTvBCAdqVI4b76gtfubAbkmPRx5Ys0mZ0rv6BhY63woktcKry9Q2HNh98KW9eCWXH9triw+/Ul+3
r5L7ZGNyOtrSMYOYfXW05peaRZi6DA6FFKIPx9I6/LMxl+qxSug1lWW6toOG+rrvZkdWi7alKRcw
4wushcIxis85/AZNBRnfRVPjrhwuPWnR1sGikCYyNZFE4apY7cpqqiSwRyVmeSXW1TvHfdWcQt5G
Yl9DTVvHv2J1ygOOpVyXnEuJtfsAgMRkYEzKKa1MgUxNfNPJ618gKkiFQKmDJRGrAY/AkCxGOH0D
C+tQowIAvvryFnqDxAkJdPRNtv5il21rW8e/YqskgegytfYnK3989F9gyzouhMKx9tN+hFI9dbSQ
0Aud/IfCMYS7h6SZg5TJvEuCRvcyqC+O/OwwNUcXxkhNhRnVcZFMq0WLDpV7vNGWhDxtKFNJjQql
LLw2HBzaDgEAOPbIqDc9xDuvLW1lKi202lVOEau0AON6ACb68utwDSuRjrQ37LKVpUELmVRhLDI0
/IB9kvcnummQ1aIVZekXIyLZeXL0oUl4U5qV3ctvnxX9jT78yx9pXY5KK3cKD6VCjI88KroHVdp4
yMtAV+8cd9G1r6EmbTRqZDV6dfgmYoPEFD44gCZlN5i3kXjupSf2NezES7pikWvIOvjS3n0NXMva
0UrVVJjB2lGGC4NDXKdVkk6wpYim1tc9MN9LSelQS2NuVblOr6O+NXmrNxVmUGZH8fHPxCLzxCoq
mMBPdjOCFwzcf7xFMBNJLUbwvgbWl0xFgxaxoqhZbFsqMx5vlEctDQBgR21xW8e/Hnxpb9ljW6Q4
sPVG2WNbdtm2ordxD4dpk4jiM1v4gctT0xXnn9/1f/O1uPu89Dt66Suua1TTy8dE3BuGO129c9xX
LRsO7N5lK5P0eOTk7+4b6A0ofsg8BtBdtq2HX6lfz3b30rHLVnb4lXqO4h8qVaa8XFutHl1VyIWx
iQhtDpTM+GbXRI8AieKLEU9S2gF+NfsdOR5vdGxiVaMBAIDcbM39ZzPv7dMVolhVZWdpbPerTClP
xTdQjcdUkEEKWs/0XWj5yzGUStu7JBGBEzAsUxUBOl7Eo+mzPKALTkir61Qx6ApxbzNAAgXqMwd2
4/CpuNTtq0S7QTAlEZHF/RiFsLywkOpD+I7z3adE3NvVzz6dvE7f6ibRw0kI0LtYxB1iWIHVH0lp
1HTKWY2sRv/mYpGp8TfbZAdQXaYWB1GlxlhkaOv4V461vlCpMj0rSkCVKeGWo4DhDUX1DfJKl0OQ
naURLuN5s/OxTADA2HgkFI55vNFYDAAAirdoYTouVJXLK7HR8UiimKznbOcBtf3++mzykdHxSHN9
9u3ZNRhKZa09jrcFli7rDctUuaFd9ZHNvFtcMjNRrXRSS1IWjhBLiRELVOnQZWrrnqxEb9M/SNOL
LzGzBZNamIRcSnD++V0RK1RfP3aY9nEpzI1T4kS1blleiXGv/oDeP+mkUQEAQ1euo+0YS81actab
7AAKR08cRJUBuBzAsVR1cjrac5He3MRUmCHcoZAp4ZbS10Rq3MPil6eKVUYByzK591B96CHw8f8b
AgCMTkQAAOTavdWyobpCZyrIgHrB442OjUc2F35nsOQLrHm8UVutnuPXClVo/MqUL/DtfkdO/f1Q
Kmtv5Hg5U12RSbuN8Fw2VaojVaMQb7T0JikLRwBA3kai+ZD94Et7sUCVlO21xeiA6uR0lPYHYq/F
AVUF4bmmIJkKmLVlslx++yxTHxosKVUN1Kgck1ehDEgzjTo9dYc147e5/l6iY1L+UgCAfQ01adCq
R0XoMrUHX9q7g9slesm5xFRDyKX+EE1SRcvS4ZtdU0L6MS2kOuUo2Io2Zdzyr4GE0t/srIesFq0p
XpfOrsW3j3KN3Cubqq7QcVnZ982uxa9M+QJr9XVZ2VkaMmx2m81H6nZgzVSQQeg1pWZtdhbNpxOl
3grLVEWAzgL3Tt6R7UjSgGQ1KqylwTWo8sBeoUo37JHFGBglEFoMSmSxy4/J61/85+tCU38nr48i
8odN5mKB+8ekCh4aNc0aqERWo++/9zl6G1iTBpL0l4KnK53Kd1XEMwd21+1jSVCCMM2IRAmo0mpg
VoUjOqMCeg1KTVKFqf+ffw1m+VJyGarKM63mDRQLYvLP5ZV/krLWat7AJUPTF1gjV6Yg8RW5yysx
qPwRobXJ6Wh7a77VomUKpZIIsfXBMlVuaO2b4wP3KiJvIyr2mBJb46Q0KjYklB/WBWDaMU94+g12
URIXKSx20aBDuOe7T332wQDvnYcWF14/dpjW4BdiMovj8RsPU+RWRNAVYuvhvufxRls6ZtazRgUA
9J93LcyzZDs312eDJP2lYJ0kTvRNIfYnKxs42FD7Ztf6GRI4uZcyMkHrQiJDbJOifCRtgSMc4Q6s
2Vkaq0XbebQQ/gnv7R7vveRq93B4cjoKZ0qJHr9M2OIyfk2FGfHilkznZkr99Xijtho9fMfqcp10
E34sU+VGsZkJPEAncMqf3jw6HuGuUcu2bcGGhPKjy9SWbUMFrplqXVLoZ7AeSHYEdf/1cmhRViMl
3zSLo+/rxw7zjvG+fuywzAW3k9dHZZCp6AoxU9FGqQ8gtXi8Ue4mQEmZ06iI/37vc1YXRlNBxn5H
TlIadUdtMXfXWYx0bK8t5qJU+y4v0k7JYLmjkANQSJ9F0dvSSPG5hChVq0VrKnzAlRfETbPJABhc
j+Cysk/E5fcmAqPTaPEP+99YLRuqKnTctXGyYJmqCNBJv76ZedmORL14vNHONwMcN67bV9n8vB0P
sSkB7f3gm12jHU2tFuX6da1DQotBcS12WWGVkaHF4KvNT/BQqr/66Y8/++Ay3+Piifzh6PVGshr1
uZeeSL8R4b/f+xzdKBXS0pTbczHIXaOmUy/ZNGB7bTFrNQ2TkT5I6EKULLRybkz2FFymmQNvVOEj
Q8kT8QXWxsYjfQMLTEFyjzdKKs9mZNMd6ErVN7BgNdNPvaBsBgA0O7KzszTSVWYJWkTB8IA2ZR+9
moV258OAe50GZrnMSHSZ2qcaatLMHkNdWNgi2B5vNHEt0KTOxHhaeGQgS9oenR+X337D8ewLovvf
MjHm/oR1m9Bi8N+fqjl+9p2nfsipx2loceHV5ifkNy72f/O188/vyvym64qkqj/WuUatKteNjkeS
8ED+wW5s5aA09jXs9M8E0WHzvsuLtOql3k6weroioC1kSwm0MwchexNrV/JgKsi4HfjWPRImBWQi
/c4lLmnevsAalP2hcIy1cRGXDqtCwNFUuUmnpF8dsiGNnD/y7t45LtVHaWnhqDpY0+poMxWZlvTU
AulKz69KVuDLJeK1w/vlSf1Nqu709WOHTxx40v8NS5Lwh3/54wvfK+GoUcfcn3I/AFbEsiaOR37P
EsWSlEbdUVu8njUq7MTIXaM+99ITWKMqk4Yf7EZfxr7ZNdpZmfB0TUpqqGxzP8rqrbiCOal2hhwR
MnxTesMur1BXrk2FD8O5E2KyxLFzD8z4DYVjhF4jXIUKXGTH0dSkGfT9U/SZIqsrl38mqMCaGRPy
kKT4kdPS71zi4oqervYYasRSYkSs+9L6vqjUZkwKVQn3KXp8lcedzTd989XmJ37z4bC4R5JIsvZI
Y+5PXvheiePZF/c83bjn6cb4p/zffO3+62VE7xlaRKwjvfz2WdrIcGnlTtv3G6tse+GfY+5P3H8d
4B7pdbpC1RU64YYoaidZjZqWyascNSoAIDtLwzE/M28j0fy8HQ+giiXXkPU9+9ahK9cR2wy6Qm0W
mm+wqlwnJE2XMmRT0mVlSwUSMQjEO+NXunXkwaEQeXtfXomNjtM6V6EWK93DYY7TcnLdgfsShnSt
ibBMlRuGujuWSwHn/TLh8UbPMXSvjgdrVEWh06MueNq1WKkTS0RH6rCnRGI1WSavf/Ha4ebjZ98h
cvMkeovQ4oL7r3xqR51/fhfm1pZW7szOMwAAPNe+QNj5IvBN3/R/87XxEaF+vx/+5Y+//cXPKA9W
2fYeaj+5Y8/j8Q/u2PP488dP+r/5+nz3KY4Zwj0XgtXlOtX9UkSk52KQe/oi1qiAcwAqXfOi04xd
tq1/c91ATBdptQ0AoLpCkEz1TN+NL3Cl9f5VFwrM+PV4o/3OpbHxiMcbZfrZwmAp/DqWV2KULGgX
ZyVJBl25J1G7h8MOO5GdpWG6A9ebHuI3XcFJv3LD0Rkfw5Gu3lnWbbBGVRroOLwqrAsQyJmaq4Qc
4M8+uPxq8xPSZf9efvsNftqSZPL6F2PuT8bcnwjZj/Bq0g//8sfEdN+fvPbr0+99RNGoJMZHHv35
G3840/8xl8atoXCsK5mW0WlGV+8cd42ariZASWlUjmCNqhZ0mdqtSCP9yeko7fBKcGizyZ3EfFS1
k/LlYABAKBw7dzHoHgkzaVRSvsJYaHfvXPx6wfJKjGNuv8cbJYOuHIutfIG19tb8jtZ8Jg8RIRMV
LFOVAiwRYcI3I2iWJhGs45bUhbh9AwtcZP+BQ3VYo6YBpWalz5NSUjsq4pvyHownr3/xwvdKrn4m
ZgEnxP/N15d+pwhT3Eu/OytEil9++yxFoxK5hl+8c6np5WOsr92x5/HffDiy5+km1i3HJiKDnP1a
04mkmqk0HNi9y1Ym6fGkBKxRMTtqS9Ab0Jenimr9QDbzxMgJqS093mhX7xwlC5d7Uu5onLit4hZN
NRVmwLjrZjo7WIHzEyxTUwCPvN/IqhJ/9qzaT1JXD4832jewyLpZw4HduDlqesBawp1aUhvY5PHu
4opq2A/mt7/4ubhh1dePHRYYShWL0GIwMV+X2wsXXjvcnPjaI7/8NaVuFgGRm/eLd/odz77IumXf
Zfa7YjqxvBJrP+1PSqOmpYsed42KXhOPB2tU1cE625EiIzdVFkqyoYSsJe6EwvcCp/FNYjiaJ4G4
DrSmgoxkJ12jzKnjvBfBFT3tS1fS7zecEnousreT3VFbnJYzEozSUMIwhjiGeKNgimMw7YO8ufz2
Gy98r+TDv/xR4H4gv/rpj7n0oZEN55/fTfajQT/hxL6sP3nt1xy75sTz8zf+wBpT9c2urZ+AKtSo
HMvqdJna5kP2tBwRuGtU7lNPrFFVCrozOS3CzX7jkc0+E8OKL7C2vBJbXvmua27fwAI6z5HcksdV
wVT8LCRrev16LSgN9MihzKTfFDLoCrFOTYxFhrSsPkoD0HF41dWmKkGjQiguBSk5sNBi8PVjh893
n2p6+Zjj2Rf5WSuFFhd++4ufJVUOaiwyZGZuAABYSr+LJyzMhxbmVwAAC8HQwrwI4u31Y4fH3J/+
5LVfs36uD//yx/Pdp2gtgqtse7nk+tJy/Ow7//7UF2jnYdITkhLloBB/otQI1Kgc7R7S2KGAu0Yt
NWs5WvtijZqu0Oa4iZiphL7nSEr/4HK9nZDCQ46HyuLunA93LsVg3XNx3hf4tr6OiNelYxOR9tN3
WppyaW3h47++ZGXq8kpMCvMdLFNTAG2/DatFi8gdj4RVGYCl/aSiwJrYpsvUNmCNqlQykR131WUz
phyNCoFKNeVH5Zu++dtf/Ox89ynb95sSu8KgufrZp68fO4xWYrpMraXUaCoyWEqMeRuJXEMWlz37
Z4ILwZB38o53yu/nu/bn/PO77r9edjz7ouPZF0orqx/Y/zdfe6598dkHA+6/XkbkKh8/+w6/twYA
ELl5x8++82rzE4htxiYivsBaelv+erzRrt5ZrFGT0qjVFZlcXKbyNhJYo6oXS+kmRL83qR1DKAY/
kpoPUYa5UDjW71xuO5jKnzni81KeYhqjRRy+4e0x8Sfvm13r7p2zmjckCtH4TJz4nGEuMCWK4r6p
6oNi3q1q0A0wJfqkg64Qq41+3b7taTkpSQ8Q1wwAoKqcqwd6ykm5GqRFOUcVWgySXWH2PN1UZXvc
un0nk6ut/5uvx9yfXPrdWUSz0LyNRNljW7Zu28Kv4NxYZDAWGcoe2wIAiKxGvVP+r7685Z26k2yg
NbQYvPz2G5fffgMAYDIXm8zFywtBjj1OHc++KLCxzY49jzuefREdah6diNSnr0z1eKPtp/0ccwuN
RYaGA7vTcjhISqM21+dw6Siry9Q2P2/HGnVdIaJ2TW1Rm6Lcm9DyjFaOymkp3PlmAE6kHXbiR425
g66QqTCDe5F/IhI1IkrbYUx1oA3BfTPsdZjrB9ZQqqXEmJZGjuscdOtq+VGOGlQFn31wmSzRJBuZ
krB2NN1RW7yjtkREOzRdprbssS1QsvpngleHb371j1s8EoN90zfRgV8Kh9pPJvsWtDthkanjEdqc
rjQgWY2aroHBpDRqR2tB+2nU4iAkjcPO6wd0jRhtkoVAt8v4fTJVJ2JYkbntDRnscbpCtOoUmvfC
+KqpIIO1hyptvrfwD4VlqlJAG4Ij+jWvN7iEUvc17JTnYDBywrETPUb5cAw8AgB0mdrv2bfusm2V
VGkYiwz7Gnbua9g5PXXn6vDUjS9vSXTLrbLtFRhKhRgfeXTP002JzkwkiooqiMjoeKTzzQDWqElp
1O4TRo7C/qmGmrTUqDDJfzUchYk8/pkg4gcO18LyNhJ5BsJUZMjbSKjrnKBrxDYzdLYUQvw+U1uz
MzYR6RtYsNVkiWsKJR2kilNCa1YKfQMLtwPfQgVbataeO7UZvT1HK7tkwTI1BYyOR1qSKNTCPABr
KHVHbbG6BhWMGsGhVKmRR6BSMJdsMpds2tcQ/erLW39z3+Bdv8pEUjW6aKpsjyNkqroKvLnTcYY9
JAixlBibD6Vn8mqyGrVvYJHL9bCvoSZtbJAjq1HvpN875fdO3Un2Vzw9dYf8P4m5ZNPWbVvKHtuS
t1HpSQo8ku880+KsaqXQP4mkb2BReCKJdL4qKiK+4+PkdLTnYhBR90ub7C2K9sYylQ9SOJSwOq35
Z4IKVF/GIgOizlB0Qe4eDqNDarpM7b6GGjHfEqMMVGf/ixFC2bYtTzXUcDRGEh1dpnZ7bfH22mIY
XOUoCbhg+z5LOxnuWLfjnBFGdtQWp6vNe7Ia1eONcrFN2lFbnAaVMgvzoa/+cevGl7coIlM401N3
pqfuXHn/i+21xXVPVipWrC4GV9CZILSJewILasiaNYrcTUmE0FSQIdw9Tgk9vZRghRjPJecSQqaO
SlOYCrBMVQ6sKQrKzPvN1Mu6Vs167/ieXdbYC4Yf3knUHMJqoRlHZTBmkH9IqLLtBQBU2aiWQssL
C5PXv0i26DE90GVqG36wG5aMphwYXK3bt33oyjXhYpXINYiS8QsprWSRqUqIbKQErFHBfY0KAOh8
M8C6cRo0b7s6fPOrL2999Y9bUr/RteGb14Zv7mvYucu2Ver34oF3kiXdgFbCCawRIKXvmALuOaLY
diL6bogIRxkvUZM5Ho1wRscjtBWqHm80Mc9RrEUKLFNTgEQJ3GmPL7CGvnfoMrXKHDkwSZGdRXPf
lC4JR2Z1ajIXN718rMq2l9LLhJbQ4sKY+5PPPhhIqoOo/BB6jSgt3cu2bWk4sFtpK025hqxnDuwW
LlZljn+K2AtRReyybU1Xb4JkNWp2loZLHS+0TRLh+FJBZDX6N9eNq8NTi8EVOd/3yvtf+GaCCmx6
dwMp1Am9hjYiInAVmLzVpNbmF2KrESpTpe7ZIwQyxBofa6UITspT6BlOUjHbjjP+qnJdfR1hq9HD
L315JXbJuRSfHiw6WKYqCPRUzzcTFNHlUo242Na3tm7borQJLoaWFBbPxCOzQK2y7T3UfpKpHQst
RG4ebDr6k9d+ffntN853n5Lu8ITQ9pyhulzX71weHArx1qv7GmqUnHYollgVC1YbKqtFi14StZQY
RT2i1NNwYHfaVFdS4KFR3cNhLkGhA4fq1DhuQoH6d/eNVCWaXRu+mWcg6vZVpuTdmfjqS5RMZQqF
CVxkhNJ3eSWmBJtDVkNaVlIutuPjkEwxSUTb1WTfIinGJiLksCLW8jQaLFMVBHpWEVlVonNjngFV
oSHur31wiCXjt27fdhHfDiMd6IkFbVNpgY75icisUX/y2q+bXj7G++VEbt7zx0/uebrp9WOHudvk
ykNVuQ5aVrQdNLQ05rpHwv2DS0lZ+OgytQcO1aliGY4Uq+//n8/R7X+lxnNNWZdBysEaFcRp1OWV
WBeHLql1+ypV8buLJ+UClcT10fWt27YoxzSENee5ik7CCawqLDXfW+OQP+NXoupNKdbEU4LUtcFM
GlXc912PSUFKIOWrNWKBNhIQcaHFF1hDT3wtJcZUGa5gkoKfe6qIeTj1podk1qjHz74jRKOSlFZW
n+n/mLUoUWbia4GyszT1duLcqc19Z4pMBZyWQWHOobrmyrmGrIMv7X3upSdS6KRy+e2ziGfJueM6
AWtUEKdRAQDdvXOs46+lxGh/UlnBQFa++vLWH978H9dH11OuUSFDV66n+hC+Ax1KBQDY6RJiBcrL
zfeLXVPinyTFuyinqp/Lp6MNvQ76/ol4raRfjeg7xzI1NdDalqJLidAtm9Me1ozfHWk6R0k/WKcX
tEk7YlV0y++TdPzsO0/98AWx9kbk5p3p/5jIVcr6PQDg3MVgoreZxxvlkgAGNapywhFJYS7ZdKS9
oW5fpfw5kx/+5Y9oey1aH7K0RJepPfxKPdao8RqVS7qvLlPbfMgu/AhlY2E+dOH3H/f/p0vmMlQ0
X/1Dqh7LPPAi/Y1LzVpa/ySBdkFksasS1J0oy3MCfY+lhkkH0j6eOOGhbBa/Ae0eoOLlKJilEMBY
pioItNkvumVz2sO64Fe2TRHWoBhW0KmShJ7mpiQ8lAqzg+TXqHuebhJRo0KI3Lwjv/y1uPsUSHfv
XLxS5ZhwqGqNSmJ/svLHR/+FS53n8oI4S42hxQXWKmXasEn6kR6XEBP8NOrySqznIvuV1vADxXmV
Ifi7+8Y7bw2K3mZGFG6wxTDlwT8TXJhHFUbZ6Sxw3cNCLW1hkc7ySkwJ5qCi+MZRFlhT0lYHjRSH
xKRR4//NJEQlEqgQXJuaGnyzawAIrfNWAqzjnC+wJryHFWBb8CvD5knqAT2U0i7WCC9MTVX/MYn0
5FM/fOF89yl+7WpM5uIq216T+VHYDqe0cieRmxdaXIAlr2PuTzzXRsfcn4QWk9NU3b1zAABYpNpz
McjRXzQ9BAbMAf67+6uhK9cQoZXJ61+EFheI3DyBb/f6scOsX/3oRESUxgxKJp0uoUT4aVQAwCXn
EmsiQ9m2LQrp+cRKZDX63vkhZQpUCHpEkw10KBUAYKuhqYoaFawtYfaTElrRiIK6KvKSFYfoSCxl
mpRU2FY6sExNDbTRIQK5DrQQVMStkALrFOF24FvhMpU1mWSrSkZcDABgYR6VskV7tYxJ1jlaUvY8
3SRin0wKTS8f++0vfsZ9eyLXYPt+U9PLx2gb4RC5edCCmDQi/uyDgWQb4UClairIcHLojd7wg91p
JjB22cosJZvef+9zRPX1Zx9cFhhd/9VPf/zZB5dZN7vkXKItLUkbjEWGA4fq0tWPgLdG9QXWWJtD
6DK1CuykQot3yt9/3qWcrFpavFN+AFJf4otOUzIVZNAuAY+OCxpbq8rvhVsocleBEUiOUG6b6v0g
gMPqPO0GMPVMOR8cy1QFQbZIpkUhK3YpgVWl4IxfFYEeTTcXPpz44PKKUu6YSWH7fqOUO2/iLlOb
Xv7pofaTScXxYCOcQ+0nz3ef4i5Wey4ETXTfIIW6fZVqCeYkhbHI8NxLT7z/3udMXibnu0/xlqmh
xYXXDu8fc3/CcXsuiwUqBZ7ndM2g4a1RAQDplO47dOW66yPxDYpKzdrsLI3VsoG2QbfHG11eifkC
3yqht0pSeCdRAyutx+/ySiwpS/ZESCMJgXKXNxShJTyFREXfu1hKElGtqgSwTE0NonfXSG/QaRjG
IoMqBl0MAIDV/YK2G43Hq0qDeEkteY2PPErkGlhTc0srdx4/+w5tBJXju/z8jT8caj/5+rHDXARS
KBybnE5Df1Hu6DK1zc/bmZSGb/rmb3/x85+89qtkd3v1s0+55PomhUqj2VijQhI16uh4hNUORxXp
vpHV6Ifvj1wTqTuxqSCjqkJXXaGzmjegHUAojI5HOs6wN50yKeB35J8JomPO9MaEgjN1YSIxayMG
2YBVJ0IQsaeAEiBDo0wBUi49WlMLlqmpgd8vYTG4orocp5AYiWdomZp+TeoFElmNwrTDhflQYq64
schgKTGmapLnm5lHb5DUNELh8BaHHLFu34mWjo5nX/zJa78WXgxpfOTR0+99dPnts+e7TyVbs0pB
df6i/HjmwG4AAK3euPz2G9l5ec8fP8lxV1c/+/R89ynuQVTuqFHpYY0KSdSoAICeiyx3V1Wk+0ZW
oxd+/zG/vmXxlJq19XWEvUbPu+yINrUnEV1m6l21WQtTq8tpO6YKkqmEXgPHa+EFrqJgq9GLYqGU
NkDZmarONGKBZSpPpGgrTLvcFc/CfEiBMtVSYkSkcXqm70qdhqGEtUzpIDUnSfzZXg1/9+zq6l3u
Q7ulxJiSxu7oIyT0GtphRl2uBpCU94xxPPviz9/4g4g7bHr5WJVt76vNTwhRqmpJOBQOQqme7z41
5v606eVje55mTAv3f/O1+6+XnX/+I7S2wgAAdtQWP6N4lcUbgRp10BVijWjV7duu8F+ffyb43vkh
gS1nHHai2ZEjfMWTY9ZbCpsnk7AWptJqdYFpSuTUjmIXLJv4ET3jF6inwiipk6y0PN6kwDI1NaS3
uYW4sPonKWGQSBboW+ibCUZW74IH1SZgG3JEwTvlv/B7f9m2LQ0HZJUN3knUoi/TxILVNlaBWLdL
mPELqbI9zhRkE12jQkorq//3lZFTL+7np50sJUblJxyKCEKpjrk/GXN/QuQarNt3Vtkej3/Kc210
8voX4ub3pgFYo0JoNSoAoO8yi3OSsciwy1bG7/DkwT8TvPD7j3kbJhF6TXN99n5HjlghNY7WfXkb
Ux88QK//0hamAsHdyOMKU5USTRW+E5VWGKFRRdSUCSxTUwO/PP7V1TT8/bDCmjYsf0iQB9NTd7xT
fu/kHd/MvHJ8C7/68taF+Y/lTKJDJ/2yJhTITGnlTtv3G0srd2bnGZYXgmPuTz/74LLy9UNp5c6f
vCZVY1XjI4+efPfS/7WvhkdMteEHaSszmHjmwG7fTJBpEhlaDEK9yn2H8dek59oX8JoU5VCVzC7b
1n0Nkq/7pArhGnXQFWK1fnmqoYbf4cmDQI2635HT0pgrbs4nx8CaqWijiG/Kg8hqFG2xSTuwCs9R
gonE7uGwEtaRxcr4VWPqVnqDZaqyKDVrEQrWPxNcV7EIiGcaJc4VHkpdDK4MXbl248tbypGmFODk
4PAr9TK812JwBX0eRGmxKxzYu+VQ+0lKO5k9Tzf+5LVfSWFmw4/lhQXax4+ffUd4PSoC4yOPnun/
+N+fSm7Wu6O2WIE1CzLw3EtP9HT9l/A7QJVt76H2k2THIADAjj2PN718bPL66OvHDqdxbnDDgd3b
a4tTfRRSIVyjAg6h1LJtW5S8nitEo1aV6zpa86UYOzgG1lKeR81a7EPbRWJUWJs3MpHYNaKIjF+m
iHFS+AJrSpDcmHhwtbGyUGP9N9ouUupskDyDcmXqteGbf3jzf64O31SsRoX4Z4JS+P4ncoOhSwcJ
rc2DzOx5uul/Xxn5+Rt/YGp5umPP4+9+Pul49kX0fqTwvKFAq0wOtZ+U2roJAFBaWX2onasJEKRu
33aJDkbh6DK1AsPIRK7hF+9cOv3eR/EalaS0svpM/8esF6QagYZbWKMCpEZVeyiVt0Yl/n/23j6o
reve+10hKALEi2yIFMYHDi+DwW9gGMd3IjHT2AQ9PSUz2LjTjt2QxLV7ap7jTNIW4j/uPTFu5/7h
QNtk4vPgnJg6KY496QRs3wk5vVJw0nmQMg/xFeEtsc3lJSK+RDI2AktCiohy/9ipqkh7r7W0X7TX
ltZn8kcMW1sLvey9vr+X7y8zrf3Ixu4TOonimzjNWSSIf2SXEGs3jcC0Yficwu2CRcEoRsUvIV5Q
lEiUJ4qSBkKq+YWTkSltKBF+MVVL/Oy8mbTPD/aPEC5QwwwPTQl0rcCBa5gkgyYzTd5sqiZX+5tX
z790foBLoEby61f+9JtXzydgVXGhydXu+8ULiXmun/3mpL6oBPPglE2lMlRs2bSDr9Yq27bzrU/m
IGZLAABNbt6vX/mTpAOQEoMzIi+kzlAdOroniQuIRNGoACOVSvK3j7dGra5Unz2lFz6ABAJOc1YG
ATa/TnhjKkfwV+DkFSZ7OeMIkjBotKxIJXzzMOMIDpjvR/5E0S2dSQOVqWQB/6bB7WeSFXhEk0yb
X9eie7B/RO5VxMfw0KSk5191++BBX0hjKteNVkQ0udqXBz584ifP4D/kiZ88A88ozk6NCV4XjJnJ
6Gzq/n99XtJy3yjwE6opm0oN09BUy6M4sNrw+MsDH2K+pyffvIzvL034HC9dobat40mFTnbFQSyN
arOvIXUCsd8+ZvYMD43a2pwrXRI1Lkj4iMIbU8uL2YW0QP8kppB4wCKProuq+DXVixCtaD/tImT6
KyUSKlPJAnNOF4VwhgaV1yc2YZ+XNKGKlMGiuMnzg9GoPGplf/abk4/9cB/XbyVtF3R9+UWsiVGC
Kz+f+MkzOAnViq2biE3mJAx1hipetVC2bedL5y/jxx10//TP+//1+fiXRhA76koammobmmqTeDhq
wB8US6OCGJ0QC7GpVH4aVZOZ1vWirrVZ8mCcgurd4L2perZdpcBUKvh7WDlqFI1cCK/4NVu9tCuV
TKhMlQ24M5CCgHeHpqBtGjJtSCyD70qVAV51+5DbMoibvKQOwLw1KsNvXj3PlcIat/1NwLoQxKZS
qw2P45QriwtEpYfZnLx1m3Gxy1CBb/mmLyrBz6OG2feLF2Qf2CsEdYZql6Fil6EiWTUqAGBocFQs
jTrjCCJzYsSmUvsvDOMP+mZgXhCiDOGLy2TuTeXnn4Q5EpaLsiIVIMbjV5SK39ioBK34JQQqU2WD
dc6KBmqhBB/mIRfwjRcJV7EEQ9TbVF2pDv/H3FogOOZcEnkpIQUw3E2e9UYrFr959bwQzyFNbt6x
37FPf5HURenjv16N+gm8fVEiomZ+xqLOUCWxBU681O/dhnkkP7tmTW6e4V/QgQOKLAT8wfNnzGJp
VKDkVOpg/wgzPBwf5gXhmq0tOiS0XOKATEezvmKYI2G5z/kQIMbjt8WUI/ycUWlhqlHJQf7Kfkok
8O24Uvx4Upx4I8TxUlakity7RIaWqyszmP8pL1ax7m9aOxbhd9/hoak8rUZcXfF+/wgyvQx3whDF
a56Vfb94Qbi6e+Inz1jeeStWlDoX5menxiTy3bX9V/S0zPLtMjjoZOchcnebt9JU6j+o2LpJPahC
Xskbf/osq6kvDo/9sNnyzpv8HkuRDqbGFfPugKNRPb4QsuSSzFTqhH1+Ek+rh6muVHc+V5DIUQiY
ZbGyzxqA31s1mWmsL5rAbGp5scrjC1mssJ5YiYjSqJrMNEgdFiYzjmAKJlSUApWpsoE5OZqS3ITN
gSLVZnnRQxoOISqQ9iMbO15GKMbB/hHHnOtHBwSN0AhjvTaFzB7o89PhjanZWWnwkcL80ORq452q
wkXjT59hzZ1eeePVX7/yJ1GeIpKP/3o1tjGVt7ARAtJdtoLK1AjUGaoddaXXbbfghwn5WFYbHuf9
WIpEiK5RAUY3HZmpVNei+/04/QUbjZqOIxslWo9AZJ/c7l+D3Ra5ks8Ce1PLix6yjRLRldpiyhYe
vIgaIUtTqURBZapsYE6OjiLgD5LWtINcj3NpnQRHvoRRXKoDALd01rn0Teu+XEld9SOpqVJXV6qR
7UwT9nnnovuJplohQ+EC/uBg/wh8CA1D675c5DGmes3ZSyKnqUX0xX3iJ89c6D7lXJiP+rntv678
8rd/FN191/LOW1E/wZ8NIy6xf3IUhDvKJp4ddSVwmVq2baeQHuNEWj1TcJBCowIAzMOIXNaOulKs
9SWQgD/Yf2E4rofIpVGVkkhA+Sexb72ED03tufS95iZZpJ0mM21/owgVv5J2FVEEQntT+SPF1xKZ
N5O6oJQHSEN2geUliqOo9GH8UILz7np37732066E+QpieiQy4+wunfto+nO0zowi4A9ar031dL2H
o1HLilQ4Kt1k1GgyRb5eiTtilNVMyLvqvvLGKyI+CwDA9eUXH/81uuJXLpkam9SNRFeoJS2sJju6
Qi38mpmY4m0SBmmkAhJp1BlHEF5doivUCgkySsTguyNx+cnLmEfFSSSQkKz2+2Hr5BoeIbDG1bn0
DQmzW0RJpVIIh77BFGUDnxgmF48aN8d1/PjNQMfLrsSI1ZoqNX4A0jHnGrhgfeV3l9/vH5m0z0M2
WwF/cGHuznXb9MDb1ld+d3l4aAqzlbrt4Aacw7Kz0kSZjRam2vC4uHknw7+w97he/s9XvasrIj7R
he5TIp5NILGGw5HQVCor8JdFX5QIu+aMTBo+kByJNCoAwIxqC3zUEN89KAFM2OfjCnqWFanaDhId
TJG94hfwyqYKTKVWV6qR3l0U2Ylq4lUuKVSKSRoCZyunDjVVsCLVlWUJR33yxrh3263Pbseb+mbE
qqE2s+2gVtIy6baD2rEbfvxoaMAfnLDPh1tM1RkqfeE/tKXf/zXvJP/+xhz8ztvW5lzzsGjDzZBN
lfHC1RrqXXVf6D71y9/+QZRnmfj4b0QZ5MxOjUF+q6cpOzY2b90EqfudmYS9pBSlEJdGNdRmth/Z
iJ8agpsnqTNUpPWEryx7hwZH8Y+PS7RTuNDns2wkPGxjJvDJUD9AfXEpCYNeAoiD9bISRokDOVlH
74gFvOJFRg4d3cOvrM42utb64mJX7z3hA7ghdJ/Q8a6hDfiDjjlX+D/eGjXeYHl2VhpOFyvu2fLE
b+Hjcq+58sYrEx+LMEPVu7py9t9/Jfw8IhJrOBwJrSxlBV6NKXCOkSifNIpA4tKojUZNXDa2M44g
3LB989ZNpBXbD/aP4I8q0GSmUY2KA3KoD2vRr8BZO6FQsg0aFDieR0a4UqZJk0oFVKYSiJ6jl4Bk
4DVsMwuClCS8u53AZl0GdYbq0NE9u/hWXlmsXknFanZWmhClKhx9fnr3ibgrQlsac8LeyASiyeVU
Zb9//rDw0t/XX/rV7BSsyDbBsBoOR0JlKheQa6Z31f3BX6ItsvCJtdeiJJh4NWq87ZfIil/SUqkT
9nn8KamEaFScejcSin7hsJZlCdxU3Jz73o6OplLFwqR/gJ+85P1ARUBlqpxImi5LGjSo2xXJSrWh
aefh4ybeHXqSitXyYlX3CV1ZkQxBd01mGu8heJ3PFYiirqUorSzfzjki1bkw/2LLHiEn/+Avb0HK
fT0rMnwL4IqI/D2cjBSXwRKqZ//9V/Bqai5cX34Bz29TpEZqjQpQFb95GzQVWwiSqQF/MK5y37ZD
Wq4xKqQh+9BUWarJ7ntJSaWK1RuVMANLOIzgF11wMiIWImUJl7hUpsoJDwtcMh2DJAV5x1pxE/2a
6Aq1B48+3nRgN+9du3RilVGqCc5PlhWp+roKhWxERNnECCyt5MHs1Kd/eOHn/B77wV/e+v3zh+En
53dm3rAaDkci+x6OZOB5Zu+q+8WWPfEqVe/qyqln98Pz2xRJSYBGRVb8EqVRAQDDQ5P45b77G3MS
Np4tCYB/0rhi0AItlGSBkVJRggreIoeJwE5dSYELSB7yMvYhhGtUQGUqgcAdZch0DJKU7Kw0ePbM
MYtbTSQj2+tKDh831Tds490yJJFYZap/W5tF6/mE02jUCCno8vhC7addotiPCSyt5IflnTd/e7gl
3upfpEZl4Jd/4w3OkihcZGQgJvUxSvXKG69intC7uvJiyx78aAUNIohOAjQqAGAM1Ue3maSK35Vl
73XbNObB5Fv7Kguu+6yIwiwxFb9cUkqUgHXPJbe4hqaR2cuo/yDHg4g/k1WTQ54u6n/iWirkV4Qo
WCpTKSIAzwwIL6iAX4yUYiulzlAZ925r63hyR10J75NIJFZbm/P6Xi6UNK2qz0/vPF7QEY+bZSyd
ry2JOK5NlskuH//1Cn6izLu68ocXfo4pCBOZH/74r1eRTweva01xcGZaelfdr7/0q2d3l11541XX
l19wHeb68ou3f3/qmUdL48qo05Js0UmARgUYHr9EjUsd7B/BPFKTmdZxJF/SxVCSCX1+uvAG5rEb
AQuq0xsfpLSLPYBLZIolIHGOJLy7mA6kkZOZha/xp3GQjNQj+OAzaVyL7oA/SJqxIRfqDNWPDuyu
b9j+weDo9GdxDJGLxGL1WqzeRqPm6eZcsdoz9AXp3Sd0YzcCly33baOwnVC8aDLTWkzZ+xtzBN5U
unrviRv1dC7MX3nj1X2/eF6sE2L2u85OffpvT9Tu+8ULT7WfhMxu/eAvb13oPuVcmMd8dss7b4n4
t0BwffkFTaUmDOfC/Osv/er1l36lLyrRF5VUG/4x92hmcmx26lP8TwhFOuBjpSMRolEBytqHqFSq
Y86F75zUui9XKS2p5OCMf2gqAMAZf7sZKwlOpUYprmoxNs9INzJM4ko8Mgebnd8KSVfCdWzsMeqH
Hgh8/S3rYVwwK5RdxFKZKiesk1rgqkMpmUNxqa7MAGAVcoBjzkVaQw6cXG1Wy8+MC3N3hoemeL+n
UojVmip1TZXaubQ+YPHY7GsCnevLilQtphxDbabwqKfZ6o0r6vnYD/dVG35Qvv274agzk59a3nkr
Nt30+ku/qjY8XraN0/ooLuJKZ11545Urb7zS+NNnqw0/KNu2k1mD68svZiY/Hbf97eO/XolXfsxO
fer68gvdP/1zXI+KF9oAKRbFpbq4vvvOhXnnwnzie6opIlJdqRaiUZGlSbzt+qRgeGgK88jqSnVL
Y46ki0lKAmuw2iLWaTRA8EAaQjDWZgo8g3NpPXZTwUOV8bbnRR4jokQMfP1t5Nlwul4JKfqlMpU4
RGkKTzKQOefpz24rS6YyFJU+fPDo4wSKVX1BettBbdtB7YwjOHbTP34jgPTtCFNdqdYXpNdUqWsq
1WKtZ8YR7LmIq4saf/rsU+0no9Tajsd+sO8Xz098/Lez/x490+XFlj0vD3woXKm6vvyCR17L8s6b
EP/eeLnQferXr/xJrLPFEm8DJIWSImyvK/nEdguZUJ1xBGccQd5pQ+SAR3JG0eCnUjWZaUKkO0UW
5E2yaTLTDHVCZWpsKlWsP4pZHhMm+GrpmxnH10KalSJTmvFKR2TOVvZkKRKqiOTE4yP984EJ3I1D
FFu56kpY3e+tz27/6IDwJ5EHYsUqAKC8WFVerArHuZlY/szC11GFANWVGQCARwoeFPGpI+nqvYsz
T1xfVPKbV8/veOwHXAfseOwH//GB/fWXfn3ljVfCP2S8aoQrVRHVppA17PvF82Ilh6OgGpVCgdB0
YPfFcx/CXW29a6HO15Z6Tun5FZjAs6m6Qi05zS/4qdQWU7ZENw6K0uGSWG2HRLDaMg8LdSRlXV5r
c25si5Nzad06unbZ7IkrlR1ZvoupJ7lesXhTqeRALZTkZMbBZ+YVvrd7woC7ceAIDCTwhGrAH5z+
nGefJyEwYvXQ0T1CqrYknbMK/l4S3NKY09qcF/kf83OJthoDlvs4kchqw+P/8cEoRKOG+eVv//Cb
V89H/oRRqhMf/433Ir2rK5f/E9eUVVIk6hp1ffkF1agUCgRdofaJplrkYc6769299/g9BbwxlZyK
35VlL2YqVZ+fvp+W+yoNGVNw+vz0rhd1wqcWxfY0ifJHtR/Z2NqcFxuE0hektzTm9HVJaFSJ2ewa
eUxcf7Jc8pXKVEFI8V1FlgNh+jQkGYbaLPgBvO2IiEIRYjWReHyhviuwtmSGxp8+e7r/GsSOKIon
fvIMq1J9+/en4p0Ww/D6S78ipF1TyHRWLj74y1v/vaGWatRkAm7PTuHH9rqSXYbNyMNso2t9V+O+
zqAbU4nx1h6+hptKbd2XK9y5IGVxLi5DfqtR+Asbq4v0+el9XYWiOI+KZZ4USWtzLlI/8148UiWy
HoA0EI7yDY46gHexsYgo+0OclNBLNivlxSp41+6EfZ7APDM/qFgNY7Z6kdn4x364j0dD5hM/eabx
p89G/fBC96l/e6I23nmqf3jh5yRU/IaxvPOmWErV9eUXJw7s/f3zhwkR4cmEvKKCnOrQJKOhaSfO
dbvv6ip8tEwsMwuI8itCsqkBf3DSPo9zZFmRSnhaLJWB73nKi1iGMwsfEChjKtV5d134+gEAAzHj
DIQ7J5UVqXD6+ExGjSaT5yZfImdgos4ZC1VEciKWLTj5iKKUkB3z1223hD8LOVCxCgC4bPbADyjb
tjMqL4rPL3/7x7JtO6N+6FyY//3zh5/dXfbBX95CZlZdX37x28MtYmnU4lJd7H/8TsUoVX6ZYQbX
l1/84YWfP/NoKW9rWT/UhZIi6evDeydEEU7LU0acsbTxXpbhLg/kNKZO2Ocwj2w7uEHSlVCSDH1+
uvBU6owjiFOixYPsLLRsYyb/MUmXRqOm83jBsYMJKmzhl4/FeaCk0LZ1OeFnC76y7CVqfjfAGFX/
1dI3whsXWxqzL1vuQw6YsM8b924T+CykQbLBktTg2Av/5tXz+LW+UWhy84797o8vtuyJ/RUjVgE4
HB5sU7ZtZ/iJZqfGZqc+tf3X1Y//eoXfUxeX6nSFWn2hNm+DJm+DJleLqGlfdftWlr0ry94Vt9cx
e8e5uIysHbC88+a47aNf/vaPj/2wOa61ffCXt4T8aWFSsz0BH4leH31+uqk+q7oyo+PlVJxeRgLq
DFXLz4znz5jhh3nXQidfW+o+ocMsoYKbWeiJqeKewEuliiI5KMkKqzRqF8MRGqdEC0ns8mYXgphh
l/JiVV9XoXNpXZOVlp2VJkX5MQ6Rvaw4Fk3MAaIMfY0LxWxYUwq4q+2KW57PtOzoC9LLilQQN52V
Ze+kfX57XUkCF5UgUlOsIi/fT7WfFOhqu+OxHzz2w30QSfbxX68IF2wMFVs3FZfqiksf5tEWmKvN
ytVmMfEg414AAFh1+xyzLsecyzF3Z2WZ/YVyLsz/9vB+fVHJU+0nqw2PQ0aqTnz8t/C81njXRpGC
/Y055cUqm31t7EYAZ1OlyUyrqVIb6jKZKkpRSuMovNEVapsO7B7sH4EfNrsQ7LnkxhzHAneS0xUS
kZlcWfZixl9a9+VKvRhKMlFR8pA4XanDQufQcCm0uJYX3oNFlVS0NudWV2aYrV6bfa2mSt12UPvn
q6txDY3HBFNnsnauhsWq6KuKRQFbVQolTIspB+6ROHxtKillKkOqidWxG7AhgZpc7b5fvCD8Wfb/
6/OSarOKrZs2b9lUsXWTuCV5udqs7XUlzKfdteiesM9Pf36bVa/+PTMM9EUl+qKSsm07s/PyAADj
tr8xv+Ux7hUHv5+PkzmFITvrAZNRw2jOGUdwZuFr59L6V0vfRO5psrPSyotV+oL08qKHeI/ipEjE
9roSx5wLmVq0WL2RQ7+4QM51IySbip9KpV2pFC5iFVTGQw/8+lkRUqk2+5oosydiKSvieQWO+moz
w2xqqtTgyHc/6TiycfxGgF/1JT742dFEplIBlamy41xaJ1wqEIXJqOm56IZcZVaWvddt07sMFYlc
VYJJHbEKzx4Y/mUf73LfSHY89oOybTtFt7HN26DZZdi8o64kAQ1jukJtQ9POhqadC3N3JuxzXDtF
RpHy7jWNF1r0KxbM+OK4HhI12ZgiCz86sNu56EZ+Ec5ectdUZsDfYmQXKyHWzZiT4Uz1iDYHCiVM
bnba6XadKJE462i0b5l4qdQMfkvyRFyr9fnprC0A5cUquEw11GbiNEkJISqVGvsriZKr1GVBZr5i
c1GCd6pwFfjJC/weOX4TlhaLixZTNvyA4aHJpLH8hZD0BkvI7EHjT58R67lEPBUAoLhUd+jonmPt
TbsMFQk2NSkqffhHB3a3dTy5IyE1BY2ofEgqfBN5I2m2Ge4KS4glbCpw4Kl6nItA+2mXBxpZgL+h
eRs0JPgn4Vf80lQqhYtYFdTckC1WtUi89tpRQLKIvFcY2eJXzVE2HHny1ubcyB7d/Y055j8VdT5X
UF6s6npRxzupywrk740SpdIVAFOZSiLwj/vKsi9hK8EnI4PF+lwK9jfmwE0sA/7g8BDu0DalI6JY
7bu6At8nJRjkYnY89gOxnsvwL/tEOQ8jUA8efVxek7NcbRYjViu2bpLoKZgZ6083I7rLaEIVAvzF
qa7kGZunEEWuNuvAU/XIw7xroc7XliAHsEa0w+RpiVB9mKnU6ko1sSU8FAIR62IYW/EroriCT0zk
Imqfg6N1y4seinyumsrvlG3ncwU1VWojaiKG6EhdAExlKkVhZGelIROq1223FubuJGY9JCCKWO27
utraQZxYTQy6f/pnTa6gkjlCBGokudqslp8ZMWdjxMX+xpyeU/qaKvRek7anUihFpQ83NNUiDxu/
Gei5xBm5gBe8EFLx65jFuu2a6okQ1XBwVAfvphtKXGBaYSOJrfiNi7AeE1HcRlWN1XAI8sjqgygp
G5WAZU4o9UCyRM7OpTJVZqTuik5KkAlVAMAHg6OJWQw5CBer3rVQWKyKuzY+i4GqZYGqMpby7dED
VDHJ26BpOrCbKIEaScWWTYePm8RKq5YVqbpe1LUd1Ib3DfDNHM2mcoGMoz1S8GBiVkJJALsMFTjf
wcuW+1z25vAmiIxM+St+AbZsM9QmOuHDAz39AspBbGqurCjuznxWPL5QlF8uP60lrkKLkgBcf2lk
RDjy/6sr1VEa3uML7W/MufwfUhVSRZEALyUqU2WGR08gmQmKvA0wRwRkn2Fc4CRUXYvuoUGRTXEU
gYhiVa5xXgwaaADVu0qE/tll2Hz4uIlwc2lmimPTgd1CTqLPT28/svHsqUeiPPfhmzknlakcIC/j
tCoyyWg6sBsn59lz0c16u4Tbk5LQbOxadOP0opcVqcRKjlF4oDhL8BYTwgQbE4H7GaRLkPPuelfv
vS7oKAqWR0VIgOpK9Dwb5piw20vsCJy2gxvaDkZfZ3DOLBCT/gGJJCu9WJAIvBCfzAQFvLBQ9DpS
nIRqqpX+RiJcrDrvrnf33mvtWCR2AOPs1JiIZ6s2xNfpqivUHj5uamjaSYJzCQ7b60oOHzfxWG11
pbrzeEFfVyGr60l5MawpPbBGLZTYgV/G+bU5UUhGnaFqOrAb+QX0roW6eu9G3THFjfNKBGYqNfG9
c5RISI4RxOocEQcXXTZ7hDzc7Pw2rFFZ9Vh37z2L1WuMs1Ig8quNM3Y16oZrqI3OD4XDEGFp2oqy
kIiX2NdB0hpgcj+vFAqE7Ky0tkPoyHT/heFVN4mOU4lBFLHa8bKr/bQr8VbAyKCv5Z23RHw6z0oc
dc5MEpWQfjB8dIXanz/33/CX3dqc2/dyYfcJnYF7ZwnPptLeLS7geWbhBYdwYQMvfqFIhK5Q2/Rj
dFHD7EIwajw4Ms5LQscBZulEMnmDye5kDr+Yw92hFUGkpa0QzFZvVHmtRMoKXgUWC/PVZjzzy4u+
J0FZr+GR+yJNZhpym2SozWxtzpPacIQOpElmPL7ENSInGSajBlnJEPAH+y8My34vkRdGrDYd2M3b
Smf8ZiDxVsDZWWnwnJLlnTddX34h1tNhzk1VZ6gOHd3T0MSzkVV2crVZh47uwVSqHt+3yNLTqDtr
LKkcJ4IAz6bihNXhwL+qortqUTCp2LJpl2Ez8jDb6NqA5X74n4qYgotZ5yX8s50Y4HUiDLKXtsEn
LCjiYxMmNkXZaNSI8mnx+EJ9V1aFnweHeO1mxm8GyopUjBNBpBnSjCPImhv4nscv9MWpqVIzrToA
gNmFYFT5oT4/nRlsE2/lDjylLAVUpsrMjEPx4S4GNfRy6YSa6fOmAyPS5lp0D6WenVIs2+tKjrU3
CRGrTMOqwLFjccE1Q4zBu+o++++/Euu5PCvoDUdxqa6t40kSEhdCYJQ2jlK9bLmPfLuR0Vzn4nIc
i0sNAv4gfPw1bUxNYhqaduKUt5y95A43XMDTYoSUdeBotgT0yIlFdlaCduEUwFHuG9tjyY/LlvuJ
SaWCOO1mmIMZ42t9fnpkPfaA5T7rvZWRpsx4KkiVE5OJ3W/Kzs5KY56ldV8uiFC5pvqs1uY8k1ET
PgmmOXDC1GkYKlOFIsXHHbnzI7DlUg+9U0pkaKwvSD+GcSGbsM+/3z8ixQIUh0Cx6l0LdZ5ZkqUG
mJWP/3rl7d+fEn4e7+oKMpta37Dt4NHHldKJCodRqjifga7ee/C8XHZWGvz2JnvCgUCQtdDIHDVF
0bQ8ZcS5knS+toRTwJKwoeUQML/mOClKSqrBqnzaj2wUpY3WubTedzVBqVSuBXD9ilGbTDtrZFDe
4wvZ7GtRwcrqSnVZkSrynDXcQR/bqK+6MoMZb/PV0jf7G3OYewojVkHELSacKoOI3iikc0tihcpU
EiG5x500WhpzcAK0E/b567bpBKxHEQgUq+M3A8dOOiNr0kTH4wu1n3ZZMKz5LnSfuvLGqwKfzvLO
m5DfMt4nxr3bBD4LUTD2vziGLt0o60J4WA2eNkxNkOMlFefGSYkLJk6EPMy7Fmo/7QJKaA7CHECQ
fB9sen0TCKvgaW3OFas4PHYWsaR+P+ZhHwDA4wsxG6SxG4Gxm5wmlDMLXxtqMxk5GvnVsI2usX5T
IqM8+vx0rqIbjy80diNQXqwqL1Z5fCGvLxR2UQpnU8PnD89Zjdf8KQrpXlUqhyiKp+PIRpxyhaHB
0Un7vPTLUQyMWK1v2MYjQ+hdC5295JYorcpo1HHui3sUr7/0qz+88HPvKs9Zr97VFYjQZTaUhI+c
4YeuUHvgqXrkYbbRNbjbMzxDsrJMe1OjgWdTFVQYSeGNrlDb0FSLPGx2IdhzyQ1vDiKh6BcZeWFQ
kIU1ZkXDipvKVP6watSyIlVrc54o5x+7EbCNfq9vRUQ1BTnV+I2Ac+kbjy/U3XsP8pn3+kLhHGZN
hLVY35XVqLuqc2l9/GYgcpg2suI3OyttxhGccQQNdZnZWWlMozKTA9NkpjESd8YRZOz68FOpXNCB
NEmLIozmRUE69x19QTpOkyoAYLB/hCrVKIx7t7V1PMlPrEqRVmU06uxCfN8Lyztv/tsTtRMf/43H
M77+0q+cC/Osv9IVats6niRhFygRRaUP1zegs8TwhCq8iYv2pkax6vZJ7Z8EpLzeUsRil6FiB0b8
67LlPnyfkJGpmBSlUvyTQPyWrbIAvzcRO0wOgiYz7dRzBWKdre8qz+A1hEhXWy6lah1dm3F83Xd1
1Xl3HfKZn3EEDX/PYYbTm2M3As6761Fm78zQ17BLtscXglT8hlvZI3vamaQu8yyRqVrm1X66OZdY
X2gFfA+TG/jMbi4wC2wSCdJXRlJBbqjLxJwNNdg/MjSI5emaOqgzVIxYxbGgjIJJq2L2UOHQ+dpS
vBqVwbkw/2LLnhMH9uKLVe/qym8Pt3BV/OoKtYeO7kmOZlQIxr3bkIYuzrvrkNno8AkTKe6zHYtj
FtGYKsrEDviXiPeEKoq4NDTV4kTB+O0TEknKjp6St1pEQREKTFr35YplIDd2IxBVkyVpuS8D48My
fiMw4whettyHlw9UV6mZ9Gbk+FPmVhuVzGdqicPycnYhCDGY9PpCzB8+4wiO3/QzPxy74QcAjN0I
aDLTwsq5vFilL0hvNGr0BenEBjWoTCUUeN0XdSWJpbU5rxFvDPR12y3qqBSLOkPV0LSzrePJiq2b
4n2sbXSttWNR+GWu7+oKfq0vK+O2j15s2fPs7rLXX/o1RK+6vvzi7d+feubR0o//eoX1gBTRqAw4
hi5CDP3pTJpIbn1+G/LbyD0EJelh+t5T5DqjrGr2R/BmF9PeVHER0ZlFilQqDjOOoPPuOhNagk/A
Dhf6RnaKMpYckXeB7/KrEVbA1ZVqyAv1D4fwvzcLeHyhcOCSkabhg51L68xHXZR5HFLU/SqmT4BC
QdJ2UDvj+BonFzdhn19Z9mHaLaYUudqslp8ZF+bufDA4Glc0xLsW6njZdeygtqUxh99Ti+jI51yY
v/LGK1feeAUAULZtZ3aeVpOr1ReVMHa+M5Ofeldhf1pKaVTA7JV/vHvgghVyjPPu+tiNAKuCQsqq
lWVvrjYLfkyKEPAHpz+DyVSqUVMNXaEW+e2Dk6elU3DFhw6FkhpWSSOW24V0qVTkeSLlMfx6HuWT
NHYjcNlyH8S0cH+XX404GH5aprTN4wuN3/zulj3+/RRCZKr2z1dXHyl40OMLSTSPQzj0e0hJHrKz
0rpP6DA7Gx1zrovnPmw6sDuJOw95U1T68OHjpkn7/AeDo3EVbZ695J5xBNsOannERLtQjrJhNLna
8u07qw0/cC584VyYH7d9BDkYOWkmilTTqAwVWzZVbN0EV1Bmq5eKKIHAX2EQj5XFgOU+75AQhSgq
tmzaZdh83XaL38N5j8IWEZwheUk5wkBeCyV4hIJk6xOutJtY0YHLUk4igBNZVhZXh3N37z1GK0Yq
Uo8vxORXI6fIRhYJx8JsgK9P+P+xpAjFXlOlDp+fmXzTYsoOf1Q0mWnZWWn6ggcjE7D4SFFWnYRX
DcVBbEV4vMD1XrhEXlIYpYo5p9i16L547sNpaA1eKrO9rqSt40kck49ILFZv+2lXvK2qsbFPVsq2
7Xzp/OV3b9473X/tZ785+etX/nS6/9q7N5d/8+p5fVF862QlpWrwongC5Ts6nixXKhmZQFm4GfCm
Atjsazb7Gvo4ikJoaNqZ9A3DiptGEx5TCUHeol94hIL8luYoqivVJrzWLThmq1c6g18kkS87/gRs
s9UbzmdGDadh/idSwDMHsN4CwoLz//nMH/4n05jKEPkKm61eZrX/a/y7U3Wf0OkLHmxpzOEx4lii
F5nKVEKBxx3JbIcgYcg4iFOpBvzBgQtWaqrEhTpD9aMDuw8d3RNXwH52IdjasRhXKBcn9tn402f/
4wP7Yz9sjvq5JjfviZ888+bI7C9/+0dNrqDceNOPUze7nqvNgocknHfXud5TuFGEk/bSAwAAWHX7
4E4zZUUqnIyTc2kdv/SAohRanjKSkBelhEnK9C8JcKVSxZpDI8RJIS6QrZiYoRmPL9Rz8R93yUhx
O2C+D9j6umccQesoi0wNZwhGxtaYf0blRSPl7mWzBwDg8X3LKN7c7DSmc9VQl0lOVJp+CQkF/uGm
owjhlBer8JUqAOC67db5M2ZqTMVFUenDzIRV/Icwg+kxKwU8vpCN7YIbSeNPn/31K3+CH7PvF8//
j6HRsm07cVf5fXYZNldsids+KplAWj1zedbDjSIC5DmTy8InVkRVZ4sJq4i3q/cePE+CjBBROUQg
6gxVy8+Mcq+CEh+EbxsIHEzFJe3KilSiNJVEpiW/+0kCU6n8uGy5/70cbISjElflbVfvXVaZEK5b
XF4NAQC+CXHeDmz2NeaF+p/Xff+fax0AkJedBgBoO6hlWlXj9Tyjc1MplDhglCpO0Q4DUwB83TYt
6aoUjXHvtsPHTfgbXMZUCTLIJAxSo5Zt24nUqAy6f/rnlwc+5KFU8zZo4tLhSYmuUAt/f8Xyt0hN
Juxz8ANwKn4HLPeR5fHIvSl1tCITXaG2AVV7T0kYOKpJ3oFb8g4CFBfMIB2cqLSk7OAE6z2+0IDZ
E/mTcMIzvH2K+ij2XV2ZXQiyVhR7fN/T5M6l9cj9FaNLmU9FeOL90vJ3Hr+MM0J2VtqMI6jJTOPh
/SuFUqUylSIaeRtgW5/EXy7jVaoBf3BocPTSuY8Ij4/KiK5Qe/i4Ka5u1e7ee0iliuyyO/a7P+I/
oyY3j4dSTdmW1CjgNc8K2vSQxqR9Hr6jNdRmIosMnUvrCatnUxwLc3cG3rZeOvfR+/0jyp2BtMtQ
Ea8dAEVeyGzCIhNO56T8dFG6UqPSkkDKVGrk38L1LLMLwY6XXV299wYs95kg79iNQOdrSwMRXU49
l9yRa47MYZqHWT5a4ZkIrGGU8BAahqXlbyJP0nPRPXEr8Pvz92Ycwdhw59fBb232tc7XljpednnX
4vb+NTu/pRZKyQlXHZ3igOdhZCk+YfpU4ypdcMy5zp8xW69NyRslJRamWzWuWT5IpQoPN1YbHt/x
2A/iWOLflSp+n+qOuhJkWDpF0ENlKte3mMDSMtIYvjYFPwBnl4Ys901NAv7gwNvWi+c+nP7stmPO
NWGf/9Nr//ckyq2KWBqaalO2Q54oMF1n5TX7heNluzLj90OJCyTVFmljyxvn0npUWjIx5b7Ms0Ce
y2L1nr3kbn1xsav3XudrS7bRtbOX3MdOfgUAcC6tW76/Owp7F4X9jcD3u1UZY4LYba3HFxq7EYhN
gUbeMrxrod/9x93/94uvX/0zi7vBZYun88wSsrotwVCZKj+s1xGKWDBKtTHOQN3w0NT5M2ZqAsxF
xZZNh47uwd9LQZSqc2kdvvNu/Okzca8PAE1u3sk3L2MeXN+wncdTUMLAneuT3sIUyfTnt+EpF31+
OnIUDU65bwoS8AcZgRr1w8H+EYUq1VT2GycKuDMcISDqX9iyIKRZLjcaNfiDuCD8+epq4qN4keoU
qYotEcpzdiHY+doSxAwvssqs55K7q/eec2k9fBeIdeLtu7ra8bILmQJ13/8GAHBjVjHpMSpTCQVu
Yw23i6TE0nFk47E4w3Ury96BC1ZaA8wFM18Uvz6NS6l+hep/qDY8HufSvmPHYz/AeeyOuhLaqkeR
lOtWRNO7qR7xCZxxBGm5byzTn9/u6XqP6xI92D+i0Ku3rlDb9OPdcq9CZJCXeoXimEXPjJUOQiYs
8GZ/Y07HkY3CzzN2IxCVlpQ0lcpkhmOfIq4ntY2uxUYeL1vut5929V1dieoptVi9x046w3eBqFiD
2eoVa1TsA5IYIfGHylRCiWsoMCGooZdL2csCWxpzul6Mw/6XgakBVnSzk3QwBcD4zkPdvfdimxvh
Re+aXK3un/6Z5/oA2PeL55HH0FRqJPDhMazNk7J/tQlnYe4OMrC4vxFhH9LVexc/UQAPqCdHmm7S
Pn/p3EcDF6zw7oyL5z5UaPtGxZZNSOdtcsCprFGcAZsoxrPyIkVogJ9NDuujWptzRSn3BQD0XV0R
5Tz4IBUpb508fjPAdJ9G4V0Lhe8Ckan+rt573dxZWfVDiPcr5/u39W8J80VWnhaiEAu8qw1eFpgY
aqrUfV2F8bpsAwAm7PM9Xe8NDX6q0B2PpBj3bms6gBv4bz/tilKq8KL38u08p8swxA5ZjaK4VEdT
qZHAs0+s1WJ0/Amcwf4R+AGNRg3cPInxdcR/Rrge0BduwD8VgUza5892Dw72j+BUFTGTsROwKilo
aNqplIL55Ih98EPejH1xGcxVgeTQgD4/HRmew8Rs9UalJaXuSoWcP6oMWCJjoXAssv20ywL1/gh8
jXj2+2x7sAfjV4d0IA2FIgJMq2prcy6Px1633erpeo+6K8Wyva7k8HETzk7Fuxbq6r2byPwbvO6X
mmpG4lp0I1oo2TxFkM0wqRwImLTPI41An4ZejmYcQdbIegriWnRfOvfRYP9IXN6qjjmXFeVfRSxx
mdURDo/5FrKDMynAr7S50InPErMKmPYjG5He5jiQNoQGcBQDiytWu3vvMYZMEhkWfENMjRSVqfKD
nKpEEZ3W5ryezkfwZ9WECfiDw0NTVKzGwrSq4uyoGOeABCwJh4qtm+ReAkFMoCxnWHvm4QH7VE6l
BvxBpMFvo1EDNxTt6r0r6qKUivXa1PkzZn6+DMNDUwtzcjYQ8kadoTp0dI/cq0CD8zWPd74FCeDo
KHkH0sCbrYgdIdbanCuWWu6LcU5KjMEvD8QVqxarl58rb2427FOdqSarOZXKVBEg9itBGkT1sJUX
q86eeoRfWpWKVVbwler4zUDPJazwp3NhXuCqPCucT1RcqkuaTIVwAv7ghH0OcoAmM4216BceaMvT
pq5MvW67JTCVGm+5b1IS8AfPnzEPDwnKiPZfGFbotVpXqG1oqpV7FQgwv+ZE7QFwwJlJI69vBbzZ
ioT5VbGpVENtZmtznignn3EEo6yDCNmQ43SuyrXUVQ/sU7EW4L8qKep+qUwllEcKHoQfQKCBIdJE
gcDAHu+0KqBilQ18pXrZcp/xW4fvA5wL895V/tYI3tWV2alPuX4L7+pJNa7bbsE/xlwzA+Df65R9
kVfdvk+st+DHwFOptNwXAOBadEO8fPFRdJPqLkMF4e0JGZlY91AC9wBwkDsxBnkTqnBiQwPVlRmy
rIQhX/tguxjWvgxKLDaBCFSJelkJke78oDKVUJAxPAJ1kUITU0xa9dhBLb+Z11SsRoGvVLt673l8
IeRsuo//eoX3Yq688Qrkt0qxJ0kAq24fMltlrGWRqWM3AvCAPf5w3SRjeGgSeUGApFI9vhA5tfFy
4Vp0i2jV65hzDQ1yBq0Ip6GpluSvEuba4L7uBIKTTQUArLhlk6mEpwdi02v/R1u+KC2pAIABy/2o
YhNF6zES4PcCSpoZpjKVQgEAgJbGnL6uwkYjzwJFRqy+8rvLdHQNwB76510Ldb62hGxQudB9it8y
ZqfGLv/nq5ADSN72JZjBdxFutPr8dNZsKrI3JjVjAQtzd5CNvvBUat/VVd69fPAybKV87MXVqAzX
bbemP78t4gkThjpD1XRgN7GxYMyiX8W5KCGjqAyBNdmkII+PBGaKWDixGnVD7oPbKsRpSXUurSfx
KGmBE1mjwKnF5S01w49i/kf0ul8qUymU78jOSus4srHrRR2PiTVhmNE1VKxWbNmEM6Vm/GZgwHIf
/oI7F+b/8MLP412A68svfv/8Ye8qZ62gOkNF7J4vwWAN9jRls/6cqdzmIm+DJjVfZGRqWpOZBhkY
OHYjINas9lgw6zPlJeAPDryNmIkaC05FzOC7Sr046wq1T5DapIrplDbjUFg2FTPvBx83LTXwa2xs
BhszRSwQVrny+P8mmut7V+89pTgnYYIcchM76iYBTy3RA/GhMlV+FBdfhAC/V43f9CdsJbypqVJ3
n9B1Hi/ADKOyQsUqAGB7XQlOP1XfldXyYphXIQDA8s6bf3jh5/hNqh/85a3/3lAL6UoFyp8eKSLI
wZ6azDQTW6HBjCMIz/hVbElFI+VJ+zxS9reYsrl2wB5fCDKrPUUYuGCNq9+v0ajpelF39pQeqVQD
/qBy7ZS215XsMmyWexXs4GTpFdebymoaF0tA1pk08HsZ62RyIdsbgJExiz2gouQhAADrfYQHA5b7
CR6UmmDEykmyqtmon4T/adI/gHxe+OssxbtAZar8KNGlnYukcfU01GX2dRW2H9lIxaoQfnRgN7Lm
07sWwgmxW95585lHS19/6dezU2Ncx8xOjV1549Vnd5fB86iUSK7bppF6oHVfLqumGkBl/FLQPwln
CI0+Px1idCmk3Dc5uG6bxh8802jU9L1c2HFkY02VWl+Q3oHhzuJadA8Njgpbo2w0NO0ks2wbZ1Xe
tRB8fhWB4KTo5c2mwvH4WJSDXsq631ipo89PP93+sD4/HVP2w0nuct9YuLRf1OuMKREhGjWuZ4/3
57xJROqfQlEoJqPGZNSYrd6+K/w3jhP2+Qn7/I66kvqG7bla0SpelELLU8aervfguYvxmwF9fjry
Ffauuq+88QrjilRteDz6JLaP4loYmVu9BBPwB4eHJuHHlBWpWhpzYn/u8YUsVpi+VWeoUjCbijOE
BlLua7OvSVfuqwhwPpMMZUWqjiP5URtfQ13m/sYc5Gs4YZ8vLtVtJ9s+l4tDR/cgL6qJBzNIPXYz
YEpI0alYlBerohJ3scj7XugKtZCwDmsUuKZKjfyj+BGrdjSZaZ3PFWRnpXU+VyDKU6Rgua/op40i
/K7F1V+amJddSRcLSiR+WYtMUgoqVoWgzlAdeKr+4rkP4Yc5765rMtPwh7zFK0pjUUSHntQgh9AA
ANoOsleUIZXA5q0pp1FxDJOrK9Vco308vlBXypf7Dg9hWaa3NudyZaTbDmpnHF8jd+GD/SO6Qq0S
w1WYF9UEU1z2sPUa+rAZRxAYpV+NeOC0p8o7IJDHvUwjktduFKwatfuEjokliZJK7bu6kjTlvlxq
EKISzc5vTfoHcP5kHBOmKPejqGfHPF5qaNEvucB9ZQicmwoAUEMvl4rrS4nEZNTQMmB+FJU+jNNP
JZZJPQWTgD+IM9iT1YrZ4wsNmD3wx+6oK+W/OGXyAUYpKZfsBwB0x2QJ+AH3O1BnIFrBZSTgD163
IT6TAID2IxshVdMAgM7nCnBqNXm4NBFCUenDDYTZKWF2+4/dUIBFRSTY7amyfZDgeWzWeE15kfgX
AVZx1XFkoyjqlCEpR0lLlEoNI7r1boKh+0KKmOihkenYMdOKg4pVftQ3bENaQXp8obIimuFMHMhU
qiYzjWuwZ9/VVbigytugKSpNrcbUhbk7058hhp00GjVcmzabfQ053QcTeNEH/CotL5gaFWnEgllh
uLLsHbhgxV0cYewyVFSQVLCgzlDhpKZnF4LK2glgJh6di8tSr4QLTJvlSJBz4JBEiR9WLXTsoJar
ciRenEvrrKOklZtK5QKSzIz6eaQ9EpNljT0mrp9w/ZarnTUxUJlKocQNFavxwgz9gx/jXQvVVGVQ
pZoYcFKpLaZs1tEFM44gsuK3fu82/otTJjiGyVxdqbTclwE5bHZ/Yw6mWWhNlfoYdw9wGMecy4qy
vCKWpgO7G5pqeagUicCsoB6HzvUlDczEo4yjU5Gw2laJeKtl1aiNRg2rqQE/2k/fae1YjArAJZ9G
DZPEf1q8UJlKofCEitW4KCp9GBn7Nw97u0/oEqNUSfZmTAA4qdT9HJuMnkuIvIE6Q6VQcxreWK9N
8TZMBuKV+yoa16Ib/hrq89NbOdL7rLQ05hhq0cmc4aGp6c8RaXAyUWeodhkqyDE7QPq6M1hFqhpI
DOSPTkXWrXzF1gWAnAMnhLIiFY7nNiZ9V1ecd9eT8gopXI4KT5wSDpWpRKCsGhjeJOWfScUqPsjZ
9N61kG10rfuEDmdzKRCSg99Sg5lK5RpCgzSnedRI6GhHicB5PfX56Vy5BbPVK1a5r6JBplIhOp8L
zCvz4LtJfu1NDMV4df4Ky6aK11opF6yjU8Wq+41KpWoy0xjbJIEnD8Plg6Bo6cUQ+ycwL6a47r6s
Z4t3/KmMrzaVqUSgaG+hSODB1NmFJPkzY6FiFYdcbVZ9A6IWtO/KKtNX1nkcywSFwoPpz27DU6n6
/HTWVCrOwLq8DRocx6xkYmhwFGmg0s6RW3AurfdcTOnEfhj4rFRNZhpmuW8kzMUEeSUJ+IP9F4YV
aqdEDnkbNDipXefddWXteXDuRPiTfqUAXm49s8AyGEIKFyUAQHZWWseRjSIaIrL6ICSBRuWCx58W
bkwV5WUh7bWlu0AKRTSoWEWyy7BZnQELTjvvro/dCAAADHWZfV2Frc25Ql5MCivDqGY8rrRVzyU3
svKqfu82+FucZCzM3UGmAQ21mVy5i9gZgCkL3L7eVM+zA7O8WNV2CN0z6Vp0D2EYNVPgYI6hMkNH
LpMG+QnVDKh9N0fRr0p4IDi2K9V5d73zzFJX7z1RIhFjNwKxPgik6SgR4f2nRdopSYRcLzuVqRSK
yIgrVsmcPMQbdYYKWREa3sFkZ6W1Nuf1dRV2Hi9oNGowX099fnqjUdN5vCCuNrbUYWHuDrwDUJOZ
xlp0PXYjgKxN1RVqU60rFTmEBuKchFNBHS9jqIpKMieFLszdgR9QA53QBsdk1DRiZGIn7POTqIgD
BQ5me6rNnmxV7vLeqeFfalYLJQCAWDa8sVis3s7XlrieFx+kDwIl6aFpCkpC8fhCKTIe02TUmIwa
s9Xbd2UVPh8CwoR9fsI+X1yqq2/YljTjPXYZNn9ihfn3WKzetoPayM+JoS6TuaF6fKEZR3Bm4evY
Zht9Qbo+P728WBV+oAeapJK3RktGJuxz8AO4ulJxdgxIP+ck47ptGrk95TJMxqmglgIyc91IAyqB
W+qOIxtnHF8jG08G+0d0hVoylbwiKC7DkqlM3S/5WUqG8uKHkOEkeSvG4W7PXIuvqVJbJEhr6/PT
W/fl8ijRj2LAcj/2C5vEqVQKK1SmUsQEKaVmHEHhjfsKQhSx6phzXTznShqxqs5Qbd66CV4naRtd
Y73JZWel1VSpMT9CtFo4loA/CH/luQx+zVYvcou/y7A5pfb3AX9weGgSfgxXly+g5b7fZ8UN2y6L
4v596rmCYyedyNd84G3r4eMmMsU8+agzVBVbNuE4Jw9Y7otoBisp2VksA1eIAjkMmTUoILpVoSYz
re2QVrhABQDY7GtnL0VHAKlGTUFSIq+lUOBZR38K+5QqDlHKgB1zrovnPrx07iNkdRz51Ddshx+Q
mJKwpOz+hYPuoqzLZL3y4DgnNTTt5L0wJTLYP4JMoUTVBYSx2ddEL/dVNPA7mig1OPqC9M7nCpCH
rSx7By5YhT9dyoIcPMZgs68lpfm/LCDjg2M3/bE/zM5KE3H8W1mR6uwpvSgadcYRjJ0jTTVqakJl
KrnA62GSrGUxFaBiNUyuNgt+W7WNirCDQVaUIesMkw9kxe/TbA29ZqsXWQuQauW+C3N3pj9DpIyq
K9WspaoeX6gnJlGQ4sDvaGLNeKypUuO0rDvmXEODn4ryjCkIpouSdy0U645D4Yc6QwW/pXINAeLt
TBaFJjOt40g+a3dDvHh8ofbTrqiqB6pRUxYqUykJhXfha9LAiNWuF3XVAhxBkkCsPoqaWSJ8kiQy
A5NqMnXV7YOLgepKNes+wzyMeKEqtm5KgnL0uBjsH0Eew1XTeNlyn14J40LEqsvW5jycWsfrtls4
lauUWJi6X5wjB8wemlAVC3jdL9f91ChS3W/rvlxROo1ZNSollaEylSIycKM/4c5vyUFNlbr7hE4s
sarE4lVkYRjSsBQHeEUTvB0u+biFyv6xRtZnHEFkeeoTTbX8l6VArNemkDGO1uZcTuekqxI6J8W6
i1GiaD+yEafWcfDdZDNaTxiYdb9KSaiKcjOSGqTHMmsrjb4gXXjdb3r6Ay0cHfjx0t17j9omUSKh
MpVCkQ2xxKoS56yqM1TwrQxXkVJcwBOqjlml5qL5Aa/45ZpDM4DaR+6oK8nVZglamaJYdfs+sd6C
HwN3TpJgUf9gZuFryG8x54UkN9lZaR1H8pFDIwP+IE77MSWWHXUlmB5UfVdXCQ9ed/Xew2kjl91z
CxkasHIkVFtMQhXm+vq3othJdPXeE15FRUkyqEylUGRGFLEanrOqILGKSLzfXRe+fYF7AqdUNhVZ
8ctqnuTxhZD7D6QhVpIx+C51TlI85cWqtkNoV2rXonsINReXwsouVFtHGKkDN7yZcQSPnfwKc2SL
7CbnyPZULs8qQ20mMmSDBBnNRGK2ellfappKTXGoTKWIjDoTFlP8aumbhK1EWYgrVhWRAShGdTOO
Cd7Qwx0dVpa9inihRMExi5gTy9qkZBtdg7cJpVoqdfrz28iJu4baTOqcRD4mo4Yr4x3JhH3+um06
AetJMh414srU8ZuBvqsrki4mXpivalvnV8gpXGFIqFPYUVcK+a13LcSaq8zOShM4lBgAMH4zMOPg
eTN1Lq23dix2s0UrqEalUJlKERl4Hz/h5T2yI6JYJd//Q1eohRdK8b7thSkvQhiEpk7v2S3U54F1
p4JMpcI3RklGwB8cfBfhnKTJTGs7yH4NpM5JpNF2UIvTmDc0OJo6FwqxUGeotteVYB7cd3XVjJe0
TAB9V1daOxbjbZrF9DeWFOQauMzwROks5Z1Q7bnkphdGChdUplIoxCFcrAb8wYELVvJnKhSXwSLQ
Mw5Ylx0OSO9BZGYsaYBnU1m7Uj0+9uh7GF2hNqUMfoeHppDp9xZTtizOScmNxydVUqX7hA6n4nHg
bWvqVF6IRf3ebfgHd/fek12pmq3e1o7Fvqur8TrN6gq1shf9AoxJb+M3A6ypgvJilZDIOIPF6uWR
hxi7EeC6y9BUKgVQmUqhEItwsXrddotwpQrPvQvPpgIA4K9eirgouRbd8E02eyoV5WaRUqnUhbk7
121o56TW5jzWXxHbgEcIxWWweIfwiBUX2Vlpnc8VIA9bWfYOXLBKtIZkJW+DxhinUpWl+tfjCw1Y
7jN1p/zSeviNuFKDvCYPWDysPxcloRpvoMHjC3W+tsR+KqpRKQAAAEQYxUuhRKLOgJVZiiI8kHh8
IeaJxm/6WQ/QF6Tr89MBymKHBGqq1DVVurEbgb6rKzzMV67bbhWXPYw5xS7xFJfqAJji+q13LeTx
hZDjT+GUFz8Eed1SJJvqQM3XrWET88gxDDuwi/qSgA8wrHTaOQalJtI5Cd7/D/cOSE1qqtTHDmrP
otqGHXMu67WpuHQX5VHj5uu2W/iJ6L6rq2M3Ah1HNsJtBcTCubQ+YPGYh71CBnUWlT5MzpVw89ZN
cNMv87CXtSvBUJepz08XWHw7YPbsb8zBv2XTEakUJFSmUkQGnh+T6JLk8YXGbwRmFr4euxGYcQTj
ehZ9frq+4MGaKnV50UPlxarE3B3jRYhYHXx3pK3jSdnt8lnJ28AyqDOSGUdQYCihplIN7zKa/vw2
sTJeLFyLy5Df6vPTWT/28MbU4lIdmR8qKbBem0J2JzYaNayf1QQ7J8Hr7uDX5yRgxhG0jfqYCMv4
zYAmM628WFVe/JDJqIG0ALQ05oxzFx+GGR6aKi7VpVShu0DUGaqmA7sH3o4jET1+M9D64mKjUfM0
x+Rh4TDtDOZhr/DgEfMHirIqUcjVZlVs3TTNPSLbuxYyW70mI8udt3VfLquPET6MSxPryWPpYhuR
ykBTqZQwJO7IKRRMnEvr1tE187AX346P5SR3151318O3K31+enWVuqZKXVOpJk2y8hOrAX9wwj6/
y1Ah6dr4kQCT2GqUynXM3kl6meqESizWlwgZ7kGO6UsacAalUuck2TFbvQPm+1H3Au9aaPxmYPxm
4LLlvj4/ve2glsvUtP3IxvbTLuStpP/CMLFRPzKp2LqpYsumeC39LFavxeo11GaajBrhPrQMjDq1
2ddEHM7Z8pQRGWxNMDvqSiAyFQDQd2WVVUmajJqei26BuQSuk0fi8YW6uUekUo1KiYSsXTiFgonN
vjZguS9FHZ3z7rrFus7M7yorUtVUZcDD8ImHh1id/uw2mTIVAJC3QbOyzNnQMn7TLzCbmp2VVlak
guw+pz+/3dC0U8hTkA88E8j68R7jKJgPQ4KzZWLAGpR6iH1QKnVOSgBmq7fvyioyFuC8u955ZslQ
m9l+ZGPsm5WdldZxJB9ZhRjwBy+e+/DwcZPQRacSTT/e3dP1Hg8PKtvod5KyulJdU6WurswoL1bF
2wYydiMwftM/diMg7oaByaOSMIcmiootm+B3Vefd9bEbAdYba4spW+D1ynl33WZfg0QWPL4QTjyI
QmGgMpUiMsgws3NpXUiW0mZfS5h9+exCcHYhyIThDXWZROnVuMQqyR2YeVrYDVUUjHWZkJviyrLX
tegmwadRIpDVqqxje+Bt5HkbNCkyLnXSPo/8+lRXqrkSCNQ5STo8vtBly33zsC+u24FtdK39tKv7
hC5W7ZQXq9oOaZF1j65F99Dgp0kf2xIRdYbq0NE958+YeZ+BSYkD8J2CYozxIoVWedFDmr+/oYwn
xYwj+NXSukRyKFebdeCpemLvGjvqSoaHOE0fAAB9V1dqqlgE9v7GHOFhtQHLfS6ZOuMIskaCzM5v
TfoHAE2lUmKgMpUiMsgL91dL3/CTqc6l9a7eewlzIvneU99dv2y5T6BeZcSqzb7W1XsPngRYdfuS
VVfY7GuetRCk0MhQmwW/9U7Y55N407niRkQBWMPqcG/V4tRozwv4gzjOSR0czklmqwjNbxQuOl9b
4vfyzi4E20+7zp56JPZXJqNm7EbAgjIsJdyajkB0hdofHdj9fj9i7DAmzPsu15erYsumph/vJrnw
e5dhM1ymjt8MsCZUs7PSGo0a5OcfzvjNwIwjGLtHGrDcZzUqC0tTqlEpsdCBNBRlMGC5f+ykU/Y9
H6NX2zq/au1Y7LnkRlqhJgZDXSZypoLUGUsZYUr+IAeUF6sYY2cu4u2bUhbwbCrXKwPPQugKNwha
k0IY7EeX+7ZyGL14fKGei4lzTgoDv0gSm/9JMLMLQa7ZJx1HNpYVoRXI4Lsjq26f2OtKZnbUlfyI
JLchHuRqs1p+Zmx5ykiyRgUAqDNUSPNhruExTzfnCl/AwPdtC5nBM1SjUnhAZSpFAXT13jt7SWhn
v7gwerXjZdf+f7vd1XvPbPV6fPIsj0kyd7yMqEskdnsKXxhyghHjiuG8uw6f2AY3UlpZ9iaxUvWv
wV5DfcGDsT9EvuxJbxgLAJj+/DbciQQAUFak4hqU2nd1lahLFkMGdGBYSsHMPmH91annCjSZiN1R
wB/svzAswbqSGeUqVXWGyrh328+f+29KsY6rb9gOP8Bi9bK6gusL0g21Qj2rIk8+diPQdtLJaphE
pSkFCZWplETjjUfOeXyhYye/EliCIinetZDF6u3uvddy/Paxk1/1XHLb7GsJkKzOpfUBy/1jJ79q
fXER+fqoM1TERn8zoIMcka9k+OYHT6givQcn7PPwA5QLIpvKlgmEDzUBACT9TI6APzj4LrpAse0g
e1Z57EYAPgaJQgKdry1x7dS5CrkjYZpUJVhXMqNEpbq9ruTwcVN9wzZib6Ox5GqzkPZOf+bohdnf
mCN8AUzguO/qSsfLLtbucapRKTjQ3lSK+BSX6iCmIzMLX2P6yyvOES5suQT+7hJcXqxixrGKcv4Z
R5CZDTt+IxCXa0hxGXFuhGHg1chIU8fwbE8mocolR2uq1PDZ5dOf3U7i9l0Ij7BmUxdgjamkDWCQ
guGhKWS57/7GHC4b6p5LsEG1FELwroVOvrbE2qRqqMvc35iDjDXQJlUe7KgryduQNXDBysP7N8Fs
ryup37tNoVe8+oZtF8/ByqwsVi/rcNqaKjXcHh+HfrPnf15fm7/NchIqUCn4UJlKIZeeS26BF8q8
DZo8LcsNJgHOt4xkDf+zrEiVnZXGbGqrKzMAANlZaVzy1eMLMVWXzrvrzqX1r5a+cS6tC+nL3Uzw
LmplGdbfBVf4TMVv+J/wiW2Gukz4pnPCPmfcuw1ygELx+2Gakwes36lkYmHuznUbYlCqPj+9laOJ
a8ASPb2TQiyzC8Gu3nusudO2g9oZx9fIC+/guyN0kmq8FJfq2jqeHHx3hNhuC0ULVIai0ofhOQMA
wJ+vrrJ++FtMOUjLazi+tdD8bZZiKKpRKXFBZSqFUAYs93nU+haX6orLHtYVavWFG5CZMdeie8Xt
dS26HbN3nIvLkkZ2mW3r33c8CZ2jmLdBsx3lpqBQovpRnXfXByz3WzgKlloas1EydT4pZSq86JcJ
mkQB9wbL25DMOeeAPziI4UfadpB7UCq0/lxS5OqQVzQWq7emin2kUOdzBa0di8hJqgMXrAePPi7V
+pIUdYaq5Snj9Ge3PxgcJceMSp2h2mXYvKOuRNECNQzvhKrJqMGZRRwvVKNS4oXKVAqJzDiCrKZw
XFRs3bR5y6aKrZviCmnrCrW6Qm3Flk3GvQAA4Fp0O+buOOZcjlkX+cVI+DQprREIH/NwdCCDSaiy
6gd9QXp1pRqSG2GMlGj9HpLk2MBxMTw0hbTFNtRmcnUuIEdDSQrS+yrpm4r50XPRzdqdkZ2V1vlc
AdKgzjHnsl6bSsogl9RUbN1UXKb7xHrruu2WvLddXaGWEagyrkF0hCRUTfWIQW5xQQUqhR9UplLE
J29DFpjj/O1XS98gz4Df2bWjrqS+YbsoLYWMat1lqAAATH9+2zF7Z/rz20qf49J0YDfhG1PkVE8u
nGyj271rocuW+1zmq6Z6DbyE77p1msrUVAan3FeTmdbO4a9js6/JPjRLoTjjN/oSEe9aqKv3bvcJ
XWyEq6ZK3dqci9yvDw9NVWzZRKyhOsmoM1T1DdseNW6esM99Yr2V4MxqrjZr89ZNuwybkzX6tqOu
BC5TuRKq+xtzBsweUYJuVKNSeEOdfiniA7/cI01EzVYvzlZPV6g9dHTPjw7slsL2pmLLpoamncfa
mw4fN+0ybFZo31HTgd3kl/vCAwGsJakMVjaDewDAgNnDVfpoMmrgcyYccy5yys8oCQaz3LfjyEbW
dL3HF+oS1s2VygSgY5NYjb7EZXYh2MNRwtPanFddCZtoxTDwtgI8gYiFqbZt63jy4NHHt9eVSO1m
l6vN2mWoOHzc1NbxZENTbbJqVADAdowCZlbL3+ysNEy3SwpFOmg2lUIcOJ1dFVs3NR3YnQD1qCvU
NjTtbGjayQxRdMzdUUR+NW+Dhvw8KkC1TcKJrfhlQCZU4R2qw0OTipuXQBEFgeW+PYTNdqbEi8Am
1ZVl72D/SMvPjJItMCUoLtUxk1Rci27HnMsxe8cxJ04bjjpDxbhXFJfqUirvXb93GzwAx5VQfbo5
l+RxgJRUgMpUcoG7mBSXka5A+DGGMWpFlsFrFVs2MeWgrkX3hH2e2HrgvA2a+r3byE+iMiArfrmc
flkrfsMMmD37G3NYU15II6Vbn91uaAoqNH9O4Q1muW/bQfbd7diNAN3PJQGQJtWOIxs7zyzBHz79
2e1J+7xSLr+E8/c2nM0AgJVl74rb65i9E/B/zdSHuxbdSO2qK9Qy0jRvg0ZfqE0paRrJ9rqS4WuI
GBxrh6q+IN1Qm2njKFzCx6R/gNb9UvhBZSqFLJBz6nSF2oam2sQshnsBOxuadq66fbc+u+2Yc01/
RoSl/o66koqtm5TVWgnPpmoy07jmpg5YPJAHQhKqSCOlgD943XaLuqGkFJjlvq37WBIOAACPLyRw
eAOFECBNqpiTVD8YHC0u06XgBGZJydugydugYbKssQT8QefiP/ws9IUbaJwxCt4J1f2NOcJlKoXC
GypTKQQRNQaTlcTU+uLANLcwlksL31kE30nARNZI1BmqzVs3FZfq4nU5JgTH7B3IbyFDU212xOdk
wOwxGTWsoqKlMQfe/Jysk2nEwg9tI1QiOOW+1ZVqrllHfVfFn9xAkQumSZVrkurYDT98KG7AHxx8
d4TOp0kkTMpU7lUQDU5CdcDiia0WqalS6/PT6fWNIhfUQokiPvDSGohCGIfWOQMAdtSVkFm3U1T6
sHHvtoNHHz/xf/7k0NE99Q3bKrZuksiVQZ2hqti6qaGp9vBx0wv/vv9HB3ZvrytRokYFAESGwGMp
L36I9eczjiDyruldC7HaQgAADHWZ+nxYhG5l2Ttpn4efX0HAP4fjN/2xP4QbqwrpKCYQzHJfVt0C
ABi7EUBm2CjKwmL1mjlKuE89VwC3YQN/n08jwbooFP7Uo2Kv5mEvq/tg675c4c9u0j8g/CSUFIRm
Uynik5HBri6QjKEMfusbtvM7cyIpKn040rtoYe4O01fjXHQH1oIrbm9cTa1MkFhXqM3IVDHGDwpV
pLEgm4tqONw1uXaQUXBVMQEAWvflwqs0h69NJU2DWZ5WE28fNdxYFR5cUBa03JcQ4HUoEMdviei5
6K6pVMe+6fqC9LZDWuSbTufTUEgDmVD1roVso2uxFmImo6bnIvWHo8gDlalEkAC3fUUw4/ga8ltd
oVaJDT9RqjXMqtsHuWGQb9IrnOnPET29XEW/yIrfMFyDyw21mZrMNMh9d2XZuzB3JxXehRkHS6Sg
vAgWaQr4g65Fd3JswYcGRxVa7utkG0CNvJUkzRsnNd610MnXls6eeiT2VyajxmZfQ/anDPaPHD5u
kmZ1FAofkB2qA+b7rE7XLaZs5OhgCkUKaNEvEUg9u1wpwDsGN29VkjkQklxtFqNgWf+Te3WJ4BbU
ekqfn876vbDZ1/CFgcXqZZ3Tm52V1mLKhj92eChJyvbgruCsVV6QrmAGxxysqVgpTH9+ewJV3U1s
uS/rtwB5K6GDPfGZXQj2XV1h/VX7kY3wxgEAgGvRPTT4qQTrolB4gpyhOrsQZA1c7ueI01EoUkNl
KoUUWOVEJNQjIZlYdfvgLY5c0ymtcboOcnWossaMI3HMuRaSQoypoUX4rLEhfUE6fBc+YZ8Tuiy5
YaxukIfRct9Upu/qKutkuOystHaO4EUk1223kuMaQkkamAE/EFh7arKz0hpRd0wKRQqoTKWQwlds
NWyRSORIRJGFT6wI0xquxlT8il8GroSqviAded9NjoSqHlXkyRo+r65if/0ZXIvuVbdP0LLkZuCC
FZlaJLPcVwh+P6yxghJLd+891oqDmip1azPaWmawf4RmsCnksANluMh1h30a49NOoYgOlankwnpr
TGKQez4lNqZSuIA3pmoy01izqTb7Gg8jh55L7Glb5H03ORKqyF7EmQUW6VIDlakAgOGhSf5rkhvr
tSnk7Chiy33hlBXB9qBJ5tKcAJx317nS5q3NefBXGwCwsuxNjmgXJTlghthBDnDeXecK7CI/7RSK
6FCZSi7w4WzJVwELL/qlth/JxKR9Hu5bI1bFL4NtdI21ci9FEqrqDBW8EoH1xTHUsr8FYSbs8wpN
qE7a53He1rZDWsLLfbnqURO/EoEgxbO8f5RtdI0rxdRxJB/5cFr6SyGKCpTNB9fMBSVeWyhKh37m
KOLjhO45kEPnWOE95IZCIEjfGiObRvL4Qha8UTSxcFmhcJV0hkmFhCrrvGKcZiQlJlRdi+4PBkeR
hxlqM7m6l7t775Fc7gvfSjpmSfwwI8tikZ5eUtPVe481kFperDp2EB1CpaW/FHKo2LIJXvfL2gZC
ocgClakU8QlA259k33BQ5GVh7g683lKfn85e8csrlcowfjPAmnoqL1ZVczTBhkmChCq8+MJ5d511
X4J0mZqwzytLw7sW3RfPfYgUDJpMToMcs9Ur5HMoLt74XZrJ7E2Nd65v4vGuhbo4UugtjTnIawgt
/aUQRXEZ7I4AHw1IoSQSKlPlh192kWTg2VRKioPcrpnq2ZuQzcOC9rJcCdXW5jz4A5MgoVqMGnHE
6u5YU6VGTt1QUJoo4A/iaFQAQMeRjaw5SefSes9Fgi5urE3F8Jk0ZPamrrhhX22ujjj4ADPRGb8Z
GOBoSO44shF5H79uu0Xmi09JQeC+egn+ZlEoEJJNICmR5MsuwkPjSGsWShKDTKUCjiSec2ld4L2T
K6FaU6VO+oSqrlALb0/lar1r3YdwmVpZ9sLnxRMCvkbd35jD1Rp98rUlHg5eXJid3wo8g8fHcgac
eZ4Cn1d04KXI5HTE9V1Z5XKXQX5TAACK+KZQUoHkMzehJCukXP0pyQR8G6QhZs9BSTzIjVqjUcOa
DhqweIQ/u5CE6iSqn5ZwKrYg3B1ZE6omowYpe6Y/uz00+KmgxUmMa9Hd0/UejjwrK1K1cbQa9l1d
gdvaxYVwjQo4avOQcUAHeaUB8NAV618kS/ucwNJf16Lbek3ZAS9KcgDvTQW0PZVCDFQwUEQGWR5Z
XkTNkFKU67ZpZBMaayrV4wsJrPhlEJRQVfj+Ej6EAHDXVHPJtkiu224RK+Mx+1EBAJrMtO4T7EmG
sRuBvqurYi9NKFxbSXhkwbW4LM1yeMLvlgF3hpcOgaW/n1hvKdQfm5JMIEcnpNpARAqxUJlKEZlb
n8HmYQK+Rb9OwrZWlHhZdfuQxrDVlWrWj4dtlM+4VFZ4J1RXlr3XbdOirEEWikofhtf9cml4Q10m
UsMDAAb7RwhUqpP2+bg0Kmt9qccX6nxtScRVhVOpAnOq3rUQ626yGnqNJS2birxlsP45rH25iUFI
6W/AHxx8l5b+UigUChZUplJEZvpz2J4Dst+trsyAPDDgDyrFqYXCyuC7aK8dLq3Yd0W0RBYkoYoz
f0XRH8IddSXwA7g0PE6aCAAw2D/yPkndd9ZrU/gOT22HtFw2Ae2nXUS1pEbCmlCF+x2sLHuJak+F
3zLKilSssQMZixIFlv465lzwP1kWXItumualUCikQWUqRUxci254VWd5MWfFL9InA2m9QyGW67Zp
5NvXaNSwplLNVq+4Yyp7LrFn5p9uRmdCrttuibiSBLOjrhR+AJeG1xektx1Cl/4CACbs8wNvW2UX
8wF/8NK5j/CNr9qPbOSavtNzyS1iS6rojN/0x/6wBhryAyQlVKc/v42y3GP/W+TtnRu/GeByHevg
GGUUydDgp7J/R8IwX5bzZ8w9Xe+d7R5UdM0IBRNkpf0jBQ8mZiUUChwqU+WHXw8AmUNfJlBVf4Za
dgtNgOF4TOZgegoS16J7aHAUeRiXShQxlcowuxBktQvSF6RjJFSnlJtzyNVmVaA6VLs50kQmowb5
4jBMf3b7/BmzjPm6hbk7PV3v4Ue1jh3UcmlUs9V7maMRkR/iplIBAFzTgOHZ7wn7nLjL4M11K0IU
sd4ynEvr4oaueNDVe4/13q0vSG9FBbxWlr3kBLwGLljDX5aVZe/Q4OjZ7kGlj+CiwEHOT4bPtaJQ
EgaVqfLDFaqH1w6ROQ8dXsukyUyDN6bC/2QCC6UoSAL+4MDbVuRhrc25rPdF0VOpDFzS9+nmXGR1
6wcYkptYHjVshh/gvLsOKf3lmmAZxcqy9/wZc+JNTQP+4NDgp5jNqAyNRk1LYw7rr2YcQS7Rzg/R
NSrgnnDINVOHwbXoJkGHIMdT6fPTWW8ZYwTMdfSuhXouscdiWpvzkP7YhAS8WN+ClWXvxXMfEpXy
pYgLPOiP/PRSKAmDylRygRfBElgBO2mfh4tn+M4JQEuCAQAry14StlaUuBi4YEWGVPT56fs5pILo
qVQGrvkr+oL0FlM2/LHTn91W7uewqPRh5MS8vqurXBWV3Sd0mEoVADA8NHX+jDlhr9X057fPnzHH
laQ6dlDLVaLpXFpvP03cNZYVrl5r+KNISKgiq7K5bhlcBbcJxmL1sr74AIB2jNJfEryUPuH+vly3
3bp47kOi2pgpYgEP+utpxS+FGKhMJQKuwi3IQ1yLbtIinZAbHoORu+KXAVISzEDC1oqCz/v9Izjx
lPYjG1mDMhKlUhn6rqyy1uztb8xJ7oRqfcM25DFdvXdZf56dldZxJB/HTomBGQYz8LZV0sSRa9F9
6dxHOAGRSNqPbOTKo3p8oZOvLYlomwS4U6nCU6y2URbNhnEtnZc3mzdpn0deHFoaWWJGHl+I9U+W
Ba58O44lm+xeSqtu3zTUZtm16D5/xvw+tg8ZRREszN1BNYTzGcdAoUgBlalEwLoXhzvfAgDgN5gE
szB3Bx521eenI7OpNVVqVEuVzFsrCj5Dg58ie5UBAPsbc1hvih5fqOeihIF859111rbD7Kw0pF2Q
a9GtXKORotKHkR2qswtBLi/T8mJV9wkdvlIFAEx/drun6733+0dE//Kuun3v94+cP2OOq7pEk5kG
8UwCALSfdolrmyRFuW8Y1tRidlYaUibJmM0L+IPIWE91pZq1EYAcjQqgRfJtB7XIr8nQ4KcSLAoX
5IQwhgn7fE/Xe9ZrU1SsJgfoKobarMSshEJBQgvQiWDGEQTG6B9iVG3Nb0dNmEgYyD2HqR7rwmeq
18A9SwbfHTl49HH8hVFkYdI+j1N+WVak4rIb6bu6Km46K5YBs2d/Y05sItdk1PRdWYUncoeHJnfU
lagzcCtgieKJplpkkMti9dZUqVm1HKNUu3rvxqXlJuzzE/b54lLdLmNFxRaETkayMHdnwj6HEweJ
gpmPCqlV6eq9R7K1byzOu+szjmDsX2Qyaixsle1hHHOu67bpXYYKKVfHzsAFtB0013gqUSp+zc5v
TfoHhJ8HANB3ddVk1MQq6uystNZ9uWc5+lcZVpa91mtTxr3oAgfRmf78Nv7XJ+APDg9NTdjn6/du
I2fXQQ4Bf9Ax53Ituh2zd1bc3shcpa5Qm7dBU1yq27x1U65Wfvk3/fltZEM40s+SQkkYNJtKBGM3
WIYKAJSlEHNZlGZF8TFpn0euBJK7iOsw2QulKEgm7fODGPMzNZlpHUfyuYYiiuuwygrEBAXZWhbw
B3Hsi8kkV5uFU/rb3XuPq/WOUar4faphHHOugQvWV353+f3+ER5fZCaPfbZ78OK5D3lo1LIiVV9X
IVyjwqUdDyRNpX73FGxrrqlSI9+g4aHJxN9EcHoBqivVrIFa59K68Gyq6O8IZIwqxlswlfi3wLXo
5pFLX1n2DvaPUB/gMAF/cNI+f+ncR6/87vLABevw0JRjzhVVT+tadE9/dntocLSn673zZ8yT9nkZ
k9IBfxD5viOr3iiUREJlKhHMLgRZ2+RM9ajxGAn30owFp3yrkS3YzEp5sQo5Hn3wXfGrByliMTT4
KY5GBQC0HdJyCQau3kjRsVi9ziWWrGlNlRr5OZywzyt3u2bcu01XiB6F2vnaEpedUnZW2tlTj2BO
qYki4A9O2OcHLlhP/+9/uXTuo6HBTyft86yNAwtzdxbm7livTQ28bX3ld5fPnzEPDY7y8znf35hz
9tQjEGs6uTSqcNVkHmZfdouJvfk2DGPEnch98/v9IzjxhbaDG1h/PmDxiLUSEcUq18BhwP2HRDKY
2OZPpmOc9zMyPsCXzn2k3KufcBbm7rzfP/LK7y4P4vkvMLgW3YP9Iz1d703GH2ITBZxPGmtDOAO/
6YkUihAe+PZbyQO9KYLACiLWXimPL9RyHJFwOHR0T1Hpw0KeWiBDg58iyzv7Xi7EH8M1diPQ8TLi
uq8r1B46ukehJZdJDOYeFADQaNRwmawOWO7DK+XEpbpS3X2CxfzWubTe+uIi/LG6Qu3h4yZp1iU5
jD8K8jBklazZ6u256Ja6QlsImsy0jiMb4VkCefOowgtQubpt20+7uIbWhEnY5RTz+rC/MaftIEsM
xeMLtXYsCv+kRb4vYpX+6vPT+7oKWX+F89FK2JVEoEaNorhUV9+wTd4dSIKZtM9PYLh/IdEVapsO
7MaJFYoFzreP624IALDZ1zrPLAlZQALqSijJB82mkgJrLBbHBkNe09GFuTtIjYqfSmXASWSJe6+l
CCfgD1469xGmRq2uVHNp1BlHMJEaFXBnQvQF6Vx9s2Fci+7ETwcVC12hFqf017sWaj/t4sqpAgBM
Rg2/AuDEUF2p7usqTLxGTTBcCVWuDs9IXIvunq73JC09ZdK2ONcHTWYa1/fusuW+uBpVRAR6KbkW
3Qkw1J20z58/YxbxWRxzrovnPmRqWcU6J7FM2ufPdg/GlT6FwEQJE2bFx6hr5GFclwvn0jpXZTuF
IilUppKCzb7GXveLkqmuRbdcboEBfxCnvPNp1F4/FsytFVWqhMDccTFv3mVFqs7nClh/5fGFElbu
GwnXVIn9jTnIQeefWG8ptwTduHcbcowqwFCq5cWqs6ceQar6BMM4+naf0EEKfT2+kEQaNcGpA65o
S02VmmsocSQBf/D8GbNEMZeFuTvnz5gxrek7nytgfb88vtCAWbSK3zAivk0DZg/rTTw7Kw05jRkA
MGGfl+6OFvAH3+8fwWzHiBemlvVs92BSugGvun3Wa1NMfS+/dgMIQ4OjCQhPXLdN47z1jUYNl3Nn
V+89kutlKEkMlamk4F1jnwWHk1q8brslSywT56q9vzEnrlQqA+bWiipVEpi0z1889yHm/Vufnw6R
DT2X3LKYrDrvrg9wDadhKz6MBMeUgmRanjLmbUD3lzJKldWqJ0xrc17fy4XI61ViaDRq+roK4WE+
jy/UftpFgkYVRSxxZfNam3OR0RaG4aGps92DIt5NmIlB+NcHrvFUAICeS1IVloulVCGWbK3NeTjl
Bky8T/SeTyZMwMNyLC5Wlr3DQ1OMO1pytK0yDag9Xe8ND0kovyUNTwAA3u8fwXH702Ry3uz6rq4g
GwcoFIl4sLOzU+41JAl93acEnsHjC7F6JukL0pEbKcecq2xzoSYHMWpVRK7bppHlvprMtM7nCh5S
8Wn+2VL+0Ef/aw25L/F6/KMjMwn+2ykMAX/w/3rn/2/vDmLbuM48gL8qpEiKtkVZCmmtISKSYEtx
aikS0hwkHzZ1pQXWBdy4vditC2SdQww4l4XdHnqIcimQ2jd3oSwQ91AV8e6idupFtcDSddNdmESR
GlRkp7ZsgZFBrSBTpiNKFilRlNU9vIRlJfLxzcx7M2+G/98psBWZ5Aznvf/M9773xz/+79SzDa7p
o99X99N/fn5PhdsWkWj2V9eWhb5ADe4l1r/92o7t52pbq3tyKp968ozx/y5lsl5f/d+1Nct8gbK4
XM+F24P3bierHsTCxl/orbTe7orftR0NdcOH/D1d3kRyfXHZmrvvPV2es6eajw3vZF95EsnCufce
/98j1rZD+uiLPcZHkNSTZ6EWV2e4fsuf17u/1tvtHf8D16PI/Fph+t7crdiD7Ep+x06v7uvqwnzm
fyK3x698wl9L3NPl+clb5b9Ek1P59/9NQE1ypUNj/MOnPp8t9HR5y17iXuz08BwC2l1sOZMNdwRd
rucMvp6F+cx//vsfb2p5yDk6sufFzvpEsqD7psDCfOZO/OFnEw8J+dqOnT7btZBYzuRuxR7815U/
3Yo9MKcJc3Zl7fPpRwd6wsaPeCk6QN+7Pcvzwz95q3n7pYMQkkgWfvqvYkqcTp4bEfJ7oKaghZJI
xpsxnP9RsOy95JGL6apd+D1e94k3XzNnRT7njiOVunpw4umlVHT4SJ8lGwDWrNmZx5qKoNideBLJ
wtn3FqwtK6rU1Ymnl5LH6z597tu2m5AVzc48/vCDjzl/eKDPd/bUbkYlLRWJZqtuPytWqNl1+niA
Z0OFWHxVXhmbvpgqpJdPqNk1+m6o7KGJRLOVitsZGpv8+17cG+54Ptwe5Dm9Z2ceJ2cWHtyd0zq/
72hzM+os3nrnkZA6C8ahMaGXkqZD4PG6vzG4/2B/u77NNqfvzd2KTmtdRVk6ZI9dW7oaWTH+HQm3
Bw/2v7DvwF7FL4/LmdyDu3N34jNW7fMndgpHK7E530ulsW8lt3n6nZSoazhaKIEOiKkiGR/nGBPl
t95JVR0wPF73t470yd59m7PUltEyjt/YtaUx7ids4fbgsR8MKj4WOgDd6r3qs/RSHW3uc6eaK2VU
UQ08jRsd2VP2RfKch/sO7D32/UE5r8sMnPeeqFCza+TtFp5d4Cen8h9df2p8r0u2ni7P8CE/502x
0csZebvyGpmKCUlKldrkEsM9tBub/I0Bf7A14PVtPe6p+Ux+taC7tQw7owo8XuyjIyqpMg6BjoXQ
+w7s3f/i3nBHsGpeza8VkjML03fnkjOPdayi3H5beSW3OXZtWdSHH2wNHOxvD7c/b2Z726oW5jPT
9+Z03FiRRMgN91ux6Zs3PuN8hN7R5n7/3T1l/0rsun3EVNABMVUkIYNcpYky/wzjlYH9h4+8bPyV
lMU5l/X76t5/N6RjVep2mi6UHq/7yPde3ffiXuP/LpQ1fW/uxvinmuZA7DkoXR9oyZLU7Rj3Vnie
5xz7waCtzz1NSZUQcvLoLp5uZ4SQVHojEs1GbubEPlz1++oG+n3HhnbyBGZCSCJZOH/pibyTzeA8
TFRMqlSVQ5Tsacy+PhjfBqOo6tER9fkT5iHgqY0qi94mCHeU2f0lNZ9ZWswaCVqM0qdUeuOX15YF
njaNTf5w+/Ph9iBP9pZhYT6zMJ+hj/3FLgrt6fL0dns62+r9DXWEkNSTjcmpfCxefflSqXB78PCR
l/WF+dmZx78bn+A/ExjfPoFfPQoxFXRATBXM+DjHmCjz7IBHSdqSK/r7P9+8wdUK0mC579bfxv3G
qX0H9n7rSJ8l45+DLWdy47/W3Iu/p8tTqXUnJaqcT5RKpy5PCbrdS3+J9qTKfk6+XSJZiE3kovFV
Iwc91Ozq6fYM9vl46nuLrl5/OvabZXkP7YVMwoQkJb+vbux8a6Uvnb7qX0nYGVXsWgCeAyQqqTIO
gVI35gjfrsLkqy1JhLfSaWzyB1sDodZAuD0YbA1IunguZ3JLi9nkzELy88ep+UXh/Yo62tzHhncO
9PkqHfGPrj/lrwujDva/8MrAfv5ZnI4yb8bjBM4KPn7IqKAPYqpgQga5kTMtZccMresEDva/cOjw
14WkNU0RpVLpsm46xnW6sGfwm9W3hYSqdFT5UlXPBAWf7TDmlzzFh3Yv/SXakyrR8li1aCW3mUgW
bt9fSyQLj9Ib7G+331fXGXZ3hus7w+7eLo/WMg3ZD1GJuEmYqJjEXnMRiWZHP5TVOJcf+/ogNs5x
HiCBD1QZtZQruc3RyxkVLn381fuU7Bp+j9cdam1qbGqgj44bm/wer1vTDXfaZHhpMbuUyS4tZpcW
c0K2Oa1kaNDPWc2h7ypUtVJ6dubxg7tz0/fmtJZ5s7tFaH02wIaMCrohpgomuw2GjrvLBsNqfq1w
K/aA8yEqqXZ3XDd943pjk//wkZdtXYdpLXr0/xR9oPX2s99Xd/pEgP1EXcGMSlVaWsZ5n8gB3bym
782N/1rbbn5CvviJZGHLzpOdYbeR32lOHhA4CRMYk9gh0ITozlD1+iD8kSP/MTLtEEhdI82Dsxfa
dsLLgDnR7Frm9Uh4QFrV0KD/h0d3abpltpLbvHDpC90hP9ga8Hr/2oyX5nB9v4p9udbUE4QHYiro
hpgqnuw2GPoWDNB7cvsP7OXPq7St/J34DP8AwL4/V2rLfLTSMp4t9I3r4fbgocMvtbWXWdIDlegO
qITvDr2yGZWqtLSMs/T3n97+B7vXnOvYlFjrkxmpaKGdkFalbMJnYAJjUtWn3KK6uWrS0+U5d2o3
Y35vYUalTEuqUjtOM/h9dSe/s+sYx+bkDHTBufnnj7X8vrpjwzteH9qp+/aZ5WMfO6Nq2mGBBzIq
GIGYKp6oEa5S6S8xtriIdi8ItjaFWgONTf7SyXR+rbAwn/lyCYeuVoGV+j8VxeKr0YnVsh0FOtrc
tFcn++qve1xHWOW0nMn9KfpA0+2JUlXv0K/kNkcupoWvcaJjoahvH6Ngj6cDSrg9ePzNvxfySiyU
Xyt8+MHHmvqysFdFmiOV3rh6fSVyM2vO7FnlmEo42gSY+WQs1Ow6e2o3+6akjKWbFsZUUu1mgaQ1
nwwDfb7TxwNCGhwSQlZym7GJ1auRp+qstpVEUztxNuGPK/lVLbIQuzMcMioYhJgqnsAeDIwnk4os
LirFng9NTuUvXPqiasEkz61KI+VqjU3+Q998SfaePTY1O/P4TnzmTvyhvv+dp9BXXvuQ4nAo6gtY
aXLJuX3OocMvOWBpdH6tcGN8QtMpIansn0csvhqJZmVvflNK0iRMbExi1OYUyX4yRnvMVJ3ip9Ib
71xMW5tRKZMPQSy+Ono5I3uT4Z4uz8mjjZy1S1olkoWr159q7WqrPr+vjqZTsXUilkzh3joeYDxC
V+EOEcAWiKlSCHykY1oXRCOq5hOtxbpVqwcN7ufm8boP9rd/Y3C/3SszhaDbmt+KPdC90IVwFPIR
QhLJwsjFtIypWOlYKPA+UaUuiJyF92+cGVZqh0DdPos//N34BP/TdZ5cJNDkVD42sRqLr8qe5W8h
bwYmNiMRLW3tGAUvOtAdg4YH/TzRaHIqP3IxLXxEUyGmEr5DEIlmx36zLOM0lhpQt4hEs7H4qpl3
iyQZ6PMND/o1tRPXxMz14TxzKmRUUBBiqhQCRzh2w0YVWtuzn/oaeYVVy9U4n9Ay6Fiy6xj5tcL0
3bkH9+am784Z+T08D1GJzFVY28dCE9ql8tx5aWzyv3Fm2Nb70xQtZ3JXfnWTvwCYsW+kEIlkYfL+
2u2p/ORU3pJbdbJnYMJjUkeb+923W/hLPenWQZNTeR31qB1t7t5ub2+Xh3+KL6kM0shhEn4IOFsW
CYx5oWbXQL/v2NAOUSW+/GgxsB3z6kCfb6DfV2l3GbEM3nDndPLoLnaFGjIqKAsxVRbTejAQS9c5
sKc+xq99Vd+7qE6etZNXRaVTamjQf/p4oOpwLu8ULTsWCvz2VaqS4uz6e7D/hX/87quiXozl+HdO
Zt9f40f3rSGEpJ5spNIbPLvXmMCcGZjwmMS5Q+Z2iWQhld5IzK6v5P6SSK6X/Znebo+/oa6zrV5r
c2Z5z5SMHyYZNws49xlOpTeiE6v6bsT0dHl6uz0DfQ2a6lRj8dXJ+/lEcj2RLJT+iz1dnlCLq7fb
oy+5reQ2b0/l6Xsxud6Bn76tmLdIpTcepZ/R/97T8pymW0KjlxdlrE/mqXJCRgWVIabKInZ4q5rW
LNldgF3aJ+raxxOEjD9WLQq2BsLtwf0H9jqs2dLCfCY583j67pyoTeQ62tynjzdVfWImqWFSUaXh
0ITSX86OiEe++6qT1kIvzGfGr3zC81h17Getmp7h0Nrd7bNk1Zg2AxOekSjd25AIR7sxy7vHqmBM
Jbq67CaShcTsOr1Ns2XHJmpHQ11n2B1qcYWaXVqrGDS1HKNPGnW3EbK8CKJUqNnVGXbTdKr7aXMi
WYhEs5NTa2WnOj1dnoF+H+fvn5zKj11bEjVWcpZ5S6rIQ0wFURBTJTI5qRKZK1u24Ikob73zSNS1
j7Mpi9jNFTxed7gjGG4PMnbWVhyNpsmZheTnCwK3lQs1u05+ZxfPTEXSYrMixlhoTuE9T+mvM/an
2eLG+Ke3Yg/YP8O/QtW0C5dB5s+9JCVV2qmOvVeNbLJbyIg6WJIOAc9jLtl0V5yGml3DhxqGB/1G
Xj/N3olkIZFcN6fRsd9X1xl2d4bre7s8NNXr/lUruc1INPtRZIXzqsW/NnhyKk+rvvV9NWjDJ84y
b0n9TZBRQSDEVIlk1AvxpDWpcz6eiCLjAZrfVzfydkvVq7ykzRWKkTXUGlD5KetyJpeaX1yYzyQ/
fyxjx3P+2a0JS26qjoUmlP4SvtsxwdbAG2eGRb0YRdyKTd8Yn2D8AGNTnyLZD9sFsmruJSkmES33
mwSiSxZl35UQe7DkHYKqiwblEXJXV2CTIVoxe/v+Gi0sX8ltGrzN3dPlISW16JqqcBlojNQ3x+C/
N6G1UpquBh/o8/E/S796/en7lzVsNsYJGRXEQkyVS/jwVrVdWxFt2CgwsHHOaaR2daq6Wz2VSm+M
Xs7I69wQbA2EWgN079lga8DCHjmzM4+XFrNLmaykXFqkaU9zgTXYlXCOhSaU/nLekH5lYP/hIy8L
eTHquPzBH9g15JFftDH+Vp1e5VVZOPeSl5Eo+tU2+GSMBy2PNGc/W7vEVMLdgk4UrY8BeUjasoUq
rXNOzK5ny9U80yBK/1tUHN2C7tgUuZkz+LnpKPmm6/Pp4vwtf9XZVh9qcWn92FdymxcufSFpgoSY
CmIhpkonow0G/2Wu2G1P91IQTTsKmLBElv9+5ORU/qPrT01oM+jxukOtTcHWgNfnDrYGvN564dl1
OZNbWsyura0vzGeWFrNLizmpobQUvT3B2TxDVEcrNv6B0JzSX87b0g5bpEoImb43d/VXUcYPjI7s
qTSFSqU33nonhYzKQ3ZSpSQ1OKWtgCI3s6a1TpBxvBxws0DTGlR9aGNhSXnVEpLOXs7ODjJcvf50
7DfLks4Byy+V4DyIqdLJa4Nx+nhA05BGuxfQno3sKjvaWqAz7NbUKlDejiNbaOpXKakMmAeNr4QQ
j88d+tvVrR5vfemfpOYz+bW/6Z+Z/PzxV39lUhzdrqfLQ++Rc/681PGvSOtAaE7p78jFdNUbIh6v
+8Sbr9l0nXMl7/3kPxh/y9iWRuDadakUmXiZk1Qp2ie2p8urexpNlx1OTuXNb+5qo81syxK+V6f5
twnIV3lV045ESjHnQ9MxizNCbIum7RS5VILDIKaaQV4bDK3VI1tMTm29YOkrmDFn768tNLWgoC0l
jVfs1AL6/PzY0E7+OxQmVPlS+gZCgaW/lbYI5tyfJtgaOPHma87YSZXSF1MlLYsSS7VZl5lJtaij
zb2nxdUZdpfWVdK+sqXbb9CKxEfpZ1XvgUplu81sGQb6fD3dnt4ur44nk7RM9Pb9tWh81fJt1Xu7
PQa76ZqDLgedvJ+PxVfNnCcMDfo1jbY6yA6oRL2rJTgGYqpJ5A1vFlaPUKZFlO109KsUvmTXSXRU
/Zkw/hXpHggFfvsYbYE496dx0k6qy5nc6PnfMn6gbExdyW2ePDeveLmvgrMuS2KqjZhwyKw6BD1d
ns5w/Y6Gr3W21fsb6kjJDeXivWalNhYui+5N2hl268veMhSjaaUdZUxDa5fEltzTNV9XI09NeGsK
XjDBGRBTTSJ7eONvdy6Q7E5FnELNrrOndmt678Ulu5a/eBV0tLmHD/m13u02v5rayEAo8AvI6OM1
dm2JZxPIw0f6XhnYJ+r1WKjq2tSrP9+7fdYViWYvXPpC5usyStkpF5JqJXbfzLYG0ezdGXZ3ttWb
llqLz5kTyQLtS2TOv8uJljL1dnuM5FU6vZmcyps2Oit7wQQHQEw1jwnDW0eb+9jwThN6Blq44LMS
fUG9eEHXvU2ZfWnaebxUIlm4ev2pXQIqJfbbx1hyefa9BZ5ny2+cGXbAItX/uvLJnfjDSn/r99V9
9C97t/85zzpeq6g/30JM2s7ko4ZDIEOo2RVqeY5eV3u6vIQQg7fdaRV6NreZmF2n5eiJZMFGozzd
Y6Yz7A41u6p+FJNT+dSTjUSyYP5jYfWvmWBriKmmMmd407G2kF8svhqJZpWdZQ4N+n94dJe+NTCx
+KoKxT9S0bKrwT5fT7dHx81aM0t8i0SNggK/fX5f3dj51rIfIGdFq8frPn3u27ZepJpfK4ye/y2j
v1fZ3sgruc1jZ+YkvzSd7DLfQkwqZclRwyEwjd9XVzqTocXPW36mdNMa4xuuKovuBLuFtZtO2+Wa
CfaFmGo2M4c3gd32aIQzubWAbgN9vteHduq+F5tKb0zez1vSplIGGk17uz29XR7dTSwi0aw5S1y2
/ruq7n840Ocbebul7F8lkoXTI4+q/oZga+CNM8OiXo/5Pos/HL/yCeMHyjZG5lzBazLbTbYQkygH
72cLoDjbXTbBjhBTLWDJ8FZcB8JTQEIIoRUyX24qYOntOt207qdSVjGyJpLrNrpHS7eUoGt+jPRX
NGGrPQbho6DYrx5jfxrOTra2bqf0/oXxpUVW4ffYz1q3n3ujlzMmtwRns+9MCzHJ8mOHQwA1y/Jv
H9QIxFQLKDK2lS0gIYSk0s8c8AixKNTsGj7UIGrb9MmpfGJ2nWfvWTMVN40wnkuLItGstS2mJI2C
Yr99oyN7KpXWc67AtGk7paqPUiu1RFZnu1QHTLMUGUosocjhq+VDADVLkW8f1ALEVGtgbDMf3W1F
bH8puiTm9v21ldxfEsl1ExJ+R5t7R0MdXZ/T0+WlGxgK/P2JZCESzVr1+LRI6iho2iLVs+8t8ESy
E2++1tb+vKiXZIKqq1JJhUfNqfTGyR/Ny3xpXBw2x6rB0US1I1iDhwBqlmrfPnA2xFTLYGCzBO0v
NdjnM75etxLa8p4Qkphdz+Y2CSG0zeCWnykNMDR8lv5AqMW1p+U5Qoi/oa6zrZ4Q0hne+jMCpdIb
kWg2cjOnwoN02aOg2K9e2UZBVCJZOPveAk87pRNvvmajxr83xj+9FXvA+IFK6Z2zFloep06wamc0
UfYI1s4hgFqm7BcQnAox1UoY2CwkZIMyu0skC7GJXDS+Wmt1mGK/eoydVGPx1ZGfp6v+hmBr4MSb
r9mi8e/szOMPP/iY/TNDg/5zp3Zv/3OrKn5rYWpVC6OJ4sexFg4B1DLFv4DgSIip1sPYZjnacGig
r8G0TcatpWbfZltvfjhypqXS8/mxa0tj15ar/gZbJNXlTO4XF/+bXe5LKjRP4myALFatzascPJrY
4lA6+POHGmeLLyA4D2KqEjC2KcLvq+vt9nSG3T1dXoN7i6smkSxM3l+7PZVXc89b84dAsV86v6/u
wo+DBtspKZ5U82uFDz/4eGG+StXu60M7Tx8vU8B8/tIX16OszsCi1Ph0ynmjie0OqPMOAdQ4230H
wTEQU1VRmwMbvfYp+96Lu/jQDrpWvxzNJqfyt++vJZKFyam8tS2RGByz82FHm/vCj4MG2ykpm1Q5
M2qlVakruc1jZ+akvTrMorZS9qKqiX0PqzM+fwBi568hOABiqkJqbWDbcu1T/+33dHlCJfu+KLii
tbhfjl12ebV8/FOtnRJRMqlyZlRCyNlTu8s20+asfOZk+WljF+pfVCtxxiG27+cPQJzyNQRbQ0xV
S+2MamUvf/Z6+35fHd2kdE/Lc51t9f6GOjPrhFPpjUfpZ6knG6n0xuRU3na73aoz/ok96yp1DyKE
TE7lz/1sgeeXNDb5j31/UJHev/wZtVJKX8ltnjw3b/x5vjrnjL3Y67rqvKNsr8+fKj0Kdnz9YJzz
volgR4ipKnL8qMC4/DngvdPdZYo7yoRaXKHmL9vJ8D+DLe5qQwihWZR8tU2r7RLpdkqNf8JPuUpP
FAkhkWj2wqUveH6Jx+s+8r1X9724V+hL02xhPjN+5ROejMrYQnb0cuaj60+NvxilThvbUf/S6uzj
q/7nTzl7dJbKMdne2d9EsBfEVEXZ+hrHwHn5c+rbBzXHP+Hn2/kfBSs9WtfUSeiVgf2Hj7ws7nVp
81n84e/GJ6r29aUq9ToW1eBXzTPHdtS8tNbOwVXz86cwOutT6XOz4wdVO99EsAvEVKXZ8TLHoOkK
6LD3DkTtIdDMxr+akmqwNXDku6+aXACcXyuMX/lk+i5v0yPGzrFn31u4fT9v/CWpfPLYkQoX2Jo9
pip8+KX0HQjV3oXJnJfqa/b7CCpDTLUBG13mKtF9+XPAewdih/FP+JnGKIIl2ndnOXT4pVcG9pvT
V+lWbPrmjc84H6IS5nLcq9efvn+5esEwD/VPIZsy/xqLQ1lk7QAn6kDU1DDtyEiPryQoCzHVHhS/
xrEZvwLa+u3XOBuNf8JPM8YWNUR7Um1s8h/65ktf739BzIsrZ/re3I3xT5cWNbwqRkblb25clY3O
IluTdKXF4avKzDFO6uFw6mAt5ENT8MPBdxMUh5hqJwpe49gEXgFt997BjuOfjKT6/rt7Kv2t1qRK
pIXVz+IPb/7+z5oCKmFmVP6tYnnY8VxyBh3fCBwsg2QMduYfFAcM2fI+NMs/HHxJwS4QU+3H8gsc
D0kXQVu8d7D1ECj8HGNkOaK3C25jk/+Vgf0H+18wWAa8MJ+5E394Jz7DX+JbxH5fIxfTsYlVI6+t
yNanE4BBzrhTYJex2+SPzuSPRcETA4ANMdXG1Lzum3AdVPONA3HKKGhyUuXfpWa7g/0vhNuD+w7s
5c+r+bVCcmYh+fnj6XtzWh+fFsnI3pU446QCgCJ1BnFFLi9SPxBF3iOADoiptqfI5R41RTXOSQOh
jFOLnesmp/IjF9NGlnEGWwONTf5Qa6Ax4G9s2rpra2o+k19bT81nFuYzuqNpEWNjWGIsdZf5bQ46
rwCgEnMGdLtcTwx+GnZ5mwBVIaY6h1WxzdoLIsKqtZw6HJqfVFdymyMX00L2bpEn1Owaebul0kY7
RHRGJc49wQBAK8ZlGRcKAEdCTHUm2eFNwSEBedVkCp4DYpmfVAkhY9eWxq4tC/93hRjo8509tbtS
42KCjAoAAADiIKbWBCETbltMGRFWZbPFaSCKJUk1kSyMXl5U6rFqqNl1+nhgoN/H+BkZAbumTjYA
AAAohZgKzoS8KlxtZgZJSfX08QDjsSQh5Or1p2O/WRay6ahBJ4/uen1oJ/vV6thZp6raPN8AAACA
QkwFh0NeNajG04Kk86ejzX3hx0F29lvJbY5dWxbYMleroUH/D4/uCrW4GD8jdn/UUjV+4gEAANQ4
xFSoFcirmiAkFEk6c6q2I6JS6Y1fXlsW/qySjSegEhENiivB6QcAAFDjEFOh5iCvMiAelCXpnPH7
6k6fCDA2dymiYTUWX5VaBhxqdg0faqha4kvJ6/aEkxAAAAAQU6GmIbISpAI+8k4VnqWq1EpuMzax
ejXyVGyRrd9XN9DvG+zzsZskFSWShfOXnsgo9KVwQgIAAABiKsCXaiqyIgnoIO8MCTW7zp7a3dvt
4fz5VHojOrEai68aaQjc0+Xp7fYM9DVULTwuJXvLHJyZAAAAQBBTASpxXmpFADBO6lnx+tDOk0d3
8TxWLTU5lU/MrqfSzxLJdUJI2eDq99XRLNrb7Qm1uDrb6jVF0+I/dOHSF6knG1r/R344RQEAAIBC
TAXgYsfUikm/DFLPBP7VqmYyp40TTlcAAAAoQkwF0Em14IpZvmlkH3qtNcDyrOQ2P7r+9GpkRfYO
rjh7AQAAoBRiKoB4UmMMJvSWM+cORU+XZ/iQ36onq6YFVApnNQAAAJRCTAUA0My0Z+mhZtfrwzuG
B/1a16zqNjmVj0SzZu7UiowKAAAAWyCmAgDoYXLV99Cgn3/PGB0SyUIkmo3FV6U2SdoOGRUAAAC2
Q0wFANDJ/PXJfl9db7dnoN/X2+UJtbiM/8JYfJXubWNOce8WyKgAAABQFmIqAIB+FnbSCjW7OsPu
zrC7p8vbGXbzVwWv5DZjE6ux+GpsYlXqK2RDRgUAAIBKEFMBAAxRpOdzT5eHpzlwIlmwNp1SyKgA
AADAgJgKAGCUIknVLpBRAQAAgA0xFQBADIRVHsioAAAAUBViKgCAMEiqDAioAAAAwMmkjfgAAGoB
klgl+GQAAACAH2IqAIBIyGPb4TMBAAAATVD0CwAgHqp/KQRUAAAA0AExFQBAlhoPq8ioAAAAoA+K
fgEAZKnlnFbL7x0AAAAMwtNUAADpauqxKgIqAAAAGISnqQAA0tVOcquddwoAAADy4GkqAIB5HPxY
FQEVAAAAREFMBQAwm8PCKgIqAAAAiIWYCgBgAWckVQRUAAAAkAExFQDAMvYNqwioAAAAIA9iKgCA
9WyUVxFQAQAAQDbEVAAAVagcVpFOAQAAwDSIqQAAylEqryKgAgAAgMkQUwEA1GVhXkU6BQAAAKsg
pgIA2IA5eRXRFAAAAFSAmAoAYDPCIyvSKQAAACgFMRUAwJaMh1WkUwAAAFATYioAAAAAAAAopM7q
FwAAAAAAAADwV4ipAAAAAAAAoBDEVAAAAAAAAFAIYioAAAAAAAAoBDEVAAAAAAAAFIKYCgAAAAAA
AApBTAUAAAAAAACFIKYCAAAAAACAQhBTAQAAAAAAQCGIqQAAAAAAAKAQxFQAAAAAAABQCGIqAAAA
AAAAKAQxFQAAAAAAABSCmAoAAAAAAAAKQUwFAAAAAAAAhSCmAgAAAAAAgEIQUwEAAAAAAEAhiKkA
AAAAAACgkP8H3Iqx2QplbmRzdHJlYW0KZW5kb2JqCjEyIDAgb2JqCjw8IC9UeXBlIC9Gb250Ci9T
dWJ0eXBlIC9UeXBlMQovTmFtZSAvRjEKL0Jhc2VGb250IC9UaW1lcy1Cb2xkCi9FbmNvZGluZyAv
V2luQW5zaUVuY29kaW5nCj4+CmVuZG9iagoxMyAwIG9iago8PCAvVHlwZSAvRm9udAovU3VidHlw
ZSAvVHlwZTEKL05hbWUgL0YyCi9CYXNlRm9udCAvVGltZXMtUm9tYW4KL0VuY29kaW5nIC9XaW5B
bnNpRW5jb2RpbmcKPj4KZW5kb2JqCjE0IDAgb2JqCjw8IC9UeXBlIC9QYWdlCi9NZWRpYUJveCBb
MC4wMDAgMC4wMDAgNTk1LjI4MCA4NDEuODkwXQovUGFyZW50IDMgMCBSCi9Db250ZW50cyAxNSAw
IFIKPj4KZW5kb2JqCjE1IDAgb2JqCjw8IC9GaWx0ZXIgL0ZsYXRlRGVjb2RlCi9MZW5ndGggMjE2
ID4+CnN0cmVhbQp4nG2QS27CMBRF517FHbYT4y9xppUAKeoEsNRBlAEVhCJoosYKn92wC7bHMxRk
qZ2cax3rviebSS6EQMpuzQTPjQRROqIzGWYTkpnFAQIFSqCiw5JcbNxpc8uVE3BGcpfTnBVq9sN0
frt92G88hbqJHawd/hb/GvmPkSaaZO5dfKBJl1lpaVnai2aHOZuywWQusQ4xVUx6mtZISZ/w5qG0
42Jo4JSmtoJfYjBWyLiFr4Hy5b0/hsUe58sZ/mvRbHFqe9RtF7PDZx82zSoE/lrBFxj5Ky5sUc8K
ZW5kc3RyZWFtCmVuZG9iagp4cmVmCjAgMTYKMDAwMDAwMDAwMCA2NTUzNSBmIAowMDAwMDAwMDA5
IDAwMDAwIG4gCjAwMDAwMDAwNzQgMDAwMDAgbiAKMDAwMDAwMDEyMCAwMDAwMCBuIAowMDAwMDAw
MzcxIDAwMDAwIG4gCjAwMDAwMDA0MDggMDAwMDAgbiAKMDAwMDAwMDU1NyAwMDAwMCBuIAowMDAw
MDAwNjYwIDAwMDAwIG4gCjAwMDAwMDQ1OTIgMDAwMDAgbiAKMDAwMDAwNDY0OCAwMDAwMCBuIAow
MDAwMDA0NzA0IDAwMDAwIG4gCjAwMDAwMjQ2MTQgMDAwMDAgbiAKMDAwMDEwNTgyMyAwMDAwMCBu
IAowMDAwMTA1OTMyIDAwMDAwIG4gCjAwMDAxMDYwNDIgMDAwMDAgbiAKMDAwMDEwNjE0NyAwMDAw
MCBuIAp0cmFpbGVyCjw8Ci9TaXplIDE2Ci9Sb290IDEgMCBSCi9JbmZvIDUgMCBSCi9JRFs8MTMw
NTI0YjQwZGE1NWUwOWU1MmIyNTAwYWI4ODBlMzE+PDEzMDUyNGI0MGRhNTVlMDllNTJiMjUwMGFi
ODgwZTMxPl0KPj4Kc3RhcnR4cmVmCjEwNjQzNgolJUVPRgo=
--vPvATheB--
  
[2026-05-25 02:15:31] local.DEBUG: From: Tsoka <hello@tsokatravel.com>
To: lisanyaude4413@gmail.com
Subject: Invoice TT-2026-004 from Tsoka Travel
MIME-Version: 1.0
Date: Mon, 25 May 2026 02:15:31 +0000
Message-ID: <4136b3f70927f221eb5e4aca6f393c98@tsokatravel.com>
Content-Type: multipart/mixed; boundary=z1DWeFML

--z1DWeFML
Content-Type: text/html; charset=utf-8
Content-Transfer-Encoding: quoted-printable

<!DOCTYPE html>
<html lang="en">
<head>
<meta charset="UTF-8">
<style>
body { font-family: -apple-system, 'Helvetica Neue', Arial, sans-serif; font-size: 14px; color: #1a1a1a; background: #f5f5f5; margin: 0; padding: 0; }
.wrap { max-width: 560px; margin: 32px auto; background: #fff; border-radius: 8px; overflow: hidden; box-shadow: 0 2px 8px rgba(0,0,0,.06); }
.topbar { height: 4px; background: #c8a96e; }
.body   { padding: 36px 40px; }
.greeting { font-size: 18px; font-weight: 700; margin-bottom: 16px; }
.para     { font-size: 13px; color: #555; line-height: 1.7; margin-bottom: 16px; }
.info-box { background: #fdf8f0; border: 1px solid #e8d5b5; border-radius: 6px; padding: 20px; margin: 24px 0; }
.info-row { display: flex; justify-content: space-between; padding: 5px 0; font-size: 13px; border-bottom: 1px solid #f0ead8; }
.info-row:last-child { border-bottom: none; }
.info-row .k { color: #888; }
.info-row .v { font-weight: 600; }
.cta-btn {
    display: block; width: 100%; padding: 14px; border-radius: 5px;
    text-align: center; background: #0a0a0a; color: #fff !important;
    font-size: 14px; font-weight: 700; text-decoration: none; margin: 24px 0 8px;
}
.footer { background: #fafafa; border-top: 1px solid #f0f0f0; padding: 20px 40px; text-align: center; font-size: 11px; color: #bbb; }
</style>
</head>
<body>
<div class="wrap">
    <div class="topbar"></div>
    <div class="body">
        <div class="greeting">
            Hi Lisa CT Nyaude,
        </div>
        <p class="para">
                            Please find your invoice from Luxsav attached to this email as a PDF.
                    </p>

        <div class="info-box">
            <div class="info-row"><span class="k">Reference</span><span class="v">TT-2026-004</span></div>
                        <div class="info-row"><span class="k">Description</span><span class="v">Trip to Dubai — 7 days, 4 guests</span></div>
                        <div class="info-row"><span class="k">Date</span><span class="v">25 May 2026</span></div>
                        <div class="info-row"><span class="k">Due Date</span><span class="v">16 Jun 2026</span></div>
                        <div class="info-row"><span class="k">Amount</span><span class="v">USD 5,886.40</span></div>
        </div>

        <a href="http://localhost:8000/tourpay/pay/e9a0faa1-85e3-4179-80b1-9b9e9711bb7d" class="cta-btn">
            View &amp; Pay Online
        </a>

        <p class="para" style="font-size:12px;">
            If you have any questions, please don&#039;t hesitate to get in touch.
        </p>
    </div>
    <div class="footer">
        Luxsav &nbsp;·&nbsp; This email was sent by Luxsav
    </div>
</div>
</body>
</html>

--z1DWeFML
Content-Type: application/pdf; name=TT-2026-004.pdf
Content-Transfer-Encoding: base64
Content-Disposition: attachment; name=TT-2026-004.pdf;
 filename=TT-2026-004.pdf

JVBERi0xLjcKMSAwIG9iago8PCAvVHlwZSAvQ2F0YWxvZwovT3V0bGluZXMgMiAwIFIKL1BhZ2Vz
IDMgMCBSID4+CmVuZG9iagoyIDAgb2JqCjw8IC9UeXBlIC9PdXRsaW5lcyAvQ291bnQgMCA+Pgpl
bmRvYmoKMyAwIG9iago8PCAvVHlwZSAvUGFnZXMKL0tpZHMgWzYgMCBSCjE0IDAgUgpdCi9Db3Vu
dCAyCi9SZXNvdXJjZXMgPDwKL1Byb2NTZXQgNCAwIFIKL0ZvbnQgPDwgCi9GMSAxMiAwIFIKL0Yy
IDEzIDAgUgo+PgovWE9iamVjdCA8PCAKL0kxIDEwIDAgUgovSTIgMTEgMCBSCj4+Ci9FeHRHU3Rh
dGUgPDwgCi9HUzEgOCAwIFIKL0dTMiA5IDAgUgo+Pgo+PgovTWVkaWFCb3ggWzAuMDAwIDAuMDAw
IDU5NS4yODAgODQxLjg5MF0KID4+CmVuZG9iago0IDAgb2JqClsvUERGIC9UZXh0IC9JbWFnZUMg
XQplbmRvYmoKNSAwIG9iago8PAovUHJvZHVjZXIgKP7/AGQAbwBtAHAAZABmACAAMwAuADEALgA1
ACAAKwAgAEMAUABEAEYpCi9DcmVhdGlvbkRhdGUgKEQ6MjAyNjA1MjUwMjE1MzArMDAnMDAnKQov
TW9kRGF0ZSAoRDoyMDI2MDUyNTAyMTUzMCswMCcwMCcpCj4+CmVuZG9iago2IDAgb2JqCjw8IC9U
eXBlIC9QYWdlCi9NZWRpYUJveCBbMC4wMDAgMC4wMDAgNTk1LjI4MCA4NDEuODkwXQovUGFyZW50
IDMgMCBSCi9Db250ZW50cyA3IDAgUgo+PgplbmRvYmoKNyAwIG9iago8PCAvRmlsdGVyIC9GbGF0
ZURlY29kZQovTGVuZ3RoIDM4NTggPj4Kc3RyZWFtCnicnVvdcls3Dr73U/CynU2Vw39yr+rGSdeZ
/DVWttNpe6G1FcdTy0psud08yT5KX28BEOChpHPkk0xmHAPiAUHgw0fyCD7Ss67rVPvz9vKoo1/K
T5/9zKROJadnKcPHS/X+6NORzfRpdGGWfFYrVRWeFNfK+0APDmnCnibNLGmqGVH8rG7An5gc+BOC
hZ/OavX2xyM98+ov1ann6lelfodfLnqn4ix06FRvv2iu1dnRT0ePfzzT6vIO/zf4/6ejaMqK4Z8N
9KuYCmmmjVfnK/X41KiTNTy+7w2E7Ie5cj7NDEgx+Vm2Rs0v4OPkOjU/V4+faWUgvmr+Xqlfvzl9
9e/Xp0+efvu7mj/nOMOgp3Ow7S1a7X8W276zM1gE+RNiQNuPnxmVZ4ktzuffmc6E77rOFatkbNhR
WZvOM+cc+6mrn6Eaffb29cshHw2ho/+5bbZzM+1ScVGDi7LoF/f/vVv8Wb3rnwgZPbX9ouSJ66v1
zfL6+2t6cHa+Xg09HOPM6bT/8D9MsBFwlFwybujB4GadH5jVZa/e4MzLW/V2vbh4MJ5G65kzcUJA
fzh98eLpiZq/nh7Vanw0rFd3C/Vkrl59XtxfLNuFyqMH4nu3uKHHnNP2+8vV4up6N8zVyME4p2S1
s1OwlyzUvp0Qq9Ozs3dP1cnxfLBMRiAo1ttgtc5CKb9cfFZYKpNdDQkoIXQHXD35akdDhNmD23dU
B/X8/uYLHfVGyGHE0bP58fzd2Ve4aePMpm4ffGfLm810/yDnJpsD/j159/bt01dPfvkKD4Egcw77
gXx3dlIdrNuWj2mWjIUdomqcmVmHO0SrMV4TXegiapgIRZNJ7HxQ5zQcoOZhf8yhbBwxkphCQFFr
R2KMvgzX3pAiQLRQzOVpnyOKBiYhUbN12xVzztJwGzsSrU8oOptJNCmV4b5jhc74uU+eRO3JmRCK
Md2ZMjyy752j2ZMtw7uOVp5NALGDlVkYDr90OhYFfAD/aa1JTOC7w7yUT1NMZThQQlHAXg7/uc4U
0ZHoKcxFPD/y3gGAeg2kAlVoS1Qo5xiqSe89RNs2c6JGh1ydQhkIqvqMsvWuWRRqnOtXjbK3pgYF
5aBtEzXS5D6sKMeoa9RRhuNSkxbUZN3njeRoa1rxnNKZ2OSdNMlUYKCsTaq4ITmEBlh01ulsRR7J
vA4EJsleN8glTeyhLaclQX4rW04Ra7h+KEW9Kht+CI1GrJvcTxuxEuq06BhojDaqOh4R66FfGsqw
9PIELR40sKGrGhyQPSy+hg/kwEvjAIMmWg64Ll4lrEdJEcoQzvIEJRE0mYLBSU4I+tDDAGVYX3mC
gAIaPCNWIKEcdQ+1hIWR+QkCI2pcsUlgRTn6Hs4oZ8c1QYAHjcXZpSBQNkWmmmGZio7KihWQIak7
1khVskWp2jqlVDX7JDXPLgsn1DUJZ/CihVE4JsI4NWjCSBxV4SsOuvBZzYrwHadN2JCzKmxZ0y5s
yrgQrmXYCBdXXAlXM/CEyRmXwvQVuLITMLKbvQSBv7O19JmodMZ3mQxbYEfohJ+ONsm65TDN6Ug1
heGIrly5fmp2L84kXLrSluK6KuqcO5avFXKSb/c7UdSSHr1xyb0J2WH36oUwQhhgbCDUK4KdMYE1
HeFMl+AiEkjkWAZdomW6kqsO6AJRmNmeMyQmftrycJ1KtXamDI88XBcxlNTh6stwLDzMVaK9RyMN
owjVRKIrYog8HPOACk81oLGwUYQzK4m6iNbwcMvmDK1NWx7eFetEdxDgHGQ4RzwVc6Y8nWJZKnEZ
iEF8p0CCwhVzpljHwmtFhB3ccHdUqzqm5rwfw6qSr6qxUcmsKBpXvUJRy5ppPwJFx2vmrSP1a0Yx
1jUX6yYUczbxTmNqRFF0smbHw00x58qhy+hY84Vi53m4L+Z0LtZpzwcx2YoGFKP4Hot1HQpakuZt
UFesoegEa5mH2wLdrqxNF+gZOR9qQbLm5ztam+FAdrmIHIgOKW7wjURHT7Y/+TWALbXqE2TNyXFc
A9HIa4Dbq49qs1Yn9/9ZXKn/qaguFp/vHimnLu+Xd5u7w2d1IYuuIxo2cLbOEBhj4ObHb34G3xfh
yw8mng4rSpcjfujqET9WD0+enj15e/pmfvr61dApf8grmB/dELfwlgOLn+KVBbc8pPxht36aD146
htyJcBCAihB3cqa3PpOCpOHUgfvTg+68e3U6V2/ejrwjGvAK9gk4EYfqVcJb+7QgwQYMh844wavj
l6/fvZoPeTQMVwaFS56Kf+9udnx+vl6t1heLzdX6BtD6/Ge4nd/eXq03G/zl0/3VXUFyA9vh92My
E0TBQqnzTL3nt+v1Sv0N5XBzdflh89s3d799CyL4CXqSmhmG12I9XjHc+GIieNC+OHF0XwjjD8Al
ducRD/jA09zoI/qR235I85taPlPA0vsydhagAGctKWPrIKumYKGcPOAnEBWeDCLu7wCssVeqLsDZ
Nhg8cnA1igY3k4fy7/Lw+6eTxWelIe8ny+VHdXL15/ILs00HsrifbTB1dXMJCV5slM7/hKF/q/Dh
gaDJujhqzDJt0HaXDsFgLpgSjAqgsWj4hxMr07GPTD1bPu54tFLCDJMSJpgd81Gbh+FXJ2QvmYpa
L3d96t/UT/HSQx68PYCrsF0kTT1oIMMGw6zByRpYaUesOghXA3B9uUa+ulxsvhSvnQXS9vt4nX9Y
rpbqzeL2D8as3cPsrssN9ppFPIi9saW5rXjtWG4wtBMwBwMRLmNmc27t7lppsr5ttyZ4zK7NYSoL
Wo8g0YMsKEMyXKJ9aoAhmgnkZulCk8fRUo5iJ8u75e1GnS3eL24nA8aGRHf0PcAcX/y5vNncwyII
L90XcpzE5ADHNTFhNEyJieBsNChuMseJjwc4rvdRkDUpbwzaUR/Dw0Rc52MnD1Bc76SAfYqTUgGj
TpowRHHoj4O1NUhmzTbFWWdn0cRh0FqkuPu75f1Krd+rzYelenaPWJuMWgtTB72PWjZaIJsKZO0+
xTWLaLAgi3gQemNLG6S4fq42pW3ABC2jZiGZ+xTX261Z37ZbEzxmV+PtfRrFmVTeYx2iOINfdroW
GKyZQnFwMYCAjaPl+Jdj9e4Gzm+3d1+4JZpcvpjfw8rTmw3w5eLqZgVEt32ScxNZTsJyiOX6sAgg
JoSlQm0sLtNZTnw8xHLVxwquKakT3I75aCHWE1lOnDzEctXJivcJTtYiGHNS+yGWMylBzbWXEdFs
s5yJdtaZkXuHq1vzv5bXV+frj4A3NV/f395Nxm7Al1cD148dg9tnOrdPeM16Kiz69TyEwtFVDhJe
P1ef3e3Y8RVg1KzRduhQ1xsWBOwYlmSPGk7eTD3UGY2AsYcYz3g7gxC1IGHNBMYzUB0hjlwBEDlw
Yl9sYLrX7+Heenm1WVyr49vNZOSYMMvdwEUAbHwl13FADnBdExDBwoSAVJSNReQLuI59PMB1vY8V
VlOSxlw36qN9+LZQ52MnD3Bd72RF+gQnK/zHnNTODXGdjuBoezcRzQ7XdfhifuQa4gGxcLtcrNab
9a3qLw/ITlMxq7Oeef/wXeTA3bVZS4VEv5YHETi2wmGeq3P1md2Om/DcmFmT/CDPVcM1+9uG5SXe
qGH9SLvJL/E0di6GfIjpdMKibw/9opnAdDoE+s5rEDcBcHO2XPy8vr2+UO9v16svO9xp+mJ/4CJw
/OkebsG7V4Gpt1cJyQGua0LCeJgSEkHaaEymc534eIDreh8FWpPSxrAd9VFrM/lgJ14eILveS4H7
FC+F7MYjOXiwQ3+wCaFBMmtwMhmk9Sy79vQnmm1G1FbPgh65tURE9h9XfAKcX53/sdxMPvjhS1D8
Mn0P12c367/U2cf17ebuwUNfs9YGM3WtO0trRjWLfRDIYyEYpMzeoxYf1aOd+ZtRO+Hn3Xh0cvpa
fI9X+9kr0JrZd+dqRm3PXpE3NrvV6F7bEmgsFIxTGegeoIotgayBg6rzhloCew129JCoSTR0+bEE
EhC1p54YVMCTeNINtnwOyYyGChDFoBOKpWeNFGAHFDFF+hzPzSjS1R1EuGaAGLRYT5rMeVuGY7JB
dEGTmJ1F0WZNwyHbuiiMKfeylFE0PpOIfTtRvkpHBX4lH/HL8HKNs5aG665cRh2EFxvmQ+Dh3tDz
2CyDIoadG+pRjOiqJjSX4alLpAjFmQxYQdGjiFuuE7FvCWRF0xHIGumPYnvSQFXnkw4r9kcasNhb
6dCqq5EWLl6tdHhxLKQFrMZKesQ4ltJCxpGWHrOaCWlC40xJjxrnUZrYap6ly41xIE1wjBLpkqso
kjY6Rpl02TEGpQ2vYlT69BjD9S8lCsIb0XEmioKrpGn8yxhhX/v+Mre48Xwg2tA1XX+gcDIfeAui
911dDYjB6ablDxTRmtrxB2LipkKMFYi5k148jCUqkqntfvg1AbdbYiZysdk3+6GCm0QxjyCa0OcZ
RKulNxBxgIqQa6MfiE77iiIUvXSUYgxQkbva5Qei133PKoo2NT1+qPCxtvihGGLt8GMRS6gUCSuI
nUoVsUZqjO1JDdb5pEbZH6lg9lYqvK5GGIBXK/zAsRD+qLESfuFYCvtwpIWdaiaEvThTwm2cR+G+
mmfhRsaBMCejRJi1okiYl1EmvMwYFN6uGBVeZww3OwMifGej6DNR2WmkdY7OrryBlKFQCIA/uEyU
THCD3+CX8tIaNPjlPOaiI0oInrcu0FhitGDL+00TiELoZSCKmQjIJyO51USPnjcD61K/s4AYy6c6
8nDXkcLlYs4VgnOxDHeyEXWyN3REUc7ZArSyleAflJBY6M9pAVooq7GZtxJHvttUJguR6NFG2agi
72uh4DI6sm75hWRMRM2ldZmqomxU1pXIpLKrWluGp+yKKJHJlrm8OIMHWRJjv1EV8ZxObFuqVS1c
VuD5ZEe14u1MV7skeiuzkljyVbwiqjDVaxLLdoZrIjHnfs1ENdZLTArzaIkY8VLXRJQUfcRJjEHy
QaxWjh0lX6Qom6Uz3Gkfk2SbWFE2O6FoWw4miBYSoxcsEad2vscaKWzod0fsC/CCVBJLvgqSiaJN
RTqJvpM6ILEsBQsF8yWtdqOtY9ZQxSZD/aj1L1/qH9y9nh+/2Or3gZEeblkJSt/42punZ6b/SxTl
H6UEPFrPn/8HT9n3FgplbmRzdHJlYW0KZW5kb2JqCjggMCBvYmoKPDwgL1R5cGUgL0V4dEdTdGF0
ZQovQk0gL05vcm1hbAovQ0EgMQo+PgplbmRvYmoKOSAwIG9iago8PCAvVHlwZSAvRXh0R1N0YXRl
Ci9CTSAvTm9ybWFsCi9jYSAxCj4+CmVuZG9iagoxMCAwIG9iago8PAovVHlwZSAvWE9iamVjdAov
U3VidHlwZSAvSW1hZ2UKL1dpZHRoIDEyNTAKL0hlaWdodCA2MjUKL0ZpbHRlciAvRmxhdGVEZWNv
ZGUKL0RlY29kZVBhcm1zIDw8IC9QcmVkaWN0b3IgMTUgL0NvbG9ycyAxIC9Db2x1bW5zIDEyNTAg
L0JpdHNQZXJDb21wb25lbnQgOD4+Ci9Db2xvclNwYWNlIC9EZXZpY2VHcmF5Ci9CaXRzUGVyQ29t
cG9uZW50IDgKL0xlbmd0aCAxOTY2MT4+CnN0cmVhbQp4nO29TavuuLXv64+gTxD0CQp/gGqofdgN
Ny6XkJYaIY203EhjNy4bcbiNIi1z2ITT2FzEZRM2l2qYkEZII4hLcSgOm2DCpqhGcTDFYlOEEERR
FIvFwhzLfl7n4xdJli37ef4/kjnnmjUtyy/6P0MaQ2MkCQAAAAAAAAAAAAAAAAAAAAAAAAAAAAAA
AAAAAAAAAAAAAAAAAAAAAAAAAAAAAAAAAAAAAAAAAAAAAAAAAAAAAAAAAAAAAAAAAAAAAAAAAAAA
AAAAAAAAAAAAAAAAAAAAAAAAAAAAAAAAAAAAAAAAAJbw2B0AAID1EDR2DwAAYDUEj90DAABYDSFj
9wAAAFZD1LF7AAAAq5E3NHYXAABgFbIsYQ2P3QsAAFgFUjZfNJ+f/kGZKLKo3QEAgLAUTdNUn/08
L5RutCCxuwMAAAEh//f75gQEDgDwbPxbc+HDZ5A4AMAzkarmjm9VIbI0dq8AAGA5QpTNWyqRMdhy
AIAn4E8PAtciY/cKAAACwP7x/ZDENStGjXwC+xAAsA60kPntFJQP6pvxq66nQ3/5VqzWNgDgxWF1
09SlyGird0KPKVzTiNV6UL1ras64KEt4NAAAweG9sGk1IXCtDK5wZtaS/cfZThQrnAEAAMiU9XYh
qImVyYdTfvyahjwDAACcoWpI1FadqWaPZ/gbC3sKAADosZC4MvAp0y8fz1EEPgcAACQTjtQb1LJT
EFnyW68sG1RVuewkAAAwgIURt9zfkOumEucVvbGpsVh6FgAAeENuoXBNs/g0tGpb0ZITWlSjZ2HL
LwcAAK4QaaVwyyUuScT8WVSA0wAAwBk6blGF1x4TaDwD4n8BAOFgNjFx4cyr+VU/eFUBAMFIpWB2
S3FBpMfCdVuHOA8AAJwgdjNVHuJcNicKcR4AADiRWilckDUyC3cDfKoAgLBYKZxefh6bbWKQOABA
WOysOLn4PNzSscEWnwkAcCzYmo0XVsKzNO0veawIAYkDABhIvmbrVt6GeuFJSFkKyxBjFuCaAAAH
gq8qcXbCUy7ObG7puUXsLwCvRsXWbN1OeJp6qfQwyxMFuSgAwGFIG9p/X6FtSy9no5uSLjyVpcRV
IS4LAHAcZG/YrDNdtdvaUCepWDpTtQqKwwYuAF4Nouv2Ky1rIUQWvtaf3QpZtdiEJJYxIytWbAUA
7BDeKH7NkStp4ObthKdpllpxNpmFmyAhxgCAI1E1X9xrTYA2uZJC5Iyl9hLX1GzRKS3j4jBPBeC1
eNx8UNHlrRJuGcLR8xthWGTHWc5TETICwGsxEDCrg+hAar3foGk+ftr+feFvYRFl6blVIa4MAHAY
fvJxQAgCaBwVTmbcj0XtuE2V3tl8drvEsLUBgBcjfTeoBNVyzyplTAip7IVOuLVPhCo4vfzL7hw6
vMcYALBXCPu39yNaEGxV3jqxububgwjd1JJ3FqelPzWEdgMADgIZKBh/hgU6x3y9mAvS/QKEEVBd
5sx2oorNDQC8DpR9MioFdZAzpEPejAF0SvPKx8SyrWDYI5MUVhwAL8TEvk6+oNmsOPkrMmlnXjHz
xzT3iDumdjvEehAUB8BrMWEDVa2R573ZKa1rQc0Plitx/tqTCstwkQ7pfR4AwPGYS85RCl+RI631
VuXUcp66MCKX2QeoyCXnAQAcizlfgObmr6hX25kx4Eo77VHM5wyFOAsjscwy0oRIvQkAOAgzwqAF
STOhlPBr3b6awilfnTNZXcsuN4plqrhfZUIorMcB8CLQmYWyulvlyv1zAufWMXHtuZQQGXOcr5rp
cFPm1DLw930rh5QX2KYKwEtgtU7Pha+N1UKdNnH1KCUFs2yfkLS7CNvT/KmoA2SmAwAcgcxK4ajW
CaPeJ3FxdzZalUIw5rBaVhSpg6loKLAWB8BLQOqm/mZOEL6ujEfibomeO2mE7eaGOvPTUdnUhYuM
YiUOgBehaCQd26F6h76t6cBK5nIS262jynv26LS7IVSeKADA3kk1S6iVKvDrQVS6SEQqHeaQWnqG
4DlonCBC15ioAvAKlKltzSp2PqQVCPu1epo7bMBfpHLWGmf6TnLpcw4AwLGgZrzbidD5EF677JPn
bsnijMAJ5rseZwfzaRwAcFQeqzYMUnS2lanR5ZwJxPIMJ6qCeV2H7YKf9GodAHBMMuuVMppQeZYI
7jSZdJusalU6T1UJs026qVBBFYAXwtb2aaWtzzwpzWpcnc827H6S72vj2v3wR6dN/6SdCCsHfwbC
RQB4JewVrik6W0wlqWw0s22fqtYos62LxRLKhPx34XQFJCtcjMTyWugBAPDsOChcj+ZmMS6l9sVO
rXONL1glo7x0MORqCZkD4CWwTz50ixKVVR1pmgnltgon/C/FaYsYZA6AV0C2csWt9qg+oLhF+ywv
nJbJhJcrgHQGpUNB6jOQOQCeGtnnoHTXhqbk9mchzHaHfCmE4Iw5p1KqlGCJde2GKmMsEz1KSYcr
AQAcCdkn2bXbvnWLvbPhhPMZWgvLwa1KzCTVNrzYP+0dAOBIpKz/7uxxsFmGO0GEScdrH3nXiZsS
uX0iJe6eik7Z9x8AcHgcc3Q4uj1Z1ShhKXFVKTLm3H+nXf6nS6DOZwEAHBRHM6h2bD7/44+2TTtP
gFsFNeYecTPlqsqEMTufCgBwREijczeVc5tJJuwL+6aFc+9VH6DnEpti6om5ujQAAAeFNTyxLOty
oxIuLtX0t5Z2XCGU274wg9SCCGt3ak/t0HsAwKERMnFcjytzexMozR22HfhtHxWNtl3sa7495Teu
/Cq2AgAOR1enxSlwxHqOSvNS9Xz5nUW7UvhdgYtL+JdGDT8T2IsPwEvhsI+0aU6TSXtTjtoZiVp4
9j61NxSzLqUn9zwRAOCQuIXGVZ13Qtsvm1Fm+Gy+5Zr59T/9u23flfnzzGr3GQDgWWgFyHVDvn2m
kQt/tmi2pF4X8I/W/Wbd38OfCsCLQZziZ69KRFp1ZFMNs343aMbs9jh4zlb5v9s0novejAMAvBpu
uYh0mjLe152pCzrdMrNs+vxnPrPV1C4rpi6LBmnNAXhBHAPLrnCLxu1EThGT8rey1zhqvnRTTlbY
By9rz+I3AIDjYkpkue9nr4rKMvqC2cwjT8VZ00zYeTKIlGnCa7PR30yY7VcTNZKbA/BSkFbecupq
yYlMV1bN01//db61WpTO8bi5rrgpvGUki87nxJTsAofDAYDXoWgqZ5eqokWjbdyq/E92DfqswdF2
CtxLW2XjzNhC1+gG5wAAuJA1BaGO/gZu8lBaSMZPftttbPjhb3MCl7tVZj3jpMya+pzCDY90UACA
NSGt/WSbe/wOiyUzUZYiF1LOLfTV1Lf3qfUaIi/qav0cSkR135j5sf0/HLgAxIa5mnBOssSKL36w
ac0jlriF5J/Jd5b9bRU5teqyL6L72mdOZ9JsXEuSAot+AMTmZMJpVVqn7Gixsoiywlo9TRo3x37z
XxZfWvd3VXuqj12R5muhut9ISRIpkl9tMTkGAIxj6tUXos8R6bCypdOEMGpzApaXM3bct91Xh5oQ
J9T7//z2iz9+abdDVbi27gClXfRMl+4ua6j5mehasIZn324wOQYAjJLp66Z0l7RxtTZhtEpJxuf2
N7QS8OW3X70fb+u3MjMFGNxTHP3se4ceM+fmreFprojJScVNGmXZ/66pK90U3zR2kTUAgBXowmfP
P3tUW1aq6swjzmdONOnP+L5bmC9q5W7wyI/WfV1zylilZUVYawVzUwyjP5Fqqv6OygxOBwDicFOD
wcT/NrVT5jhdtyKXJpm0KE46OQf+af83qXte84R+bd3dFaeMXKe6KijR7fy9OJlxaXs7e3fvn+Vq
JwYA2EHb0Vhx192qOm+nmFbZQeiUGbcoC+9P52erNe+26cslp5lGVdws9/FGp1lzMuOuqv7jeicG
ANiQ6qbbP+UWIKeVti7YR8XYUt8376y2SYxR0H+b7ShLMuPa9bASZ8hOPWdmVtqacKqdD5+1lFzT
n7z7P5iQEvNVACLBdCdw9nG0FxRjlucYyz+uWqGgC/qe6vlMSqW5RmmXGMXt5PL0g2pU3Woca5q/
aGPGtWdK7ybn3wY/NwDAEi5Z+5U4LcSdsChmRTpLh4/ah0tr/qWznRR9mDItw2vceWtta7vVJpSm
N1Ulr5P0p3d9cMgEDwAIS6dB7GQMOU1VrbKDqLSvD6HGfLa1396GM7Ou4Oo8n+Q69G6Doj413Wub
Pil51Tzmj0L5VgAikheZyT1ec4diNVeBI1MaRXXeNiop+91oS3qJyKWzGlefFwxpaIlj3SQ4uRZq
PNdTHPqk0KhuCEA8Ut0qjbBKEf5W4ISYbNm4aesR6/CcsddJ5IiQ/PrnbDJmWTGSrLjDoNsaZtq3
2hqC2SoAsUh1qzK3YjFjG/HzgUTUo75CyoWa9mHQhFAua1eRo6qpRGrMx3xOlBVdclseeGOwGh9q
wkSR2lX4qUXY3gAA7EhrkRb9KP2x+b4dixmdGa395I8IXU3M/ijLxORefH76OyNztiLHiiIjpiSE
Lm1yYeqw0Rry7nIL4xNOm7yRdvvfMoHkIwBsDy24kPlPaxMA/JvMJDeaSTtS5jTpBK4p53UpG2vl
+89u+8BlZSdyxjVSn7PQlVlip8aBINXtdNNcmkiaKRW/gwXsCQDAiVxrY6KQSqVsdvqX9gJnlcKD
5j9aDnnKho5/gNxLyuwCok/a9PGT6xtVJ6b5+biVsesFAGwFVVW/hl/kxGLS9UUncJoldMxEIqKc
1R4tMr+Jm8tOM2OPCs+7MkSqe8mkvP1iLtHeR3N2wAIANoZfMtQSq21c2vxRlXIlplpNhZpvrJLC
LvfcFZLOuhluEHnlkY9unOwkmaZ8hUsKKoMM1w0AgAepfZ7zutRzU0BmnUpYFS4hFbmerQjRGM/J
qaM8LeqAERvc1LZOEqVJ4bQn5H810DgAXAnqoiPFV1+ZwWiZiM3C1zAdMVaLFlPblDp21KrixAdR
VI3OWzWseYDqWGaXRD8vL7o5umzUWLzfCL/T7dR8aTcAeCmoCNnaJ9LUuc8+tRux3KJFs6epGtej
uvAY8pTbVoVQlOYqTUgmFmX6IJ2Wk9Z0K3JmfmHmp4Vr9VltslYhDTAADvxTon5RmGUpdR9Uyrxa
o7KVN2KchlYj1sJ+JLLXMPKrkbxudTtBdY3pSIVQttPpQPvf0y6jpqgINblRzM6txnE/r4GZNrCN
CwBrfvblz65VEYobqbCZQT5yTgNcnnaTT653tTO1edKLE2Ooqfdf5P7T7PmNDU1uNqSF2d4gjL+C
6IqoTqiYds881TSfm5aY16MB4CWpv/xwM4JOXsPMxDXwBa2aHMCNlrlqlOw2YH0YGq//4dSmkn8c
auSHr3+/wMwa3WRmbDzd2ZlM6jCGXGWMVtFUWWe9sqb0qa8d0q8LwPPzyZsRZAYfrYpc1WbFh5bU
q9VU6UZxQnpzw6TsHoyM+LlTo/mgJNSyX9ryZNA0NJit+WZLVTe95GUIQy7t7m7dmJ1maZK7z1J7
ZICuAPAqPJRKrs5Bbaq1OK4zydRpqb2obwsHVk01LCSOuYHY29Wzuv7rp04tDDDsFqlU2oqfNurc
h9pSTqfbsSE3u137XFN6PoHTDXcFFv/678uy4wHwQpAB3Tl9V2l1Td2TOsXUM377r7QP8n3gc8dF
NF7frJzV8teLQl16kUhVMaw0/0/S5Ybi5otYcp57lHEh13e32YpTticlCJca+X8BsGaiwp6+iTFN
NU29LYeR6P3fezR1zrb568VmDC8rVYjsH34/cvGsO1vVzWTDhaGZMmJ8NKXAODXrr1yYRlKhAqd3
AuBZoZPxuZe6oakWlzIqzowkAf7eS6Wo+EM7bfsvvn25a2rCnXryLEuzvyqRAZOZm42xhY8nVZkI
ukuhMYJ8SgDYMJ4ovLmp/s50zWo60cwUI3WzfvyTX3PULpjOsm9yJNSO9f+dVNJ84wFrRNvvbbuh
KpXudupjWwMALpBJI451f8NSUzbBqprzEGP5PH7l2aAMqHAG/tfHvmmtTv817e0mt5XISexCot9i
pI1VN586AAALpjeAJyk1uXy7iWbtZ8eccirpB9ul8N08EVjhhpNtVhd/MO9X9gkdO9weNn6+WYQ5
0uxmVcv7AcCrMJfTTTepqcfQ/cy8zpBWpgqzFuStLad9+yzDR75mA0J/zbQugp2nMwhpNl/RcIBu
glqUpA6atQ6Ap4bMp0u7LKRJrzNktSj6SNW3S16+UQ804KrYFVMb8T/PXfum1K24h7UVmclmVynz
U1P7SBwzrQhh3LtwNABgy9ycSZ1D/7WXsPCcyj4U/5/aNv7y92ssmPDtsfN2e3sIE+ok55RSUQVd
2TeyppsyY66ZRW5vGDfFCEvPJQMAXpCfzgys+hzdwM1fU3o9klkJAKn6Sqn0Q9N81s5V352alaEv
JBg//bI6F50PKnF5XXju1upRphHGzFeJNCMAWPIH+wFG8uqaeYSU3Kb59FwK+ldN8ynRzV+auq6E
YPt2C9I0LyseuFHWVA6pkAfoeta3tShrHQAvxMDmrWEYL7u5Usq743LLHCTnoUg+fEwTqf+gOTW1
+vyDiLcjZYEbbJryH33lzfijb/sTum8APClztUMvQ8z8nyek6JaBWGWVqfeG4uOnSar/9bx3nL/c
YhLlSTv//cZX4ppSwpEKgDsOZVHq1GQXT7tAE6s8ljeQd58mSfkpXeMSjkFVM9cqW/dkEpUFAXDG
vsZeRViXI6Odo7qHU+Sf3GTufUlUo1yKtp55/5mxn7vUnAQ54gBwhdkPNmWMENkVDwy9ueAVKJvm
Kw+Ja4R5RFKVJo4Qtx0ARxznThU1E9sKQ80Z6hPsa/iecPOZwlPn5U8AQOJVOICQ+zJdYA6+IFjk
c5OJiicm/TKNfBkAHA3uUQCqomJR0ZrXg9sveA7w4RNTS9q0w/zqoQHwupRsJFflOCZEn7eHmgwk
wAK6KNy35QfSahw1TRFIHABOcNfFuL7mXi2JkBTFA2zIFm3aar7+0Hl3lIh9HQAcE5/82k2Z1bpc
Jd/H0+FsJb/hU/qLom44QUwcAD54jcDCmH77UriUtWSiUG9mhTxyv5YqXPMH00pWyl3dbQCOgl+G
bcOOVr7J6GLXOQVANFLf23uFdg1RxOkA4IHD9q17zsnjYlWBaq02LozRJthoBt2KxenbDV7LALeX
oPvaOAAAHxz2NrxBnBrY2pgjmbibi9ZlNqJwfcK3uCydpmomBLImAeCNt5FR98eLbbPPkty6w3sQ
uOVGnKYJcl8C4I1JsO0XtMXN4Wm16V5VIqwXDiXbsF/j2CaqGqS7WJXsZ8kTgKNB21HEveaq3zH2
aZJvuxuf2wpcuZupnVcpwTNpZwIi9hAAb8qukqnfAHz/39WmCjfuNX1gP6rgWYamozLF0SqUhQbA
m6wrG+i5Iq70qa7nNrBpE06J7GQx6XJH+YSXSFyRJKnmXKvYFwHAQWmNBJksGYZ8u75O55Ksqfmb
TCnB9xU9tkTizO3NZEKr/RilAByKoi/9LBrNvFKZ8c16Smb6JzfriSOeiwCKm/TK5gYbxYbEAeBD
elIG0XTl1Z3RG0xTuyknyeZSEbH1e+KHp0dVtIcytePrAuAAKNl/F2aHkIfE0fW7yOrP6m7Rb5J6
Nw7UR/y2x8nuWKaQPh4Ab/Jz5gohvSZUdbJ6oUCbzWX1rksmk/fuN1YbZ2oPK2nM3gNwYIg6y5Ng
pjiUdN2sqkjebSBYZ39RrlP69WwfqnznZo7zGmctG5NAM3a/ATg82cUAayUqVanzVFVrE9bA1tkn
JZtmyv5RbD9xIVMQV4VrUiZNQPbOlRuA4+GR9EcmpFjFrTrs/Lgsax2oboTj50bBE0JNhMyeJ98A
7AQ2waOV4F6nvU7+QcdQuB3lqZvFcf/veXlUIU4EgDmmo07l2z93d/395k9Nk/PA9gbTgo+YPn3k
yJ7dp4+4Ft46SRs9kIoDEIe5bL7qfqXeFCMWbjbHj03zlQ5rbpBRn4eWlJR6JxmS7HGYqFadHY1F
OAAsINzGlaflNeijbKpxfRlvIaxJxcaMHi0OatbYr3C2V2j0cNv0ewAcETt9O1Hy7hja2g9mO77b
xKoKa3OMSuyBK7NQxuZjXwzsZHijzhYAk6TScVVNy9T48IQxOHKnYjVh1/3TsUldzUKeZns+ae/U
9G3VWabNX7aPoFI8cncB2DPMK4Wv4nVFtTHKjI/iO8ujfhOu21mVj3lHtAh3mkhUTZ52GvfF4BXW
eftRQbu/bA1pyqL2FYA94ydwho+fVU1BuqmS7Qr5/xuu3xMZ6xQNd5pY8C9Z0mncl78cuLl3y5nF
fpOmABAbf4EzfPxvSRdoYrsa9+eAHR89ybEiRMYgxqtjLlK21tr9Q6reRsCpxnv23x2YsiU9BWC/
UK+Ub3d6wlojrrZdjFPhuj7a86P6UQfhrZ6Z7+zWkntIJUJq4XuCXt3grgDPiX1tqgnqRlf99+b7
5sP034YrfTe2r+IZ5qi38FP6t1MOOS2NQfcQdpP6h4106lay6y+e6RMCvDaj3khXvq5MTS7V/PNp
bfy7sjXuhjRIBOv7iMIFDireA1z13wtTAZqZn1JePHhQufeFS9NUrq6/ILL9P3QOHJ/pwgZOvGvV
Kzci98fGVFsmtRlwAzPJYANnROGezYTrOBV3NU6dib/ivs1nmpjAE3ZzQm5kDiIHjs1cYQNHvqCa
s+brPqFHaobHgAqpID1PxxRui5zpMWD9tzxwyvJzY12AzU3FLpI2aVJmRJgEqE96S8Hzk7pu9Z7j
258l6nt93brAMvqw0EdD9LxQI7VRn8rNMEQVttSrOD2q0jyX8vpw8kRpwvVv/qHLd8pCnhKArbAu
EW9P9Q+tEXezaeoxGkUG6XlTDy4hShqi9V3DAnprWvJTa9w8mPzydNKy/Y0i+kv1p+6DI+QpAdgI
zzrP03z46ibrJBWPQhRib+rwDvVa0ABt755ShWyN1f13Yky19GJjG89D3RSy+csP5tYGPSUA2+Ce
yNKKj//nzTk6d+27y38rqiCDJR20PusALR8BurQ6w92HDDlnJlWNSpOLkW10VDRNaUKAIHHgkKyk
cM1NGeh2llq3c1czSMz/q6w1DNjyno9k9n2ZdGli4ZWamkJXzh8NufmQUK0ZR82/dNUF4Z0/S9Sy
MwKwPesp3EXjuFKcNvIX7W/+P6NBtDUZqslOWfHqCteVaFjEXSKr5iaqOGsNN6n6fyS370iAxwbA
pqypcBcHXDuSMmkiuX771w+dBmXL6zUQOtT1Jwz2XRGub9zOl7WD9pOj7Lb8ftYt05qV1OsNljH6
CYA3AQN+h7iaVDz5vGm+Lv7+P7tfiXppx4kcUrgjVZ3ZA6q63jAzN00Yp10yrK6yYZ2ZT8Ck+Jfb
W/yHU3Ei3GlwBFbxpd5pHL2c6gf9/pOff9mbb4tzNqZDsSLPGuy7Huxm5qmMiZa3BpxxU3d7X5va
lMaRpsDGmxtd3i/jAbBTPOqeunI2E1L1iyZL8i9496+l1QUGXakKhoUL1HxRfexilvS1DNspaa25
iQPvd7sMpon/H6+z2gkOjlMGcl/6xDxEkn9sf2L9UlkqlnV8UOEWtjkPXfsEG9KqVGmeBe09CGY3
r5G4a/20qVfjt/gsAcdgUfpLazpVIyQx62SsP3G2bIwMTa81W3gzZqBF4Do6cWk/a4rOGSQ7v7eS
/dugLbPNiKidB8CO6TrQ4eilIVw9gSGF++oXoVofguSVmQYTxnIh8m61nXdZh46LJnm3AcxY8jzR
7RTVKRGDiN1/AGYZTwUemMCxVEMK9/Vf1ps7kc9M1rt36u3UTSslDFkreHS1s6+FKlnvCzLKltpX
2zhf/Dq9YheeyWQGcSChk4uMI0L2eyhW5P1qRVLJN999tLzKSqlCiKPInWiyPsjNKLfHmmxY5zVl
Qqq3L2RtPkN4n/cTAGfcy9b7E/AjeTBUWYZr/0JaKJn//L3P5WpVttNZukKnwsGauj5tuPcjWE/S
fKZCbCd23acHC3ZS8PxsEC9yRYXqNRlUuKBJhTrSIoSNW5Ui2+2Eq++hf+x3kAsjmWtRcmMsy9Py
ABy7YIJtvKlneJhOD+9KDdT4BRpE3y4UC/3Hq5Cm/Qvgf6kBOuGub49oZRA9zAYaoOdg/6y+reGe
OkinhxXun4K0fYGFTfHeX34pdmJysNN3ohde5k0yQD+I2G4xeBZ1pRRn+FkUF14piMLWrxcP0Odh
hfssQMsnKA1QSXaUWor4FkR9/mFpubWFpX8GcyjsHH0SwTuTcbcLEa/OxkZcEDNuWOH+dXnDPWlR
NfVDZEhwqljbO6mpLUMvS2jLvE1f6UX5/o4ocNNUtxYgJsQ7YPs5Al/c50H76nfL74UhjHvBFl3Q
MN12gCRZUwveh/smJp3VIn53U6PLuStbOvNj05t+EtEvG7O5ERfAjBvsc5CI3231rUfxjdfm8pSZ
zMvdc6gLstCj/vdW45hvT7bYGb1PtJK5720DTsRY6GXLujyYMkAv14nA7lN7tNx0GUdyZipmtBqX
m8zlC2fkKpX/vfTqB93Wlb9HqmLrz7fXY7OtW7f4jYgLg1vvF4sEjzrgKr60//bURdZoGkrOVXKq
AO7KC5twd1RL626ASdbzGk5BF3RYDm43W7iJiIro463myy7BGtEo0TThLph59YLEefP2SZ3ToI8Y
XCFxHql/VYWRlCh80V1g+/Dq1fkmkxbZ6MWJZbKbjxmvnKbpjiLhdkGJNNXrsHK9hjG8E46MzKvl
knvAl8aFhUOLDUTOZC1f3NG8K6XafPU/2y8e2fN4dKN5f2xmxr8WsUY3Ddpftege7GrRe2WRI4xl
YdSlb0Umv2gq94XQSJ+sewciFx4a62F6zlSHh0a1TBX2MUu9sFptRMJloNmhKs4fNW1fC0lF7TbL
2tkd3xGONxLMEu3TVPn1d3CIXit7uWIS92a7MuI6auZ7QRME3UXAznppempKAXGXrkDhJli4Gw68
IZ5Xy6u7w2H4yu/a0/0swT0Q/D0PvIuAmzap7h8jcbQ8oHCTaBH42b828R4k8+nusMHlN7HbpOSY
P0XQJbnA/suT3Zx57VOBws1R0YCP/sWJEvfbI9x7O5wD03dbQ8RrtyLkktxgIUb/nl3sDOHxSfVK
m1J9WZydCpzZqu7WAMq1r6Ohop5SsHDv+QaoUEHvgQ3WqlDnlpXzPpUIW6KPyGoFSF6NiCvtrmWb
htMnNd4rcYcIWxB+1/aW0I85vdxz4urq2TSH/pHBZDUMMZejqFtXx1Zw/NypR9k9FKIkdRZ8Ss6v
BTJSt1oZO18A3RPLN12DiFFxBjc33Ogw5T4XHij6dQMCrMixP4ftUq1vZ1Fuj3HHTuzdgQW5AERd
cRdOXR1TY+l+1albrffYqKWrMsG3IcvatysR136PCF/45EHcN0669HTEmeqzr+FwuyP1woD34B9k
0nf6vHcn9u7gy548iCtxyqWng4NDS/f1iqMswt2xzL0WyrHy47ftl3faLBB6RiIiuYgrfMmDB5H3
n9cuPR1MV5kmrkOfxM8K58Uir0OwD7L8X01XdKO9EmAiIs4HvuDBg9gpNhw6OuiI466Xe1SBa/wn
qzQJpSzfm7xwH9sfpPRLEId4ES/gV11E3ImDfT/ZUEe548UeWOAMwvFye3g7x/1LkPPX/7Vpsqr5
nimZ+yWm31+6gyOA2JFFxH141Lab//Ju4GjueK2DMnkkSi/TqdDif4Q5Pyu7fOgmPQvz2SmObQ1+
LMwU9uLEfXbMspefDh3MHS/1CQaYX7x72fwtyNl1QermF80HZhqlFXPuyNE/YqKxsJbTaxP30THL
Xv594FhXl94htmvN4VWtdHTjmyPfmMW0z5tveN+qc4FrhMR5s1aK1Fcg7pNjdp38l6FjqduF7n/L
vR3c8QEbaIAlSN1nhsu1Vme/h+P0CTu3FoDlOG/iPjhm1cdPhg51rG4TNpfQA1pttpIunJ9xEE+m
KHrvUPmN8uiAAUbcAryLOYG4D45Z9fG7oUO502WupXA5Y7ls1e2yEz1ljGVClAvLy08hna68Z/E6
ZGb2z9HEBO8qj/MbsBK3BOF510Hc58Zsuvjzx+PKpnGaJa2icLq81jylD6ckSoWqBPMWn1qrC8JG
us0ghbHCuhWh/D+cT97xBN6eqGCq6kncx8ZsuvhoxMmkkk5XGTy7RSVzm1ducEdGALSkTte/JKNM
1d09k9uvDz6myvHUJ5BhZBmetx3EfWzMoocPntB/bkdabnPkheUGhLrsa61KkTl8oDK5zoxVulx/
dw8++p2oThNmCqbyJJGia8kvggEbG5bCve47iOvlYvMdfPTD/TZxdeYtXujOTgqnfDZRpZkog5sw
3LkbPiVhdF8WQylujAgmuob8AhhQkWYpfnvmQNwtNWy+g4/hbJ+7XSHJxVKB0aoboMqiu6OwvAy5
NOe+qcdZ5yua0Kpb5051awjTton+hvpcPiJGliN8bjzYvcQ96oLxn2fWpsTy9D2tspkCfc7LX4/Q
YLXoPTTOOVObMkcVnR9Vmq2urdT5XzqcDcvxrDP36uxd4oaGRlpo+92aC5PDaZl2SdBHBY6aGBGp
1DUwzvxcCMHYYB8pL8MYNM4a53pa2T8AXfaG27KsnEfM0bc7xKJH8KrETeDFZvs3bPVI6+tbZj2U
3AxuMSxwLBdqxihTUgwJHStCGHOuGpe2MvPhB/v2xekwj82oDwTPrP6S1MsfxAsSN+SczXVveNuV
tL68JQFxtaCmCSIfBc5pYa0eCjBJA6ic88RFNf+uq7mFSWUqM5hv4nQUYY6nGQDz1CDw5U/i9di5
xA3Oo5X11flvQNfyPDHL6X2bTHhM7rXkD3qULo4ncU2yQ5s6/d38PZHGxyM9qtyPg3lqELCNy4N9
S9zwEvncUVd8VxrVoyB10HzB2mX52OjS0GDXEDXZ0HRc92vRGb1/6OaVMsT89AL8qWHAFgd34lZE
YtOdSwcHo31xSc9YLDn8IgWYW5YPXafLTDm3Ks0J6WuyDt3WSpvxY+6Y7O6c4tSt7SkwTw2E4/MG
SWyJmwn9GDE3bANG/AbWsO80xNqZQT9kWSP5kpYd/Zy8s/vemu6qFGnC6+SUe5R0r4Vbw5MgKC4U
OuBTeRXiSpyY7NtIEssvLC/NS+EGBY6KkFG7jxHE3L95PdTfCToz4PahV9V5Rc+0pL5rmxSJ8WQ7
NjwF0igFY2FB3VdkxxI39tlvuR7hkwNzsJJfFnyt/HEfmL/IKbu7cbmp3VeTPjgXmZmW3i3n5ZKb
CjTmp5CDCVVpgiHDPZVXwT8DRQjEVNdGQva+o1YX5mPDDXSHBDXgLjxqqbfITd7DEcqTMtJC30oZ
KYz5xlJqHA4+7Y4AiQtGHe6pvAxRH5iY6Nio+HKLqxp2VExTP5pwdLXN4wNVUXPPFSsPL1t+Mf5I
flPyxrQkTg9FBiyJAokLB3yqzkR9XmKiY2RkYCibq3Kff9dqIHBt4eVNUjycj/htNfEIlkpv7/x9
P8hpLsQCxmBB4sKBQjXORH1eYqJjI1ac3fq6s8TJxybWHpgDFQOZV6jy1F0coR4/Rqr+OyRul6De
oDNRn5eY6NiICcWtrsrJHvqx+fGh1fWmqFcGJqt+s1X3yYscdyakp3ARHm5KBIkLB8JGnIn6vMR4
v0aMOGl1UW6BWL+s2dvjN0rgOHD91MN/625w8bdXfIOi/T2AxO0SGuyxvApRXz8x3q/hWCrL6G63
RS31cO7NQlUfFwBN+iLnZibu4zCUjv+3KfnzAxIXEETGubJXiRuKofjx06Qv48fYpInhWCfgzfIG
27Ia3lB5e3d3sGsA8DTBBxEkLiAi9NN5enYqcYOBu1/dj32lRD6Yd9Lxmu7kkmydFKMqBX9zFe6u
VRngTVgPSFxA4G9wZacSd78Y9veJNh7TsY1s/BqD3x0bZzvl25i8zLUbLMzbsA6QuICo2E/zcER9
/canRG5DvL71EFK3Y2+X98Zi8dbmMUbOdbKqAr4SwYHEhST20zwcUV8/NtYr9w2m1xyWblckb88a
KSPGkBPFdcLMw70SwYHEhST20zwc+5Q4rzj/WnRlVJyOuUmc67m5IASD98EtcGXPVTYhcSHBFi5H
otanYWO98nVqSupyqNQ3CuezrTUUw5Vm3DROBH81ggGJCwmL/TiPRtRcXmykUwvynzgIlUhugi1i
TVJ7hjXOKVvKjqtsQuJCwmI/zqOxS4n75w3O3RpwNN3HbWjGKs04aZwI/3IEAhIXEhb7cR6NHUoc
3WJI3EXLbrVha4LlGhc2/jckkLiQ8NiP82jsTuLINj26nRn61yIMyHBIZ+aytLjC6xEESFxIROzH
eTT2JnEbbZ+6TbuVbrljaxy5+AHR8K9HECBxIRGxH+fR2JnEbeTgvTWZ0r3Uh5LDDgP7/slV3pDl
QOJCImI/zqOxK4mjG80Yb72Pu1G40er29vNoutZbsgxIXEhY7Md5NPYkcZsFbtycd0cKN7rF2lrj
5EovyUIgcSFhsR/n0diRxG3WFXk9564UblSjrDWOrvSWLAMSFxIW+3Eejf1I3HaBG/Ryzp0p3GhE
gK3GidXekyVA4kLCYj/Oo7EXidswcENeTuqYlGQDxoLbLLV4n1scIHEhobEf59HYicRtqHBXFdlF
PNwb1MhzssxkLAgbaSAiW2cZfW5iP83DsQ+J23IPvLhc+y6ti7FCmXYbHfS5RuCe2ONHyWFBCS5X
diFxWy6JXedy8XdtDTE617QV5NVfGXd2t+R5YFTsh3k4HLOAh4X1fdh0BFzyTzrtcXdi2W4JOfyg
rKtfs9XfGXf2+WlySGTsZ3k4nOvGh4R1Xdg2j9F5c+qKulozykTp3T4dfFDWujk2041J1A/SZ0Qr
pUohcjZYnwncEl/i1rOmhqhP173u+lBXjCHN/Rb71OCDsq6cuMcSTY5lH4ELtSpExmI/4v0SXeK2
VbizjZP+ed3TfENPt7fwmLWywSdlfaP2+Lm+j0wHT02rdDmL/Zz3SGyJ21jhuvFP8vVdfB9/Tc93
2HkhSg0/Ktt2xBbvjSNYjNuISnIa+2HvjMgSt/WrL30kx/dc7HSPiXBcl/v54KOyLbyzx/jfqK/Z
q1HLbIevQDTiStzmH+4/41tOmWp+etUc83x+PfiorCtaiO1eH2swU92WkkPlTkSVuO1DQrcO0NKC
9vfZLVv7cA1t210Ce4wOhU91a/RlFvHiYAaxNpL2d9phkL//yfDDst0EwrZ6e+whfjcPLKGGKZfg
03ULTiLnEIm3bBfXLqsJw+EQAy0gcrGr670GqhMd+1i8euxx2S1p7VHiFtTGBQt4ApFjXJTqhBQ5
o26HQ+K2obPk7DWOL3pccskLtRYw4yJR89iPfgGD8fO6zKl9E5C4rTAiZ61x9fDTIpble/b4wQ0z
Lhpqj2a9BYSPj5faWuUgcdvRThmIbfAEH3xathuh9rhPdavqamAAEfvhezAbTnp25M0AidsQnVv7
HKrhx2UZejJydFwIUirFozqcIWdTJX2kLuc9kLhNqZntjjU2+LhsY3x2+ULDex8RzWM/fieI3dKt
tpivQOI2Rv3R8u+Gn5elGVcMHx0ZZP+NiYz9+IcgrOfNZ7J9GvBy1pCDxG3Oe7s/GzbELI3APW5w
QE6lyIyUIo9FmstbIavL/PLKuyRzrOdmLJC4vSKHH5ilv2J4C1hs8LZFpaKxX4ALmRxSsdOmM7d0
tXpG4/DS7Zbhz1zLByYDv5KBwFQ1KnNqsBF0UN966py4JuSeuSpI3G4ZXkm1DC/b50x1h5VrX4s9
aBybWU/Wzu/I9FVB4nbLSOSHZb6Rfc5UrZPegXWIrnF0jaq6k6uMkLj9QgefmKVIyOVv4yqr04gc
iUsd1+ewkt5MRRBA4vYLG35kdg6HxTPVNGEjHVgG9qrGJaZfla62FsvGTwqJ2y8jj81yI9TEQ7dC
JCtVO1ljpgLsiVeibcVyoorlQipVCPGQiAQSt19GXhTL6DK76N/RpRlaJIWwasKVdes7glnWeazz
bLVGoeVdKlBI3H4Ze1XsZqq1zVvH+OVHev9fJE+USFZxWkDjIsPWeKqzbLpCcZPVHRK3X8beFcuZ
KrV47Zi4/Nh/8p0PIjpNtCLq+qfEpj07oHFxiVKjbes12Or88YyFkf0y9rJYzlS5xXvHrgszopvZ
itO/iiYhjRLy5jcBxwXBaxeVCMtxETzppzR5ToWhwKaMvi52q7aT7/HpI45dg+/UH8zv6lbLzL9q
JVijtWg/fVn/l3X3LZTOwa8alc2jJrcuCd/TfSxD4vYLG3tfLBPNTL1ysv+EY1cd1X/9ff/vqvt9
LcznrkjMipyhUuZrype857cgPi4mW09VXfdkhcKkyYPE7ZfRj9oAhbgydWrpfBLSvG8oe9dKnFnE
ayeSzCz5ifaf3V+K3kPLw2VpYtjLFZGNs21FW3zVHBK3Y8TYC2O5T3UqXSDptU1cTsJaiRPqg5G4
vDsBMa8GMwt/Sbe3lHd/r4K88X0X8O5FZNONXDGdmhyv2X4Z/6S1e2rji3HtNKUyO3nSq8SZt/DH
xuhZa923BpzurCxm9oux7oRpf+KALz4mqxFRIR/kDHErE2G2sF/G30K7/Obji3E5SQojbkRfdPC8
vkeTpqkubwUzNZBEty82yYRxdLCAr36S4hM2GkEf5DR4ymCYiSIzdkEXdOxw9rlRLZpk8qKj59US
mdy20Gldzer2i9Kknd6GLu6V4zM2Emr22YTCtuAIeD3G3xo7YeBjh/+kocy85OJ6kstBo7MKlaTZ
KYNJyBA51B6MBAv3EKeBEQfGGFcSuz1ccvhgwtjflPlozcTlj67hxKMRKbpu6t60lCLkCKCIkYuC
CvkQJ0DFDjAKG31t7D4Yx2a6JftbY5b6a9OMCZEi3F5mVKnOPgpOwwwCiFwUNnKq4uGCUdjoa2Np
+48crXnTvLv8UUWcizirfkOr2d91YuFwoQXW5DZHzj6WIODJglHE6GuzLGeculdI5bFYogUxgSb0
1CLnSwcCQfzS5myyxQGp7ME444FxdrGUgg0frayLuU6gKyXOhkAaZEMQzZGBZFMCe8eHgTsJjKNG
3xu7j0Y2cnQrkB8CdZGa9kgVKnUFzWHLbcdEVFI48LEFxhmP3bXzUrGRowN+sErTXmmVuMmWrMCo
2Aga8LGNQGJfI9g146+g1eFvJyJpP3MNWsyUG6MwdOIKwoTCKvX6bDBTRdwvmIKNvjlWho64P8YE
9fIk9OqIZCv55lJeYNa6LhvMVLEPGUzBRt8cq2AjcX+M8VGUSfC8D3rNDItpJkrMW1eDrvbgzqBy
ApiCjb45VinjxPCxwT9YF9dsnSNlolB2OzqAC+vPVOFQBVOw0TfHKj+NGD42+AerXGNsDF00y4RQ
ClZdMNYv4oC1BjDFxCq+jU0zstQSXOJY2yjdNFU2ZUbtWtOuBdadP6vb35A4MMnEq2O1GEcHDw3t
5DLJNRO5wvCwBFadP6vvU4XEgSkmXh2r4N+RpZbAJf5MARuqVhgelmAU+bP6YhzKSYIppt4dm7gx
OXxo4G2DWiVJsXG9k1sgcf7ItR8OPKpgAjX17tjMVIca4Dm1TDdnT/si8zXGhx1w2vmzemQcJA5M
oKbeHZuwkcEGMl39OXBHaeCaDm5gFC1g7YcTp0Y0OAhq6t2x2fw33AAJvj7yxfpDZQJI3ALW9jdg
AxeYQEy+PBaORDVyaPhdNZskrRgBhsIC2NpPJ/YFgj0jJt8diyWo0cjOb0J3VQYeGC7AUFiAWPvp
wBkExuGT746FX3T0/f06dFc3ya44AiRuAcLtXhOzle6kWrWSY0lXb8AyAhhn+v2x2MM1Kjwbd3Vd
4hZbPzjK4T5zOeCKL/n0vhYU4ALjzCwFzzfAxl7Wr0J31X6grEDoi3kllOU9nso6L+nUkdhgB0aZ
eevmVznY3d8zIUTODL/89oewPa0tB8o6hL2W10JZ3WE244SfEjlkjANjzO2Rnpe4+ynEiqsiZZJw
q7GyCkgQ7E9tcX9TC5eBGD3auYQleBnUzJs3/+Ld//2KEicSiR1cx2T27hK73SPV6LIKHA5ghDnR
2JPEqdDlG1yAxC1g7uamtolc9EPuZ9arHuIWwQhi8chmd3+/osR9bH5tLUjhQTaLBczc28xhmsnP
B1Euzy9nrQT8DWAENvP2zb869O7vjcSt9bp95yNNocBMaAHTt9bNAhPmEFT8BrbQmZE938L931NG
TmpQKSkKMxFO6ybM+8h85SkEkLgFTN5Z17Rb+azvFYArMwPbwhn/eBATjPWrZsQEBhMtjUB8+Gxh
V5WfNgUCEreAqRubOjtDYcABe+Z2tlvsW5o83lheXHYCoZYu2FMnSQoNdnAtYOK+EggWWJM5h+pi
iaNJYs4RwAb6naMmBQYS58/UBylyjYJV4csH9uTx6vSdL/ZBfIwYMGKAxPmjxm8rdpeCdZlLVmhh
fU0ef7YSWcOuy3pekej/v4serYFPp0GHGr+rCDcEqzJb4nJe4iZe3+S644rVSdZIxmg7LxlKJdFU
csZLtnqlujn87jBo7t8RkhXq/BlXlZimgnVRI8P5wlKJO8N4Iuq+QW2ypWesairRqlp9et1ZK4dT
n+jfOktSaILc8NdEnO8h4Qj3AJsixkd0TyiJIyRRrPtJF0m3/qxau4w05WmmUtNkslJEKZ0lKTTw
/Hkj+jtIBDbLg4152PH3Fjr7Uo7mNX/L6Q9LkXZeDiVb264iJ4nr1uxMDOi7wZNUhLkqUnCwauRN
/5pB4MD2zHsp6ZwnVNhKBO2/ccG68+r23xk5KUfZDQLZ/tAvzlT3o2E8wcSGQOK8YYlZjY3dC/CC
1BYje26q6lpQgYqss/zE6d9m/lf2/9CNJqrR7f8IuS1SrSLHi/RgZdwbgs0hIA42k8yZd3M63/QQ
6V1V+279rf93aj7uq0b0n/r0nDyi4o9txACD1Be9QlVdAGywscBmRvbsat5Ai7dp37osE+R0JpEk
raJdukVZJhh1P8E6QOJ8UdikBSJhs8Q1M7I9VsnuvKNlU52NyUoZo46VEVP7ToGki75IKByIQ20z
smdW2T20Qt1YfkQ3+WmeSo1xx4rE2kW7MdjBBcDBkBYDe65+qIdW3GoYzzU9pRDhRvkoIbvwLQwA
iQPgYHCLgT3jR1QeWiFvfhZJkZzyUOxV2s5gwzgAB8NGVGaimZSPVrz5t2vYSSy2eSgAgEDMpcM0
zJkuarlyULq8jU3Y5KEAAEJh47mcS2wu1taVHYH9RwAcCpt4jzl3v1hbV3YEdnABcCRmc8Ul8/7U
uEWxNgYSB8CRkBajerYA197doCGBxAFwJGy2Xs2NahuPxdOAHVwAHIgg81SxtqzsCUgcAAdCWgzq
uXmqyfn2OkDiADgQNvPUmbjfmq2tKrsC+/ABOA4289S5XZk7TQmyFtikCsBxkPNDmsylomZri8q+
gMQBcBws4n5nM3mvryq7AvvwATgMtcWQno0DW1tT9sYWDwYAEAKb7B6QuDds8WAAACGw2ZWwgcR5
VH6IyBYPBgAQAGkzojeQOLG8iQ1BCQIADgKzGdFzEld7a8XZhmTCu4kYYJMqAMegDjKila00EPrm
F/npV/xYkXWQOACOAbca0XOtSHtteBOiUiV55+8QqtU/Lujp1zTZN3KLZwMAWIq2cDbwvk79FMJa
G2ojaPLyz7RJ6u7gUnWm0ak/ZO82HTapAnAILKQkFUk214waPJIVqkVwetaFrJUGTRMpL39SNKwR
ov1Bqd5WZOa3RJ78q4R5CdD6QOIAOAR0fjRLNr+5YSi2Lrtu+qp415CuzK4AdS4InTCWaCUbbf7Z
6H7LAOv+sj61kdtkXI8BJA6AIyDnBzPRhM1VYxmY7pL71Sqdm3RMedV00Rb0pBN5Zv6tf5KYqTBv
JfHLbjGOXVYI64SFEKTwzNq1AIAdwOYHc97Mx4Dxh6PIw0HGpmtlT6mrF7cqSvNfPlP9vvbsPE2t
zpLJFRXL5WgNsA8fgAOgLAbzXI6RZjDwpBz8u/b/v/+h+3uaGMut18FvZJeATSaid6jKi/dCFflO
Nz1A4gA4ACzMWH5ohs4YfiLT2c1kL0vS2rTS+1H5ZU8Za7LKoosxQKoRAPaPshjLg+bYXDP/df4g
eY0t0wk3i30skaIXj3ODsmHdsp1NooCtWXLfAQCbwOdH8mxVmmbIFvz7/EGtGXeeAn/RO2wzYTpk
km+KPliENjo3m1+JDKlNgfC+6QCAjfjeYiRbBEfUDwf93Ks77eSW0c5qZP2OVdmoyiRdF70Vt6/4
Ea9LBABsSGkxkn+cb4b7HDSMrLtCXyThpYlWaaSZsxLdi9u+NjxYeGEAAFER8wP5jxbNPMTELQiL
7QLwqiTVmplmaiNxop2splkieHCZWgL24QOwd8T8QLZo5cEWtFm+m6QwJfxOS3VFa8SphCiS2tQJ
2xBIHAB7R8yOY4tFtW731R1fLO1Xpx4ZP/WRt/+XRVLta54KiQNg94jZcfz5fCMPyvN/BepcH1rH
W2OO5Q0VXfQI3Y/LAdmUANg7Ym4Yz+ZQah738f8mUOdO22IZNxu7yrSPlZPBlcob7MMHYO+IuWGc
z7ehHof+lyH7yOpG64ZVnd+WVuGlyhdIHAB7R8wNY4vAiLdbSNN25vqfAfvYrcjVoumcDXJH63GQ
OAD2jpgZxRYJg969PabkSfJ9wD5+NF+KfsmPPghqRJBNCYC9I2ZGsYXT8L+9OaTzB4Tup677JT/Z
ELIbfwNSjQCwd8TiQfxxqPLDGoNfJcaIqxNJg2uVJ5A4APaOmB7EFkbcZ0PHrTGF44kx4mS6H38D
JA6AvSMmxzCfb2C4fNcKC/HG2UBboVP78Tcs3sMBAFiZSb2wCBgZ0Uh5chIExCTGlMbtsCN/Q+BL
BACERk0MYJvg/ZEarKqpgobGmTOx0lhN+nHLfzwCXyIAIDRqfPxarafx4WO1prNFCV357TkHyX4I
fYkAgMCo0eFL5qoKTh3e5OErG7zvv0m6n8W40JcIAAiMGh2+Fq6GphkJUWN1sl4ejl/JFcTKD6Qa
AWDnqNHha1GTZrTKNMtXHP/veXit8gQSB8DOUaPD12aeSkeOzY1LYLUdnGTstJsDiQNg56ix0WsT
1ionx/9aOzh/rHezgwsSB8DOUSODl7y3OJhOjv/gLtUz+wmMs5nMAwAiokYGr01Um5we/2vVp/o8
sE4tANmUANg5asHYpZPDP3jQyJmvgyuVN5A4AHaOGhy6VvvLZ0qwrlfYgAeXKl8gcQDsHDU4dD/9
Yf5IPbPorxu9zmpcUexmCxckDoCdUw+NXGJjgeXToz8zccGrSIAIL1W+2OQpAADEZGDg0j9YHFfP
jH7ZzSfTKnyPRWih8gcJ4wDYOwMDV3ywOI7PjH4tum8rOB1EWJlaAiQOgL0zMHCX7L8/k8nTD+2c
N3D02H524UPiANg9j0v3v7A5jM0M/stKHdFNUpQhtwHUYWVqCZA4APYOexi3NiVQpb0MiM5QZAFN
ud3s34LEAbB72Nth+xOLgzR10IG6/0ZYKNeDCCBOYUDxBgD2Dn87bG0CRoSLDrDzD6rJC/cZa/WX
+3/rPeX9db4aAMC2iDeDlljUsa/99KBgvd2jlFbjG1izO2NPN2//Mi9mdo5ticcNBwBsyVv/pM2a
GfPXBLN6JZIJW7FKbiVOP2ZkYkTPRB1viPv9BgBsirofszbpzGc2p05i2mftd5bWZg/Yo9KpG9nQ
ZfqQkq2VN65mTrIdS+48AGAD7he2bCJ1nXwNbzFburo4FWOeZd35anEjY7rou9DF5hnX6dVp+aP5
ws2xajebVEM9BQDAWtyO2NQm6nfRNLE8r+SVvTWozderxGnKO03r3BLc/F23zfVb84XpRuvuWMaX
dCEkKzwPAEBQbqLMrBROLdIE1ZTdPJeeqkyXZmXONMu6Le1Fr2nSqJ5ZJST90qCZ3lbJ5w07zZHp
oj4EBJnNAdg7/DJeiVXg2rLAW90QYb6Lk9Mib78R02wi69bAo8YRoZXRDpmYXfw1rxqpjAuiSH71
LuEjzcYCEgfA3rm4VO0UTizThPO+iPp03rQhCWtUaxuaCSrrVEO05p0yNh4zYSatKDJTB4Ilgi87
9wpA4gDYO+o0Wu0UbmHYbXoyArOmPrkM2gZ5IVrlzE9d0d1XdVZe3oliZtYMd7T//gwkDoDd0w9W
O4WbS/U7BztJZHmJreOtfpGsVb6yLwZBehFU5xOV3b+J6eZu/KhXIHEA7B5mxqqdwi3zprac5pr0
zXyXaSNi3e+Y7H5zib07iWJVLzzzOkDiANg9Zv5nmblSLZWEvLfExJv5blomvKq6/8Zp/4fn/3QS
xWLxqVcBEgfA7qmsh6pePFVk/beHevZ5Uua8++l0issfiP4XTC099SpA4gDYPzR53Ak6CAskDJl4
+xuSlCONn3+tAp07LOvUGAMAhCS3LFwvQgnDQEMZdT9mB6DKIAD756//avVnS3bfPyuQOACehWqH
MRvRgcQB8CSYvVXgLZA4AJ6DRRmUnhdIHADPgYgtJvsEEgfAU1DH1pKdAokD4ClgsbVkp0DiAHgG
ZGwp2SuQOACegOUbt54VSBwAT0AWW0l2CyQOgOODbQ2jQOIAODyYpo4DiQPg8PDYOrJjIHEAHB0V
W0b2DCQOgEOjsXNrEkgcAEemLhdXa3huIHEAHJm0UrFFZN9A4gA4MJxgmjoNJA6A48ITJmJryM6B
xAFwWPi1NgwYARIHwEHRPLZ8HAFIHADH5KHSKRgCEgfAIVHYtGUFJA6AIyJiS8dRgMQBcDw0i60c
hwESB8DhKDFJtQYSB8DB0Nix5QAkDoBj8SM8qS5A4gA4GJA4FyBxABwMGVs1DgUkDoCjAWeDA5A4
AI6GiC0bRwISB8DR0LFl40hA4gA4HDy2bhwISBwAh6OOrRsHQsV+WAAAZ2LrxoGAxAFwPGLrxoGA
xAFwPGLrxoGAxAFwPGLrxoGAxAFwPGLrxoGAxAFwPGLrxoGAxIE31LE7AOaJrRsHAhIH7qkQKnkA
YuvGgdCxnxXYGSkk7gDE1o0DEftRgZ0hEha7C2Ce2LpxIGI/KrAvqgQSdwRi68aBiP2owL5Ik4TE
7gOYJ7ZuHIjYjwrsCoF34hhElo0jEftRgT1Rde8EvOz7J7JsHInYjwrsib7uSRm7G2CWyLJxJGI/
KrAjRP9OIGpk/0QVjWOBuDhwRp3eiSx2R8AsMTXjYGDdBZzQ9PRO0Ng9AbPE1IyDAYkDJ/jlpYho
2ktMK6yIpxiHQ8Z+VmAnlNeXIqK/gWOWbEU8xTgcWFoGHfqm/HAerxsU/lwr4inG4eCxnxXYB+zm
pUij9aJOEoKpqgWR5OKIYEMiMIi7tyKayhQJHLpWRBGLgxL7WYE9UN2/FNEmi1nUsx+IGFJxVKrY
DwvE5xIvciLW8oXuzo6p6jzbC8VxgUsV9MbTDbGSjcj+9JiqzrK1TBwZ+BuAeHgrItn2Z6lFtOYc
m2rEwUEo+8ujHt+KOB989eWlxFR1hu0E4glAwaUXpyaPL0Wcmaq4nD9iZN4x2E4fngAsxr02Oh16
K6J4Nen1/PCCTaI3EofnAGu7r81bV0O8t+JmCxniNadhm0jD04B1j1eGj7wVEdYv2O35MbmYoFhd
FJ4LvEwvjBx7K7ZfDVN350dw3DjV8CMDY2BOYEn9fB8GcvSt2F5i2H0H4HEYY3j1FEwAn6od7Oks
iylzYOscNOptB+BxGCFfTwqeFXxeWlE83Z2qBsJFLmyt5+xtBzC7GKYceFhgmqczTlahCx97KoN3
UuG2NuPkYwewHX8IPf3UwCDPt8a0At0CyDNZFjMKt+0n39tEAAbscRiChR//LwA2cc1zWgB5nt2T
cwq37S4uMdQBpKR+BPEifsCMm+O8API0nwbzCrelno/4PeBxeAviRTx5moG7FldBeBLLQtms6GyX
4HwkDCJehvWdgngRb55k4K7FzZtFnsLjIPf1WoyGQeC9vAfxIt7AqTrJ7T7OZ9jTK2zfi21miip2
B47CxI0CcyAz5gT87lYd3+PAB1+BITZxag5lc9q0A0cB8SKLOP7AXQ15f6eOPuqc1nM2+Oib7s8z
GM2hGE4KAyw5+sBdD/n2Vh17gcjK0XClWL1DfLoDx77bIUG8yEKebHNSMOTjrTqyx0G4vhdr7zGY
XUFHRFMP4kUWg6nqEGrgTh13j0PNnF8Lsu6Kv4zdgaMwtP8DuAGv6gDDEbLrz97WofBZr15VYmTs
DhwG5vHowBsQaPmAHL5Tx/w08DDh1r7akfv7tgPQOAcvOJgAkSNvkGN36oh+PuEdcpCutfg4en/f
duCQHykhsb1TYAas7N4hx+/U4RL9lHTBe7GSGWXvInx1O27iTQRuQONumPL1HWyqqtiy92IVieGx
O3AY5LKnB2547TfpDs0n79SRpqpLBc68GME//LRbp8gLO/zl4scHrkDjTszuATjMVLVkQd6MwHGT
FXXtwMvOMGSQ5wfOQOM65tOpHWOqqgsa6s1gIS/YJ1L/Rb1hMtQDBCegcY3dCDzAVLUMuquRBDNc
PcNXVvPs7hnkT1qBl50RnNF2yrDv+6RLHjwxRRbGkPOKQDaEXxHcO5avInBkheB9GWh0bIGidrdp
x9kxlWCrvBkhNGaR8yPb7z1fgwpZfleCh9YjmST0KBNgYX2b9rhXVasiX3NcsIWPsebLzk+OunnO
B4kEcasReNWDd40e4uV0+tzcV6KfWjC2xsvwBr7g3dBi+fnTReEjNcuOEn6CSeqqhFtavomA2v9k
1XUI7soy3SyfmK/ILbXgzvjPVvse0GLt6a6WKVt6jhIm3MoE06ObHIwhhXMNbFfhLuwqkeiG6zY+
llBI966fyFb8egFrOi5U7+gRS14O35wJwIFAeiTuGt2zIVd7jMEdRY7UQZ66LY6WUJ3TsOdnziIr
2V0DhK/zeXtzpdRbR0NM6IEFAdxXD0tbu/X7a79MHPu5nM0DqFJblatWcYDQwuHjclBiw6tcXdxf
qZ/Ieb6KwIdFtnb7rIaG3VKf3Dr4Oq/2EykdY1ikuZp5Q6oiW69jmbR6P6tiVGIJt2vC6jRDMkqd
24fAbQtZInJjspHvbrYqqfcd2ksuM+l9BQtJeTGsc0rmbPWzMzH9GaPL2SnyXBM21HI00JrkLpOh
OnzANpjBW+QmZIPsK9pigcAlu1mOY0uuYTmM5aJFKWW+5ZuEr1zOLcohkdKq4NSuBZIV/qEkdTk3
EWeWppyWCPWNgtvH0IkZ2fBfiQ3OMoFLdhLvpxZexOGhLGu1VbYaW3pqLMsHlXL6thcZtWo8m124
rAvEwUWEuSmSFnS2yX2IXJBMHHtYjmPLLwO0MC6U1Sd6q6SW6naGcjn2prTzXLe2QHgcvE+2AVBO
LrFVCLTwsYO8SirEdYAztFW6QqlHRdKdkZgx7/embbhU10lx1TbHWcCegyXYeJ/0+LLrUIsi5q7q
QLkikz3ULgt2KeAthJ2I3RGwCWk+amwb55X7ammsHYO1xVzantjZGlXAawHg5emM7Rula633Qnjb
7jSCKSdDr+xGXlikgS8HABASyxDOQFRrhB5FTV8hwl8PACAoW6ncYAh6AGLucqgRLQrAAZgPHVqK
WknfDBF3ObDVLgoAEJQ0Xy3dkpuv16fva/V8js3yxAEAAsDE3NZud5TYYGdMJLfqfD1EAMDOmIpN
cUSvVarlkcDVlC2vD9saATgmLJcL/ZSV5JsKQIzQEb7lBQIAApNmwkfoaiW2Vbee7TUOC3EAPAGE
8VbpbOauXRRyvLnb1uFxKtqVAgBWIGWt2PU5c26R7e84YzR297YOj4OrAQCwKZtqHBQOALAxG2oc
nKkAgM3ZTOOgcACACGykcVA4AEAUNtG4isa+TADAi7KBxsHTAACIx9oxwL6VrQEAIATrVh4UsS8P
APDi8PXyx2kU3AQAxCZdK8FnBVcqACA+ZJ30nth4DwDYB3n4yapmsS8KAABOpKGjR0p4UgEAO0KE
NORqFvtyAADgDhouhZyACQcA2B1ZGNdqSWNfCAAADBHA7aBY7IsAAIARyMIlOQgcAGDXEOE/XYXA
AQD2D/eKINGSxu44AADYkErX+WrJY/cZAADsyRxUruSIEgEAHA1WWMxYtcygbwCAY0KySZmrCyQT
AQAcGzbiYtUS+gYAeALYILF7BQAAAAAAAAAAAAAAAAAAAAAAAAAAAAAAAAAAAAAAAAAAAAAAAAAA
AAAAAAAAAAAAAAAAAAAAAAAAAABE5n8DLMuGrwplbmRzdHJlYW0KZW5kb2JqCjExIDAgb2JqCjw8
Ci9UeXBlIC9YT2JqZWN0Ci9TdWJ0eXBlIC9JbWFnZQovV2lkdGggMTI1MAovSGVpZ2h0IDYyNQov
U01hc2sgMTAgMCBSCi9GaWx0ZXIgL0ZsYXRlRGVjb2RlCi9EZWNvZGVQYXJtcyA8PCAvUHJlZGlj
dG9yIDE1IC9Db2xvcnMgMyAvQ29sdW1ucyAxMjUwIC9CaXRzUGVyQ29tcG9uZW50IDg+PgovQ29s
b3JTcGFjZSAvRGV2aWNlUkdCCi9CaXRzUGVyQ29tcG9uZW50IDgKL0xlbmd0aCA4MDk0Nz4+CnN0
cmVhbQp4nOzdX2xb254f9qUtUvTmpv5Y5BXlGFTnip0rzb0ZaiRM72RIDzLpDdl0pqiONEEAnQzP
wzCYWsl1UyDSMZpgYBpBHnykp/rcyiigBL0EjtoCI1vtJJ1SaFLMmHyYTqVS7STUBPQNqJza9FA6
ssQ/pkjRfVg+29v7Hzf/701+PzgPOjRFbS5uba3vXmv91sC7d+8IAAAAAAAAgD4w3T4AAAAAAAAA
gA8QUwEAAAAAAEBHEFMBAAAAAABARxBTAQAAAAAAQEcQUwEAAAAAAEBHEFMBAAAAAABARxBTAQAA
AAAAQEcQUwEAAAAAAEBHEFMBAAAAAABARxBTAQAAAAAAQEcQUwEAAAAAAEBHEFMBAAAAAABARxBT
AQAAAAAAQEcQUwEAAAAAAEBHEFMBAAAAAABARxBTAQAAAAAAQEcQUwEAAAAAAEBHEFMBAAAAAABA
RxBTAQAAAAAAQEcQUwEAAAAAAEBHEFMBAAAAAABARxBTAQAAAAAAQEcQUwEAAAAAAEBHEFMBAAAA
AABARxBTAQAAAAAAQEcQUwEAAAAAAEBHEFMBAAAAAABARxBTAQAAAAAAQEcQUwEAAAAAAEBHEFMB
AAAAAABARxBTAQAAAAAAQEcQUwEAAAAAAEBHEFMBAAAAAABARxBTAQAAAAAAQEcQUwEAAAAAAEBH
EFMBAAAAoKcEnAPdPgQAaApiKgAAAAD0GiRVAENDTAUAAAAAAAAdQUwFAAAAAAAAHUFMBQAAAAAA
AB1BTAUAAACAHoTlqQDGhZgKAAAAAL0g4BxANAXoDaZuHwAAAAAAQMvUTKqiJ0Qz79p5OADQiIF3
7/CbCQAAAAA9oq4BVWRUAH3CaCoAAAAA9AjtGRUBFUDPsDYVAAAAAAAAdASTfgEAAADA8JovnoTx
VQD9wKRfAAAAADAqlPYF6EmIqQAAAADQs6ZdZpuVIYSk0uV8sSp9AgZRAXQIk34BAAAAwHg0jqOu
hcYDPo5+HY3lI88uMqcV0XOQVIVow6JNoLsQUwEAAACgy6SZUz0maZ/ru+QfXl0ZEz6ysX22H8vX
9eP6Ct+2aBPoIkz6BQAAAIAuo4lIGD5FQVT6BI0SybeiR9ZD44QQaVIFEaXWRnyFDsBoKgAAAADo
SMurIu1+eZsuTxUKrr8Uzv7t2+hVV2v3bStB5yGmAgAAAIC+tDapbnw+MTdrET0YjeU3t88+eqQP
Mhi27QGjQEwFAAAAAD2qmak4llkO2OjXiWTJ6TDJTuWVjamEkMDvnAj/t38CWJNhtX8aCrpIPP8B
AAAAAEAPasahfLEa2btIpcuclVkPjfvm2bpe3zMjk137QZM5E3vVQgeghBIAAAAA6JFKHOJYZm7W
4pm1BHwcv+40WmdVpLlZy9FxqalD1AfZclPan9/YT8SYKrQVYioAAAAAGIPTbvLMWnzzrHdBZuD0
Vfa684ekB6IyyOo7ytSVUT0zlmX/cOK4FH2ezxerotdBUoX2QUwFAAAAAN2RpimOZQJ3rG7XkNMh
34PNZCuyj6dOrmTXprpdQ00epK5EM+9EjdbAqOm0y0xHp+k489FxKVeorq7cDC6ObO2ci5b+IqlC
+yCmAgAAAICOKIUruhKV/1/vPLvkH5bNn+JvLFRrPqc3NLy7LCGEY5nwPYd7yizdvIdaD41POgaF
HwFA+6CEEgAAAADohcaI5bSbVlfGtGRUFamTq2a+XbcaG+HcvD8xN2tRyqhUcHHU+3GdKpRTgjZB
TAUAAAAAXdCeeTKnleDnL7d2zpv5cblCz05YrZlUp13m4OJIcHHEO89Ou8yEkK2db7S88urKWAuO
D6AWTPoFAAAAgO5Tyah+H0cr+rqnzCqv4J4akq3c65m5Ifv8RPJtvQdpFDUDfyZ7nUiW3FNDnlnL
mm/cZmVS6bKWV3Y6TH4fJ7s/LUALIaYCAAAAQPfxA4DSiLW6MqY+GZWyWeWzmVK4fXGiKZj1Hqfd
5J4yu6fMnpkb/GJU9VsAQnOzFsRUaDfEVAAAAADQL79gZ9QGOO0m2W+PHxSbOChdky2S7J4yz81a
3K4hT60FqDWJKiSj3i+0A2IqAAAAAOiIaGOVgI/T+I2emRuEiOvQeuTKLEVj+cizj57ZG0FLaa6v
0zHonhpyOkwqhXy10z7uCtAwxFQAAAAA0JHWFo+VVgO+++BVT073VWm3Fydl/i3TGb8BH+ddYJWe
D9B1iKkAAAAA3YHZklpo33Vm0jEofVC0gUr8oNh7GVV7sJ92mZcDw3MzFqcDKQB0DScoAAAAQBdg
w0ktRCFTJJOtvMpeHx2/fZW9zmQr0jK/3nlWNMc1diizJNXQNwvqOpFenJRT6bJ6qwLoAWIqAAAA
AOhUIlmKxvLS5am7+5dPo7nMaUX926WrKGVHXGnSM2hYVamQfHdlbNk/TL9OJN9n+MxpJZUuax+j
ltK4dQ1AMxBTAQAAAECn8sXq5vaZNKYu+4eX/cO5QvUoWUqdXCWSpVS6nC9Wa77gkn84sicus0T1
2Bxsz4yFz6jko7nTjQdUKnVyJfzfXmo00A/EVAAAAIBOU5qo2WNJqS4NzIK2WRnvAutdYIOLhBCS
yVYePM6qLz21WRm/j+uHbT+Di6NtemV+YBagfRBTAQAAALpDlEj7fLWqaB8a3pJgSFD+G2N5p72O
Pq1o3q/SzzU0jmWamdarroe3nAX9QEwFAAAA6ChpKPpom1DB1/02sipNjMHFkZqjgt55Nn5YTCRL
8YOiaN5v9HmBH/pzOkw0oIoGAw29MJUnare2ZlQtk6sBmjTw7p2xfycBAAAAjKXesTujJ6i6CBuH
Y5mnP7ld17c3uSeqcZtadFKthcalC3pbIvw4GxdUSzZui4HOYTQVAAAAQNd6acGqSkSXvsd8sRpc
fxn8ZER74pqbvdFMTO2NpuZYph1bzsQPirHDYlxuRx+AlsNoKgAAAEDnNLMMsgcSFGmoBZx2k8aw
Gtl7o1TIVzsjtrOoVT0zls37Ey18/Y3tM9m6U0ZsKzAEjKYCAAAA6MK0y2yzMoSQTPZadkfQ3hjr
U9nnU0nmtLK5fRZ5dhH8ZMQ7z9JW0oJjGfeU+ei4RmVaekhGLKSkdMxHx6Vcoaq9odSl0mVkVOgw
xFQAAACADlEJQndXxoS7XCaSpcjeG2m+6o2k2lggpGGVY5nlgG3JP6wlg7mnzPygYiJZOjp+KzvW
qsOyVRoLOymVKfbMWFqVUQkhWzvftOqlADRq2ekLAAAAACqUshnHMp4Zy/LH267MzVo270+Ef+zg
WHFvzYiDfiJNRsFX2eutnfNMVmbAWcXcrMU7b1V/jk4yKi/gHOD/0/5dTrtpdeVmCw/Du9D6la4A
6jCaCgAAANBGWgJG+J5D9nHvArvpmFh79Lr3tgCRDYRa2ipfrO7H8t55NpUuOx0925WVzkPWOOTr
tJu2HjpbOJRKCPHNs092zqWP98bYPuhTz/5uAwAAABjCemhcJVTQaauipNo/8eDuytik3ZQ6ucoV
3qXSV7lClRbyjR8W44dFp93kXWCX/TaNeXV3/1L9CXprWKVFsyp53jNbe7pvJlv56d5FvlB1OkxO
x6DbNaS+z6rTYZp2mZspoQxQL8RUAAAAgK5Z8g/XnFHpnjKvh8bDX2Y7c0hdIZsPnXYTnQstaqJc
oZpKl/OFKo2vG9tn7qmhuRlLzZbUMk9Y46LQTqqrwtN+LJ9KX62H7O4ps9JznA7Temg8V6g+3b98
Gs3Rel1Ou8npGJybtbhdQ06HSfTtooyqtCYWoFWwIQ0AAABA28n26add5s37ExrnZ4YfZ0VbVuoq
SmnBN4L0yGXbxzvPKk2HViLakIZjmac/uc3/b/ygKE37woPRYS0lobqSYXBxRGOhqWgsH32el9br
mnaZ3VNDk45Bz8yN9S9ef/Qt+msc6DGIqQAAAABtJxswtsKTKkNeIrlCNbj+Ujj1VziiZZTYIGoH
pYhIcSwTvudQn48qIt03NfpPXcL/XXv0WpTHjNJ0pP7qWU67aS00rtKAieSHpkidXPEjq1oYqN3A
iBBTAQAAANpLNl0EF0eCi6PaX0QaU6UMkRxkW0NlEqnTbloK2AI+TsvAoHpMVWpDQ7SbiPbIuuQf
Di6OyLZerlCNHxbjB8VEstRAmS4jthsYBWIqAAAAQHvJJorIF7ecDlOuUCWEaJyZubl9pvaEj0cm
dR4hGljZ6PdxAR+nPriqHlN39y+lFWv13FDqo+Ua25BjGZuVWV0ZU1+7m0iW4ofFRPJtvaWS9NyA
YFwooQQAAADQRrJZwu/jaEbd2jlfD41reZ2a5X+MVdKmgRo8+7H8fizvtJsCd6wBH6d9N5pUupw4
fis7o1XnEYtvJe2LZjmWEY2L5otV95Q5dXKlHlPnZi30FkAmW4kdFo+SJdFaaIBOwmgqAAAAQLuo
TGR1OgaPjksbn09oXHuZSpdXw6+0/2idBzBezbDqtJsIIdKE6Z1nAz5OFL2ko6neebaxuKWfBtSe
52nRqVS6nDq5SiRLR8mSsN08M5bg4miTa30pafFh/TQX9AbEVAAAAIB2UQ8YnhnL5v0J7a8mLf+j
wkCxQb2VhEk+k628yl4TQlInV/lCNZUuv8pW5mZv2KwDtBpQKl1uYI2ldl1pVe2Te588dIoGmTPZ
SuK4lEqX+dm8dYVVpZgqYqCTDYwCMRUAAACgLWqmC7o8VfsLptJlWvMm+jxfs5aSDvf/VKfUXLtf
3lZau0s3UCWEHB2/JYQkkqX2xdTutqTGpKrSVoSQXKF6lCzRgVZCiJawKruaV8RA5xgYCGIqAAAA
QOvVzBV+H6dxVaqUlvBA1YwQ+kmzsi22FhoP+DjtL5LJVqKxPB0A5FjGPWV2Tw3ReKZlqxU9tIMS
LUnV7+NWV8Y07sSbSJbUY2omWwl+/lLlCXpuLjA6lFACAAAA6DSOZVZXxhr73lyhGn2er/k0jQFV
yzM7QDaDcSxDF6Zq53SYgoujNKaufjrGR1z1YK+HFqhJS9Gp/Vj+KFmqWdSXqjmUGqu1plf/BaXB
uBBTAQAAAFpMmABlo8VywKZxyEsklS6vPXpdc16renjQT+Ub9dyVL1bXv3itsu2nulyhSme3EkLU
g72uErsKLUk1c1oJf5n1zFjWQ+N1TSmX0tLmSKrQJpj0CwAAANBiwpm00lzhtJu2HjptViZXqNqs
TM25l7xoLL/11bmWtZdKyUF0MN0KGPVuReO0m9ZC49JWih8UE8elBrb6rEnP0Ut7RaXlgC24ONrM
zwquvxRNluZbxijZHgwKMRUAAACglUSrPaWhgq633No5dzoGj5Ilz6xl2T9c82U11lwlus+o0iOR
4ljGu8DSWr58TFIfVk0kS6mTq6NkSfgtzdBz+lJqQI5lnI5BYWhXSvgaqcRUgLZCTAUAAABoF2mc
mHaZH95zPHicpVlCSyGlXKG6tXO+HxNPW512mQkhSgOJwjghPQxdhQ3p4QmbRVifNleorq7crBm6
MtlKKl1OHJdS6SvtW/gI6ap9pJRiKr0DQjehEe6bWldpJZ7snRGdtwz0DMRUAAAAgLaQzRJL/mF+
O5lpl/nJw0n1F8kVqmuPXkuz6JJ/eHVlTL0Wq+xSRml81UPwEB3nVnjSPWVu1YsnkqWj47cax6KF
9NAyQg1sw0sja/ygmEqXlwI2LeP2hJbpiuUjzy6kM8z11ibQqxBTAQAAAFqv5rxWfoWqynNkCyZx
LLMeGudLua49eq19wFC6XFYnqUPUXBufTzQ8T1VWrlBd/vHX2p/f9WZpYPnu5v3vqNdMisbyiWQp
k60QQpwO06RjUPqcRLKkdDp1vU2gryCmAgAAALSYlrWXm/cn1AcM+YJJTruJXx8oreCaK1Q3t8+0
LMiUDq7qtoSS024K33O0cECVEHL3wSvpoHTNAecuqjepatxjlh9fTSRLWspxieikcaDnIaYCAAAA
tJKWdFFztJAuC+RYZvXTsUSyRBemBhdHVAq3Lv29rxtIHUSvYVXLaLN2mWzlp3sX0vW9RgldGiOr
d54N33Nof9lEshQ/LDZcKtkorQdGhJgKAAAA0DJa4oT6qBctmBQ/KC4HbEv+4af7lzSvhu851JOt
7GihFp0JG/WODZL6Q5eKVLq8Gn4l+0/Gylqy+xvlClX+DgVdtFzvyzY5xEqM1oygf4ipAAAAAK2h
JYmpl/bNFarhx9m5WcuSf9hmZaKx/Ob2mWfGEr7nUB9XjB8Uw19mGznoDgaMBpJqYyVqpTLZyt0H
GaUAptuIJa1xJWpDWoUrV6jGD4u70UvZ8tGZbCV2WHS7hiYdg+qLV6mG73fwdNueYCCIqQAAAAAt
IFuXSBQqag4PRvbe0IBKvh0AVJ/oS8lWWtKiu3FCY2ptbHiQEJLJVja2zwghTocpflDU3j76SVnS
tcTqJZFT6fLu/uV+LC9NqtFYPvq8kDmtTLvMNiszN2vhrIw0u+YK1eD6y8YGVEX004xgRIipAAAA
AM3iw4P6bqV3V8Y07giSSpc3tk/XQ/aaZYQayxW6ihDShuJYJnCHm5uxcFZG4xigLDoc3fQBdrO5
1MP87pe3pUPNdDsZm5WRzi1PJEvRWF4a2vnsmkqX44dFpR+nq9MGehtiKgAAAEBTlHYflQYM7Yst
hcOq6hqY7quf0CVbaFedZ+ajBbo2KyNM8m7XEL9VD0WLUdV/pO8Pr7FvbJL2Nmls+a5oknC9EFah
AxBTAQAAANpCNmyEf+wQ5ShZmWxldz9HCAkujqiEVX4olWOZ4CcjczM3lAoFUToJGA0sUlXitJvc
U2b3lNkzc8M9ZebbKleoHiVLscPiUbJUc6seopuWEdLYSs3sMUtPs+jzvOFmjEPPQ0wFAAAAaAvZ
mOG0mwJ3rJ6ZG0rRIn5QjMby8cPiWmjcO8/GD4sqZYHDj7Pxw+KSf5hPs2uPXh8dl2SfrKtc0XBS
nXaZJx0maS6lEslSZO9NrlDVOE6oqzahRIPzWvaYjWzcavKH8mddvd+owwaE3oCYCgAAANB6NdOF
aFhVWOSGRtlX2etU+kpleWr8oLi7f7m6cpM+ge5kI90aVJ1+JgBr8ZcmTD/4ecukY5CW/yGESJNq
ve2gt6AlW4uLqDaXljpbWuQK1cjexdP9S/Wn0aNSmusO0BKIqQAAAACtJyyqJBsw+FWFtKqNMFZx
LJMvVmvuxZLJVvjaQrTkUgNLDQ1R7Fdq2mWem73hnjLPzVhkCyxFY/mtr841zmXVYdaqq2U4llkP
jWuZTF4THZ/X8kwdNhr0kgbLpgEAAABATbQrL5tUOSuzu3/5NJqTXTmpZQkrH89EkWzaZQ7c4aLP
8yqp1ViDqNR/+B8M/eov3VCaL50rVFPpMiGE/mvAx7ldQ+rRXc9BS0txKb4ecuK4FI3lWxJTtRdV
xmgqtBViKgAAAEAX7Mfy+zGZx6dd5of3HNrTwtbOOZ2lSacKB3wc/d6Aj5Od+6r/6rVCg4Pk+poQ
Qrzz7FpoXGlsOZUu5wrVp/uXwpFAjmVqbuejZzWTar5Yfbp/GX2e9y6wAR+XK1S1lIZW53QMaj+8
Jn8WgApM+gUAAABoO40hbck/vLoypvE1c4Xq2qPX+cI7mlJEkSyTraw9+gvpUK3sxjm6HVxlLQPF
0odj88xY3FNDNutAIlkihIhKJTntJjqiqLF0rSGCVl3x3jvPemYtvnm2sZ1mo7F89HleWoJLuBhV
+AhA+yCmAgAAALSXlqRR7/JCWu1mbsai/i0alxrqNqZ2gP4TVwNNRBO7d56ta6+aRLK0/sVr6eOy
lZz0325gaIipAAAAAO1VM2Z4Zizhe47mZ2yK7O5fRp5d1BxX1GHe0B7MPDMWp8M06Rik+9PQvVLr
LXdMdNkIQg2HeY5lvAvs3KzFO8/KnmC7+5epdHlu1pLJVmihadnXEbVPd0fgoR8gpgIAAAB0iFLY
aNWGIrxMtrKxfaa0gSpPKWmIjrMdgaSZQVTvPOtdYN2uIX6ec65QPUqWEselRPJtA+WOKZ3nLi0t
NjrM/ILb8ku/YKG79QjZrPIrdTPZSvDzlzVfWeeNA70HMRUAAACgQ5SSxrTLvBwYVhrvakBk700i
Wcpkr5UGx7RrXz6pN6k67abgJyN8K2WylcRxKZEsHSVLzb9Nnj7zWF1tdXNk8Nd/xSpdrqxkY/tM
y/izPlsGehViKgAAAEAn1Ewa3nl2dWUsV3jXqvq00Vh+c/uswe/tVCbRHsC2wpN8y8QPiqmTK0JI
rvAulb6iD4oqKjWs83lMNIdW+r+NvazTbloK2EQVlaKxfCZboTWoqLraDWEVOgMxFQAAAKDttCcN
v49bD403/xOVyuFo0ZWcpv6EmyOD/83vTTjtWgvYLv29r+tdlNvFSraiH6006VqllaZd5s37EzYr
k8lWXmWv6YOZ00omWyGEiDabVaroWy9EVmgfxFQAAACA9qprNMxpN0U2bokezBWqqXQ5dXKVSpcJ
IXOzloCPU3qFVLq8u38ZPyhq2ZRFqosJTcUwx/z+49vaXza4/lLLTGBdBa2aTaG+kyodjde4FU00
lieENB9WddWA0Esa2VIJAAAAANokc1pJJEs2K5M6uaKTM1PpMg2cdHGmUkBNpcvRWD5+UGzhQs22
qiu9V6skflCU3X2HxvJJx6DTYXLaTe4ps83KOB2D6u2gw3ylnkJJrRaLHxbjh0XPjCW4OCrdh0a6
g9Hm9pnTbpp2mVVm/OqwlfQJpY9bDqOpAAAAAG3Ukn1BVQJqJluJHRajz/M0bHAsky9Wb02YJsZN
npmhV9nrunZn6UxXu+Xbq2isbCyk51DR/Dkje8Kk0uW1R69tVsa7wAZ8XOL47ZOd85ovpeeG0g/6
kaGtWggxFQAAAKBd+LxRc6BMifoIKiEkflDc3b+cm7XQLW3++2dvjl9cuW6ZV1fGIntvdqM57VN/
dZ5RRbzzrGBDmnd05NmIm8TKakkrcSyzHLAt+Yf5SJ8rVNcevaZ3NKZd5kz2WsvpYZRG6yLZmCoc
YlX6GpQgpgIAAAC0SzNho2ZAJYREY/nIswvPrGU9NJ4rVJ/uX+5Gc6ufjrldQxvbpzSNOO0mjdOA
O9l1btUgc+CO1e0aqnfHVD2HhMZaxu/j6KlydPyWEPIqe53JVmgJXzoE/dniCF22KkyqKmgTYZBQ
iTRqSttK+IjS16AEMRUAAACgjRpIHRzLrH46ph5QU+ny1s43R8clWhmY5tVcoboeGvfMWp7uX7pd
Q06HKVeobu18oyW/6XAHGhWyKzBzhepRspQ4Lj3dv6z5CnoLCc1MhI5s3FLfcTeVLucK1XyhurF9
huHTxsjuEqT+CJGbTyGcWIF2VoGYCgAAANAWSsGj5paYa6Fx2YyaK1RtVobWwqFJjI6hRfbeHB2X
OJbZvD/Bz4NNJEv0cS2H2q2uczM7grqnzJ5Zy9zMDek2s3cfvBIm84EBItvh1VtI0NIalqGB0tU7
0SP/9e/a+cJIiWSJDqjKyhXeRZ/ne2ZqdMfI/naIcqnKc1SgqZUgpgIAAAC0npZNOJW6sJ4Zi3eB
nbSbaABLHJcSydJRshT8ZIQQsvXVOY0ZjpuD89+/QSskTbvM6yH7++fXE1A1andnuskhVs+MZW7W
4pm5Qcv8bmyfaSkcpcOE0EA7BHzWtZBd+AitqnWULMUPiw0fiQ4bp4tkd7IV5VKlGz3qnynaWQli
KgAAAEArNRNQVXjn2VfZinCQ8MbQwNurd4SQaZd58/6EzcqIAqp3nm0mqFCiwaK29qprNsvNkUHX
rQ/7KV5XSb5QLZaqhJDi23fXVVK9flcsyR+hdNRL9Lh+1HV6eGYs4XsO2Um/uUI1flhMJEuNbaKr
w5bpIumHIp2D0FhSlf0WQEwFAAAAaKWaca5VpW4pv49bXRlLpct8QOVYJvjJiG+effA4K4y12msp
8UQFijvQk1ZvnCX/8OrKmPARummqlhgmPXg9V7Kp6yThWGY9NC67qSwvkSzFD4v1bqurz8bpCi3T
dxFTWwgxFQAAAKBzZMdkZB/XQrg2lT5CV6g6HYPCaq6eGcuyf1hj+RxZOimwNDY8+I9W309wtVkZ
4arUaCy/G71UKRZlxBhQ11nhnWdXV8ZoOV8l8YNiXaeBERutfdQHVKX/pP696s8HxFQAAACADlGa
btpYRv0bv8b9f68rwjWo/OzftUev+ZHV1U/HMtlKZO+i4cPucAe6sdaYdpk1brJiIPU2BR1IX/YP
Kz2BPzFkyYYuwzVa85SG2WU/DqWk2sCAas0X6SuIqQAAAACdIDt7toUTgOnsX2EBoSX/sHvKHHl2
Ue9cX6GudJRb2CyG3qmysXbwzFjWQ+N0WDWRLGVOK955li5eDa6/VDkZDLR8t61Uzpa6PhGaYBub
LtFvbS6FmAoAAADQdtJFa61doRpcHAkujhJCaEalhX8Tx2+fRnPNZFTSqRq/de3h0QDjdvq1t8av
/hL7dz8dczpMmWyFEOJ0mHb3L/OFamTvgmMZunK1ZgFkpQ/CuA3YmLoGVNWpTAxW/656v6XHIKYC
AAAAtB0/qML/b2OvwwyQ6sd9Nzqtl+6zurF9Fj8o0mmfuUJ1a+ecxhLPjCWTvW6gflJjB1kvYSSQ
tgxnZfIF8VrKuytjjW24YsTef11ny9ys5bf/89G5WQshJJOtiMpo1aQSzIzYdA1TedftuI2ipK/a
XAQxFQAAAKCjWtvNnZ0e+vVfsdIKSYSQ1ZWxfKEajeV3ozmnYzBwhyOE7P5vuddnLajv2qapsw00
CF2FSwiJHxajz/P1bhJrrN5/A+3zlyZMd1fG/socSwiJ7L2pa2WysUoit4lOYqrSMfQDxFQAAACA
LmhhZ/cf3bXPTg+l0uVcscpnNr+P+2xx5J88OU2+uNL+UjU3em1Tj7mBWkGBO5zN+u1RPS80MLe5
u71/7es/VRpnyT/snWeFpZ6FLEMD/+mvcX/3b99MJEvrX7xWORjhKkqgpHuitmnGvhZ9+NEgpgIA
AAB0Wgu7uQMD5B/8znj8oJhIlviNRrzz7JB54P/4k4L216kZUFWeU6+O9fK1LAvUVVgldW5Q5J1n
10LjNiuTyVZ+unchu/SUYYh9bPAvzq5VXqdPUlBdw8KiM7/z0VRWn3xSBDEVAAAAoMM60N8dZMh1
QzukqiygbW3/uDOdfu0zNg2x6Y4Sv49b9g+7p8ypdHk1/KqxF+mT/KM9qeozppK++aQQUwEAAAA6
Rz+dXSmVOY0d6Bm3vGVqHnN39whtYGuTmk+bdpkz2Wt+UL0BPR+BtE9fl96m6fovb89/OkKIqQAA
AABdIzti2ZLesM3K/NUfsv8mdaWx0KvSj+5wvd/W0n7wXakS1PXYI6vns5DGeezt+HRYC1Ms4SaC
JoipAAAAAF2gMqW2Zv94mGMu82qdXb+PW10Z29o5zxeqwjWr9eJHkFrSP+5WKtN5577JZlnyDyeS
b+vadaYmnbdY85SSquhsb/kZO3XL9Kvz7P/4Ly4b+/ae/1yEEFMBAAAAOk195mG9neOBASLs0Hnn
2fA9B/16Y/tMtqxOXdrROe7uQKJ+uvvNt0NwccTtGtraOeesAzYr08AGuUr000rtoCWptuMsddwc
tHHMv/v3Dd5W6O0PRQgxFQAAAEBHGugZW1mm8PF4Kccy3gXWPWWOPs+/OCmbBgcGB8nMd4fq3V+U
tLNbrJMpr13v9+ukHWR1vXHaqh1T7p12k/ptgl/7ZevXmXIzo9+9/aHwEFMBAABA7/pkR8d2xBWn
3TT/A8sf/lHeM2PRVUYV6kpO09UZpcOk2tr53l0kHR1VL2fd5GfhmbE4HSbZKQwcy9isTK5QffqT
2//F77362ddIqmpM3T4AAAAAADU67MEbSOa08od/VCGE1JtRDV05SUqf3Xq9ndvCkGbQjKo0nV54
q0v4tSiXNvaJTLvM+cI7Ooh6dFzaWBwlhEiT6tDQQOhvjv4P/+IiflAsvK2jYUXDvIb7UBqD0VQA
AADQKdqbVO84atz/UOcdO6X6ur1dc0ipiFT73rWuTgP9ZFRdNUvzpHFOvX51kx8ExzKRjVuEkM3t
s/hhkRAy7TI/eTgZfpyl/0st+Yf/4F/lypV3f+1XrBP2wXqrKIneS499ZLIQUwEAAECP6t1VsuZL
6bljp3SEvT0bVuVzaeEb1/PnLoKyUq0iSqqyDduq2yLBxZHg4ij9mq9YthYa986za49e82tQ10Lj
I7bBf/zfZsvld4MMua6z9rZKOeJehZgKAAAAelRv31Fpjp9xZ8o11nseHWbeXBp+Y8aWBzadvC+N
OjYRWmVXJKPTnlSbb+2t8KR7yvz+651z95Q58uwisnErV6j+V/8kk35ZIYT8+g+t//CufXf/8snO
ecM/qJc+oJoQUwEAAEB3Gus41jVyovMOn/apzq2NNDpplp58U9p1bFhVdkTRcM0lS/qOlK4Mzbc2
xzKb9yf4pEoISaXLWzvfrIfGOSvz22svC2+rhJDf/Vtjf/NvDP+tv//1eRM3kkivfEA1IaYCAACA
7sh2HP0+zjfPclbm6Pht7KBY144OGkdW9TObTnts6NWBxybfl07eRcPalFRFqUw6B0H2cYMSvdOW
NCnHMvlvN3/iWMbpGKQXommXefP+hM3K8M/c2D6LHxTXQ+MjNuYfPHpNI9daaPwP/lUu+eJK+Jqm
wYHKdd0N3hufkQrEVAAAANAX2d5k+McO7wIrfCR+UNzYPssX6x6XMEpG1VgdqoU/Vw/vnWrgfenn
4LWTFvdq0weqEtiM2G7atTyproXGt7465y87G59PHB2/3Y3m8sWqZ8ayeX+Cf2auUA2uv8wXq9Mu
MyGkmY1SpXr7U6MQUwEAAEBfpF1JUf+Pl0qX1x69riupqmfUmk/Tm1alGt2+3+brPOtZByb3Kk13
75Ok2nwLizYcvrsyNmk3hb/M0v/lWGb107G5GcvG9tnRccnv49ZD4/yTI3tvInsXTR6A+i6vTb64
njG1nwIAAADQKbLdSr6Qpoh7yiwaYm3JDzVK508/O5q0j9JnEc28M8rHpKLd70L44tIdTTqwA1DX
Nda8d1fG7q6M0a+Di6Mbn0/QEVFCyFGy5F1g10LjHMtMu8z5YnVz+2x3P7d5fyL8Y8dRsrS7/2Gn
meDiqNNuav5d8Oin1gNnvhaIqQAAAKBrTrtpbtai9K+ZbEX7S7V775NO6p8tW6SHp/MDrlebsoeW
F0RSFfHMWDwzlmX/8LJ/mE+qc7OWJw8ng4sjHMuk0mVCSMDHBe5wy4FhGl+f7l/effDKM2vZeujM
ZK/jBx+2Sw1+MtLSd/NeP4RVxFQAAADQC/mhVNV+nrBmiTrpIkD6n/rT9KmHQ0VNhviAGtPusbIe
ruvbEk67aXXlJr++YNk/7Pdxk45B+r/BxdEnD53uKTO9Nba6MnZ7wvQbf9XmnWcJIS9OysH1l6l0
eXVlTDjFI+Dj+JFYHid31VL69Pv2lx0xFQAAAPTLaTcFfJzKEzzKA61CtHoK3+Ezbs9PNlo3zBAR
pQ8zVUvepvrOTNIHjftLIdLYvSeOZbYeOoWbyhBC1kPjTseHWbtOhyl8z8E/8oOftxz/7Mq7wPp9
HCEkX6yuf/E6/DgrmuKxunJT9LPyBbXl9H1ykteEmAoAAADdp5S+lgI29W90u4Y8MxZCSHBxhH6h
9PqyX4vovIPYjjKwOn/LQgY61OZ1YExV9GAvNa/o911aUVnq6U9ua5+awVtdGdv66nxu1uL/9m5a
/LB490EmsveG/u//+kf5//lf5up9WZGeuYNQl1Yu6gUAAABogFInjGMZ9aFUQsjcrMU95aB1TXKF
c2FNTin1HSl03k1XOvIeGwoT6bGdPOvS/CerFM96rDG1jLerN6N0Xq6KTLbCD6jarEzwk5HN7bO1
0DghZD+WJ4Tki9XI3kX0eSH4yUgiWfrjPy1of3Eh4fVKS9LuMdiQBgAAAHRB2o9c8g+vflvFpKZE
srT+xetmDkDPvUD1CZw9vMuofjaz1YmaO/QYdLl1k5oJ854Zy+rKTdF0XxWpdHl3/3J1ZYwffb37
4NWLk/JaaHw3etnw/qjSjWf6ausgKUz6BQAAAJ2iQ6laavnmCtXw42wzP0vUR6zZ623tGtGaRN3T
JncTMVBnt8cmozaPL7SjUm5H5QkgcndlbPP+hPaMSghxT5l982xw/SVf0ZeuPt3cPvvrv8pxbIvj
Vd9+joipAAAAoEdOuyl1chVcf5kr1O6ibW6f5Yvvq5JwLCPc51ALftSiroDayb6jcO5rf/ZZQZZs
HBWexjhb1Ak3j9HOu8AuB2zhL7Mb22e5QpVfm/rf/U/nP/TcUPlGhiGsRdN9JemdKdK7c/tlYdIv
AAAAdJ9S98vv49ZD4+rfGz8ohr98P5TKsQw/NhKN5XOF6pOd83oPRtgjlAYA4XM6RmllmmhCoJb1
q8gt/aAPP2stEc47zwZ8XK5Y3frqnL+xdXdlbNk/3MBP3Ng+24/lnXYTIeQ3fp3b+V8u3l69I4SY
TQPlSiMtX/Pz6qsVqiihBAAAADrFscxnix82TU2lyzbrgHB/CEJIrlDd2D6jX0+7zJv3J/gFYwEf
l8lW6o2pSmGvuyvEav5E6WH3T3cWpPrn068rkK+ujNELiHee3do5pxWPIs8ufPOs6MKi8dVS6Su6
GPWf/f4b/vHGMqoW/fOxEkz6BQAAAN1aDticDhNdm5pKlyN7b6RdSX66ryijUrHD+mb0icKecDKw
6EE9UBraVZoYjAnD0Ku0DKX6fZywQu96aDz8Y4ffx+WL1QcNrWy3WZmH9xwtX4wKFJoVAAAA9Mhp
Ny35hwkhP927oBWSliQT8+IHxfhhkRDinWelGZUQ8jRa346FshlV+AQdxjzRhF4dHiFAdzntJs+M
RTg1g/IusOuh8a3wpM3K8Dud1vfKDlP4nqMVx0hIny09rQlrUwEAAKDLZDtnwcURt2socVyyWQdi
B0Wbldm8PyF8Qq5QDa6/zBerSutXhWtWnXZT5rR2xWBe327sAWAsGsdRay5xTyRLc7OWxo5hd/+y
gTXwIvSag4sMD6OpAAAAoEe70dyr08rT/cvYQfHFSTm4OCp6Ap3uq9IBTRyX6BfTLnPgjrWun46M
CqB/Gocf92P5XKGq/pyGMyohZNk/TCv9NgMZVQQxFQAAAPTIZmXolN0XJ2XPjEXUiYzG8vHD4lpo
XGWQJJW+IoRwLLO6cnNXMPs3KJn7p0WHN0oFABXqv4/S9aJP9y/bejyfLY5o2QRLdhl5M3sg9zDE
VAAAAOgmpZ5ZrlDlp+mKhlIz2crWV+drofGA8ghGrlA9Oi4RQlY/HXu6f8lvPrEWGnc6TJ4ZSwOF
TzDWAdB1NW8YLfmHn/7k9trHN7CizwsaXz+VLqfSZaV/pRXdpGKHxUmHqeZVRWnIFElVCjEVAAAA
9IgPltKh1K2d8/A9hzCjSvuOtLTSkn/YaTfFv633S5NtQMNCNSlhPxJdSYDO0/Kr551nV1fGCCEB
HycsupY5rURjeS0/xT1ljuy9UZoknDguJZIl6eNHyVL8sOhdYGu+vjCp6rOEuE4gpgIAAECXqffP
RJEykSwFF0eFwZXfN1UoflCcdplXV8Y2t88IIRzLCEdfHzzO8jFYI9pF5ruVSKoAnaTxN84juDKs
rowJJ+LuRmXm/cpmTs+sZVPuqkIIcbuGNrfPpCHWPWUmhOzH8lqmaaiMqSKs8hBTAQAAoJvUu2XC
rQ6puVkL7RFSG9tnk45B0XNyhWoiWdq8PxHZe5M5rXAss3l/gs+okb03L04UJ/UBgN7IZlSOZYKL
I8HFET4ZLvmHRQsBhPuavjgpb0nq8UblqisFfFwiWZI+mRDinjJnTiuRvQvR43zc1Xj/C/e5ahLv
kQ0AAADQYSo9NulWh0Ib22dHydL6xi3R4/HDYvieI1+oRvYuaEblk20mW0mly2uh8ejz/NGxzECK
Rhj00L8WJgF83F2ktGHVkn+YbpW85B9OpcuypXqdDtN6aJzfmOrp/qV3nhU+M+Djwo+zos2ubFYm
cId7un/pnjJLF8B7ZizS16lJeAoho2qB0VQAAADoJpUem3QoVWhj+2w/ll+TW2VKe5Ab22eijEoI
cTpM4XuOuRkLMmpP4udmI6P2BunnOO0yb4Ung4ujNKMSQmxWRiUxehdY4W4xoim79Bsje29E37Xs
txFCtr46l5ZTohelrZ1vhA+qVF2SvhFM7tUCo6kAAACgUypDqTSjLvmHZbunNisTjeVT6bIoo/I0
FlORJe1f0g4o+p3tVjN5tvwjwGeqN54ZS/iegw+oGq2ujKXSVzYrkytUX5yUN7fPwvcc/L8u+4fD
X2bdriFhASSnw+T3cfuxfPhxduuhU/oTX5yUI3tv+CLkTsfgi5P6lrvj7FKH0VQAAADomsaGUmlG
pSvTZJ+QK1Qjzy6UMmquUOW3UXXaa+8hIaSUUaGFhCOidY2OtnYEFSmi60Qf6LTL3EBGJYTYrMx6
yJ7JXm/en5h2meOHxfhBkf9X7wLrtJs2ts9EBcPpdN/MaSX8OCt9nBAS2btIJEuZbAXL3dsBMRUA
AAD0SGkolWZUQsh6aFypwxo/LG49dMpmVEIIv41qcHFkKWDTXvJXJaMi0jSv5ZN1G4OAqk90An8D
GZVyT5mDn4wcJUs0qW58PPU3+MlIvlh98HEcnZu1eGYshJCj44/KKQkvLOtfvA5+/lJaUUmInk44
qeqFmAoAAADdoRJInHaT7FAqn1G986zKFoUBH6fSnY0+L3hmLFvhySX/cOSZWv9ShTBQoQPaJD2k
U4KAqjOiU2I5YGs4o75/QR/nnjLbrMzm/Ym5WYtwjDTg45x2k7QUcODO+4HTp/uX0Vg+flDc2D5b
/vHXzRwGaISYCgAAAF2gHksyp5WtnfNcoSosTMJnVI5lVlfG1F8/V6ju7stskxiN5TnrQPiewz1l
5odVtR8zPWxRNRTtrwBSXQ+oNJ3ic9S5Jf9w8y9Cb37ZrEz4nsPpMAkvEfS219P9S+F8YBpf6deb
22fhL7P79S9rV9olFdQhpgIAAECXyfbhnu5fLv/469Xwq7VHr3OFKp9RCSHBT0ZUKgATQlLp8tqj
13MzN6T/FD8o0qmDmeyHzQ85lvH7OI39YGTUVtHDICo+QUOYdpmbHEqVWg+NZ7LX/I2wVPqKLlMX
LVJdCtjqelnZM6rr57kRIaYCAABAp9WV9I6OS6sPMnxGnXaZlxXyZK5QpYOoq+FXny2Oyq5NXft2
RevG9hkhhNZhimzcWg+Np9JXdb0LJJxmoOMO2rU8o1KrK2M26/vz0D01ROdWiBapBnxcXVXWCK4M
LYINaQAAAKCjGhiNzJx+GNxYD9lln5MrVOlis6PjUnBxRGnlKu3vxg+KqXT57soYv4p1Y/usrp1U
0RNtRrszqvDTkf4sfHaGk8let+mV+XkZAR/39Ns5wHSRKl1ZYLMygTsf/qkmOsU3mnnH71PFrxTA
iVcXxFQAAADojgY6bX4fx4+R5gpVfowlV6iuPXpN94TwzrP8ZoZUKl22WQf4/miuUP3p3hvhdjW7
+5d1LTlDd7NhHRhEFX06+LB6QOa0srt/qV4arUnuKbPTbuLviD3dv5ybsdC7XaKNamqSJlWC6QP1
w6RfAAAA6Jya1XHVQ8V+LB+N5QkhqXQ5uP6Sdh+FGXXaZV4LjQu/JVeobmyfCteyptJlYUaNxvJP
Pi7vCS0h6pdrX4nq93Fb4cnIF7fqnWwJPYwuOG/rjxBNwdjYPtvaOV979Dp+WFT6FqJQgksYUPmn
tfRge9/Au3doMgAAAOgQae9N+DjRNvLAsYzNymROK54ZS/ieg8+odGdFPn+m0uVcoRo/LKbSV8HF
0blZi/SlaN+XrknjWEZL4V90N7VoZuxo2mX2LbDqe1EqwafTS4RnkdNuyhWq3gV2/eP7UC2USpdX
w6/q/S7ZgCr7T1AXTPoFAACADlHKqDyNs+PyxSrNk0fHJeEehqufjgnn8Uaf5z9bHFVZVJbJVviM
Ou0yu6eGak795Q++5nvpZ03Ob3xxUqb3HeqCz6LHiM4iOh13P5Z3TykWUWuSe8qs8V6VCuFFDOtR
m4GYCgAAAJ3Q7qVZS/7hgI8jhOQK1c3ts/hhMfxjBy3nSwiRrfobOyzyGXU9ZNcykCI7VILI2sV1
d/3c7P3pyc75pN2kVCOtSd4FtoGdUaVwWjYPk34BAACgE9SzHD/sIJz9qz38eGYsm/cnCCGJZCn8
OJsvVqddZkIIPyjHsYx3gf1scYSzMrQKCz/dl2OZJw+djVX6rbnUth/wjWAaHKhct6sd+rmF+1DN
af/C6f3CamoiKv8kK35QDH+Zrfk00dUJJ2c7IKYCAACAHmnPqBzLRDZuHSVLscOi+kiI38dlspXg
4mg0lo8fvB9KDS6O5ArvtG84QdBJ/Vbzg6gDA0S9K9q3bQvqZ5fTbtq8/x2nw5RIlrZ2vvlscVR2
fHVr5zwgKA+uJJOtJI5LbtdQ6uRq89spGFJKxXtxlrYDYioAAAB80KbZmw104+qKqYQQLSvKhjmG
EHKZ//DMaZd5OTCs0jGVQkalOr+1DPQVLSfYkn/YZh2I7F14ZiyEkPXQOF/TO5EsuafM8cPi1lfn
wqFXKe0jqEoHiRO1HRBTAQAA4L22Bo96e3KdWe54c4T55qLaZN2U/umk1nXvoK76ySL906SgpN4r
gGfGkkqXg5+M0AJLmWxl7dFfLAVsT3bOnXbT1kOn0uzf8OOs+pYzPKUS5Thd2wExFQAAAAjpYBUc
LV265g+GtQyUyu/MpoHSVY0f551nE8lSwzG1T3qoda0Tptv/pNLl+GFhN5qrq237pD2hpnovAhzL
OB2DL07KdJ8qm5XZ3b/kt0Sedpk3709Ik2quUA0/zmpfl47zs2MQUwEAAPpaF2u0EtWKSs2/+JBp
4KpSo58TXBxJpcsax1Kk+qTPqvHj4Fhm9dMxWm85lS5v7Xyj0vvvk6aDhjVwERCO4a+Hxr0L7N0H
r/g6atMu85OHk/yTc4Xq0/1L9dsosoXccOp2BmIqAABAP+puOhURdft0dWwq+qS3WrPmKl31511g
Az7OZmVo7z+yd6H0LX3SbtC8Ji8Ffh8X8HHrX7wWPrIeGs8VqvHD4m70Un17XqVtnHECdwZiKgAA
QH/RcwhU6hfqUD90VWt+EKJ9QQgh0Vh+66tzpeGpfmg0aIeGrwlOu4mzDgjjqNNuypxWan6j8FxF
Uu0KxFQAAIB+YYj4p6SubVTVDQ6S6+umjqQlh6FPWsZO6VTeaZd5PWTnM6r6LN/ebjTogM5cvvg7
ZepTPHA+d4Cp2wcAAAAAbWfogEqazqgWy0Cp9KFbiYyqRL2RvfPsWmicbt4jKkgT2XuDWb7QGS28
YyV8TZX/Ff1QnM+dgZgKAADQy3ogoDb/IsKM2oze7p6qnCp8QRpCSCJZ4iupEkJS6fLG9qnSGr/e
bjHoFmlSbWa9gMazlP+h0rFW3RIdqrG2z0FMBQAA6E1GD6hUu9/FwADB+id1wlAaPyh6F9j10Dj5
tlAqBlGhM6QDnkpLRuu6aPT8WSpMqu0YiG4frE0FAADoQQbqixhID/dolU6Yuytjy/5h/n8z2YrT
YSKExA+KWzvnSqVoerihQFeUJuK2L6kabupvAwOqOhkuRkwFAADoKQiodWEYUlXcNPEjeui3tYn0
nPHOs5yVCfi4uVmL6J8SyVJk7w1KJYFOKOUu9fK8zZREMtbUWdHRaoyp5OOh6a68WcRUAACA3oGM
KkvURWvyRXqMtE3o3pLSZ0Zj+ejzvFJAJb3bRKBzslFKeGK3/MzUyXijFqLhX42jwXyTCr/o8FtG
TAUAAOgFCKhCsuMAyKg8vsepJaNG9t6k0uVEsqS0GyrpufYBw5ENUW1NqjqklCTrHVAVtZu0GTsz
8xkxFQAAwPD6NqOqlFERabKJeqmPq9IUshlVpUgS1UuNAz3GcEtJm1Fz/rPGkEnjrsZrZvsaFpV+
AQAAjK1vMyqptfxM9HjDDdVLHVyVRggujgQXR4WP5ApV9YzaSy0DAERPf1CYbh8AAAAANE4/XYqu
i2beqQwOoKGI6tmyFhoXZVRCyNP9S6Xnq7Q2gH7gLBUSXQHUr4pdbzrEVAAAAKNC9OKp96ia6W91
va/WKuoZNeDjhI8kkqXg+kvpUCpNpz3TJgCGUNelvmaJY6P8/iKmAgAAGBIyqpBKazQwlGqUbpx2
Si3AsUz4xw5hRs0Vqls75+tfvFbaExXAWJSqhRmLluNv4MKl55kmiKkAAADGo9uORRfJtkkDDSVc
xdobeVUlo27en/AusPwjqXR59UFGaa5vb7QGgOHUm7TVn6l+U0/6c7sFMRUAAMBgkFGVKM120z5P
tceSmMpQiWfGEtm45Z4y84/s7l+uhl/JDqJioi8YWs+cwG2qA6f0slp+XPv+HmFDGgAAACPpYkb1
+7hJx2DNp8UOii9Oyh04HiUN77KgfV9BQ1B6p2uh8bkZi9PxYbuHXKG6uX0WPyzKPt/o7QDQG7TM
8lDa8lRLqfN6n69FM1cPbEgDAABgGJ3PqBzLuKfMc7OWgI8TBhsVwcXRXKGaSpePjt8mkqWj41K7
D1JEqUaIxozaG1QyqqhaUipd3tg+lb2z0GNtAtC36v3b0fWMSjCaCgAAYBQdy6hOu8m7wHrn2blZ
S0teMH5QjB0W4wfFfLHakhfUQmWPe/4JSqMTRh9N1ZhR6d2E8OOs7Odi3LcP0DNEN91Eg6XS53R9
SUgLrxsYTQUAADCAznQ+/D7ON88Ka+q0hHeB9S6wJPQ+r+7H8q19fS1USoP0SUYNLo7wGVVlBJUY
+b13hoG29ACDEiXPmuebfs7JFh4JYioAAEC/41gmcIdb9ts0TuttGM2rqytj0Vj+aTTX1i1PZHtL
0nm/OunbtYpSRvX7uODiKP06flDc2D5TGtnusQZpoa6PU0FfkU2qwiuYfqKpSKsODJN+AQAA9K6t
/ePg4siSf9hm7ULx/2gsH3l20daw2mMjpepUMup6aJx+HY3lN7fPlF6hV1umGbLlo+v6lUSrQgOU
bqipLF7QleZPe8RUAAAAXWtfF8Q7z66ujLV7BLWm3f3LyLOLNi1b7Z+EoCWjEkICv3Oi8iL901w1
dbjrj5YHEaXttWT/SYf6PaZqKazcmSMBAABohzZ1R5x201povIEKSbToDiHk6Pit+DUdJqfdZLMy
wq04tb9sZO/i6f5lvd+oRT90BjRm1FS6vBp+pfQi/dBQNek5AOAD6itGj6mkTyr9tunDwG87AADo
XDv+Avp93OrKmMZZvrlC9ShZShyXUukr7VvLOO0m95TZM2uZm7mhPbUmkqXN7bN2zAHu7b/4SifJ
tMv85OEk/7+5QnXt0WtsPCNklO6+ur79+Hqb7MnZ8im+0y5z+7a57tmYqocLB37tAQCgi1r+p5Bj
mdVPx0TbZsrKFarxw2L8oBg/LDb5Q+n2NgEfpyWv5grVze2z5n+oSK/+QVc5Q6Zd5s37E/zNCGRU
IT10MtuqDz/TntT8uuiapl3mSYdJ9pJrvcEU3ja7FqOZU1FfMdXQVw1cEQAAoLVa+2eRY5nN+xM1
s2ImW/np3kU79jiddpmXA8NaQvLu/uWTnfPW/vTe+zOtcnpwLBPZuEUzaq5Qfbp/GX1ekB2m7r1m
UdHML5TTblIZ5+dYZm7W4pm1uF1DqZOrfEH8u/Mqe53JfvTt2ucmNKmvPuKe0e6yebvRHH+F3/h8
Qnbz5CX/8B/+Ub5YavwPQY+Mpho6oBoFrlMAAAbS8lvmwrE1WTSgtntTU45llgM2fnMUJeoFaRvQ
Y38E1TMqfz9iY/tM5QPtsTZR0fBvE50LwO/VxK/NFnJPmZsslJ1Kl3OFKiEkX6imTq4IIbnCu1T6
ihCSyV63dhp8/3zohqC0d0ubkhHde2x1ZSx+UAx/maUProXGM9lKZO+CEOKZsdAbKE67yekYXF25
qbKaXQsDj6YinfY5XCsBAJS08E9kzYza1gpGspx20+rKmHeBVXlOKl1ee/S6hYO6PfNHR/3cCP/Y
QRu2n/ee4Xce0vJ75JmxEMHwJu2gu6eGNM5U74xEskQIoUO1NNam0uXmfzt6+zTQP5UtRttXP2/r
odNmZfhJK955NnzP8bu/9+rffV2+uzIWeXbhdAy+OClvhSfdU+ZoLJ9Klxv+62DImIqACu2Day4A
GF0nM2r8oLixfdam/WDUeefZtdC4yrG1Nqn2xl8H9XNjLTROp1VnspXg5y+VntYbTSFV1y+Od571
LrDeeZY/AxPJUurkKuDjurKNcGMSyRIdg02ly6+ylSbL4fTqiaET/PlJ21n0v0pPbpjSTPXg4gid
zxJ+nKWrUoOLI56ZG+tfvJ6bveGZGUokS4E7HCGEXky2ds77JaYioIKx4JINAJ3Xqr+VNTNqM/2P
luBYJnzPobI1jnByWvN64JKucm7w288kkqWtnW+UEksPNIJIk+m0l9DiZ4lk6ShZama2cO+dJF1H
B06V6vcKn8N/reVlg4sjsYMi/WXnWEZ4U28tNL711Tl9hGMZ7wLLLwGIfHHL6TDlCtXg+kv6BO88
+/rs+sXJ1cbnE3/4x/n10HiuULVZGfVdrGoyTExFQIU+gYs7ADSjVX8u1WsmqZR+7by7K2PL/mGl
f23hOlWjX59lzw3vPPsqW7FZmc37E0RDASqjNwKv3t8Uv4/7bHGErjLtB3Q3qdTJVSJZaniGcM+c
LV2ncrpKo6mW+epb4cn4YSG4OMqnzd0vbwuv6sHFEc7K8FeDrfDk7v4lTap0oi8hJFeorj7I0Dsa
dPTVyjL/+O87fvF7728dqq9v16LhU6hzMRUZFfoZrvIAoF2r/mJufD6hNEqZSpfDj7Pt2KG0YfxI
oKzmu0o8416QZU8MPuHToQ/h8Igs4759XgO/INMu83rIrp+Fpl2RyVZS6XJjqbUHTpuua2EU4lhm
PTQuXNsf2XuTSpfD9xzC+490cu/dB6/o/y75h1dXxvjbWPwfCOnaCr5UeM3riRa6jqkIqAAiuNwD
gJJW/dHkVx9JtWTB5+hNbnTso61lMi+/Kb1tamxWJam2cOzXuFdg0bkhW4aqt0v7avnt4FiGxlGn
wzTpGMwV3mWyFfUl0H0rkSxlTis0viaSpZrXBKOfP93V2pj69Ce3hY/Qklo0dvJXS/pXIJUub2yf
5gvvMqcVunadzk+ZdpmfPJyk3y6dsTLtMj/8Lx0/faZW+90yNFC6kj8lROPDjZ05bY+pyKgAKnDF
BwCRlvzd9MxY6PxPqUy2cvdBpoGMOnFr7Hvfvz1xa8x56+bImFXpaSc/+4s33+TTP3v95//66wZS
q0pSbXKJlJCxrr2yp4TTbops3BI9mEiW1r94rfQ6xnrXQhp/KbzzbMDHqZePBhXxg2I0lqc1dVQY
90TqopYHIpXJMuTbpOpbYOnNysjeG1ohiXxbZe13/uHLf//qw2ya6D91SesU2McGT8+vRa+sEk1F
mj9P2hhTEVABtMNFHwBI6/500vIY0scbGJMcvcn9svd73/v+bZVoquTkZ3/x/xz8rN68qjIO3KqC
Twa65CqdEnxFX5769DwDvWUhLb8RvV0SqfMy2Uo0lo8+L9RcFGDQk6ormr+2cywT/GSEX2hKZ/Cq
PD9XqD7dvxReS7d2zqPP84SQzfsTieO3/EvRm4OtLVZHNXmGtGsROTIqQF2amRQBACAUVC4Ss7l9
pj2jTn134s6PfuD67ncaPhLXd7/j+u53fvSb5T+N//n/GftzjWE1snfhdg3JjokFF0eiz/Nd2Tun
K5R6UxzLeOfF7RN+nO2ljFqzJ4l02iZOhym4OBpcHI0fFGOHRZU5n+i6tIlnxjI3a0mly6KR7YCP
yxeqkb0LQkgi+Vb9RWxWRnS/L7g4kkpfHR2X1h695iet/JU5ln7djmkIKrvCatGW0VRkVIBm4IoP
0LdaslEe3bpd+k+RvTe0f1OT5Yb5r//m/F9e+LkmD0ao9Lb8z3//T/7tv/5ay5M5lnny0CkbtltV
9dcQV1ql80E64KxS3dcQ71RK6b077abAHWvAx/VPwd7uooNyu9Gc+u0hg55mbdXw9ZyfDiNaar4W
GvfOs/ykCaVZM7ISydKkY/BV9joay+/H8hzLEELo62yFJ+lybn4b1YbJFihu+Nxo/f0nZFSAJgWc
A/g9AuhDLfnFD34yIptRU+myxow69d2J1fX/rLUZlRBiuWFe/tu+5d/2WW7UrraaL1Y3FLJowMc5
7X2RT1SGUpc+3rwnk62o70DTG6Zd5rXQeGTjVnBxFBm1Y+igXGTj1t2VMZVfPfRbKNqFa7gjx7HM
WmicP73XQ+N+wdz+yLMLm5VZ/fT9XN/EcUn91XKFD3cW3FPmB4+zc7OWzxZHCCH5YpW/77C18w39
QjqgOmSu+11IQ2nD50aLYyrOUYBWQVgFgHo57SbRekXexvapllf4Ze/3Vv7Or2tJko35+V+4/Tv3
/pOJW2pLqqij49KuwjLU4CcjrT4uI1mXFK39qfINCKOMcQk790p//j5bHFU6vaHdbFZm2T8c2bi1
FhpXCqt93m9p8u37fdzul7ef/uS26CQXJtXMaSV+UAz4uGmXmRASP6gx8hnZu0il3y+1sFkZ99TQ
1s6502HyzHxUe+nouBQ/KMYPipmseDXyVVnmAlLzqsI/IZp518wlqJUxtZ9PTYA26fOLPgDURSm/
RWN5LUtSf/O3fvij3/ylVh+U2MiY9dO/89e0JNXIswvhaAAv4OPojLUeplI5STrikZdrJWKEjKp9
3En2jUPnBXwcwqpIA29Zurzcp7zKej00vvbtUlJ682515SYhJJGsMZoa8HFrj17zSdU3zz7dv4zG
8ssfT8cghGztnG9sn2mccUO+zZ+iK4zSBaf7k3777YwE6CT8fgFATRzLyI415QrVra9qzwj9UasX
o6qw3DBrSar5YlWprm/gTrOjasa6rnpmLH4fF/nilvQjjipXuNE5jR/BtMu8FZ7EOKquIKzyGnib
nhlLZONW+J5DOHs/prooNODj6Jjq0XGJ7o/qnWfzxSofQWW5p8zeBZYm1Vyh6l1gOZbZ+urc6TCJ
PrjMaaWx0nQq0VQvG9L0yYkI0HX6vzUOAI1p/i+p0v4EWion/eLCz/3Gb/2wyQOoV+lteWvjD2qW
/9398rZ0kCGTrQQ/f9nkAejziio9E5R26Km5vZA+3yBPyzmvsjsR6MTu/mXk2UUvVZnWTqXQl3eB
nZuxuKfMucK7je1T/vdUWOVOdB2Tvdbx+N93un8M/d6avyD0aXQzm6NkaZAhf/x/Fadd5r/6Q+s/
+/03Dbxl2Q+Ub4fWftwtGE1FRgXoGPy6AYASpeGm3WhO/Rsnbo11PqMSQiw3zL/123dqPk12QNXp
MNHVWb1EaQBK6ZMNP84aN6PW5JmxRL64hYyqf3TN6pJkHinVw8Oqsu/LM2PZ+HwisnFrdWXMu8A6
HSb3lHnz/kRwccQ7z/p93OrKGJ9FnQ6TcOqvepVdm5VZD9k5ltmP5TPZitNhCi6OxGotT6VPyxer
kWcXhJA//X9LhJAXJ+XDP6uxn01d2nS1abZOWhfPPLr81z01ZLPKHEOu8C6VviKEpNLl/tlgDfoB
tikDAKlpl5nuKCASjdXeZfQ3u5FRKdd3v/PL3u/9afzPVZ6zG83JZpXAHa6XytsqdaiW/MOyVW03
ts+OlOt86v9vhEoH0jNjCS6Ozs1alJ4AemOzMqsrY8t+m9Jp2eT+mYbAscy6wgpq6RamvICP49Pp
bvRSfXK7e8q8+unY5vZZNJYPLo4u+Yd3o7lcoaq+dTB9Wr5YTSRLxdL7Pwf/t+q61kGGXDcUnlr7
QTcVUzucUelet56ZG5OOwXoLkecK72dvHx2/JQixYHz9cMUHAO3mZm/IPh59XmPh4p0f/UBLNaP2
ufOjH/zbf/P1m28UjzNfrEZjeWnvbW5G/i1rp/8LqdKMPrrzYeePpyVUNtrxLrABH4eAalBOh2nz
/kQiWdrcPsucimvG9tJNduk57LSbwvccsvcK1XkXWKfdRJvrxUmZDpOq/WgfFz8o7kZzS/5hm5UJ
fjISPyyqh1v6tCc759ojTwMZVXbH1CY1HlM7k1HpNcs3zzZZ3s1mZehVT+naxxfLojlW+AiiLOiT
/jtYAKBR839SRUUjqUy2ojLgRgix3DD/svd7Tf7oJllumO/8xz/457//JyrPoXswiB50T5k5lumN
P9DSE8AzY1n2D8t2fmgMUHk1Pf9pkD3VnXYTnSHZ+eOBlpubtUQ2bkX23tARPNG/9mrXpbGMSi0F
bPzEkN39nGyJAaG10PjqgwxNp8v+4che7SWmy/7hp9Gc9N4BIWTExlzkWnMVbXlS1e/myCoX6Hbg
4yv/RXBR/JxMtvIqe02/Tp1c8fXfX2WvhRsNqfcJAFqoVy/3AFAXjmVkb8Kql44khPxHvu+1b4tU
7f7yws89/5d/pjKgqrRka27Wor6ay6CUqmFRRsyo6lN8w/cc6rMWwXCCi6MBHyc7B7iXhlUpv49r
OKMSQgK+D+sX4gfFmjHVZmUCd6yRZxf05p3G9durK2PhL7PSx+vKqNp3TG2JBmNqW4dS/T7us8WR
eqf1doDTYeKPSvuMFGG4/fDgaUW6hW5b0VLUDXxjrlDVstsedAuSKgAo9ZBqbv7e9aFU3i8u/Nzz
//3PVJ4QPyhK71y7p8w9EFOlfSqVrmoiWZIdEtEzlU4jCvn2MDoHWKkOcC/1XqTbkNbFZmX8Pi6V
vspkrzOnlUSyJEwZ8YOie8osikVOhylzWpG9Kkb23tD5wKLHvQusZ8bS5Fhahz+1RqJg+zKqZ8ay
HhrXYUBthjDcCvTUugvZKM7j51GLiEaheZhlXa9eutYDQAOU7pyq90h+/vu39TCUSv3iwnfVY2ri
uCTtkHlmbhCidT96A+HkakNSShvJUnr7W6DSY2x4LR8Yy7J/2DfP9vawavOnccDHRbKVz0Kj4S+z
0VheeEl3OkzSmcBu1xDHMjmF3rLsatXd/Uunw0QMNeWz7kDYpoyKZQmGphDF32tJLQTZJCyces1L
SGqX9cOAMJIqQD9zu4akD0ovhiLf+4Xb7TmcRoyMWSdujb1+qVi5lxY+FOnJkEM3RZQ+nitUw4+z
srce6JIwXf0VUO8uLvmHg4sjmOjbJ+iwqtIGzno7detFdx5p0tysZWun6l1gvfNs/KCYW/lQvNc9
ZY4+yotj6pQ5X6wqTcyUXcwfPyhmstd+H2eg6mu6GLcUbSKkEZ3FKg0qTofJaTfZrExP/vXqW7JJ
WDYASxcVy5J24KQzsfmK0EK6Hew1+oUeABome6NQaSYL7+e/r6OYSgj53vdvq8RU2XjWAzlHFOe8
86xsRk2ly+HHWdnpvvTKr5/rv3pAddpNa6Fx1PLtQ8HFUe+8VfY0NkQHRuUgZSff1v36dzhCyFpo
PLj+UjQc6nQMSqudT7vMfL1f8fEcFqW71NAZxTarkUYE64upLR9K5Vhm9dMx9TLKQvGDYuK4lEpf
aZxa7bSbnI5BGlk5K0PvN7unzD3whw2aJPc3spG/mvwwL71jQu+edKuMliEu9ADQcrK3ZVXWYhBC
Jm6N6WfGLzX13QlC1Ob9ym7V0Pxqqy6SdquW5Ba5pdLltUevZe+Q6uqaX7OXGFwcke1VG0iuUI0f
Fmks0d59Bco9Zd566IzsXUjnrhuiAyM7SzmVLu/uX0qXj9aLLnC1WZn10Pju/kcbqE46TNItVScd
phcn5af7l7Kru0VBN5Uu07sDNQsW6Eo3R1O1L0tIJEvRWD5+UKx3FCtzWnn/qUhKLHDs++FW99SQ
zTpA6DxvK0MIaWBfVuhb/DCvKPem0uXUyVUiWTrqbLkLQ1zoAaAD1Av1Obu6V6qs0Zs1Ov2vstct
/+vcxWum7NaL0luouUK1BzKqbqtjasSn0/hhkWOZ9dC4dPSMxhV6M2XSMcg/zncvef08489mZVZX
xuZmLBvbZ6KzWudLVfndVkSner5YzWSvo7F8q4qBeRfYaCwvvCtHa8WJSivRB6PPC6KfS2cLiub9
Rr+d6Ftvj5R+HMK33MlrZh3Xi9YOpU67zJv3J2reUYvG8rvRy3YsLMwX3w95qd+FFc445wPtt/8k
3lgck1iA554yu6fM9BqRyVZih8Xo83xnlsgiqQL0FaWVUam02gWnZibsvJExq/oTpMUICJ3wbMDR
VNk+VfCTEemD4cdZQ2dUo1fHjB8UY4dF4UjJ3KwldXJFJ/fJrwOq84ScdpltVkY09a+3u5TeBfbJ
lPPB46y0X6TnPozSvqCZ08puNNfCmtVrofFoLM8XEKanhKi0En0wc1oRzQfOZK+JZN5vIlljDYgS
+nHwnwgf1DvzGXXnqqElo9Ldq7tedV0YYiWBVmt1QY2rq1t+SZLewFPXz7f32srpMC37h5f9w5ls
JRrLy254DQDQWurXmanvTnTsSLSrUUXp5Eo6hCUctjK0aZdZ2NdUKZhEDJJRPTOW4OKoQeOWNJ1+
+KfDYmu3QeKjmvBlOZZZDticDpN3njX0NGkltK7S1s65tKKPnpOqknyxurVzXnPLU41sVoa/GvA3
HPdjeWEpH/7WD7+B6rePD/IzSenjGiuJSgdOZZ/TyaSqNaa2cCi1ZkbNZCtbO+c9sBMaT+OyGf2v
rlHP2zVTLq1upfSv/TDX2ukwBRdHg4uj0Vg+8uyifXdhjHiJBwC4cUOmZHHvke1Tra7c5L+mE30N
UaNe9r0YsU7St6Ul3iaSJT30x/LFKq2LS/Oq0df0yqLrMCcdg9IKwLrtxigNqBJCnu5fLvttrerK
Civ97n67lFe4EpXvctMBVe88SwNt5tuqBLvRSxvL5IrV6PM6SvuqvEH+CaSdu5MKaWrKTmbU+EFR
OlsddKLmhbtNNxf4hcQiSsFYOh9bbxk44OMCPk5pz+vW/Ai9XuIBAPqZbJ/KM2MRhrrI3oVKRtXP
tV12eW3wkxGd1xZKpcuJ47eZ7HUqfaX/LetoXo3sXfh9nG+e7b29G4OLo27XkOxSVf2c6kIqQW53
P9eOnZb2Y3mOZfLFqmglKl9Abuur862vzkUN+OKkHP4y28CPE75BpY+gByf9ciyzHrKrfHgb22cG
2swHOoZfSCylEIxrz8emS0H4/xUlXtHAb5tuCS/7hwM+TrbkHQAA9A/hJjSJZMkQfxSkPXXvPBu+
5+jKwWiRyVZ293PR5/mOjYUodeUbG/7Zj+VpJ5l2YOZmLW7XUPMFZvXAu8BuOiY2tk9FtwwMl1Sf
7l/mClX669ySXWp49KQVrUTlV+Y3fEoL34gOW7ujZ/Z6aFxpUqiB5rdAb5CebBqHgoX5VlhViw7h
1jtsS0veeedZpSIZzdDhFQcAoJ/Jdm3XPq4wtLl91sEjapD0jUy7zGtyO77qQSJZiuy9adNU3gay
qMqfZi0JlnZg+LdDZ5zR1OqZtRh0brB7yrx5f0KaBWoO63WLUlLdj+UDPi5fqIa/zO5+eVv245Bu
alrHz33+Iaa2ZGW+7BupOfW3M2r3p1t1lMHFEaWbCsioYCDCE/Xjv3kfhnA9Mxb31NDcjEXjH4y5
WUtk49bm9lnLZ00jqQIA6BbHMk8eOoUZNX5QlC1bwPca9XlJd9pNWrZv6LxcoSpbpKdJWj6Fxj4p
0Xdp6YTTGWd8h2TaZZ6bvaG9B6IfNivz5OGk0sxKPZ//IvzAQ/ywSEe8/3/23j6ojfPc/76jIAux
vMiAJTOOFECDIcYGw7iescRMnDjipOHMgHGnGSemiUtyap4Tj9sa4r9OjdM/fmND2vhJ+sNtSpMW
H3va+QWbmZPTHBTnZR6kPJN2IGA7BWcEjogfLFmAeBFCFlGfP257I692713tm3bF/ZlMxkir1Wq1
2vv+3td1fS/KBn0Di0mZLZWateTkc2wi4vFG7/XUNCdXzM8kPhUiShORKZpaatYy2TQL1Ki6TK2p
aGP8I94pP79dYTBiAQcMmLVlq9FzaQKenaXpPFrYN7CQaCSAwWAwCJbp2rRgFEjiRLD7hJGSgOOZ
vpv4QqVNzRM/SOfRQmUqosH7ibJC95Oir4CHXc3kdHRyOgpnIFCy2mr0KrKzghmzqqgBZFJ3ZHKc
xxvtH1xKXMEZHAolVcJK2bLn4nx1hc5UmNFzgdEXnSOIYIYStCuLTBXr+DpaC2gf56dR8zYSZY9t
2bpti7HIoMukzyKenroD7ktW7+QdAIBvZj6yigO2GLmBzvU9F4L1dQSrBVxLYx6874iYAIwDqhhM
eoNzkVQBZUJF6DWdRwu5NIGLv4Er9mY+6Aq1WcRpxSEWsGP5pcFlHq9V2nmmdK3kDilZCb3GVqu3
1+hVEWKF9r+q6N6H1nKwPLX9tB8qVejd1ezICYVj8Z69yRIfPBf3gJWGHNHUlsZc2hsxD426o7Z4
l22rsYj9Vmgu2UT+3/7kd49HVqOwJ5tvJhhZvQvui9jV1buIXm0YjEDgLemSc8lhJ+LbXiVSbyes
5g3tp/1YqWIwGOlYXaWJ2mFko+05A22A6/b9ZhKJpPw2zjS7LTVrWxpzZT4YBIOu0OBQiN88PuUn
GU3i4XGUHKFwjHRggkleCm/HCrv3HTl5Wy2mSrT4Zteysx6anI52987BZanONwPwtFM8e6UArUgp
HVCVKV9RMlWUwzUVZOx35NA+1d07x12jlm3b8lRDTa4hS+Dx6DK18QoWPChiITASCx7UrqvhaLyO
xbIWww+nK+QeDrc05TYz/C5AnJGA8tcRMRiMYiF7FdDinwmWPbZFzuPBkJgKMmgrQXyBNUSuY2pr
85jmhIReo5CqVI832u9ccg+HWYdOJs8YyQ5NQuIPm+O8HSZ5kfFVJXe4aa7PScwvU5dShZVc7pFw
z8Vg20GDrVYPPdIonr20+AJrMAXPatmQ7LILPEWUpHGKIuXYIjWFSB5NbWmiz73udy5xdIvRZWoP
HKojVaUMxL8X91GcjNNS4C5oYVxXRBaCoYV5FST3rzdC4di5i8HBoVBHawFTxpfoSlVdt3UMBpMU
pKMGRplQ5oK+2TXaZhV/ovMmUGCIg0QJGtUXWBt0hQaHVmitpyjQlnqKMjhK8TUle2BJSVYyvmoq
yKivy6q3EwpsbMOUX6aoKQ3HOOQl55LVorXV6Ml2U/2DS0wy1eONwvY8sLrY4xWU/II4Qi4tUlOI
tFck03qhxxs9d5GTcrOUGJsP2ZkKUBUFGadNhKPWTYzrysxicAUha1n19sJ8aGF+BbEBLg+OZ3I6
2n7a3/acgekmZbVoO48WdpzBlmAYDIYF7KKkLkwFGYkadXkl5h5GLd+ncBLJNMftPmFM4foIDJ9y
9NqhLe/kfUrlWTsQEvLlLll9s2t9A4t9A4u2Gv1+R47SzJasFm1fVxFtoxoFyio03b1zPZ2bCb0G
qu7J6ejoeIT2hHe+GYDLLrC6WPhbJ6b4xj8lfP8SwShTRfkFtjTR1yp09c5yefmO2uJnDuwWfhgY
juQastBp1ZJmiPlngkwidmE+tBCkGYcomdj3HlRPPnYoHOvunRsdj3Qw9JqrrtC1t+arooceBoNR
GugYF861kY3ECVV9Hc1Q6x5BZasqTaOaCjI4WkBJAfc+qExqLdnzqZCYNr+PwNGBCSYDmwoyWppy
WdsTyEl2loappapCJBZ3Q+b2035T4cOT0/d+6X0DC9UVRvJZ6LEUWolxSQ3gcZAKuYy5I2E0lSmU
2u9c4rIwgDXqegPhjCU85TtRA1MaF1FCwXIGfuFKMJOvUr2dGB2PiOLMrpwbOgaDkQGrRYsorkEn
v2AkhXZ2hAilKkqjOuxEsyNH4QIVcca4n0yFz+l5SFYuetU3u9bdO9dzIdhcn73fkaOEqmOgBqXK
kVA4RmpUAMDYRKSrd25z4cMAAI6J64lw15/qOldAUplKG0pdXon1XWZvC4k1KkZcEjUwd+lLqTom
9W18LFdgGbDTFfJ47zJV+LQdNHi8d3HPCQwGw4Rn+q7SUvUwkMTpo61GT1sEyNGwI7WUmrVM6T9S
4wus9VwMsp4lgQJVuDQtNWvhUB7/k7SaNxAJ43toJRbfJnd0PAIA8AW+5aFVki0vZNWroXCsb2Cx
f3BZOWI1O0vT0VqgZHdJilzkqB4FxiFUpzyTQiqZSug1thoa67BLziXWywtrVIyioFQdI/QtLO71
TvlvfHkr2cRj0q888Sl4a27rvJ3UDmlR3bojBoPhQgjXpioS2kkqU/sDsmJNOST2ej1FN0jJQL9z
qe/yonRJ0fzUaVW5zlSYsbnw4aryTPCgLuVIfIlyS+N3jy+vxDzeqG92zRdYGx2PeLxRjtdGsnbQ
6GxVpYlVWndJZU5saI12Rdkn7d7UmNDLBXqZKvyj2mpp2jEtr8T62fosG4sM+xpqBL47BpMSYHGv
uWST/cnKxeDK1eGpq8M3uUdZ3SPhrt452oVqq0Xb0pjbR2cCicFgMDzAfVNTgqkgg0nMWC1afq0+
JSJxKth5tFB+M1jWIKoQiZLUdJfQa6wWbXWFzmreYLVoJT0V2Vma6godADpwX776Amseb9QzfXd0
PMJ6nfALrqLF6uDQihJqVq0WbUdrfudbgfgHlaNURZeL8c1jaDdI/OwKORWiQPMbE+X80l7Hg64Q
62pQw4HdqvD1xWDQ5Bqy7E9W2p+svDZ8c+ij6xzFqtMVslq0tC1V9ztyeNctYDCYdUhVeSYAjGtb
arGaYwX9MVMI7Wyq7SCjC4Mv8C3t4ymZdCYe/JGDBpkTy8meHEwbyODTS+g11RW6qgpddXlmans+
mQozTIUZtlo9VK3u4fDoRMQ9HEbPCpIKrqIzgWHNat/lxfbW/NSWGNhq9UcOGigdQ9JJqSbKTi47
pHj5CjkA5SDJUhDTYuEltlBq3b5KhI8OBqNGttcWl23b8nf3jaEr17lsf+5ikHY4zM7StDTlCnf9
Taf7FwaDgSyv4B+1sqCdVjrsRGIfGogvsKacVUgm2yQ5j2HQFeq5EGSKbUgtUKvKdbZafcqlKQJb
rd5Wq287aPAF1lwj4cGhEELPi5gJ7Jtd6zjjt9Xo21vzU5gD3OzI8XijorhLygB3ncn6VFpm9iKQ
RKbS3oVHxyPoW3DeRmKXbasUx4PBpBZdptb+ZGXZY1v6/9PFJaza+Wag55QpcQCotxODQyFFZYVh
MBglILD5O0YG0OZDLsX4JyXOg6vKdTLYJi2vxHouBt3D4VA4VmrWMokufgKVy+Se0GtstfrqCp2t
hqZsTbGYCjOaHTnNjhxfYG3QFUJkXYkoVt0j4ZaOmZamXJkXL+JJdJdUzio8dx+v+NPLevzx32BS
L1QvkvwOq8tpQqms5mx1T1bidF9MGmMsMhx+pZ5LvgDstU37VAqHBAwGIx3pOslYnyTO7Am9pqO1
APGSsfHUrz/Wmx5KPPJSs5bW209cPN5o+2m/835pmIgalfZDxUPoNQ470flK4aXfbOloza+3EyrS
qPGYCjNaGvP6uoo6XymkNTGFJBuOG/T9k/a0h8KxcxeDR07e9nhT04YAuksS+ge+LNUFGymnl/X4
E7+L+D2k3zgi/k8RLkclPo5oCAYA0GVqt9cWi34wGIyi0GVqD79Sv4PDpX7JueQL0CyI2mr1pgKh
SRCqu49jMBgesM62F4O4dapMtDTlxqeP+gJry3HmzMsrsVEGmZraeWepWcvUKU1EoEZlbbqW7Klg
FahV5br21vy+rqKO1nymZGw1YqvVdx4t7DtT5LATFBUHYT0ziTCd/MnpaFvn7b6BBT4HKhirRUvb
/FJ1QKnJeoWnnwplRfxbD21VKmvRxY7aEtGPBINRJs8c2G0pMbJu1sVQhrq/PlvsI8JgMGkIa1md
kG7PGO6UmqnGeF29cy0dM30DC8srsc43A929c0prRQPk1ajoTjNcZvDxoGUYodfsd+T0nSnqPmFU
b+yUFVNhRkdrfl9XUUtjLpNYTWqHiG+hb2AxVWHVZkdO1YMpnMpciE/WxYr3lmkmZcX/cdIXprJV
03GJL2EwaUPzITtr9u/YRIR2fT3ldvAYDAaD4U7bwY3xf/Y7l8YmIrDJR/Mrt9wjYaaqqBTOOAm9
RgaNCgDouThP0aiauPcUN4Jaata2t+Zf+s2WtoMG+TvrpITsLE1LY965U6ZSM82iFQ9FxyRWJ6ej
7af96MRJieg8Wqj21F/RSZszIIFMpUuIRy+x6DK12OAXs67QZWq59F665FxKfDA7S4MoO8FgMOuQ
VJWHYRKhTBCrynXxWWYeb5TSSIMJmTUq5bCrK3TyhBkTTQFj90WriBHUqnJd16vGc6c2r891XlNh
RvcJo4Pus/PTM0zVqp1vBXouBuMT2mUgO0sjg8WXAkF3u00PxL8H0d7X0CaEllL2BEgMJs0wFhnq
9m1Hb+MeCTNVqAp89/S+r2Ew6w0FpoxiIC2NefF/dvXOcnlVyjP3ZJNztG4LPLJ8mZ5y2AmY35va
Vp8pB2q5zleogUfAq1QVMH9Hl5xL7af9tFMX6bDV6inL9+t5kpPsz0fJyJSRz9S0GmLCoVTMumSX
rYy1SHWQri0YjqZiMBiM8qGEUvsGFliNgsCDPRIT/5PiOCm7NRVkyGMpNOgKCYy8Ic4JFKgdrfnr
JL+XC7ZaffcJo1gJwIBhPWVyOnrkpE/mBOD21nyFp/5KoR7TRo4yIdNPF+2fhDN+MeuWun2VF37v
R2wwOLRCWYwHAGRnaarKdbiBKgaDQWMqyECMv76ZoLlkk5zHk/ZQZsb1dd/FJJdXYv2Dyzx2wv1Z
seasbQcln5X5AmtdvXNCRjF0ii9Wp0xYLdruE8bu3rnEiujEU8rlihr0/TPxhTABuL01X7awfHaW
pqUpl2NGfTqR3kpVEf5mmZkbUn0IGExqMJdsQgdUfbNrtFVn6zx/CYPBcMFU+DDi2cgqqh4HIxBC
r4mfo19yLkmdm80v6JpYTCt1KNXjjR456WPSqFym3UwfsNSs7XrV2H3CiDUqguwsTefRwiMcFiM4
XkhMccLu3jmmngVS0OzIoQSKlRZQxSSLImQqBrOe2WUvQ2/gHqHpbVhVninN4WAwGIyaQKdrpRCK
2Puf/0fWLrUc9SplA0IvuRsNugMNq0Zl+lCEXtPemn/u1Ga8hsuRZkdOT+dmdCf2pCJ1tBs7XSE5
lSrFVRujdrBMxWBSTNljW9CWv7RtaVg7ImIwGMx6QGazFgQU+WSv0QMAlldig67Qz/6X3z+XmuNM
Kr7a0pQraRzSPRwWqFFpH9/vyOnrKlqfLr5CsFq0PadM+x9s6gvhV0iZcqVaXaGjGBrjgKqqwUkR
GEzq2bpty9Xhm0zP0mZGZWdpCL0G23tiMBjI8kpMng4iGC4Qeo2pMKOrd849HFbIjZqcr8dbNMVv
UFWua6ZTLGLh8UY73wrwey0iy7ft4EYcQeVNdpam7aChulxH+WrqTQ/xK3qk7ZLidIU83rvydOL9
UWMu5UfH+7NgUg4e0jCY1FO2bQt6A9ryVIEBVbzEiMGkE7h1qqLYsOGhts7bTldIIRo1HqbgqqQJ
kzDXF7EBQkgwjVYtjbk4y1cUbLX6xJiqkElC4rc5OR1tP+2XoaWqqTCjuT5b6nfByAOWqRhM6mFt
S0N7Z8eREwwGg1EIlDn9/AKqD58SoBxwS2OudLUkyyuxzjcDiYqdFDPJatRSs7anc3OiDT6GN20H
DYmNakRXqi0dM/3OJd775Mh+Rw6l5havy6sUmaa5id2E4/HNrDv/aAwmHl2mFl2eOjaxmvggLk/F
YDAYjHBMBRm0BYpi0flmINHpimxkkqxG3e/I6T5hxCOg6NC2VBVXqYbCsXMXg1KHVWFzGun2j5EN
mWQq+m6yMB+S5zAwGMViKsL2dBgMRmTQdjh48BWFZBvAKBBJJV/fwEKiwwIUMAifHtqzSug1na8U
th004GQiKcjO0pw6WpgYWBJXqQIAxiYiLR0zktYp1NsJHFBNA2T6naNvKH4cTcVgkNwOKD1/DIPB
KJDNyL6pC/OytkhJP9JAoELcI+G2kz5aV3mBeLzRvoFFyoP8HH1Lzdpzp0xS93Rd55gKM7pPGNEp
kMlC+3WHwrH20373cFjEN6LQLnFrJYwMKCKa6p1CVdVjMOsBS+kmxLO0HRdw+3IMBoNJFekhUEl8
s2sdZ/w9F4MiZmPCklTKg/w0qsNOdJ8w4lFPBqwWbfcJql+GwKudNmweCsc63woMuqTK6aiu0FWV
P2CvlWa/2fWAXDLVvAG9AQ6oYjDJgu7KjcFgMBiJSNf57iXnUttJn1jZmH0Di5SSVH4a9chBQ0dr
Pk70lQ2rRZsYihSeO0D77Xf3zkmnVLHJltoR/zdPe7VVsdmFI5pGYjAYWhIdKTAYDAYjKWmT6MuE
b3atrfN238CCwP14vNFLSXq60hajtrfmS9rNFUNLvZ04ctBA87gESrXnQlCiOlUcUFU74stU2kTz
7CwNOvLz1T9uiX4kGIyKQPtd064i02YCYzAYDEYi1s8ct29gsfPNgJAE4J6L85RH0KFUWo3afcJY
byd4HwNGCM2OHIcEJ582+7f9tF8ipYoDqqpGApk6Eqa9r6EDqgvzoempO6IfDAajFiJh1A0aO+9j
MBhMalk/GhXiHgm3n/bzWw8dHY9Q3H35aVRJW7mOjkfgf3jNl4mO1vzEmKrwHwJ9naqwZREmcEBV
1UhS2zY2Hkm0YrPX6J3I7POhK9cPvrRXiuPBYJTP6urdVB8CBoPBYOhZn1PbyenokZM+HnIxqZzh
xHNbataeOlrIwzDJF1i7HfjWN7sGlSfpXewLfJtsmQypbayWDdlZDxFZGmizUs1WxZZmNDtysrM0
3b1z8Q/Wmx5iLTNGQ3bNJfHNrnW+GUh0bxJOS2Nexxns1apKJJGpoxM0MtVWqyf0mlCYcaXEO+Wf
nrpjLkH5nWIw6QraRYx2tJa05xgGg8FgwHoVqCQwITMppZpUKJVWo3afMLIaJi2vxDzeqGf6ri/w
rcd7l4cQRUN+hMSmr4ReY7VoTYUZmwsfrirP3Fz4cPwYTZHKtwPfIqK1cCcAgKryTKBUDQzzrmVQ
qmMTkZ6LwTa6mlghwIBq/Pco/OAx8iCNTB1fpX3cVssSUP3w/ZHDr9RLcUgYjJJhzXinLe2WIj0G
g8FgMCTrXKNCoFJte87AsUyUomcQJJ5eU0EGk0aFunRsYnV0PCK6KE2KUDg2NhEB92TPva6wudma
hx4CC0tJjsvfaad7+zEVZFgtWqtFW1WeqRzVWm8nRscj6Dk8DxKV6iXnktWiFb0gudmRQ1lugO+L
xarCkUSmTk7TB3maHTnoS9w/E3R9dN3+ZKUUR4XBKBa0fxJgqE0VGE3Fd2cMBoNBgDUqSSgc6+6d
MxVksAon93A42SY0JIRe03m0MF6j+gJroxOR0fHI2HhE4eb2i8viLBz7Ztd8s2vukTAUrrYafVWF
rro8M+UWFR2t+R7v3fgZvigxyUSl2nMhaDVvEPfz2mr1poIMhV9CmESk6rs46AolroVYLVpK2D2R
oSvX8wzE9tpiiQ4Mg1EgX32Jcro2FWQkLi0vr8QQKfQYDAaDEQLWqInA0kG0fnCN0LR7oIVyhknP
JBVJUxlwj4TdI2EAAKHX2Gr19hp9YlWdbHS0FrSf9sfPPaRQqqFwrKt39typzQJ3S6GlKZd7nB+j
EGhkauLCBg/6B5doQ/Zc6pg/fH/EWGQwFomcm47BKJPIatQ7hfpR0Lpk48JUDAaDkYiUa9RSsxau
TsZHL5dX/unx3gW8DIFEgbVOdXklRkmaY9IwiWf43541DLpCo72rTBl565xQOOZ0hZyuENSr9XZC
/pRgq0XbXJ/dN7Ao7m4TL4bmevE75dbbib7Li5QfDi5SVTj00VThSnVyOjo6Hkn8CSXWMScSWY1e
+P3HDT/YXfbYFiHHgMGogqvDN9Eb0A5FYxP0FeAYDGZ9MjaxqpxKNlWTEo1aVa6rrtDBXEeODrfQ
QMjjjY6OyyftoFLt6yqiLR91cwulJp5h3YaHfv0ujnRxgtSrpWZtc32OzH1lWxrzXMNh0VN/4zEV
ZEj0oXBAVXVIlfQLAOgbWKiuoPGV7mjNb3l1Bv3ayGq0/7yrbl8lrlPFpD1/d99Ab2CrocnwIX32
eZPsVAyvOGIwmLRHTo1qKsiw1eptNXp+6wvQaAfYAQBgeSU2Nh5xjYTdw2Gp60HImGqiUu0fXIr/
k3bUoD3Dkbt4fLkHedJYL8XJ6Wh371zf5cW2gwY5M4HbDm6UtL+Lb3at37nU7BA/oGqrYek5glEa
EsrUsYkIbUDVVJjR0pjLJWdg6Mp17+Sdhh/szjVkSXOMGEyKuTZ8c2Ee5StGpn5RQKckSAHtkIm1
KwaDSRtk06gOOyFu0mZ2lsZWq7fV6kErGHSFBodCko4Rk9PRnovBjtb8+Ac93ihrUDfl2dTKhwxO
xg+viPPmm13rfCtQVa7raM3n0WmWB9UVOluNPj5yLjCgmpjCee5icHNBhujaOztLk5i0jPN+lQxj
WypRvjOm/s4tjXlk32Q03il/T9d/uT66HlnFtQqYNGToo+voDWgrNISHUsWi3vQQ5b9UHxEGg0lb
CLZemkKQ4fZF6DUtjbn9b23paM2XLkO73k50nzD2nSlySJkO6nSFBh8sQ+13LjFtjAeIpEg8V4O+
f8L/mF4yNhFpeXWGadYtOqK3Nk38aF29c4h+s7zZ78gh9BLeRjDiIu1XNTYRcQ/TFyp0Hi3kfqEM
Xbne0/VfV97/YjG4It7RYTApxvXRdXQoldBraDN+lVyYilUrBoPhDdpPzmreINH7Sn2zggK1r6uo
pTGPNkFGdEyFGR2t+ZKK1Z4LwXgzP8p8DwoPPBDwhvbUocVq38Bi+2m/DD3VTYUZlOtK9G85FI51
9c4NukLifhyYd0B5EF+iikXye2XPxSDtFZadpek+YeSuVCOr0b+7b/R0/dfF339ybfgmDq5i1I5/
Jjh0hSWUaqvV005oXAyrPwoES1YMBqNwpL477XfkyClQ44FitadzM8cUtqSAjUPgvz3eKKXkD9/2
RYF2AEWI1bGJSEvHjAy9AGSwbhqbiHT3zon+WX7UmNvSmCvuPjESgbpjipL365tdYypDtVq0bc8l
nTbgnfK//97nb/zy0jtvDbo+uj49dQdLVozqiKxG33/vc9bNfsRwJ1WpXz/WqxgMZl1Ratb2dG5u
O2jgJ1BHxyPx//HOgbRatN0njEcOGkRPd5ycjsJE01EF5/ikB9zFKvS4oqRki051hY5yOQkc3Gk/
C2+DMQSmwoyWxjxTgRx1vBiByPElXXIuVZfraCuh4WIMP3to/0zQPxME4DoAwFhkMBUZLCVG3HAV
owr6z7v8M0H0Ng47QWuHoJzCVN7AwQybFmAwmDSmpTG3pTGP+/Yeb3R0YtXjjXq8d9FrkVXlOlNh
htWirS7PZGphmkizI8deoz/5ZkDchc6+gUVbTdbgkLSiCANJHD3J5Or4zULhGJxaSxrztNXqnaKK
4UQvJekmPJTmNNhISZnItJbQ1TvXV0HfZaveTljNG9pP+4U4REPJSvaftJQY8zZmGYs2mooMxiKD
LpPrTRyDkYH/fu9zdP0VAIDQa0S3KFAa5GiExwYMRjjS1W1ikoXQazqPFnKMArmHw8k2khmbiICJ
iNN1771stXp7jZ6LLaqpMOPcqc1dvXPiqov/9dtZ74wqc3xUCq1YTQxmSq1U6+2EuBcSSPggoXBs
0BWS4iPgaKoqYPmSaK97HiC6bAEArBbtuVMmEVf4vFN+MAUAuAn/1GVqTUUbjUWGvI2EqciQt5HA
HW4wKQHm+n715S3WLZvrs+WvYkoVOLiKwQhHUhdcDHdKzVqm2U48vsDaoCvUP7gssItjKBxzukJO
V4jQa+rriGZHNmtXEugzzC+RjRasUVMCZeiknbH3XAhazRu4h9yTorpCZyrI8M2K7MdL+SD9g0tS
yFTP9F3R94kRHfnWEmi7bJHAFb6ei8FLzIbmvImsRr1Tfkr8Km8jkWcg8jZm3f8HocvU4oRhjHT4
Z4Lvv/c5a64vAKDUrE0qVSw9wGIVIxwe66r4ksOIiMNOsFai+gJrfxpYFD0MFQrHLjmXLjmXbDX6
/Y4cdCxXSMkVRlHED52JShVGic6dMknUUlWG1NnJ6ajHGxVdadfbiXMX2edjmNTCftWKFVAFAMCb
MpNSBQC0HTTYavQ9F+dlcIhZmA8tzIfAFM1TxiJDZuaGe//QawEAUMfCZ3EwNh7/TDCyGjWXbEr1
gSidv7u/GrpyjYvdF6HXdLQWyHBIygTXh2CSReAIFf9yfO1hhOCwE4gZDgBgeSXWN7AoxXJ8PO6R
sHsk7LATP2rMRYgTUUquMAqBFKu0SvXkm4FzpzZL8r52oudCUNxLiKYNjyvUZhE5jJSdpXE8mLSM
px8KRO7MbFalWl2hO3dq86Ar1Hd5UfREAo6Q8S7WAkIIKWuFYywyWEo3lT22RZS9SUdkNXrl/RGy
GDgeGJ2O+zOLVPgAAF3mBtODIeu0D2JPT9358P0RLkFUSNtzBvSq4ebCh8U4LuWCw6oYLkhhGY3r
pTG8YTVMcg+Hu3rnZNOETlfIPRxurs9GHJXVou08WthxhtNUB6N8yNGTcnuEhswSZWk112fHd/SQ
Qux5vJIk6EpRW4sRF04yVcSAKuCgVAEA9XbCVqN3j4RTKFa5w12BsOKd8v/dfSNvI9H8vF3J4o1J
owIyTE1CF69mxVJipD5SSg3YkqsDyhS6kdXoV1/e+pv7RlKXh8NOsNZgmAozpKgGURp4XRPDhAw9
jfBaCSYp2lvzEbfu5ZVYd++ce0TuftehcKxvYNE1HD51tJAprFpdoWtvzcfZv+kEHD0p90loyCxF
kep+R47wEut4Eg9eojawEtXWYkQkNT5XTlfI472L9hjIztLU24l6O+EeDg+6QvLf31PIwnzowu8/
buv4V8V6FN/gYAIkhMQ4NsfINoQS0SUlLpm8LZGyjaxG/TNB75TfNxPk4pNEwVajRy/ffLdlrV7q
tDElgKUCJhE5++7iKxDDBbRG9XijqU2snZyOHjnp62jNZ7ICrrcTvgBji/u0odSspcw5TYUZMDsp
sevJ2IS6G7/R3ie7emelSP3NztJIHVCVyAIKALC/Pju+QhWvjysNrjJV3IAqAGByOtrSMcPFsd1W
q7fV6pdXYu6RsHs4vE70amQ1enX45i5bWaoPhB4uNZYphBLRRUvc+JxtSsw2MagLWV29S8ZIF+ZD
C/MrrO/CSqlZ285NowIAmh3Z60GmQvCwgYHIKVAp74uvQAwthF6DkH8AgEFXSAmBylA41vlWAJGW
3NKY5/FG02B+BbUonFhWlWcCAKwWqjpNpKWR8SmoYH2za77AmscbXV6JqVfBTk5HJWruInVAVaJo
KsBGSooniWiq6Eo1FI51nPHvd+S0NOay3kTI4CoAwD0cHp2IeLx31Xuz4MLV4SnFytR0Ij4pN0Fq
XpfnGKrKdZ1HC7l3oDEVZrQ05qb94jcJ1gmqBjFwcP9aU6VR498dX4SYeAi9pvuEERHnkah5AW/6
BhZvB75lytlpb81vO+lTVwIkoddYLdrqCp3VvMFUmCFFzO1+KOWBgMrySszjjY5NrN4OfOvx3pXB
9VMs+i4vSiFTs7M0tlq9dHZE0nVPTTRSwiiK1De3veRccg+H21vzOTbCBvfjq/Dfo+MRz/TdsfGI
xxtV1+2VFRFLXjFKhtUckpaWxjzXcFhFo6NAsE5QEdwlJWVLpu83tRqVBC+XYEhYNWpX7xy/uW/e
RsJSsslYtDGxzfticGVhPuSbCfpn5r1Tdx6wgeAGwhwkO0vTebSwrfM2j2OWk1Kztrois7pcZ7Vo
JWqywgoM2MbPWkfHI2MTq6PjEY83qmTnZN/smkR670eNueKKPUpsbHBIksMGANhrJBTYGIEk9wsX
PaAK8c2udZzxV5Xr2g5uTHYxDN4pmh054P76lmf6rscbVdf6FhP+maACzYEAAMYiA1bRonDkoAFe
vTzoPmFsP+1Pg+ucO3j8UDLCRwdao12FaFSI6q5AdLJc3kbcXI0PpoKMzqOF4mrUvI1E2WNbdtQW
Iwb9XENWriGL7AC3GFy58eWtv7tvJKVXEUrVatEqM0+HlKZVFTruaUdyAueiMHnY4426R1ZGxyPK
zPiTKKBqKsyQtL/L2ETEF1iTYmHCVqsn9BolLy6sZ5L+viVSqgCAsYlIW+dt6HTKPbIaT+L6lscb
9QXWPNN3bwe+9QXWlHnLQKDYElCxGvCsZ1gnOqxkZ2m6TxhTYiCZQlSnE9IeSRvDKBB1XYHLK6i5
V3y3MAxHSs1atAFksho1byNR92Tl9triZI8k15C1y1a2y1Y2PXVn6Mp17v4ITldoc+HDtHWq+x05
g0MrCslNs9XobbX66nJdqqKm/LBatFZLXksjWF6JjY1HXCNh93BYOSrIN7vmHg4jCqp50+zIkTR7
9k8DizxSz7hQX0coKj8fQ6K4X77TFXK6QlXluvo69s4crFgtWqtFS/k1jo5HQisxz/Td5ZV/wl5M
qpOvGLXT0pi735EjfFUYpmmlts+w/KhLJ6QxShaTkoKvwHULWqMur8R6Lga5z9R1mdqnGmp4CFQK
5pJNB1/aOz115/33PucYWe0bWLSaNyRqlewsTdtBQ+dbAYGHxBtCr7HV6u01eil0lMzAik1brR60
AvdwWDl69f/um5ciLm21aEvNWhEzvCiBMfdwGLSKte8HqLc/IFPxHV458JGp0gVUScYmImMTkZ4L
QShWxS2Lh+HWxDsg9HCDChYAQIpY+JQS7iyYNMBhJ37UmCvu2jDZusk1EmZKd0/04qegrsUaPIqk
lnUrUEnwFbgOYdWoSVVh7Kgt3tdQI2LbOXPJpiPtDa6Prg9d4WT+19U7d85iShyMbLX6qnKd/COC
rUZfbyekVqdwpkf7FBdPYN4oSq/OLXz7b/9x+5fHNoluOlVfR0jX30U6IyWrRZuWDVTTYJziOVeW
QakCAELh2CXn0iXnkqkgw1arF12vUiB3jr5LJt7jxiZWeb8pOrvGNxMkq1AUhbHIgMgvMhVk1Nfd
K3minK7lldi6qqWMRwqBGk+8tZgQYI03uG/Br9ikgzS4/6oUrFEx6xCHnWg7aBBFo+oytQ0/2F32
2BZRD/Ae9icrLSXG984PsRYNhcKxrt657hM0fddaGvM6zghqscadUrO2uT7HVqMXRSL6Amu3A996
pu+GVmKw2gvwGrxMBRmmwocBAFbLhuysh6zmDUSWRhQde6/J4sGYeyQ8OBRK1cAamP+2rfO2EHcM
Wuw1enH7uyQGVCUyUkqzdvTkBEntMyX+M2Z5lCrEN7sG9SrMBoHm45JKVgSJ78uvkhYyOh5ByNTI
6l3ee5aUTD3q5JsYil5ogYPKA4/MrsGhhSQ+sn3/EdXI3VKzFiYFKNP4IRGy6RzFgh/cV7BkB7nb
gbXUfgtqv/+qDixQ48GX3/oB7ceelEbN20g0P2+X1BzRXLLpx0f/5b3zQ6xOh2MTkX7nUqJQqa7Q
Sd2lA07nmh05QuZycCSCxpnijke+2TU4N0uUkVXlOtj8xmrewHv6RzZZ9AXW+p3Lg0OhlARXz10M
erxRxPpLshASz3PcI+HllZgUsylbjR7n/SoQQYEdOZUqJBSOweJVAACh11RX6KwWbVV5phChiEkt
psKMhABjct9mYnwbrqTCf6ckebvUrLVaNlRX6MRaIVYI9xXsA18QOUsYHV9Vy9oBhgdYoybCek7w
RCcNEFGjGosMz730hIiJvkzkGrKee+mJC7//mFWpQt/XxHGq7aBBosRUU0FGS1Mu78ERtn7xeKOj
45GUSLuxiQiYiDhd9/4kh3t+4RNTYUbbQUNLY657JJwSjwmnK+Tx3kW7gnGHYi0uxQ3QPSJJQLW6
Qpdav18RhXE6DdaKs1DiTigcc4+E3SNhABbB/TsFXN+StMAAozR4xLfJEC5ZigwAIBOESBDZOFXl
370FfDtTYYapIGNz4cPq8iQUDjQqA3YAwHfGhmPINAERwUue8qC6Ya/KttdkLjaZHwUAlFbuzM4z
AAA8174ILQYBAGPuT8l/S8oDff/whSoNo+MSpk2qUaNCdJlaLko1FI71XAwmfkbozydu6q+tRr/f
kcMjrqDkFi+T09HJ6Wh8+KSqQmev0Sc1EyCDq6Pjkb6BBZk/5uR0tO2kT2DrAemQM+9X0gwCBKwj
rMCpjnpnSkLn0/IHVJm4f6e49yeh11gtWqtlg6nwYat5g2LFA1pO82jeLQ95BtQ9At2pTwnEh3DT
wE5QOXxnbAiAxxvtdy7JYBSh3vuvWlDITZ4VItdg+37Tnqcb9zzdSLvBjj2Pw388fxwAAPzffO3+
6+XLb5/1Td+U4fDgacTXqopAV+55vNH2036O9zeZNSpEl6k9cKjuD2/+D7pO1ekK0fomVFfo2lvz
u3vnhB8JD2sGZXZzQUOGT85dDEJTlepyXVJzjOoKXXWF0RdY+9PAopySyTe71n7a333CqEylGo90
y1LVFTrp+r4Kh3I8TIeXOF5zGcEVOzyJoNyUo1TjCYVj0C44/kFodgpX8mBBfMrlq9WiRTS9XJhf
kfNguIPutqeWEQUjKVaLtqM1HxpFSJ3LpLThJJ1Q4O09ESLXsP/fjjW9/FMil2tVPADA+MijTS8f
a3r52NXPPj33Hz+bvP6FdEdIIt1sAOcQiUt7az4iaKN8jQrJNWQdOFR34fcfozdj6kgJzwBvpUro
NfV1RLMjm/tEa3kl5h4Ju4fDau8HTjFVSarFjqkwo6M1/0eNuXKK1VA4pgqlGgrHJOr7aqtJn6AF
kzRT3WRJHIWmTKWaCMzMScymgKFXAICpMGNz4cMAACJLYzVvgM+mXMpiMOoltblMGIGo4sZeWrnz
5LuXjI88ynsPO/Y8/psPh//z9VPnu0+JeGAIpBCrCp9cqgsRNeqO2uJnDuwW79CSxlyyqW5fJbpL
jdMVYvLRqbcT2XpNV+9cUgvQhF7TXJ+dVHtw2KklVVmX0kGaqiSrV+UXq4pVqhSVMToRkUKmZmdp
xO37SosQoUj7WqYHue+EdjxSiKAVTX2Rxsdi7VBOYOgVAAA4zKHjixLBfWULZS12csLIRnzeS7xl
FPUppGtUYjNVcqUG3M84ACJ1k4O5TIOukESRVYXcUtMJVdzPSyt3nun/OKkgKhPPHz9pMhe/fuyw
8F1xRLF5VuqiukLkJp/ppFEh9icrrw7fRJcRDbpCTBnOtlr9OYuJo1hKVqBCq1v3cDj9ulZSIPUq
zAfmGGSWWawKVKrk/AEi0bjsHg63HZTEK9teq5fBCVL4aWEancUatZUz+oscJFRLWFUI1OEw7k8e
qR1o827fzHzyBygH6KRfAIDHG1XaapwqIBUm2YyX9DGWogcPzQ6ZZ3sw6SA7S2O1aKFfFI91mXo7
YavR9w0sStGgDCtVEVHFnVxEjQp56ocvLC8Ef/uLn4m1Qy7g61YgZOqTcAi9pvNoIeLO5h4Oc48r
KkSjQvY17Ow/70JscGlwGVGIS4qlfucyram7qSCjqkJXXaHjbm/jHg73O5fWYYoNmQ9cVa6D/epY
XwLPf72dkCEpSYhSlSf3EHbFk+K9qsozoS0rROabM5dyU9FTeRU+1ov/Ha8HpcpE/FJZe2s+l0k8
enxlbc+dKnINWegNKB1iMCSw9SjpMAx1qS/wrfIXksmkg/iSIVNBBnT65d4XKjtL03bQYKvRd/fO
Kf9TY5TM8bPviKhRIU0vH/vsg4Ex9yfi7hYNVqpCqBIpj4nQa9BT80FXiHuVpqI0KgCg7LEtlhKj
d4rRudc3u8a6vgy7p4D7Axn5eFIZN7D6NCXNV5QGtFDpu7xYX5fFJf4Mk5JGxyNSj55QqZ47ZeIh
BWXImwXM1dQCkS0pUop7Phe74GRfknIkWfZYz0oV4ptd6zjj3+/IkSgtAaMWRscjcNkPBkXTb9kY
9kCHfaGgF7+tVs+lIV51ha7nlKm7d05cnww83RcFUW7gRK6hyra3yva4dfvO0sqdFD3p/+Zr3/TN
Mfcn7r8O8PMucjz7YmlltfDjTORQ+8lXmz+RYs8IJBo00fccY1E6jFDZWRpbjV7gnSS9NSpkR20x
QqYCAEYnVjkG0Eg3yqRYXoldci71Dy7L4LNoKTECACylmwAAeQaCTAHL20gwrbNPT90h/w1P1MJ8
aGF+ZXX1Lmv7WSH4Ztf6Bhb7BhY5+iFXV+j6uor6nUt9lxelO5OhcOzkmwEe/VQl8nKjKAunK5RU
6J47VeUiFxGQwPkJ+UHI6YooN/+kdqKimZJU0XlVl6qKxSXn0vJKTIr1HowygQvMsPP47cCaDAuK
ioL04ofZ76zDLezL19U7l36eGapG+H27yrbX8ewLT/3wBcQ2xkceNT7y6I49jz9//KT/m6+df373
0u/OJtXI9FD7SYHHycSOPY+XVu6Ux/g3tWRmipYum1r2O3KEyFRxNeq+hppdtjLeByMd22uLP3x/
BJGl5R4OI/J+hSCpQNVlak1FGy2lm6AcNZds4ref+Bcm7mQxuLIwH/JO+RfmQ76ZoBTCFabjcewu
2+zIqbcTPReD0g2gk9PR7t65zqOFSb3Katkgz4p8z4UglzXxZBG91j0ecfVhUntDh1JJ8cyl542c
SJtEjsOq8PaBUKqUcvNEpqfu8L7nSoouU4sY7TzTd9eJoZQvsDY6ERkdj3i8d9ebLmWCzH6vKte1
NOahr4SO1vzqCp0orfkgSrixrltM5uLjZ98h25NyxPjIo88fP9n08k8vv/0GR7FaWrlTiLUvK45n
X/jtL9JfpqYN1RU63gHVUrMWHTLqG1joG1hkepZCw4Hd22uLeRyGPGzdtuXq8E2mZ6WYnUskUI1F
BkuJ0VRksJQaWauQRCHXkJVryIqfj01P3fHNBP0z896pOyJ2uYervVxGz+wsDSxY7bk4L9H0wz0S
7htYaGlMorYiO0uqaT9FU8CVcdEDqnKWp6ZwukJRZ6zlr6lC8lpnHFZ1ukKbCx9m+pGrt9WNqWgj
In0olNa1qWTb8bHxCK6uQTA2Eek447fV6NsOGhCXusDWfBgREXKvPtR+8vnj/COcRG7e88dPOp59
8dSL+1kjmVW2vbzfiAvW7Tsl3T9GdNpb89tO+pK9IbNq1KTSPRSuUQEAZUiZCkS1PxRdoOZtJCwl
m8q2bbGUGFPShJaCuWQTqVoXgyveSf+Nf9zyTvpFcRWBoycXsVpdoTt3arN0OcB9A4vcvSeAqJZm
rLiHxZepUodYxBVE4u4NHVxMiaiWSSOt87Bq38CirSYLO9+qHV9gzTUSdg+H06/EVFLcI+HR8Uhz
fTZiRbbeTiyvxM5dFCeNCgdUZYbINZx891KyQVRajI88+psPh3/10x87//wuYjPrdkmqUklE+SyY
ZIkvDqQFMYOERQTcW8WA9adRwf2KTQS+wJoocxURe48Ziww7akssJZuUXEqda8jaXlsMLwD/TPDq
8M2v/nFLeIgVilUuNavNjhx7jb6rd06K+Ul371zPKRPH9FpKAwtJh2OJ3DpFd4FCaz/Kn7RNTeWB
+3HKhnyhvHUeVu25ON99gmV4oGV19a7oB4NJCqhOB4dCOKeXN6FwrG9gcXQ80tGazzTWNjtyPN4o
rlNNIfzuz0Su4Uz/x+K6Gf38jT8AABBK1WQuFvHtMOmB1aLtPmHsfDPARR2JqFF1mdqnGmqUr1EB
ALpMbd5GAiGfPNN3uXfUo2V0PCJK0xSoTrdu2yJPTq+IGIsM+xp27mvYuRhcufHlravDUwILWWER
jcNOtB00IK5YU2FG9wljv3NJrAVfEt/sGvciVdZaNhHxBb6VYrei17smFasT11pJIBzdg6VbiZA7
41Q5p15mxiYiTF2e0K5i/plg2WNbpDw0nuj0qAXX29LcO2Rm0BUaHArh2KlYjE1Ejpz0IdoSdrTm
i1XiiwOq8iCFRoWwKlUMJhGrRdtzytR+2o++jTjsBMIzYnkl1vlmgOOdX5epfe6lJ5Qc6KOQZ0DJ
1OUV/rfN5ZWYcEefvI1E2WNbvmffqjp1mkiuIWuXrWyXrUyU+KrTFXIPh9F5SQCAZkdOdXkmx8Ua
7rhHwu7hMJclDDlr2cRqRkUh5bM+0VVSqVnrC3wrPCechygVOBlLTWHk+hSr/c7ldOpPYyoyfPXl
LaZnfQEVV2z6Amv9zuXBoZAMpvmiAH0OyT+NRYbM+4sI8Ub8ifhmgpEHw/W+mWAkfG96h25dwI9Q
ONZxxt/ems9UT3LqaOGRkz61nHnM8bPvSNQVBgDw8zf+4Ln2hSocd0srd2bn3bu9Ly8E5T/mqvJ1
YVnHhewszblTmxGxUFaNyqpySVSnUQEAxiID4t7u8fJM4Bp0hXouBIXcusu2bdlRW6zMdXmBkPHV
r/5x6+rwTcTcCQ3MSxocWmlvzUckwMPFGu5LLRzpuRisqtBxiTSaCjJksO0wFWTIM6lW+6o3dDIH
APCo3qeFuyewcKGXSv+e9SZWR8dXU30IGBZGxyOXnEvidvLkR95GIs9AAADyNmaROtNYZCAbSBiL
DMI9JLiYSEdWozBhCc5svJN3hDeRg25JtErVVJjR0Zrf+VZAyP4hah9aZIbHrbjp5Z/uebpRioMh
OX72nX9/qkbStxCCyVx8qP3knqebKF1hQ4sLn31w+dLvzqpCY6clHa35Vos2MftxnWtUAEAmMhOK
B77AmpCSSF2mdkdtSXqET1kpe2xL2WNbFoMrV4en/ua6wc9syTe71nHGv9+R09KYyyQas7M03SeM
4vZ7882uXXIucXH9NRU+LINMJbIekqhHq0rR6x4KR6hzHlNBRufRQniixP1eOOYDCyT1NrPkPDLt
9erkdHR5JZb4ozIVZgDm+7t38o79SYmPDJOK/F4oREkVCp0tEJ3HU4UuUwvVLPw/eTX6Z4L+maB3
ys/Pix+hVG21eun6a2PEgsg1SNe5lKS0svpQ+8nz3acoj/umb6bc5QjhbEzk5j31wxee+uELVz/7
9PVjh33TN+U9NAwAADQ7cjYXZHT1zpEhvv2OHET4ZT1oVNERYjCry9R+z751l22rEmx75STXkGV/
stL+ZOW14ZtDH13nlwl8ybk0Or7a0VqAsLwSvd9b38BivZ1gTeuVp3WqbHYhalnvTtSohF4T732F
LuXd78gZHV/lfVYpgQFS0wk8e6mXqSTrQa96vNHEPA05y81lQyL7NSlwD4d7LgYlXfmDipRsPq5A
LcoDY5HBWGSAriHQKOLv7htJDbfdvXNW8wbaIbajNb/l1RmxDhUjBUd++WtKCFEiml7+aWIzVamF
39XPPkU8S+Qajp99h0skeceex9/9fPI/Xz+VqLQxMmCr1XcX3jNVQtQaAAA83ih3l2BjkeG5l55Y
b+KKQlIVvBTyNhJ1T1aqwnRKUqA58PTUnaEr13lU2UxOR9tP+9ueMyAubNH7vf1pYBGRjwCRrnUq
BRH7J6WcHEKzFBJ55myr1ZMadXklBie6MAe437kU31IRNg4EANT/eDp+D1XluuWVWAoNRBUkU0lo
5Xh64Jm+K3VHJtmwlBgBuM70rCpMccUyJEzEUmI0FhlMRYa8jQSXxFq1QxpFJDvctp/293UV0aYY
tDTm9g0s0r6KOzjvlyPJ3mmJXMNTP3xBooNJeK882/ebKF5KY+5Pnz8u4Zt6rqGSdZN1jXr++MnS
yp2vHztMEdtSw7pcuB6EFqzTGxuPINxfsEZNFvdwOD5MzR0VuSLLhrlk08GX9vITq6FwrLt3zhdY
Q/d7A+IpVacrxNodp6o8E4Dvhm8RB2KKZa5n+q4UMpXQa3hXWdNGEbmMsKRGTczd3aB96G40uRMI
e+r8qDGXfGRs/N5ct7k+22rRdrTmj45HOs7cu97g7THRVqalMS87S9PWefveZjV6jzfKFNeRwqNY
iTI1njQLsYboJg0EMrd+IYj7c4iPL7DWczEoYg2qLlNrKTVaSoymIsN60KVMkMPth++PcKlfDYVj
nW8GaHs17XfkiNgXHiMujmdflPPtml4+RpGpaBkpnMnro0xP8XON2vN045n+j19tfkJOperxsiwX
rpOc1ewsDdaoJN5JVHNa1mK/5ZVY38DiJedSsu+7blN8OSJErPYNLN4OfIsIcoqrVFkDqrJFOD3e
KLCLv1urRcsvgBEvVXiL88Tc3WQ1KgDAXqvfXJgRv5rgmb4LADAVZJArGmMT9xxzCL0GXiGUIaOq
XAdDa12vGscmVoksTbMjBwDgHg67RsK0Zc8UsSZ8eULpMpUkhe1upcZq3oB4Vnh7aAwFIbU0FCwl
xrJtWxTedlx+zCWbDr9S7/ro+tAVxng7ydhEpN+5BO998WRnaZrrs4UHVDFS4HhWplAqpLSymsg1
xAu80GJw8vqodCbDY+5PaB/f83QT7zByaWX1mf6PlewItQ5Jyp/WUmJsPmRXu8pCN2NHCwxfYO3k
mwEe2VI7aov3NdSo/dTJQLJLvSROV8gXWCPNchIRUamyBlRlczbibUytajZoHyKyNPMLqEJTq3mD
reaB4rLR8QgAoJ1ufYFcxYNSloQUtNUVuvhUUFut3larr7cTZDBWOtTqkTXo+2f8f6k+HK6Mjq8j
VxgFlqf6Amvtp/3nLgoyzQcAlG3b0nBg90//Y//Bl/buspVhjUqL/clKjlO6vsuLtFfL/gTtyoN0
WtJSCESuQTp9yESVbS/lESYlKZzJ66NMta9HfvlrIXsuraw+fvYdIXvAiMigK9TNOXN1R23xwZf2
ql1okc7tTCDSu9zD4SMnfclqVEuJ8fAr9c8c2K32UycncKm34cBuRD+5RMYmIu2n/YipV72dcDBX
sSZFv3NZlP0IZGwioqippjza5HT7psdKN8Q3ITMVZJgKHlg1ILI0lCUnjzdqq9HHq00ydmqvuSdT
40UKZeNEqit06EZoopwBtcpUCpQrQ0XClQv8LMulhjW1lTXfTGYGXaEjJ31CKlFJddr8vH17bTEe
dFkpe2wLlwQ52Asu8fHsLI1YYypGRKzbd6biTanC2PnnP0r0Xkx7djz7ovGRRwXu/KkfvrDn6SaB
O8EIB2pUjhvvqC1+5sBuSY9HHlizSZnSu/oGFjrfCiS1wqvL1DYc2H3wpb14JZcf22uLD79SX7ev
kvtkY3I62tIxg5h9dbTml5pFmLoMDoUUog/H0jr8szGX6rFK6DWVZbq2g4b6uu9mR1aLtqUpFzDj
C6yFwjGKzzn8Bk0FGd9FU+OuHC49adHWwaKQJjI1kUThqljtymqqJLBHJWZ5JdbVO8d91ZxC3kZi
X0NNW8e/YnXKA46lXJecS4m1+wCAxGRgTMoprUyBTE1808nrXyAqSIVAqYMlEasBj8CQLEY4fQML
61CjAgC++vIWeoPECQl09E22/mKXbWtbx79iqySB6DK19icrf3z0X2DLOi6EwrH2036EUj11tJDQ
C538h8IxhLuHpJmDlMm8S4JG9zKoL4787DA1RxfGSE2FGdVxkUyrRYsOlXu80ZaEPG0oU0mNCqUs
vDYcHNoOAQA49sioNz3EO68tbWUqLbTaVU4Rq7QA43oAJvry63ANK5GOtDfsspWlQQuZVGEsMjT8
gH2S9ye6aZDVohVl6RcjItl5cvShSXhTmpXdy2+fFf2NPvzLH2ldjkordwoPpUKMjzwqugdV2njI
y0BX7xx30bWvoSZtNGpkNXp1+CZig8QUPjiAJmU3mLeReO6lJ/Y17MRLumKRa8g6+NLefQ1cy9rR
StVUmMHaUYYLg0Ncp1WSTrCliKbW1z0w30tJ6VBLY25VuU6vo741eas3FWZQZkfx8c/EIvPEKiqY
wE92M4IXDNx/vEUwE0ktRvC+BtaXTEWDFrGiqFlsWyozHm+URy0NAGBHbXFbx78efGlv2WNbpDiw
9UbZY1t22bait3EPh2mTiOIzW/iBy1PTFeef3/V/87W4+7z0O3rpK65rVNPLx0TcG4Y7Xb1z3Fct
Gw7s3mUrk/R45OTv7hvoDSh+yDwG0F22rYdfqV/PdvfSsctWdviVeo7iHypVprxcW60eXVXIhbGJ
CG0OlMz4ZtdEjwCJ4osRT1LaAX41+x05Hm90bGJVowEAgNxszf1nM+/t0xWiWFVlZ2ls96tMKU/F
N1CNx1SQQQpaz/RdaPnLMZRK27skEYETMCxTFQE6XsSj6bM8oAtOSKvrVDHoCnFvM0ACBeozB3bj
8Km41O2rRLtBMCURkcX9GIWwvLCQ6kP4jvPdp0Tc29XPPp28Tt/qJtHDSQjQu1jEHWJYgdUfSWnU
dMpZjaxG/+ZikanxN9tkB1BdphYHUaXGWGRo6/hXjrW+UKkyPStKQJUp4ZajgOENRfUN8kqXQ5Cd
pREu43mz87FMAMDYeCQUjnm80VgMAACKt2hhOi5UlcsrsdHxSKKYrOds5wG1/f76bPKR0fFIc332
7dk1GEplrT2OtwWWLusNy1S5oV31kc28W1wyM1GtdFJLUhaOEEuJEQtU6dBlauuerERv0z9I04sv
MbMFk1qYhFxKcP75XRErVF8/dpj2cSnMjVPiRLVuWV6Jca/+gN4/6aRRAQBDV66j7RhLzVpy1pvs
AApHTxxElQG4HMCxVHVyOtpzkd7cxFSYIdyhkCnhltLXRGrcw+KXp4pVRgHLMrn3UH3oIfDx/xsC
AIxORAAA5Nq91bKhukJnKsiAesHjjY6NRzYXfmew5AusebxRW62e49cKVWj8ypQv8O1+R079/VAq
a2/keDlTXZFJu43wXDZVqiNVoxBvtPQmKQtHAEDeRqL5kP3gS3uxQJWU7bXF6IDq5HSU9gdir8UB
VQXhuaYgmQqYtWWyXH77LFMfGiwpVQ3UqByTV6EMSDONOj11hzXjt7n+XqJjUv5SAIB9DTVp0KpH
RegytQdf2ruD2yV6ybnEVEPIpf4QTVJFy9Lhm11TQvoxLaQ65SjYijZl3PKvgYTS3+ysh6wWrSle
l86uxbePco3cK5uqrtBxWdn3za7Fr0z5Amv1dVnZWRoybHabzUfqdmDNVJBB6DWlZm12Fs2nE6Xe
CstURYDOAvdO3pHtSNKAZDUqrKXBNajywF6hSjfskcUYGCUQWgxKZLHLj8nrX/zn60JTfyevjyLy
h03mYoH7x6QKHho1zRqoRFaj77/3OXobWJMGkvSXgqcrncp3VcQzB3bX7WNJUIIwzYhECajSamBW
hSM6owJ6DUpNUoWp/59/DWb5UnIZqsozreYNFAti8s/llX+SstZq3sAlQ9MXWCNXpiDxFbnLKzGo
/BGhtcnpaHtrvtWiZQqlkgix9cEyVW5o7ZvjA/cqIm8jKvaYElvjpDQqNiSUH9YFYNoxT3j6DXZR
EhcpLHbRoEO457tPffbBAO+dhxYXXj92mNbgF2Iyi+PxGw9T5FZE0BVi6+G+5/FGWzpm1rNGBQD0
n3ctzLNkOzfXZ4Mk/aVgnSRO9E0h9icrGzjYUPtm1/oZEji5lzIyQetCIkNsk6J8JG2BIxzhDqzZ
WRqrRdt5tBD+Ce/tHu+95Gr3cHhyOgpnSokev0zY4jJ+TYUZ8eKWTOdmSv31eKO2Gj18x+pynXQT
fixT5UaxmQk8QCdwyp/ePDoe4a5Ry7ZtwYaE8qPL1JZtQwWumWpdUuhnsB5IdgR1//VyaFFWIyXf
NIuj7+vHDvOO8b5+7LDMBbeT10dlkKnoCjFT0UapDyC1eLxR7iZASZnTqIj/fu9zVhdGU0HGfkdO
Uhp1R20xd9dZjHRsry3molT7Li/STslguaOQA1BIn0XR29JI8bmEKFWrRWsqfMCVF8RNs8kAGFyP
4LKyT8Tl9yYCo9No8Q/731gtG6oqdNy1cbJgmaoI0Em/vpl52Y5EvXi80c43Axw3rttX2fy8HQ+x
KQHt/eCbXaMdTa0W5fp1rUNCi0FxLXZZYZWRocXgq81P8FCqv/rpjz/74DLf4+KJ/OHo9UayGvW5
l55IvxHhv9/7HN0oFdLSlNtzMchdo6ZTL9k0YHttMWs1DZORPkjoQpQstHJuTPYUXKaZA29U4SND
yRPxBdbGxiN9AwtMQXKPN0oqz2Zk0x3oStU3sGA100+9oGwGADQ7srOzNNJVZglaRMHwgDZlH72a
hXbnw4B7nQZmucxIdJnapxpq0sweQ11Y2CLYHm80cS3QpM7EeFp4ZCBL2h6dH5fffsPx7Aui+98y
Meb+hHWb0GLw35+qOX72nad+yKnHaWhx4dXmJ+Q3LvZ/87Xzz+/K/KbriqSqP9a5Rq0q142OR5Lw
QP7BbmzloDT2Nez0zwTRYfO+y4u06qXeTrB6uiKgLWRLCbQzByF7E2tX8mAqyLgd+NY9EiYFZCL9
ziUuad6+wBqU/aFwjLVxEZcOq0LA0VS5SaekXx2yIY2cP/Lu3jku1UdpaeGoOljT6mgzFZmW9NQC
6UrPr0pW4Msl4rXD++VJ/U2q7vT1Y4dPHHjS/w1LkvCHf/njC98r4ahRx9yfcj8AVsSyJo5Hfs8S
xZKURt1RW7yeNSrsxMhdoz730hNYoyqThh/sRl/Gvtk12lmZ8HRNSmqobHM/yuqtuII5qXaGHBEy
fFN6wy6vUFeuTYUPw7kTYrLEsXMPzPgNhWOEXiNchQpcZMfR1KQZ9P1T9JkiqyuXfyaowJoZE/KQ
pPiR09LvXOLiip6u9hhqxFJiRKz70vq+qNRmTApVCfcpenyVx53NN33z1eYnfvPhsLhHkkiy9khj
7k9e+F6J49kX9zzduOfpxvin/N987f7rZUTvGVpErCO9/PZZ2shwaeVO2/cbq2x74Z9j7k/cfx3g
Hul1ukLVFTrhhihqJ1mNmpbJqxw1KgAgO0vDMT8zbyPR/LwdD6CKJdeQ9T371qEr1xHbDLpCbRaa
b7CqXCckTZcyZFPSZWVLBRIxCMQ741e6deTBoRB5e19eiY2O0zpXoRYr3cNhjtNyct2B+xKGdK2J
sEyVG4a6O5ZLAef9MuHxRs8xdK+OB2tURaHToy542rVYqRNLREfqsKdEYjVZJq9/8drh5uNn3yFy
8yR6i9DigvuvfGpHnX9+F+bWllbuzM4zAAA8175A2Pki8E3f9H/ztfERoX6/H/7lj7/9xc8oD1bZ
9h5qP7ljz+PxD+7Y8/jzx0/6v/n6fPcpjhnCPReC1eU61f1SRKTnYpB7+iLWqIBzACpd86LTjF22
rX9z3UBMF2m1DQCgukKQTPVM340vcKX1/lUXCsz49Xij/c6lsfGIxxtl+tnCYCn8OpZXYpQsaBdn
JUkGXbknUbuHww47kZ2lYboD15se4jddwUm/csPRGR/Dka7eWdZtsEZVGug4vCqsCxDImZqrhBzg
zz64/GrzE9Jl/15++w1+2pJk8voXY+5PxtyfCNmP8GrSD//yx8R035+89uvT731E0agkxkce/fkb
fzjT/zGXxq2hcKwrmZbRaUZX7xx3jZquJkBJaVSOYI2qFnSZ2q1II/3J6Sjt8EpwaLPJncR8VLWT
8uVgAEAoHDt3MegeCTNpVFK+wlhod+9c/HrB8kqMY26/xxslg64ci618gbX21vyO1nwmDxEhExUs
U5UCLBFhwjcjaJYmEazjltSFuH0DC1xk/4FDdVijpgGlZqXPk1JSOyrim/IejCevf/HC90qufiZm
ASfE/83Xl36nCFPcS787K0SKX377LEWjErmGX7xzqenlY6yv3bHn8d98OLLn6SbWLccmIoOc/VrT
iaSaqTQc2L3LVibp8aQErFExO2pL0BvQl6eKav1ANvPEyAmpLT3eaFfvHCULl3tS7micuK3iFk01
FWbAuOtmOjtYgfMTLFNTAI+838iqEn/2rNpPUlcPjzfaN7DIulnDgd24OWp6wFrCnVpSG9jk8e7i
imrYD+a3v/i5uGHV148dFhhKFYvQYjAxX5fbCxdeO9yc+Nojv/w1pW4WAZGb94t3+h3Pvsi6Zd9l
9rtiOrG8Ems/7U9Ko6alix53jYpeE48Ha1TVwTrbkSIjN1UWSrKhhKwl7oTC9wKn8U1iOJongbgO
tKaCjGQnXaPMqeO8F8EVPe1LV9LvN5wSei6yt5PdUVucljMSjNJQwjCGOIZ4o2CKYzDtg7y5/PYb
L3yv5MO//FHgfiC/+umPufShkQ3nn99N9qNBP+HEvqw/ee3XHLvmxPPzN/7AGlP1za6tn4Aq1Kgc
y+p0mdrmQ/a0HBG4a1TuU0+sUVUKujM5LcLNfuORzT4Tw4ovsLa8Elte+a5rbt/AAjrPkdySx1XB
VPwsJGt6/XotKA30yKHMpN8UMugKsU5NjEWGtKw+SgPQcXjV1aYqQaNCKC4FKTmw0GLw9WOHz3ef
anr5mOPZF/lZK4UWF377i58lVQ5qLDJkZm4AAFhKv4snLMyHFuZXAAALwdDCvAji7fVjh8fcn/7k
tV+zfq4P//LH892naC2Cq2x7ueT60nL87Dv//tQXaOdh0hOSEuWgEH+i1AjUqBztHtLYoYC7Ri01
azla+2KNmq7Q5riJmKmEvudISv/gcr2dkMJDjofK4u6cD3cuxWDdc3HeF/i2vo6I16VjE5H203da
mnJpbeHjv75kZerySkwK8x0sU1MAbb8Nq0WLyB2PhFUZgKX9pKLAmtimy9Q2YI2qVDKRHXfVZTOm
HI0KgUo15Uflm77521/87Hz3Kdv3mxK7wqC5+tmnrx87jFZiukytpdRoKjJYSox5G4lcQxaXPftn
ggvBkHfyjnfK7+e79uf887vuv152PPui49kXSiurH9j/N197rn3x2QcD7r9eRuQqHz/7Dr+3BgAQ
uXnHz77zavMTiG3GJiK+wFp6W/56vNGu3lmsUZPSqNUVmVxcpvI2ElijqhdL6SZEvzepHUMoBj+S
mg9RhrlQONbvXG47mMqfOeLzUp5iGqNFHL7h7THxJ++bXevunbOaNyQK0fhMnPicYS4wJYrivqnq
g2LerWrQDTAl+qSDrhCrjX7dvu1pOSlJDxDXDACgqpyrB3rKSbkapEU5RxVaDJJdYfY83VRle9y6
fSeTq63/m6/H3J9c+t1ZRLPQvI1E2WNbtm7bwq/g3FhkMBYZyh7bAgCIrEa9U/6vvrzlnbqTbKA1
tBi8/PYbl99+AwBgMhebzMXLC0GOPU4dz74osLHNjj2PO559ER1qHp2I1KevTPV4o+2n/RxzC41F
hoYDu9NyOEhKozbX53DpKKvL1DY/b8cadV0honZNbVGbotyb0PKMVo7KaSnc+WYATqQdduJHjbmD
rpCpMIN7kX8iEjUiStthTHWgDcF9M+x1mOsH1lCqpcSYlkaO6xx062r5UY4aVAWffXCZLNEkG5mS
sHY03VFbvKO2REQ7NF2mtuyxLVCy+meCV4dvfvWPWzwSg33TN9GBXwqH2k8m+xa0O2GRqeMR2pyu
NCBZjZqugcGkNGpHa0H7adTiICSNw87rB3SNGG2ShUC3y/h9MlUnYliRue0NGexxukK06hSa98L4
qqkgg7WHKm2+t/APhWWqUkAbgiP6Na83uIRS9zXslOdgMHLCsRM9RvlwDDwCAHSZ2u/Zt+6ybZVU
aRiLDPsadu5r2Dk9defq8NSNL29JdMutsu0VGEqFGB95dM/TTYnOTCSKiiqIyOh4pPPNANaoSWnU
7hNGjsL+qYaatNSoMMl/NRyFiTz+mSDiBw7XwvI2EnkGwlRkyNtIqOucoGvENjN0thRC/D5TW7Mz
NhHpG1iw1WSJawolHaSKU0JrVgp9Awu3A99CBVtq1p47tRm9PUcru2TBMjUFjI5HWpIo1MI8AGso
dUdtsboGFYwawaFUqZFHoFIwl2wyl2za1xD96stbf3Pf4F2/ykRSNbpoqmyPI2Squgq8udNxhj0k
CLGUGJsPpWfyarIatW9gkcv1sK+hJm1skCOrUe+k3zvl907dSfZXPD11h/w/iblk09ZtW8oe25K3
UelJCjyS7zzT4qxqpdA/iaRvYFF4Iol0vioqIr7j4+R0tOdiEFH3S5vsLYr2xjKVD1I4lLA6rfln
ggpUX8YiA6LOUHRB7h4Oo0NqukztvoYaMd8SowxUZ/+LEULZti1PNdRwNEYSHV2mdntt8fbaYhhc
5SgJuGD7Pks7Ge5Yt+OcEUZ21Banq817shrV441ysU3aUVucBpUyC/Ohr/5x68aXtygiUzjTU3em
p+5cef+L7bXFdU9WKlasLgZX0JkgtIl7AgtqyJo1itxNSYTQVJAh3D1OCT29lGCFGM8l5xJCpo5K
U5gKsExVDqwpCsrM+83Uy7pWzXrv+J5d1tgLhh/eSdQcwmqhGUdlMGaQf0iosu0FAFTZqJZCywsL
k9e/SLboMT3QZWobfrAbloymHBhcrdu3fejKNeFilcg1iJLxCymtZJGpSohspASsUcF9jQoA6Hwz
wLpxGjRvuzp886svb331j1tSv9G14ZvXhm/ua9i5y7ZV6vfigXeSJd2AVsIJrBEgpe+YAu45oth2
IvpuiAhHGS9RkzkejXBGxyO0FaoebzQxz1GsRQosU1OARAncaY8vsIa+d+gytcocOTBJkZ1Fc9+U
LglHZnVqMhc3vXysyraX0suEltDiwpj7k88+GEiqg6j8EHqNKC3dy7ZtaTiwW2krTbmGrGcO7BYu
VmWOf4rYC1FF7LJtTVdvgmQ1anaWhksdL7RNEuH4UkFkNfo3142rw1OLwRU53/fK+1/4ZoIKbHp3
AynUCb2GNiIicBWYvNWk1uYXYqsRKlOl7tkjBDLEGh9rpQhOylPoGU5SMduOM/6qcl19HWGr0cMv
fXkldsm5FJ8eLDpYpioI9FTPNxMU0eVSjbjY1re2btuitAkuhpYUFs/EI7NArbLtPdR+kqkdCy1E
bh5sOvqT1359+e03znefku7whND2nKG6XNfvXB4cCvHWq/saapScdiiWWBULVhsqq0WLXhK1lBhF
PaLU03Bgd9pUV1LgoVHdw2EuQaEDh+rUOG5Cgfp3941UJZpdG76ZZyDq9lWm5N2Z+OpLlExlCoUJ
XGSE0nd5JaYEm0NWQ1pWUi624+OQTDFJRNvVZN8iKcYmIuSwItbyNBosUxUEelYRWVWic2OeAVWh
Ie6vfXCIJeO3bt92Ed8OIx3oiQVtU2mBjvmJyKxRf/Lar5tePsb75URu3vPHT+55uun1Y4e52+TK
Q1W5DlpWtB00tDTmukfC/YNLSVn46DK1Bw7VqWIZjhSr7/+fz9Htf6XGc01Zl0HKwRoVxGnU5ZVY
F4cuqXX7KlXxu4sn5QKVxPXR9a3btijHNIQ157mKTsIJrCosNd9b45A/41ei6k0p1sRTgtS1wUwa
Vdz3XY9JQUog5as1YoE2EhBxocUXWENPfC0lxlQZrmCSgp97qoh5OPWmh2TWqMfPviNEo5KUVlaf
6f+YtShRZuJrgbKzNPV24typzX1nikwFnJZBYc6huubKuYasgy/tfe6lJ1LopHL57bOIZ8m54zoB
a1QQp1EBAN29c6zjr6XEaH9SWcFAVr768tYf3vwf10fXU65RIUNXrqf6EL4DHUoFANjpEmIFysvN
94tdU+KfJMW7KKeqn8unow29Dvr+iXitpF+N6DvHMjU10NqWokuJ0C2b0x7WjN8daTpHST9Ypxe0
STtiVXTL75N0/Ow7T/3wBbH2RuTmnen/mMhVyvo9AODcxWCit5nHG+WSAAY1qnLCEUlhLtl0pL2h
bl+l/DmTH/7lj2h7LVofsrREl6k9/Eo91qjxGpVLuq8uU9t8yC78CGVjYT504fcf9/+nS+YyVDRf
/UOqHss88CL9jUvNWlr/JIF2QWSxqxLUnSjLcwJ9j6WGSQfSPp444aFsFr8B7R6g4uUomKUQwFim
Kgi02S+6ZXPaw7rgV7ZNEdagGFbQqZKEnuamJDyUCrOD5Neoe55uElGjQojcvCO//LW4+xRId+9c
vFLlmHCoao1KYn+y8sdH/4VLnefygjhLjaHFBdYqZdqwSfqRHpcQE/w06vJKrOci+5XW8APFeZUh
+Lv7xjtvDYreZkYUbrDFMOXBPxNcmEcVRtnpLHDdw0ItbWGRzvJKTAnmoKL4xlEWWFPSVgeNFIfE
pFHj/80kRCUSqBBcm5oafLNrAAit81YCrOOcL7AmvIcVYFvwK8PmSeoBPZTSLtYIL0xNVf8xifTk
Uz984Xz3KX7takzm4irbXpP5UdgOp7RyJ5GbF1pcgCWvY+5PPNdGx9yfhBaT01TdvXMAAFik2nMx
yNFfND0EBswB/rv7q6Er1xChlcnrX4QWF4jcPIFv9/qxw6xf/ehERJTGDEomnS6hRPhpVADAJecS
ayJD2bYtCun5xEpkNfre+SFlClQIekSTDXQoFQBgq6GpihoVrC1h9pMSWtGIgroq8pIVh+hILGWa
lFTYVjqwTE0NtNEhArkOtBBUxK2QAusU4XbgW+EylTWZZKtKRlwMAGBhHpWyRXu1jEnWOVpS9jzd
JGKfTApNLx/77S9+xn17Itdg+35T08vHaBvhELl50IKYNCL+7IOBZBvhQKVqKshwcuiN3vCD3Wkm
MHbZyiwlm95/73NE9fVnH1wWGF3/1U9//NkHl1k3u+Rcoi0tSRuMRYYDh+rS1Y+At0b1BdZYm0Po
MrUK7KRCi3fK33/epZysWlq8U34AUl/ii05TMhVk0C4Bj44LGluryu+FWyhyV4ERSI5Qbpvq/SCA
w+o87QYw9Uw5HxzLVAVBtkimRSErdimBVaXgjF8VgR5NNxc+nPjg8opS7phJYft+o5Q7b+IuU5te
/umh9pNJxfFgI5xD7SfPd5/iLlZ7LgRNdN8ghbp9lWoJ5iSFscjw3EtPvP/e50xeJue7T/GWqaHF
hdcO7x9zf8Jxey6LBSoFnud0zaDhrVEBAOmU7jt05brrI/ENikrN2uwsjdWygbZBt8cbXV6J+QLf
KqG3SlJ4J1EDK63H7/JKLClL9kRIIwmBcpc3FKElPIVERd+7WEoSUa2qBLBMTQ2id9dIb9BpGMYi
gyoGXQwAgNX9grYbjcerSoN4SS15jY88SuQaWFNzSyt3Hj/7Dm0EleO7/PyNPxxqP/n6scNcBFIo
HJucTkN/Ue7oMrXNz9uZlIZv+uZvf/Hzn7z2q2R3e/WzT7nk+iaFSqPZWKNCEjXq6HiE1Q5HFem+
kdXoh++PXBOpO7GpIKOqQlddobOaN6AdQCiMjkc6zrA3nTIp4HfknwmiY870xoSCM3VhIjFrIwbZ
gFUnQhCxp4ASIEOjTAFSLj1aUwuWqamB3y9hMbiiuhynkBiJZ2iZmn5N6gUSWY3CtMOF+VBirrix
yGApMaZqkuebmUdvkNQ0QuHwFoccsW7fiZaOjmdf/MlrvxZeDGl85NHT7310+e2z57tPJVuzSkF1
/qL8eObAbgAArd64/PYb2Xl5zx8/yXFXVz/79Hz3Ke5BVO6oUelhjQpJ1KgAgJ6LLHdXVaT7Rlaj
F37/Mb++ZfGUmrX1dYS9Rs+77Ig2tScRXWbqXbVZC1Ory2k7pgqSqYReA8dr4QWuomCr0YtioZQ2
QNmZqs40YoFlKk+kaCtMu9wVz8J8SIEy1VJiRKRxeqbvSp2GoYS1TOkgNSdJ/NleDX/37OrqXe5D
u6XEmJLG7ugjJPQa2mFGXa4GkJT3jHE8++LP3/iDiDtsevlYlW3vq81PCFGqakk4FA5CqZ7vPjXm
/rTp5WN7nmZMC/d/87X7r5edf/4jtLbCAAB21BY/o3iVxRuBGnXQFWKNaNXt267wX59/Jvje+SGB
LWccdqLZkSN8xZNj1lsKmyeTsBam0mp1gWlK5NSOYhcsm/gRPeMXqKfCKKmTrLQ83qTAMjU1pLe5
hbiw+icpYZBIFuhb6JsJRlbvggfVJmAbckTBO+W/8Ht/2bYtDQdklQ3eSdSiL9PEgtU2VoFYt0uY
8Qupsj3OFGQTXaNCSiur//eVkVMv7uennSwlRuUnHIoIQqmOuT8Zc39C5Bqs23dW2R6Pf8pzbXTy
+hfi5vemAVijQmg1KgCg7zKLc5KxyLDLVsbv8OTBPxO88PuPeRsmEXpNc332fkeOWCE1jtZ9eRtT
HzxAr//SFqYCwd3I4wpTlRJNFb4TlVYYoVFF1JQJLFNTA788/tXVNPz9sMKaNix/SJAH01N3vFN+
7+Qd38y8cnwLv/ry1oX5j+VMokMn/bImFMhMaeVO2/cbSyt3ZucZlheCY+5PP/vgsvL1Q2nlzp+8
JlVjVeMjj55899L/ta+GR0y14QdpKzOYeObAbt9MkGkSGVoMQr3KfYfx16Tn2hfwmhTlUJXMLtvW
fQ2Sr/ukCuEaddAVYrV+eaqhht/hyYNAjbrfkdPSmCtuzifHwJqpaKOIb8qDyGoUbbFJO7AKz1GC
icTu4bAS1pHFyvhVY+pWeoNlqrIoNWsRCtY/E1xXsQiIZxolzhUeSl0MrgxduXbjy1vKkaYU4OTg
8Cv1MrzXYnAFfR5EabErHNi75VD7SUo7mT1PN/7ktV9JYWbDj+WFBdrHj599R3g9KgLjI4+e6f/4
359Kbta7o7ZYgTULMvDcS0/0dP2X8DtAlW3vofaTZMcgAMCOPY83vXxs8vro68cOp3FucMOB3dtr
i1N9FFIhXKMCDqHUsm1blLyeK0SjVpXrOlrzpRg7OAbWUp5HzVrsQ9tFYlRYmzcykdg1ooiMX6aI
cVL4AmtKkNyYeHC1sbJQY/032i5S6myQPINyZeq14Zt/ePN/rg7fVKxGhfhnglL4/idyg6FLBwmt
zYPM7Hm66X9fGfn5G39ganm6Y8/j734+6Xj2RfR+pPC8oUCrTA61n5TaugkAUFpZfaidqwkQpG7f
dokORuHoMrUCw8hEruEX71w6/d5H8RqVpLSy+kz/x6wXpBqBhltYowKkRlV7KJW3RiX+f/bePqit
6977XSEoAsSLbIgUxgcOL4PBb2AYx3ciMdPYBD09JTPYuNOO3ZDEtXtqnuNM0hbiP+49MW7n/uFA
22Ti8+CcmDopjj3pBGzfCTm9UnDSeZAyD/EV4S2xzeUlIr5EMjYCS0KKiHL/2KmqSHuvtbRftNeW
1mfyRwxbWwu97L2+v5fvLzOt/cjG7hM6ieKbOM1ZJIh/ZJcQazeNwLRh+JzC7YJFwShGxS8hXlCU
SJQnipIGQqr5hZORKW0oEX4xVUv87LyZtM8P9o8QLlDDDA9NCXStwIFrmCSDJjNN3myqJlf7m1fP
v3R+gEugRvLrV/70m1fPJ2BVcaHJ1e77xQuJea6f/eakvqgE8+CUTaUyVGzZtIOv1irbtvOtT+Yg
ZksAAE1u3q9f+ZOkA5ASgzMiL6TOUB06uieJC4hE0agAI5VK8rePt0atrlSfPaUXPoAEAk5zVgYB
Nr9OeGMqR/BX4OQVJns54wiSMGi0rEglfPMw4wgOmO9H/kTRLZ1JA5WpZAH/psHtZ5IVeESTTJtf
16J7sH9E7lXEx/DQpKTnX3X74EFfSGMq141WRDS52pcHPnziJ8/gP+SJnzwDzyjOTo0JXheMmcno
bOr+f31e0nLfKPATqimbSg3T0FTLoziw2vD4ywMfYr6nJ9+8jO8vTfgcL12htq3jSYVOdsVBLI1q
s68hdQKx3z5m9gwPjdranCtdEjUuSPiIwhtTy4vZhbRA/ySmkHjAIo+ui6r4NdWLEK1oP+0iZPor
JRIqU8kCc04XhXCGBpXXJzZhn5c0oYqUwaK4yfOD0ag8amV/9puTj/1wH9dvJW0XdH35RayJUYIr
P5/4yTM4CdWKrZuITeYkDHWGKl61ULZt50vnL+PHHXT/9M/7//X5+JdGEDvqShqaahuaapN4OGrA
HxRLo4IYnRALsalUfhpVk5nW9aKutVnyYJyC6t3gval6tl2lwFQq+HtYOWoUjVwIr/g1W720K5VM
qEyVDbgzkIKAd4emoG0aMm1ILIPvSpUBXnX7kNsyiJu8pA7AvDUqw29ePc+Vwhq3/U3AuhDEplKr
DY/jlCuLC0Slh9mcvHWbcbHLUIFv+aYvKsHPo4bZ94sXZB/YKwR1hmqXoWKXoSJZNSoAYGhwVCyN
OuMIInNixKZS+y8M4w/6ZmBeEKIM4YvLZO5N5eefhDkSlouyIhUgxuNXlIrf2KgErfglBCpTZYN1
zooGaqEEH+YhF/CNFwlXsQRD1NtUXakO/8fcWiA45lwSeSkhBTDcTZ71RisWv3n1vBDPIU1u3rHf
sU9/kdRF6eO/Xo36Cbx9USKiZn7Gos5QJbEFTrzU792GeSQ/u2ZNbp7hX9CBA4osBPzB82fMYmlU
oORU6mD/CDM8HB/mBeGarS06JLRc4oBMR7O+YpgjYbnP+RAgxuO3xZQj/JxRaWGqUclB/sp+SiTw
7bhS/HhSnHgjxPFSVqSK3LtEhparKzOY/ykvVrHub1o7FuF33+GhqTytRlxd8X7/CDK9DHfCEMVr
npV9v3hBuLp74ifPWN55K1aUOhfmZ6fGJPLdtf1X9LTM8u0yOOhk5yFyd5u30lTqP6jYukk9qEJe
yRt/+iyrqS8Oj/2w2fLOm/weS5EOpsYV8+6Ao1E9vhCy5JLMVOqEfX4ST6uHqa5Udz5XkMhRCJhl
sbLPGoDfWzWZaawvmsBsanmxyuMLWaywnliJiNKomsw0SB0WJjOOYAomVJQClamygTk5mpLchM2B
ItVmedFDGg4hKpD2Ixs7XkYoxsH+Ecec60cHBI3QCGO9NoXMHujz0+GNqdlZafCRwvzQ5GrjnarC
ReNPn2HNnV5549Vfv/InUZ4iko//ejW2MZW3sBEC0l22gsrUCNQZqh11pddtt+CHCflYVhse5/1Y
ikSIrlEBRjcdmalU16L7/Tj9BRuNmo4jGyVaj0Bkn9zuX4PdFrmSzwJ7U8uLHrKNEtGV2mLKFh68
iBohS1OpREFlqmxgTo6OIuAPkta0g1yPc2mdBEe+hFFcqgMAt3TWufRN675cSV31I6mpUldXqpHt
TBP2eeei+4mmWiFD4QL+4GD/CHwIDUPrvlzkMaZ6zdlLIqepRfTFfeInz1zoPuVcmI/6ue2/rvzy
t38U3X3X8s5bUT/Bnw0jLrF/chSEO8omnh11JXCZWrZtp5Ae40RaPVNwkEKjAgDMw4hc1o66Uqz1
JZCAP9h/YTiuh8ilUZWSSED5J7FvvYQPTe259L3mJlmknSYzbX+jCBW/knYVUQRCe1P5I8XXEpk3
k7qglAdIQ3aB5SWKo6j0YfxQgvPuenfvvfbTroT5CmJ6JDLj7C6d+2j6c7TOjCLgD1qvTfV0vYej
UcuKVDgq3WTUaDJFvl6JO2KU1UzIu+q+8sYrIj4LAMD15Rcf/zW64lcumRqb1I1EV6glLawmO7pC
LfyamZjibRIGaaQCEmnUGUcQXl2iK9QKCTJKxOC7I3H5ycuYR8VJJJCQrPb7YevkGh4hsMbVufQN
CbNbREmlUgiHvsEUZQOfGCYXjxo3x3X8+M1Ax8uuxIjVmio1fgDSMecauGB95XeX3+8fmbTPQzZb
AX9wYe7Oddv0wNvWV353eXhoCrOVuu3gBpzDsrPSRJmNFqba8Li4eSfDv7D3uF7+z1e9qysiPtGF
7lMink0gsYbDkdBUKivwl0VflAi75oxMGj6QHIk0KgDAjGoLfNQQ3z0oAUzY5+MKepYVqdoOEh1M
kb3iF/DKpgpMpVZXqpHeXRTZiWriVS4pVIpJGgJnK6cONVWwItWVZQlHffLGuHfbrc9ux5v6ZsSq
oTaz7aBW0jLptoPasRt+/GhowB+csM+HW0zVGSp94T+0pd//Ne8k//7GHPzO29bmXPOwaMPNkE2V
8cLVGupddV/oPvXL3/5BlGeZ+PhvRBnkzE6NQX6rpyk7NjZv3QSp+52ZhL2kFKUQl0Y11Ga2H9mI
nxqCmyepM1Sk9YSvLHuHBkfxj49LtFO40OezbCQ8bGMm8MlQP0B9cSkJg14CiIP1shJGiQM5WUfv
iAW84kVGDh3dw6+szja61vriYlfvPeEDuCF0n9DxrqEN+IOOOVf4P94aNd5geXZWGk4XK+7Z8sRv
4eNyr7nyxisTH4swQ9W7unL2338l/DwiEms4HAmtLGUFXo0pcI6RKJ80ikDi0qiNRk1cNrYzjiDc
sH3z1k2kFdsP9o/gjyrQZKZRjYoDcqgPa9GvwFk7oVCyDRoUOJ5HRrhSpkmTSgVUphKInqOXgGTg
NWwzC4KUJLy7ncBmXQZ1hurQ0T27+FZeWaxeScVqdlaaEKUqHH1+eveJuCtCWxpzwt7IBKLJ5VRl
v3/+sPDS39df+tXsFKzINsGwGg5HQmUqF5BrpnfV/cFfoi2y8Im116IkmHg1arztl8iKX9JSqRP2
efwpqYRoVJx6NxKKfuGwlmUJ3FTcnPvejo6mUsXCpH+An7zk/UBFQGWqnEiaLksaNKjbFclKtaFp
5+HjJt4depKK1fJiVfcJXVmRDEF3TWYa7yF4nc8ViKKupSitLN/OOSLVuTD/YsseISf/4C9vQcp9
PSsyfAvgioj8PZyMFJfBEqpn//1X8GpqLlxffgHPb1OkRmqNClAVv3kbNBVbCJKpAX8wrnLftkNa
rjEqpCH70FRZqsnue0lJpYrVG5UwA0s4jOAXXXAyIhYiZQmXuFSmygkPC1wyHYMkBXnHWnET/Zro
CrUHjz7edGA37127dGKVUaoJzk+WFan6ugqFbERE2cQILK3kwezUp3944ef8HvvBX976/fOH4Sfn
d2besBoORyL7Ho5k4Hlm76r7xZY98SpV7+rKqWf3w/PbFElJgEZFVvwSpVEBAMNDk/jlvvsbcxI2
ni0JgH/SuGLQAi2UZIGRUlGCCt4ih4nATl1JgQtIHvIy9iGEa1RAZSqBwB1lyHQMkpTsrDR49swx
i1tNJCPb60oOHzfVN2zj3TIkkVhlqn9bm0Xr+YTTaNQIKejy+ELtp12i2I8JLK3kh+WdN397uCXe
6l+kRmXgl3/jDc6SKFxkZCAm9TFK9cobr2Ke0Lu68mLLHvxoBQ0iiE4CNCoAYAzVR7eZpIrflWXv
dds05sHkW/sqC677rIjCLDEVv1xSSpSAdc8lt7iGppHZy6j/IMeDiD+TVZNDni7qf+JaKuRXhChY
KlMpIgDPDAgvqIBfjJRiK6XOUBn3bmvreHJHXQnvk0gkVlub8/peLpQ0rarPT+88XtARj5tlLJ2v
LYk4rk2WyS4f//UKfqLMu7ryhxd+jikIE5kf/vivV5FPB69rTXFwZlp6V92vv/SrZ3eXXXnjVdeX
X3Ad5vryi7d/f+qZR0vjyqjTkmzRSYBGBRgev0SNSx3sH8E8UpOZ1nEkX9LFUJIJfX668AbmsRsB
C6rTGx+ktIs9gEtkiiUgcY4kvLuYDqSRk5mFr/GncZCM1CP44DNpXIvugD9ImrEhF+oM1Y8O7K5v
2P7B4Oj0Z3EMkYvEYvVarN5Go+bp5lyx2jP0BendJ3RjNwKXLfdto7CdULxoMtNaTNn7G3ME3lS6
eu+JG/V0LsxfeePVfb94XqwTYva7zk59+m9P1O77xQtPtZ+EzG794C9vXeg+5VyYx3x2yztvifi3
QHB9+QVNpSYM58L86y/96vWXfqUvKtEXlVQb/jH3aGZybHbqU/xPCEU64GOlIxGiUQHK2oeoVKpj
zoXvnNS6L1cpLank4Ix/aCoAwBl/uxkrCU6lRimuajE2z0g3MkziSjwyB5ud3wpJV8J1bOwx6oce
CHz9LethXDArlF3EUpkqJ6yTWuCqQymZQ3GprswAYBVygGPORVpDDpxcbVbLz4wLc3eGh6Z4v6dS
iNWaKnVNldq5tD5g8djsawKd68uKVC2mHENtpvCop9nqjSvq+dgP91UbflC+/bvhqDOTn1reeSs2
3fT6S7+qNjxeto3T+igu4kpnXXnjlStvvNL402erDT8o27aTWYPryy9mJj8dt/3t479eiVd+zE59
6vryC90//XNcj4oX2gApFsWluri++86FeefCfOJ7qikiUl2pFqJRkaVJvO36pGB4aArzyOpKdUtj
jqSLSUoCa7DaItZpNEDwQBpCMNZmCjyDc2k9dlPBQ5XxtudFHiOiRAx8/W3k2XC6Xgkp+qUylThE
aQpPMpA55+nPbitLpjIUlT588OjjBIpVfUF620Ft20HtjCM4dtM/fiOA9O0IU12p1hek11SpayrV
Yq1nxhHsuYirixp/+uxT7Sej1NqOx36w7xfPT3z8t7P/Hj3T5cWWPS8PfChcqbq+/IJHXsvyzpsQ
/954udB96tev/Emss8USbwMkhZIibK8r+cR2C5lQnXEEZxxB3mlD5IBHckbR4KdSNZlpQqQ7RRbk
TbJpMtMMdUJlamwqVaw/ilkeEyb4aumbGcfXQpqVIlOa8UpHZM5W9mQpEqqI5MTjI/3zgQncjUMU
W7nqSljd763Pbv/ogPAnkQdixSoAoLxYVV6sCse5mVj+zMLXUYUA1ZUZAIBHCh4U8akj6eq9izNP
XF9U8ptXz+947AdcB+x47Af/8YH99Zd+feWNV8I/ZLxqhCtVEdWmkDXs+8XzYiWHo6AalUKB0HRg
98VzH8Jdbb1roc7XlnpO6fkVmMCzqbpCLTnNL/ip1BZTtkQ3DorS4ZJYbYdEsNoyDwt1JGVdXmtz
bmyLk3Np3Tq6dtnsiSuVHVm+i6knuV6xeFOp5EAtlORkxsFn5hW+t3vCgLtx4AgMJPCEasAfnP6c
Z58nITBi9dDRPUKqtiSdswr+XhLc0pjT2pwX+R/zc4m2GgOW+ziRyGrD4//xwShEo4b55W//8JtX
z0f+hFGqEx//jfcivasrl/8T15RVUiTqGnV9+QXVqBQKBF2h9ommWuRhzrvr3b33+D0FvDGVnIrf
lWUvZipVn5++n5b7Kg0ZU3D6/PSuF3XCpxbF9jSJ8ke1H9nY2pwXG4TSF6S3NOb0dUloVInZ7Bp5
TFx/slzylcpUQUjxXUWWA2H6NCQZhtos+AG87YiIQhFiNZF4fKG+K7C2ZIbGnz57uv8axI4oiid+
8gyrUn3796finRbD8PpLvyKkXVPIdFYuPvjLW/+9oZZq1GQCbs9O4cf2upJdhs3Iw2yja31X477O
oBtTifHWHr6Gm0pt3Zcr3LkgZXEuLkN+q1H4Cxuri/T56X1dhaI4j4plnhRJa3MuUj/zXjxSJbIe
gDQQjvINjjqAd7GxiCj7Q5yU0Es2K+XFKnjX7oR9nsA8Mz+oWA1jtnqR2fjHfriPR0PmEz95pvGn
z0b98EL3qX97ojbeeap/eOHnJFT8hrG886ZYStX15RcnDuz9/fOHCRHhyYS8ooKc6tAko6FpJ851
u+/qKny0TCwzC4jyK0KyqQF/cNI+j3NkWZFKeFoslYHvecqLWIYzCx8QKGMq1Xl3Xfj6AQADMeMM
hDsnlRWpcPr4TEaNJpPnJl8iZ2CizhkLVURyIpYtOPmIopSQHfPXbbeEPws5ULEKALhs9sAPKNu2
Myovis8vf/vHsm07o37oXJj//fOHn91d9sFf3kJmVl1ffvHbwy1iadTiUl3sf/xOxShVfplhBteX
X/zhhZ8/82gpb2tZP9SFkiLp68N7J0QRTstTRpyxtPFeluEuD+Q0pk7Y5zCPbDu4QdKVUJIMfX66
8FTqjCOIU6LFg+wstGxjJv8xSZdGo6bzeMGxgwkqbOGXj8V5oKTQtnU54WcLvrLsJWp+N8AYVf/V
0jfCGxdbGrMvW+5DDpiwzxv3bhP4LKRBssGS1ODYC//m1fP4tb5RaHLzjv3ujy+27In9FSNWATgc
HmxTtm1n+Ilmp8Zmpz61/dfVj/96hd9TF5fqdIVafaE2b4Mmb4MmV4uoaV91+1aWvSvL3hW31zF7
x7m4jKwdsLzz5rjto1/+9o+P/bA5rrV98Je3hPxpYVKzPQEfiV4ffX66qT6rujKj4+VUnF5GAuoM
VcvPjOfPmOGHeddCJ19b6j6hwyyhgptZ6Imp4p7AS6WKIjkoyQqrNGoXwxEap0QLSezyZheCmGGX
8mJVX1ehc2ldk5WWnZUmRfkxDpG9rDgWTcwBogx9jQvFbFhTCrir7Ypbns+07OgL0suKVBA3nZVl
76R9fntdSQIXlSBSU6wiL99PtZ8U6Gq747EfPPbDfRBJ9vFfrwgXbAwVWzcVl+qKSx/m0RaYq83K
1WYx8SDjXgAAWHX7HLMux5zLMXdnZZn9hXIuzP/28H59UclT7SerDY9DRqpOfPy38LzWeNdGkYL9
jTnlxSqbfW3sRgBnU6XJTKupUhvqMpkqSlFK4yi80RVqmw7sHuwfgR82uxDsueTGHMcCd5LTFRKR
mVxZ9mLGX1r35Uq9GEoyUVHykDhdqcNC59BwKbS4lhfeg0WVVLQ251ZXZpitXpt9raZK3XZQ++er
q3ENjccEU2eydq6Gxaroq4pFAVtVCiVMiykH7pE4fG0qKWUqQ6qJ1bEbsCGBmlztvl+8IPxZ9v/r
85Jqs4qtmzZv2VSxdZO4JXm52qztdSXMp9216J6wz09/fptVr/49Mwz0RSX6opKybTuz8/IAAOO2
vzG/5THuFQe/n4+TOYUhO+sBk1HDaM4ZR3Bm4Wvn0vpXS99E7mmys9LKi1X6gvTyood4j+KkSMT2
uhLHnAuZWrRYvZFDv7hAznUjJJuKn0qlXakULmIVVMZDD/z6WRFSqTb7miizJ2IpK+J5BY76ajPD
bGqq1ODIdz/pOLJx/EaAX/UlPvjZ0USmUgGVqbLjXFonXCoQhcmo6bnohlxlVpa9123TuwwViVxV
gkkdsQrPHhj+ZR/vct9Idjz2g7JtO0W3sc3boNll2LyjriQBDWO6Qm1D086Gpp0Lc3cm7HNcO0VG
kfLuNY0XWvQrFsz44rgeEjXZmCILPzqw27noRn4Rzl5y11RmwN9iZBcrIdbNmJPhTPWINgcKJUxu
dtrpdp0okTjraLRvmXip1Ax+S/JEXKv1+emsLQDlxSq4TDXUZuI0SQkhKpUa+yuJkqvUZUFmvmJz
UYJ3qnAV+MkL/B45fhOWFouLFlM2/IDhocmksfyFkPQGS8jsQeNPnxHruUQ8FQCguFR36OieY+1N
uwwVCTY1KSp9+EcHdrd1PLkjITUFjah8SCp8E3kjabYZ7gpLiCVsKnDgqXqci0D7aZcHGlmAv6F5
GzQk+CfhV/zSVCqFi1gV1NyQLVa1SLz22lFAsoi8VxjZ4lfNUTYcefLW5tzIHt39jTnmPxV1PldQ
XqzqelHHO6nLCuTvjRKl0hUAU5lKIvCP+8qyL2ErwScjg8X6XAr2N+bATSwD/uDwEO7QNqUjoljt
u7oC3yclGORidjz2A7Gey/Av+0Q5DyNQDx59XF6Ts1xtFiNWK7ZukugpmBnrTzcjustoQhUC/MWp
ruQZm6cQRa4268BT9cjDvGuhzteWIAewRrTD5GmJUH2YqdTqSjWxJTwUAhHrYhhb8SuiuIJPTOQi
ap+Do3XLix6KfK6ayu+UbedzBTVVaiNqIoboSF0ATGUqRWFkZ6UhE6rXbbcW5u4kZj0kIIpY7bu6
2tpBnFhNDLp/+mdNrqCSOUIEaiS52qyWnxkxZ2PExf7GnJ5T+poq9F6TtqdSKEWlDzc01SIPG78Z
6LnEGbmAF7wQUvHrmMW67ZrqiRDVcHBUB++mG0pcYFphI4mt+I2LsB4TUdxGVY3VcAjyyOqDKCkb
lYBlTij1QLJEzs6lMlVmpO6KTkqQCVUAwAeDo4lZDDkIF6vetVBYrIq7Nj6LgaplgaoylvLt0QNU
McnboGk6sJsogRpJxZZNh4+bxEqrlhWpul7UtR3UhvcN8M0czaZygYyjPVLwYGJWQkkAuwwVON/B
y5b7XPbm8CaIjEz5K34Btmwz1CY64cMDPf0CykFsaq6sKO7OfFY8vlCUXy4/rSWuQouSAFx/aWRE
OPL/qyvVURre4wvtb8y5/B9SFVJFkQAvJSpTZYZHTyCZCYq8DTBHBGSfYVzgJFRdi+6hQZFNcRSB
iGJVrnFeDBpoANW7SoT+2WXYfPi4iXBzaWaKY9OB3UJOos9Pbz+y8eypR6I89+GbOSeVqRwgL+O0
KjLJaDqwGyfn2XPRzXq7hNuTktBs7Fp04/SilxWpxEqOUXigOEvwFhPCBBsTgfsZpEuQ8+56V++9
LugoCpZHRUiA6kr0PBvmmLDbS+wInLaDG9oORl9ncM4sEJP+AYkkK71YkAi8EJ/MBAW8sFD0OlKc
hGqqlf5GIlysOu+ud/fea+1YJHYA4+zUmIhnqzbE1+mqK9QePm5qaNpJgnMJDtvrSg4fN/FYbXWl
uvN4QV9XIavrSXkxrCk9sEYtlNiBX8b5tTlRSEadoWo6sBv5BfSuhbp670bdMcWN80oEZio18b1z
lEhIjhHE6hwRBxddNnuEPNzs/DasUVn1WHfvPYvVa4yzUiDyq40zdjXqhmuojc4PhcMQYWnairKQ
iJfY10HSGmByP68UCoTsrLS2Q+jIdP+F4VU3iY5TiUEUsdrxsqv9tCvxVsDIoK/lnbdEfDrPShx1
zkwSlZB+MHx0hdqfP/ff8Jfd2pzb93Jh9wmdgXtnCc+m0t4tLuB5ZuEFh3BhAy9+oUiErlDb9GN0
UcPsQjBqPDgyzktCxwFm6UQyeYPJ7mQOv5jD3aEVQaSlrRDMVm9Uea1EygpeBRYL89VmPPPLi74n
QVmv4ZH7Ik1mGnKbZKjNbG3Ok9pwhA6kSWY8vsQ1IicZJqMGWckQ8Af7LwzLfi+RF0asNh3YzdtK
Z/xmIPFWwNlZafCckuWdN11ffiHW02HOTVVnqA4d3dPQxLORVXZytVmHju7BVKoe37fI0tOoO2ss
qRwnggDPpuKE1eHAv6qiu2pRMKnYsmmXYTPyMNvo2oDlfvifipiCi1nnJfyznRjgdSIMspe2wScs
KOJjEyY2Rdlo1IjyafH4Qn1XVoWfB4d47WbGbwbKilSME0GkGdKMI8iaG/iexy/0xampUjOtOgCA
2YVgVPmhPj+dGWwTb+UOPKUsBVSmysyMQ/HhLgY19HLphJrp86YDI9LmWnQPpZ6dUizb60qOtTcJ
EatMw6rAsWNxwTVDjMG76j77778S67k8K+gNR3Gprq3jSRISF0JglDaOUr1suY98u5HRXOfichyL
Sw0C/iB8/DVtTE1iGpp24pS3nL3kDjdcwNNihJR14Gi2BPTIiUV2VoJ24RTAUe4b22PJj8uW+4lJ
pYI47WaYgxnja31+emQ99oDlPuu9lZGmzHgqSJUTk4ndb8rOzkpjnqV1Xy6IULmm+qzW5jyTURM+
CaY5cMLUaRgqU4UixccdufMjsOVSD71TSmRorC9IP4ZxIZuwz7/fPyLFAhSHQLHqXQt1nlmSpQaY
lY//euXt358Sfh7v6goym1rfsO3g0ceV0okKh1GqOJ+Brt578LxcdlYa/PYme8KBQJC10MgcNUXR
tDxlxLmSdL62hFPAkrCh5RAwv+Y4KUpKqsGqfNqPbBSljda5tN53NUGpVK4FcP2KUZtMO2tkUN7j
C9nsa1HByupKdVmRKvKcNdxBH9uor7oygxlv89XSN/sbc5h7CiNWQcQtJpwqg4jeKKRzS2KFylQS
IbnHnTRaGnNwArQT9vnrtukErEcRCBSr4zcDx046I2vSRMfjC7WfdlkwrPkudJ+68sarAp/O8s6b
kN8y3ifGvdsEPgtRMPa/OIYu3SjrQnhYDZ42TE2Q4yUV58ZJiQsmToQ8zLsWaj/tAkpoDsIcQJB8
H2x6fRMIq+Bpbc4Vqzg8dhaxpH4/5mEfAMDjCzEbpLEbgbGbnCaUMwtfG2ozGTka+dWwja6xflMi
ozz6/HSuohuPLzR2I1BerCovVnl8Ia8vFHZRCmdTw+cPz1mN1/wpCuleVSqHKIqn48hGnHKFocHR
Sfu89MtRDIxYrW/YxiND6F0Lnb3kliitymjUce6LexSvv/SrP7zwc+8qz1mv3tUViNBlNpSEj5zh
h65Qe+CpeuRhttE1uNszPEOyskx7U6OBZ1MVVBhJ4Y2uUNvQVIs8bHYh2HPJDW8OIqHoFxl5YVCQ
hTVmRcOKm8pU/rBq1LIiVWtznijnH7sRsI1+r29FRDUFOdX4jYBz6RuPL9Tdew/ymff6QuEcZk2E
tVjfldWou6pzaX38ZiBymDay4jc7K23GEZxxBA11mdlZaUyjMpMD02SmMRJ3xhFk7PrwU6lc0IE0
SYsijOZFQTr3HX1BOk6TKgBgsH+EKtUojHu3tXU8yU+sSpFWZTTq7EJ83wvLO2/+2xO1Ex//jccz
vv7Sr5wL86y/0hVq2zqeJGEXKBFFpQ/XN6CzxPCEKryJi/amRrHq9kntnwSkvN5SxGKXoWIHRvzr
suU+fJ+QkamYFKVS/JNA/JatsgC/NxE7TA6CJjPt1HMFYp2t7yrP4DWESFdbLqVqHV2bcXzdd3XV
eXcd8pmfcQQNf89hhtObYzcCzrvrUWbvzNDXsEu2xxeCVPyGW9kje9qZpC7zLJGpWubVfro5l1hf
aAV8D5Mb+MxuLjALbBIJ0ldGUkFuqMvEnA012D8yNIjl6Zo6qDNUjFjFsaCMgkmrYvZQ4dD52lK8
GpXBuTD/YsueEwf24otV7+rKbw+3cFX86gq1h47uSY5mVAjGvduQhi7Ou+uQ2ejwCRMp7rMdi2MW
0ZgqysQO+JeI94Qqirg0NNXiRMH47RMSScqOnpK3WkRBEQpMWvflimUgN3YjEFWTJWm5LwPjwzJ+
IzDjCF623IeXD1RXqZn0ZuT4U+ZWG5XMZ2qJw/JydiEIMZj0+kLMHz7jCI7f9DM/HLvhBwCM3Qho
MtPCyrm8WKUvSG80avQF6cQGNahMJRR43Rd1JYmltTmvEW8M9HXbLeqoFIs6Q9XQtLOt48mKrZvi
faxtdK21Y1H4Za7v6gp+rS8r47aPXmzZ8+zustdf+jVEr7q+/OLt35965tHSj/96hfWAFNGoDDiG
LkIM/elMmkhufX4b8tvIPQQl6WH63lPkOqOsavZH8GYX095UcRHRmUWKVCoOM46g8+46E1qCT8AO
F/pGdooylhyRd4Hv8qsRVsDVlWrIC/UPh/C/Nwt4fKFw4JKRpuGDnUvrzEddlHkcUtT9KqZPgEJB
0nZQO+P4GicXN2GfX1n2YdotphS52qyWnxkX5u58MDgaVzTEuxbqeNl17KC2pTGH31OL6MjnXJi/
8sYrV954BQBQtm1ndp5Wk6vVF5Uwdr4zk596V2F/WkppVMDslX+8e+CCFXKM8+762I0Aq4JCyqqV
ZW+uNgt+TIoQ8AenP4PJVKpRUw1doRb57YOTp6VTcMWHDoWSGlZJI5bbhXSpVOR5IuUx/Hoe5ZM0
diNw2XIfxLRwf5dfjTgYflqmtM3jC43f/O6WPf79FEJkqvbPV1cfKXjQ4wtJNI9DOPR7SEkesrPS
uk/oMDsbHXOui+c+bDqwO4k7D3lTVPrw4eOmSfv8B4OjcRVtnr3knnEE2w5qecREu1COsmE0udry
7TurDT9wLnzhXJgft30EORg5aSaKVNOoDBVbNlVs3QRXUGarl4oogcBfYRCPlcWA5T7vkBCFKCq2
bNpl2Hzddovfw3mPwhYRnCF5STnCQF4LJXiEgmTrE660m1jRgctSTiKAE1lWFleHc3fvPUYrRipS
jy/E5Fcjp8hGFgnHwmyAr0/4/7GkCMVeU6UOn5+ZfNNiyg5/VDSZadlZafqCByMTsPhIUVadhFcN
xUFsRXi8wPVeuEReUhilijmn2LXovnjuw2loDV4qs72upK3jSRyTj0gsVm/7aVe8raqxsU9Wyrbt
fOn85Xdv3jvdf+1nvzn561f+dLr/2rs3l3/z6nl9UXzrZCWlavCieALlOzqeLFcqGZlAWbgZ8KYC
2OxrNvsa+jiKQmho2pn0DcOKm0YTHlMJQd6iX3iEgvyW5iiqK9UmvNYtOGarVzqDXySRLzv+BGyz
1RvOZ0YNp2H+J1LAMwew3gLCgvP/+cwf/ifTmMoQ+QqbrV5mtf9r/LtTdZ/Q6QsebGnM4THiWKIX
mcpUQoHHHclshyBhyDiIU6kG/MGBC1ZqqsSFOkP1owO7Dx3dE1fAfnYh2NqxGFcoFyf22fjTZ//j
A/tjP2yO+rkmN++Jnzzz5sjsL3/7R02uoNx4049TN7ueq82ChyScd9e53lO4UYST9tIDAABYdfvg
TjNlRSqcjJNzaR2/9ICiFFqeMpKQF6WEScr0LwlwpVLFmkMjxEkhLpCtmJihGY8v1HPxH3fJSHE7
YL4P2Pq6ZxxB6yiLTA1nCEbG1ph/RuVFI+XuZbMHAODxfcso3tzsNKZz1VCXSU5Umn4JCQX+4aaj
COGUF6vwlSoA4Lrt1vkzZmpMxUVR6cPMhFX8hzCD6TErBTy+kI3tghtJ40+f/fUrf4Ifs+8Xz/+P
odGybTtxV/l9dhk2V2yJ2z4qmUBaPXN51sONIgLkOZPLwidWRFVniwmriLer9x48T4KMEFE5RCDq
DFXLz4xyr4ISH4RvGwgcTMUl7cqKVKI0lUSmJb/7SQJTqfy4bLn/vRxshKMSV+VtV+9dVpkQrltc
Xg0BAL4Jcd4ObPY15oX6n9d9/59rHQCQl50GAGg7qGVaVeP1PKNzUymUOGCUKk7RDgNTAHzdNi3p
qhSNce+2w8dN+BtcxlQJMsgkDFKjlm3bidSoDLp/+ueXBz7koVTzNmji0uFJia5QC39/xfK3SE0m
7HPwA3Aqfgcs95Hl8ci9KXW0IhNdobYBVXtPSRg4qknegVvyDgIUF8wgHZyotKTs4ATrPb7QgNkT
+ZNwwjO8fYr6KPZdXZldCLJWFHt839PkzqX1yP0Vo0uZT0V44v3S8ncev4wzQnZW2owjqMlM4+H9
K4VSpTKVIhp5G2Bbn8RfLuNVqgF/cGhw9NK5jwiPj8qIrlB7+Lgprm7V7t57SKWK7LI79rs/4j+j
JjePh1JN2ZbUKOA1zwra9JDGpH0evqM11GYiiwydS+sJq2dTHAtzdwbetl4699H7/SPKnYG0y1AR
rx0ARV7IbMIiE07npPx0UbpSo9KSQMpUauTfwvUsswvBjpddXb33Biz3mSDv2I1A52tLAxFdTj2X
3JFrjsxhmodZPlrhmQisYZTwEBqGpeVvIk/Sc9E9cSvw+/P3ZhzB2HDn18Fvbfa1zteWOl52edfi
9v41O7+lFkrJCVcdneKA52FkKT5h+lTjKl1wzLnOnzFbr03JGyUlFqZbNa5ZPkilCg83Vhse3/HY
D+JY4t+VKn6f6o66EmRYOkXQQ2Uq17eYwNIy0hi+NgU/AGeXhiz3TU0C/uDA29aL5z6c/uy2Y841
YZ//02v/9yTKrYpYGppqU7ZDnigwXWflNfuF42W7MuP3Q4kLJNUWaWPLG+fSelRaMjHlvsyzQJ7L
YvWeveRufXGxq/de52tLttG1s5fcx05+BQBwLq1bvr87CnsXhf2NwPe7VRljgthtrccXGrsRiE2B
Rt4yvGuh3/3H3f/3i69f/TOLu8Fli6fzzBKyui3BUJkqP6zXEYpYMEq1Mc5A3fDQ1PkzZmoCzEXF
lk2Hju7B30tBlKpzaR2+82786TNxrw8ATW7eyTcvYx5c37Cdx1NQwsCd65PewhTJ9Oe34SkXfX46
chQNTrlvChLwBxmBGvXDwf4RhSrVVPYbJwq4MxwhIOpf2LIgpFkuNxo1+IO4IPz56mrio3iR6hSp
ii0RynN2Idj52hLEDC+yyqznkrur955zaT18F4h14u27utrxsguZAnXf/wYAcGNWMekxKlMJBW5j
DbeLpMTScWTjsTjDdSvL3oELVloDzAUzXxS/Po1LqX6F6n+oNjwe59K+Y8djP8B57I66EtqqR5GU
61ZE07upHvEJnHEEablvLNOf3+7peo/rEj3YP6LQq7euUNv0491yr0JkkJd6heKYRc+MlQ5CJizw
Zn9jTseRjcLPM3YjEJWWlDSVymSGY58irie1ja7FRh4vW+63n3b1XV2J6im1WL3HTjrDd4GoWIPZ
6hVrVOwDkhgh8YfKVEKJaygwIaihl0vZywJbGnO6XozD/peBqQFWdLOTdDAFwPjOQ92992KbG+FF
75pcre6f/pnn+gDY94vnkcfQVGok8OExrM2Tsn+1CWdh7g4ysLi/EWEf0tV7Fz9RAA+oJ0eabtI+
f+ncRwMXrPDujIvnPlRo+0bFlk1I521ywKmsUZwBmyjGs/IiRWiAn00O66Nam3NFKfcFAPRdXRHl
PPggFSlvnTx+M8B0n0bhXQuF7wKRqf6u3nvd3FlZ9UOI9yvn+7f1bwnzRVaeFqIQC7yrDV4WmBhq
qtR9XYXxumwDACbs8z1d7w0NfqrQHY+kGPduazqAG/hvP+2KUqrwovfy7TynyzDEDlmNorhUR1Op
kcCzT6zVYnT8CZzB/hH4AY1GDdw8ifF1xH9GuB7QF27APxWBTNrnz3YPDvaP4FQVMZOxE7AqKWho
2qmUgvnkiH3wQ96MfXEZzFWB5NCAPj8dGZ7DxGz1RqUlpe5KhZw/qgxYImOhcCyy/bTLAvX+CHyN
ePb7bHuwB+NXh3QgDYUiAkyramtzLo/HXrfd6ul6j7orxbK9ruTwcRPOTsW7FurqvZvI/Bu87pea
akbiWnQjWijZPEWQzTCpHAiYtM8jjUCfhl6OZhxB1sh6CuJadF8699Fg/0hc3qqOOZcV5V9FLHGZ
1REOj/kWsoMzKcCvtLnQic8SswqY9iMbkd7mOJA2hAZwFAOLK1a7e+8xhkwSGRZ8Q0yNFJWp8oOc
qkQRndbmvJ7OR/Bn1YQJ+IPDQ1NUrMbCtKri7KgY54AELAmHiq2b5F4CQUygLGdYe+bhAftUTqUG
/EGkwW+jUQM3FO3qvSvqopSK9drU+TNmfr4Mw0NTC3NyNhDyRp2hOnR0j9yrQIPzNY93vgUJ4Ogo
eQfSwJutiB0h1tqcK5Za7otxTkqMwS8PxBWrFquXnytvbjbsU52pJqs5lcpUESD2K0EaRPWwlRer
zp56hF9alYpVVvCV6vjNQM8lrPCnc2Fe4Ko8K5xPVFyqS5pMhXAC/uCEfQ5ygCYzjbXoFx5oy9Om
rky9brslMJUab7lvUhLwB8+fMQ8PCcqI9l8YVui1WleobWiqlXsVCDC/5kTtAXDAmUkjr28FvNmK
hPlVsalUQ21ma3OeKCefcQSjrIMI2ZDjdK7KtdRVD+xTsRbgvyop6n6pTCWURwoehB9AoIEh0kSB
wMAe77QqoGKVDXyletlyn/Fbh+8DnAvz3lX+1gje1ZXZqU+5fgvv6kk1rttuwT/GXDMD4N/rlH2R
V92+T6y34MfAU6m03BcA4Fp0Q7x88VF0k+ouQwXh7QkZmVj3UAL3AHCQOzEGeROqcGJDA9WVGbKs
hCFf+2C7GNa+DEosNoEIVIl6WQmR7vygMpVQkDE8AnWRQhNTTFr12EEtv5nXVKxGga9Uu3rveXwh
5Gy6j/96hfdirrzxCuS3SrEnSQCrbh8yW2WsZZGpYzcC8IA9/nDdJGN4aBJ5QYCkUj2+EDm18XLh
WnSLaNXrmHMNDXIGrQinoamW5K8S5trgvu4EgpNNBQCsuGWTqYSnB2LTa/9HW74oLakAgAHL/ahi
E0XrMRLg9wJKmhmmMpVCAQCAlsacvq7CRiPPAkVGrL7yu8t0dA3AHvrnXQt1vraEbFC50H2K3zJm
p8Yu/+erkANI3vYlmMF3EW60+vx01mwqsjcmNWMBC3N3kI2+8FRq39VV3r188DJspXzsxdWoDNdt
t6Y/vy3iCROGOkPVdGA3sbFgzKJfxbkoIaOoDIE12aQgj48EZopYOLEadUPug9sqxGlJdS6tJ/Eo
aYETWaPAqcXlLTXDj2L+R/S6XypTKZTvyM5K6ziysetFHY+JNWGY0TVUrFZs2YQzpWb8ZmDAch/+
gjsX5v/wws/jXYDryy9+//xh7ypnraA6Q0Xsni/BYA32NGWz/pyp3OYib4MmNV9kZGpak5kGGRg4
diMg1qz2WDDrM+Ul4A8OvI2YiRoLTkXM4LtKvTjrCrVPkNqkiumUNuNQWDYVM+8HHzctNfBrbGwG
GzNFLBBWufL4/yaa63tX7z2lOCdhghxyEzvqJgFPLdED8aEyVX4UF1+EAL9Xjd/0J2wlvKmpUnef
0HUeL8AMo7JCxSoAYHtdCU4/Vd+V1fJimFchAMDyzpt/eOHn+E2qH/zlrf/eUAvpSgXKnx4pIsjB
nprMNBNbocGMIwjP+FVsSUUj5Un7PFL2t5iyuXbAHl8IMqs9RRi4YI2r36/RqOl6UXf2lB6pVAP+
oHLtlLbXlewybJZ7FezgZOkV15vKahoXS0DWmTTwexnrZHIh2xuAkTGLPaCi5CEAAOt9hAcDlvsJ
HpSaYMTKSbKq2aifhP9p0j+AfF746yzFu0Blqvwo0aWdi6Rx9TTUZfZ1FbYf2UjFqhB+dGA3subT
uxbCCbFb3nnzmUdLX3/p17NTY1zHzE6NXXnj1Wd3l8HzqJRIrtumkXqgdV8uq6YaQGX8UtA/CWcI
jT4/HWJ0KaTcNzm4bpvGHzzTaNT0vVzYcWRjTZVaX5DegeHO4lp0Dw2OClujbDQ07SSzbBtnVd61
EHx+FYHgpOjlzabC8fhYlINeyrrfWKmjz08/3f6wPj8dU/bDSe5y31i4tF/U64wpESEaNa5nj/fn
vElE6p9CUSgmo8Zk1Jit3r4r/DeOE/b5Cfv8jrqS+obtuVrRKl6UQstTxp6u9+C5i/GbAX1+OvIV
9q66r7zxCuOKVG14PPokto/iWhiZW70EE/AHh4cm4ceUFalaGnNif+7xhSxWmL5VZ6hSMJuKM4QG
Uu5rs69JV+6rCHA+kwxlRaqOI/lRG19DXeb+xhzkazhhny8u1W0n2z6Xi0NH9yAvqokHM0g9djNg
SkjRqViUF6uiEnexyPte6Aq1kLAOaxS4pkqN/KP4Eat2NJlpnc8VZGeldT5XIMpTpGC5r+injSL8
rsXVX5qYl11JFwtKJH5Zi0xSCipWhaDOUB14qv7iuQ/hhznvrmsy0/CHvMUrSmNRRIee1CCH0AAA
2g6yV5QhlcDmrSmnUXEMk6sr1VyjfTy+UFfKl/sOD2FZprc253JlpNsOamccXyN34YP9I7pCrRLD
VZgX1QRTXPaw9Rr6sBlHEBilX4144LSnyjsgkMe9TCOS124UrBq1+4SOiSWJkkrtu7qSNOW+XGoQ
ohLNzm9N+gdw/mQcE6Yo96OoZ8c8Xmpo0S+5wH1lCJybCgBQQy+XiutLicRk1NAyYH4UlT6M008l
lkk9BZOAP4gz2JPVitnjCw2YPfDH7qgr5b84ZfIBRikpl+wHAHTHZAn4Afc7UGcgWsFlJOAPXrch
PpMAgPYjGyFV0wCAzucKcGo1ebg0EUJR6cMNhNkpYXb7j91QgEVFJNjtqbJ9kOB5bNZ4TXmR+BcB
VnHVcWSjKOqUISlHSUuUSg0juvVugqH7QoqY6KGR6dgx04qDilV+1DdsQ1pBenyhsiKa4UwcyFSq
JjONa7Bn39VVuKDK26ApKk2txtSFuTvTnyGGnTQaNVybNpt9DTndBxN40Qf8Ki0vmBoVacSCWWG4
suwduGDFXRxh7DJUVJBUsKDOUOGkpmcXgsraCWAmHp2Ly1KvhAtMm+VIkHPgkESJH1YtdOyglqty
JF6cS+uso6SVm0rlApLMjPp5pD0Sk2WNPSaun3D9lqudNTFQmUqhxA0Vq/HCDP2DH+NdC9VUZVCl
mhhwUqktpmzW0QUzjiCy4rd+7zb+i1MmOIbJXF2ptNyXATlsdn9jDqZZaE2V+hh3D3AYx5zLirK8
IpamA7sbmmp5qBSJwKygHofO9SUNzMSjjKNTkbDaVol4q2XVqI1GDaupAT/aT99p7ViMCsAln0YN
k8R/WrxQmUqh8ISK1bgoKn0YGfs3D3u7T+gSo1RJ9mZMADip1P0cm4yeS4i8gTpDpVBzGt5Yr03x
NkwG4pX7KhrXohv+Gurz01s50vustDTmGGrRyZzhoanpzxFpcDJRZ6h2GSrIMTtA+rozWEWqGkgM
5I9ORdatfMXWBYCcAyeEsiIVjuc2Jn1XV5x315PyCilcjgpPnBIOlalEoKwaGN4k5Z9JxSo+yNn0
3rWQbXSt+4QOZ3MpEJKD31KDmUrlGkKDNKd51EjoaEeJwHk99fnpXLkFs9UrVrmvokGmUiE6nwvM
K/Pgu0l+7U0MxXh1/grLporXWikXrKNTxar7jUqlajLTGNskgScPw+WDoGjpxRD7JzAvprjuvqxn
i3f8qYyvNpWpRKBob6FI4MHU2YUk+TNjoWIVh1xtVn0Doha078oq01fWeRzLBIXCg+nPbsNTqfr8
dNZUKs7AurwNGhzHrGRiaHAUaaDSzpFbcC6t91xM6cR+GPisVE1mGma5byTMxQR5JQn4g/0XhhVq
p0QOeRs0OKld5911Ze15cO5E+JN+pQBebj2zwDIYQgoXJQBAdlZax5GNIhoisvogJIFG5YLHnxZu
TBXlZSHttaW7QApFNKhYRbLLsFmdAQtOO++uj90IAAAMdZl9XYWtzblCXkwKK8OoZjyutFXPJTey
8qp+7zb4W5xkLMzdQaYBDbWZXLmL2BmAKQvcvt5Uz7MDs7xY1XYI3TPpWnQPYRg1U+BgjqEyQ0cu
kwb5CdUMqH03R9GvSnggOLYr1Xl3vfPMUlfvPVEiEWM3ArE+CKTpKBHh/adF2ilJhFwvO5WpFIrI
iCtWyZw8xBt1hgpZERrewWRnpbU25/V1FXYeL2g0ajBfT31+eqNR03m8IK42ttRhYe4OvANQk5nG
WnQ9diOArE3VFWpTrSsVOYQG4pyEU0EdL2OoikoyJ4UuzN2BH1ADndAGx2TUNGJkYifs85OoiAMF
DmZ7qs2ebFXu8t6p4V9qVgslAIBYNryxWKzezteWuJ4XH6QPAiXpoWkKSkLx+EIpMh7TZNSYjBqz
1dt3ZRU+HwLChH1+wj5fXKqrb9iWNOM9dhk2f2KF+fdYrN62g9rIz4mhLpO5oXp8oRlHcGbh69hm
G31Buj4/vbxYFX6gB5qkkrdGS0Ym7HPwA7i6UnF2DEg/5yTjum0auT3lMkzGqaCWAjJz3UgDKoFb
6o4jG2ccXyMbTwb7R3SFWjKVvCIoLsOSqUzdL/lZSoby4oeQ4SR5K8bhbs9ci6+pUlskSGvr89Nb
9+XyKNGPYsByP/YLm8SpVAorVKZSxAQppWYcQeGN+wpCFLHqmHNdPOdKGrGqzlBt3roJXidpG11j
vcllZ6XVVKkxP0K0WjiWgD8If+W5DH7NVi9yi7/LsDml9vcBf3B4aBJ+DFeXL6Dlvt9nxQ3bLovi
/n3quYJjJ53I13zgbevh4yYyxTz5qDNUFVs24TgnD1jui2gGKynZWSwDV4gCOQyZNSggulWhJjOt
7ZBWuEAFANjsa2cvRUcAqUZNQVIir6VQ4FlHfwr7lCoOUcqAHXOui+c+vHTuI2R1HPnUN2yHH5CY
krCk7P6Fg+6irMtkvfLgOCc1NO3kvTAlMtg/gkyhRNUFhLHZ10Qv91U08DuaKDU4+oL0zucKkIet
LHsHLliFP13Kghw8xmCzryWl+b8sIOODYzf9sT/MzkoTcfxbWZHq7Cm9KBp1xhGMnSNNNWpqQmUq
ucDrYZKsZTEVoGI1TK42C35btY2KsINBVpQh6wyTD2TF79NsDb1mqxdZC5Bq5b4Lc3emP0OkjKor
1aylqh5fqCcmUZDiwO9oYs14rKlS47SsO+ZcQ4OfivKMKQimi5J3LRTrjkPhhzpDBb+lcg0B4u1M
FoUmM63jSD5rd0O8eHyh9tOuqKoHqlFTFipTKQmFd+Fr0sCI1a4XddUCHEGSQKw+ippZInySJDID
k2oyddXtg4uB6ko16z7DPIx4oSq2bkqCcvS4GOwfQR7DVdN42XKfXgnjQsSqy9bmPJxax+u2WziV
q5RYmLpfnCMHzB6aUBULeN0v1/3UKFLdb+u+XFE6jVk1KiWVoTKVIjJwoz/hzm/JQU2VuvuETiyx
qsTiVWRhGNKwFAd4RRO8HS75uIXK/rFG1mccQWR56hNNtfyXpUCs16aQMY7W5lxO56SrEjonxbqL
UaJoP7IRp9Zx8N1kM1pPGJh1v0pJqIpyM5IapMcyayuNviBdeN1vevoDLRwd+PHS3XuP2iZRIqEy
lUKRDbHEqhLnrKozVPCtDFeRUlzAE6qOWaXmovkBr/jlmkMzgNpH7qgrydVmCVqZolh1+z6x3oIf
A3dOkmBR/2Bm4WvIbzHnhSQ32VlpHUfykUMjA/4gTvsxJZYddSWYHlR9V1cJD1539d7DaSOX3XML
GRqwciRUW0xCFeb6+rei2El09d4TXkVFSTKoTKVQZEYUsRqes6ogsYpIvN9dF759gXsCp1Q2FVnx
y2qe5PGFkPsPpCFWkjH4LnVOUjzlxaq2Q2hXateiewg1F5fCyi5UW0cYqQM3vJlxBI+d/ApzZIvs
JufI9lQuzypDbSYyZIMEGc1EYrZ6WV9qmkpNcahMpYiMOhMWU/xq6ZuErURZiCtWFZEBKEZ1M44J
3tDDHR1Wlr2KeKFEwTGLmBPL2qRkG12DtwmlWip1+vPbyIm7htpM6pxEPiajhivjHcmEff66bToB
60kyHjXiytTxm4G+qyuSLiZemK9qW+dXyClcYUioU9hRVwr5rXctxJqrzM5KEziUGAAwfjMw4+B5
M3Uurbd2LHazRSuoRqVQmUoRGXgfP+HlPbIjolgl3/9DV6iFF0rxvu2FKS9CGISmTu/ZLdTngXWn
gkylwjdGSUbAHxx8F+GcpMlMazvIfg2kzkmk0XZQi9OYNzQ4mjoXCrFQZ6i215VgHtx3ddWMl7RM
AH1XV1o7FuNtmsX0N5YU5Bq4zPBE6SzlnVDtueSmF0YKF1SmUijEIVysBvzBgQtW8mcqFJfBItAz
DliXHQ5I70FkZixpgGdTWbtSPT726HsYXaE2pQx+h4emkOn3FlO2LM5JyY3HJ1VSpfuEDqficeBt
a+pUXohF/d5t+Ad3996TXamard7WjsW+q6vxOs3qCrWyF/0CjElv4zcDrKmC8mKVkMg4g8Xq5ZGH
GLsR4LrL0FQqBVCZSqEQi3Cxet12i3ClCs+9C8+mAgDgr16KuCi5Ft3wTTZ7KhXlZpFSqdSFuTvX
bWjnpNbmPNZfEduARwjFZbB4h/CIFRfZWWmdzxUgD1tZ9g5csEq0hmQlb4PGGKdSlaX61+MLDVju
M3Wn/NJ6+I24UoO8Jg9YPKw/FyWhGm+gweMLdb62xH4qqlEpAAAARBjFS6FEos6AlVmKIjyQeHwh
5onGb/pZD9AXpOvz0wHKYocEaqrUNVW6sRuBvqsrPMxXrttuFZc9jDnFLvEUl+oAmOL6rXct5PGF
kONP4ZQXPwR53VIkm+pAzdetYRPzyDEMO7CL+pKADzCsdNo5BqUm0jkJ3v8P9w5ITWqq1McOas+i
2oYdcy7rtam4dBflUePm67Zb+InovqurYzcCHUc2wm0FxMK5tD5g8ZiHvUIGdRaVPkzOlXDz1k1w
0y/zsJe1K8FQl6nPTxdYfDtg9uxvzMG/ZdMRqRQkVKZSRAaeH5PokuTxhcZvBGYWvh67EZhxBON6
Fn1+ur7gwZoqdXnRQ+XFqsTcHeNFiFgdfHekreNJ2e3yWcnbwDKoM5IZR1BgKKGmUg3vMpr+/Dax
Ml4sXIvLkN/q89NZP/bwxtTiUh2ZHyopsF6bQnYnNho1rJ/VBDsnwevu4NfnJGDGEbSN+pgIy/jN
gCYzrbxYVV78kMmogbQAtDTmjHMXH4YZHpoqLtWlVKG7QNQZqqYDuwfejiMRPX4z0PriYqNR8zTH
5GHhMO0M5mGv8OAR8weKsipRyNVmVWzdNM09Itu7FjJbvSYjy523dV8uq48RPoxLE+vJY+liG5HK
QFOplDAk7sgpFEycS+vW0TXzsBffjo/lJHfXnXfXw7crfX56dZW6pkpdU6kmTbLyE6sBf3DCPr/L
UCHp2viRAJPYapTKdczeSXqZ6oRKLNaXCBnuQY7pSxpwBqVS5yTZMVu9A+b7UfcC71po/GZg/Gbg
suW+Pj+97aCWy9S0/cjG9tMu5K2k/8IwsVE/MqnYuqliy6Z4Lf0sVq/F6jXUZpqMGuE+tAyMOrXZ
10QcztnylBEZbE0wO+pKIDIVANB3ZZVVSZqMmp6LboG5BK6TR+Lxhbq5R6RSjUqJhKxdOIWCic2+
NmC5L0UdnfPuusW6zszvKitS1VRlwMPwiYeHWJ3+7DaZMhUAkLdBs7LM2dAyftMvMJuanZVWVqSC
7D6nP7/d0LRTyFOQDzwTyPrxHuMomA9DgrNlYsAalHqIfVAqdU5KAGart+/KKjIW4Ly73nlmyVCb
2X5kY+yblZ2V1nEkH1mFGPAHL5778PBxk9BFpxJNP97d0/UeDw8q2+h3krK6Ul1Tpa6uzCgvVsXb
BjJ2IzB+0z92IyDuhoHJo5IwhyaKii2b4HdV5931sRsB1htriylb4PXKeXfdZl+DRBY8vhBOPIhC
YaAylSIyyDCzc2ldSJbSZl9LmH357EJwdiHIhOENdZlE6dW4xCrJHZh5WtgNVRSMdZmQm+LKste1
6CbBp1EikNWqrGN74G3keRs0KTIuddI+j/z6VFequRII1DlJOjy+0GXLffOwL67bgW10rf20q/uE
LlbtlBer2g5pkXWPrkX30OCnSR/bEhF1hurQ0T3nz5h5n4FJiQPwnYJijPEihVZ50UOav7+hjCfF
jCP41dK6RHIoV5t14Kl6Yu8aO+pKhoc4TR8AAH1XV2qqWAT2/sYc4WG1Act9Lpk64wiyRoLMzm9N
+gcATaVSYqAylSIyyAv3V0vf8JOpzqX1rt57CXMi+d5T312/bLlPoF5lxKrNvtbVew+eBFh1+5JV
V9jsa561EKTQyFCbBb/1Ttjnk3jTueJGRAFYw+pwb9Xi1GjPC/iDOM5JHRzOSWarCM1vFC46X1vi
9/LOLgTbT7vOnnok9lcmo2bsRsCCMiwl3JqOQHSF2h8d2P1+P2LsMCbM+y7Xl6tiy6amH+8mufB7
l2EzXKaO3wywJlSzs9IajRrk5x/O+M3AjCMYu0casNxnNSoLS1OqUSmx0IE0FGUwYLl/7KRT9j0f
o1fbOr9q7VjsueRGWqEmBkNdJnKmgtQZSxlhSv4gB5QXqxhjZy7i7ZtSFvBsKtcrA89C6Ao3CFqT
QhjsR5f7tnIYvXh8oZ6LiXNOCgO/SBKb/0kwswtBrtknHUc2lhWhFcjguyOrbp/Y60pmdtSV/Igk
tyEe5GqzWn5mbHnKSLJGBQCoM1RI82Gu4TFPN+cKX8DA920LmcEzVKNSeEBlKkUBdPXeO3tJaGe/
uDB6teNl1/5/u93Ve89s9Xp88iyPSTJ3vIyoSyR2ewpfGHKCEeOK4by7Dp/YBjdSWln2JrFS9a/B
XkN9wYOxP0S+7ElvGAsAmP78NtyJBABQVqTiGpTad3WVqEsWQwZ0YFhKwcw+Yf3VqecKNJmI3VHA
H+y/MCzBupIZ5SpVdYbKuHfbz5/7b0qxjqtv2A4/wGL1srqC6wvSDbVCPasiTz52I9B20slqmESl
KQUJlamUROONR855fKFjJ78SWIIiKd61kMXq7e6913L89rGTX/VcctvsawmQrM6l9QHL/WMnv2p9
cRH5+qgzVMRGfzOggxyRr2T45gdPqCK9Byfs8/ADlAsim8qWCYQPNQEAJP1MjoA/OPguukCx7SB7
VnnsRgA+BolCAp2vLXHt1LkKuSNhmlQlWFcyo0Slur2u5PBxU33DNmJvo7HkarOQ9k5/5uiF2d+Y
I3wBTOC47+pKx8su1u5xqlEpONDeVIr4FJfqIKYjMwtfY/rLK84RLmy5BP7uElxerGLGsYpy/hlH
kJkNO34jEJdrSHEZcW6EYeDVyEhTx/BsTyahyiVHa6rU8Nnl05/dTuL2XQiPsGZTF2CNqaQNYJCC
4aEpZLnv/sYcLhvqnkuwQbUUQvCuhU6+tsTapGqoy9zfmIOMNdAmVR7sqCvJ25A1cMHKw/s3wWyv
K6nfu02hV7z6hm0Xz8HKrCxWL+tw2poqNdweH4d+s+d/Xl+bv81yEipQKfhQmUohl55LboEXyrwN
mjwtyw0mAc63jGQN/7OsSJWdlcZsaqsrMwAA2VlpXPLV4wsxVZfOu+vOpfWvlr5xLq0L6cvdTPAu
amUZ1t8FV/hMxW/4n/CJbYa6TPimc8I+Z9y7DXKAQvH7YZqTB6zfqWRiYe7OdRtiUKo+P72Vo4lr
wBI9vZNCLLMLwa7ee6y507aD2hnH18gL7+C7I3SSarwUl+raOp4cfHeE2G4LRQtUhqLSh+E5AwDA
n6+usn74W0w5SMtrOL610PxtlmIoqlEpcUFlKoVQBiz3edT6Fpfqisse1hVq9YUbkJkx16J7xe11
Lbods3eci8uSRnaZbevfdzwJnaOYt0GzHeWmoFCi+lGdd9cHLPdbOAqWWhqzUTJ1PillKrzolwma
RAH3BsvbkMw554A/OIjhR9p2kHtQKrT+XFLk6pBXNBart6aKfaRQ53MFrR2LyEmqAxesB48+LtX6
khR1hqrlKeP0Z7c/GBwlx4xKnaHaZdi8o65E0QI1DO+EqsmowZlFHC9Uo1LihcpUConMOIKspnBc
VGzdtHnLpoqtm+IKaesKtbpCbcWWTca9AADgWnQ75u445lyOWRf5xUj4NCmtEQgf83B0IINJqLLq
B31BenWlGpIbYYyUaP0ekuTYwHExPDSFtMU21GZydS4gR0NJCtL7KumbivnRc9HN2p2RnZXW+VwB
0qDOMeeyXptKyiCX1FRs3VRcpvvEeuu67Za8t11doZYRqDKuQXSEJFRN9YhBbnFBBSqFH1SmUsQn
b0MWmOP87VdL3yDPgN/ZtaOupL5huygthYxq3WWoAABMf37bMXtn+vPbSp/j0nRgN+EbU+RUTy6c
bKPbvWuhy5b7XOarpnoNvITvunWaytRUBqfcV5OZ1s7hr2Ozr8k+NEuhOOM3+hIR71qoq/du9wld
bISrpkrd2pyL3K8PD01VbNlErKE6yagzVPUN2x41bp6wz31ivZXgzGquNmvz1k27DJuTNfq2o64E
LlO5Eqr7G3MGzB5Rgm5Uo1J4Q51+KeIDv9wjTUTNVi/OVk9XqD10dM+PDuyWwvamYsumhqadx9qb
Dh837TJsVmjfUdOB3eSX+8IDAawlqQxWNoN7AMCA2cNV+mgyauBzJhxzLnLKzygJBrPct+PIRtZ0
vccX6hLWzZXKBKBjk1iNvsRldiHYw1HC09qcV10Jm2jFMPC2AjyBiIWptm3rePLg0ce315VI7WaX
q83aZag4fNzU1vFkQ1NtsmpUAMB2jAJmVsvf7Kw0TLdLCkU6aDaVQhw4nV0VWzc1HdidAPWoK9Q2
NO1saNrJDFF0zN1RRH41b4OG/DwqQLVNwomt+GVAJlThHarDQ5OKm5dAEQWB5b49hM12psSLwCbV
lWXvYP9Iy8+Mki0wJSgu1TGTVFyLbsecyzF7xzEnThuOOkPFuFcUl+pSKu9dv3cbPADHlVB9ujmX
5HGAlFSAylRygbuYFJeRrkD4MYYxakWWwWsVWzYx5aCuRfeEfZ7YeuC8DZr6vdvIT6IyICt+uZx+
WSt+wwyYPfsbc1hTXkgjpVuf3W5oCio0f07hDWa5b9tB9t3t2I0A3c8lAZAm1Y4jGzvPLMEfPv3Z
7Un7vFIuv4Tz9zaczQCAlWXvitvrmL0T8H/N1Ie7Ft1I7aor1DLSNG+DRl+oTSlpGsn2upLha4gY
HGuHqr4g3VCbaeMoXMLHpH+A1v1S+EFlKoUskHPqdIXahqbaxCyGewE7G5p2rrp9tz677ZhzTX9G
hKX+jrqSiq2blNVaCc+majLTuOamDlg8kAdCEqpII6WAP3jddou6oaQUmOW+rftYEg4AAI8vJHB4
A4UQIE2qmJNUPxgcLS7TpeAEZknJ26DJ26BhsqyxBPxB5+I//Cz0hRtonDEK3gnV/Y05wmUqhcIb
KlMpBBE1BpOVxNT64sA0tzCWSwvfWQTfScBE1kjUGarNWzcVl+ridTkmBMfsHchvIUNTbXbE52TA
7DEZNayioqUxB978nKyTacTCD20jVCI45b7VlWquWUd9V8Wf3ECRC6ZJlWuS6tgNP3wobsAfHHx3
hM6nSSRMylTuVRANTkJ1wOKJrRapqVLr89Pp9Y0iF9RCiSI+8NIaiEIYh9Y5AwB21JWQWbdTVPqw
ce+2g0cfP/F//uTQ0T31Ddsqtm6SyJVBnaGq2Lqpoan28HHTC/++/0cHdm+vK1GiRgUARIbAYykv
foj15zOOIPKu6V0LsdpCAAAMdZn6fFiEbmXZO2mfh59fQcA/h+M3/bE/hBurCukoJhDMcl9W3QIA
GLsRQGbYKMrCYvWaOUq4Tz1XALdhA3+fTyPBuigU/tSjYq/mYS+r+2Drvlzhz27SPyD8JJQUhGZT
KeKTkcGuLpCMoQx+6xu28ztzIikqfTjSu2hh7g7TV+NcdAfWgitub1xNrUyQWFeozchUMcYPClWk
sSCbi2o43DW5dpBRcFUxAQBa9+XCqzSHr00lTYNZnlYTbx813FgVHlxQFrTclxDgdSgQx2+J6Lno
rqlUx77p+oL0tkNa5JtO59NQSAOZUPWuhWyja7EWYiajpuci9YejyAOVqUSQALd9RTDj+BryW12h
VokNP1GqNcyq2we5YZBv0iuc6c8RPb1cRb/Iit8wXIPLDbWZmsw0yH13Zdm7MHcnFd6FGQdLpKC8
CBZpCviDrkV3cmzBhwZHFVru62QbQI28lSTNGyc13rXQydeWzp56JPZXJqPGZl9D9qcM9o8cPm6S
ZnUUCh+QHaoD5vusTtctpmzk6GAKRQpo0S8RSD27XCnAOwY3b1WSORCSXG0Wo2BZ/5N7dYngFtR6
Sp+fzvq9sNnX8IWBxeplndObnZXWYsqGP3Z4KEnK9uCu4KxVXpCuYAbHHKypWClMf357AlXdTWy5
L+u3AHkroYM98ZldCPZdXWH9VfuRjfDGAQCAa9E9NPipBOuiUHiCnKE6uxBkDVzu54jTUShSQ2Uq
hRRY5UQk1CMhmVh1++AtjlzTKa1xug5ydaiyxowjccy5FpJCjKmhRfissSF9QTp8Fz5hnxO6LLlh
rG6Qh9Fy31Sm7+oq62S47Ky0do7gRSTXbbeS4xpCSRqYAT8QWHtqsrPSGlF3TApFCqhMpZDCV2w1
bJFI5EhEkYVPrAjTGq7GVPyKXwauhKq+IB15302OhKoeVeTJGj6vrmJ//Rlci+5Vt0/QsuRm4IIV
mVoks9xXCH4/rLGCEkt37z3WioOaKnVrM9paZrB/hGawKeSwA2W4yHWHfRrj006hiA6VqeTCemtM
YpB7PiU2plK4gDemajLTWLOpNvsaDyOHnkvsaVvkfTc5EqrIXsSZBRbpUgOVqQCA4aFJ/muSG+u1
KeTsKGLLfeGUFcH2oEnm0pwAnHfXudLmrc158FcbALCy7E2OaBclOWCG2EEOcN5d5wrsIj/tFIro
UJlKLvDhbMlXAQsv+qW2H8nEpH0e7lsjVsUvg210jbVyL0USquoMFbwSgfXFMdSyvwVhJuzzCk2o
Ttrncd7WtkNawst9uepRE78SgSDFs7x/lG10jSvF1HEkH/lwWvpLIYoKlM0H18wFJV5bKEqHfuYo
4uOE7jmQQ+dY4T3khkIgSN8aI5tG8vhCFrxRNLFwWaFwlXSGSYWEKuu8YpxmJCUmVF2L7g8GR5GH
GWozubqXu3vvkVzuC99KOmZJ/DAjy2KRnl5S09V7jzWQWl6sOnYQHUKlpb8UcqjYsgle98vaBkKh
yAKVqRTxCUDbn2TfcFDkZWHuDrzeUp+fzl7xyyuVyjB+M8CaeiovVlVzNMGGSYKEKrz4wnl3nXVf
gnSZmrDPK0vDuxbdF899iBQMmkxOgxyz1Svkcygu3vhdmsnsTY13rm/i8a6FujhS6C2NOchrCC39
pRBFcRnsjgAfDUihJBIqU+WHX3aRZODZVEqKg9yumerZm5DNw4L2slwJ1dbmPPgDkyChWowaccTq
7lhTpUZO3VBQmijgD+JoVABAx5GNrDlJ59J6z0WCLm6sTcXwmTRk9qauuGFfba6OOPgAM9EZvxkY
4GhI7jiyEXkfv267ReaLT0lB4L56Cf5mUSgQkk0gKZHkyy7CQ+NIaxZKEoNMpQKOJJ5zaV3gvZMr
oVpTpU76hKquUAtvT+VqvWvdh3CZWln2wufFEwK+Rt3fmMPVGn3ytSUeDl5cmJ3fCjyDx8dyBpx5
ngKfV3TgpcjkdMT1XVnlcpdBflMAAIr4plBSgeQzN6EkK6Rc/SnJBHwbpCFmz0FJPMiNWqNRw5oO
GrB4hD+7kITqJKqflnAqtiDcHVkTqiajBil7pj+7PTT4qaDFSYxr0d3T9R6OPCsrUrVxtBr2XV2B
29rFhXCNCjhq85BxQAd5pQHw0BXrXyRL+5zA0l/Xott6TdkBL0pyAO9NBbQ9lUIMVDBQRAZZHlle
RM2QUpTrtmlkExprKtXjCwms+GUQlFBV+P4SPoQAcNdUc8m2SK7bbhEr4zH7UQEAmsy07hPsSYax
G4G+q6tiL00oXFtJeGTBtbgszXJ4wu+WAXeGlw6Bpb+fWG8p1B+bkkwgRyek2kBECrFQmUoRmVuf
weZhAr5Fv07CtlaUeFl1+5DGsNWVataPh22Uz7hUVngnVFeWvddt06KsQRaKSh+G1/1yaXhDXSZS
wwMABvtHCFSqk/b5uDQqa32pxxfqfG1JxFWFU6kCc6retRDrbrIaeo0lLZuKvGWw/jmsfbmJQUjp
b8AfHHyXlv5SKBQKFlSmUkRm+nPYngOy362uzIA8MOAPKsWphcLK4Ltorx0urdh3RbREFiShijN/
RdEfwh11JfADuDQ8TpoIADDYP/I+Sd131mtT+A5PbYe0XDYB7addRLWkRsKaUIX7Hawse4lqT4Xf
MsqKVKyxAxmLEgWW/jrmXPA/WRZci26a5qVQKKRBZSpFTFyLbnhVZ3kxZ8Uv0icDab1DIZbrtmnk
29do1LCmUs1Wr7hjKnsusWfmn25GZ0Ku226JuJIEs6OuFH4Al4bXF6S3HUKX/gIAJuzzA29bZRfz
AX/w0rmP8I2v2o9s5Jq+03PJLWJLquiM3/TH/rAGGvIDJCVUpz+/jbLcY/9b5O2dG78Z4HId6+AY
ZRTJ0OCnsn9HwjBflvNnzD1d753tHlR0zQgFE2Sl/SMFDyZmJRQKHCpT5YdfDwCZQ18mUFV/hlp2
C02A4XhM5mB6ChLXontocBR5GJdKFDGVyjC7EGS1C9IXpGMkVKeUm3PI1WZVoDpUuznSRCajBvni
MEx/dvv8GbOM+bqFuTs9Xe/hR7WOHdRyaVSz1XuZoxGRH+KmUgEAXNOA4dnvCfucuMvgzXUrQhSx
3jKcS+vihq540NV7j/XerS9Ib0UFvFaWveQEvAYuWMNflpVl79Dg6NnuQaWP4KLAQc5Phs+1olAS
BpWp8sMVqofXDpE5Dx1ey6TJTIM3psL/ZAILpShIAv7gwNtW5GGtzbms90XRU6kMXNL36eZcZHXr
BxiSm1geNWyGH+C8uw4p/eWaYBnFyrL3/Blz4k1NA/7g0OCnmM2oDI1GTUtjDuuvZhxBLtHOD9E1
KuCecMg1U4fBtegmQYcgx1Pp89NZbxljBMx19K6Fei6xx2Jam/OQ/tiEBLxY34KVZe/Fcx8SlfKl
iAs86I/89FIoCYPKVHKBF8ESWAE7aZ+Hi2f4zglAS4IBACvLXhK2VpS4GLhgRYZU9Pnp+zmkguip
VAau+Sv6gvQWUzb8sdOf3Vbu57Co9GHkxLy+q6tcFZXdJ3SYShUAMDw0df6MOWGv1fTnt8+fMceV
pDp2UMtVoulcWm8/Tdw1lhWuXmv4o0hIqCKrsrluGVwFtwnGYvWyvvgAgHaM0l8SvJQ+4f6+XLfd
unjuQ6LamCliAQ/662nFL4UYqEwlAq7CLchDXItu0iKdkBseg5G74pcBUhLMQMLWioLP+/0jOPGU
9iMbWYMyEqVSGfqurLLW7O1vzEnuhGp9wzbkMV29d1l/np2V1nEkH8dOiYEZBjPwtlXSxJFr0X3p
3Ec4AZFI2o9s5Mqjenyhk68tiWibBLhTqcJTrLZRFs2GcS2dlzebN2mfR14cWhpZYkYeX4j1T5YF
rnw7jiWb7F5Kq27fNNRm2bXoPn/G/D62DxlFESzM3UE1hPMZx0ChSAGVqUTAuheHO98CAOA3mASz
MHcHHnbV56cjs6k1VWpUS5XMWysKPkODnyJ7lQEA+xtzWG+KHl+o56KEgXzn3XXWtsPsrDSkXZBr
0a1co5Gi0oeRHaqzC0EuL9PyYlX3CR2+UgUATH92u6frvff7R0T/8q66fe/3j5w/Y46rukSTmQbx
TAIAtJ92iWubJEW5bxjW1GJ2VhpSJsmYzQv4g8hYT3WlmrURgByNCqBF8m0HtcivydDgpxIsChfk
hDCGCft8T9d71mtTVKwmB+gqhtqsxKyEQkFCC9CJYMYRBMboH2JUbc1vR02YSBjIPYepHuvCZ6rX
wD1LBt8dOXj0cfyFUWRh0j6PU35ZVqTishvpu7oqbjorlgGzZ39jTmwi12TU9F1ZhSdyh4cmd9SV
qDNwK2CJ4ommWmSQy2L11lSpWbUco1S7eu/GpeUm7PMT9vniUt0uY0XFFoRORrIwd2fCPocTB4mC
mY8KqVXp6r1HsrVvLM676zOOYOxfZDJqLGyV7WEcc67rtuldhgopV8fOwAW0HTTXeCpRKn7Nzm9N
+geEnwcA0Hd11WTUxCrq7Ky01n25Zzn6VxlWlr3Wa1PGvegCB9GZ/vw2/tcn4A8OD01N2Ofr924j
Z9dBDgF/0DHnci26HbN3VtzeyFylrlCbt0FTXKrbvHVTrlZ++Tf9+W1kQzjSz5JCSRg0m0oEYzdY
hgoAlKUQc1mUZkXxMWmfR64EkruI6zDZC6UoSCbt84MY8zM1mWkdR/K5hiKK67DKCsQEBdlaFvAH
ceyLySRXm4VT+tvde4+r9Y5Rqvh9qmEcc66BC9ZXfnf5/f4RHl9kJo99tnvw4rkPeWjUsiJVX1ch
XKPCpR0PJE2lfvcUbGuuqVIj36DhocnE30RwegGqK9WsgVrn0rrwbKro7whkjCrGWzCV+LfAtejm
kUtfWfYO9o9QH+AwAX9w0j5/6dxHr/zu8sAF6/DQlGPOFVVP61p0T392e2hwtKfrvfNnzJP2eRmT
0gF/EPm+I6veKJREQmUqEcwuBFnb5Ez1qPEYCffSjAWnfKuRLdjMSnmxCjkeffBd8asHKWIxNPgp
jkYFALQd0nIJBq7eSNGxWL3OJZasaU2VGvk5nLDPK3e7Zty7TVeIHoXa+doSl51Sdlba2VOPYE6p
iSLgD07Y5wcuWE//73+5dO6jocFPJ+3zrI0DC3N3FubuWK9NDbxtfeV3l8+fMQ8NjvLzOd/fmHP2
1CMQazq5NKpw1WQeZl92i4m9+TYMY8SdyH3z+/0jOPGFtoMbWH8+YPGItRIRxSrXwGHA/YdEMpjY
5k+mY5z3MzI+wJfOfaTcq59wFubuvN8/8srvLg/i+S8wuBbdg/0jPV3vTcYfYhMFnE8aa0M4A7/p
iRSKEB749lvJA70pgsAKItZeKY8v1HIckXA4dHRPUenDQp5aIEODnyLLO/teLsQfwzV2I9DxMuK6
ryvUHjq6R6Ell0kM5h4UANBo1HCZrA5Y7sMr5cSlulLdfYLF/Na5tN764iL8sbpC7eHjJmnWJTmM
PwryMGSVrNnq7bnolrpCWwiazLSOIxvhWQJ586jCC1C5um3bT7u4htaESdjlFPP6sL8xp+0gSwzF
4wu1diwK/6RFvi9ilf7q89P7ugpZf4Xz0UrYlUSgRo2iuFRX37BN3h1Igpm0z09guH8h0RVqmw7s
xokVigXOt4/rbggAsNnXOs8sCVlAAupKKMkHzaaSAmssFscGQ17T0YW5O0iNip9KZcBJZIl7r6UI
J+APXjr3EaZGra5Uc2nUGUcwkRoVcGdC9AXpXH2zYVyL7sRPBxULXaEWp/TXuxZqP+3iyqkCAExG
Db8C4MRQXanu6ypMvEZNMFwJVa4Oz0hci+6ervckLT1l0rY41wdNZhrX9+6y5b64GlVEBHopuRbd
CTDUnbTPnz9jFvFZHHOui+c+ZGpZxTonsUza5892D8aVPoXARAkTZsXHqGvkYVyXC+fSOldlO4Ui
KVSmkoLNvsZe94uSqa5Ft1xugQF/EKe882nUXj8WzK0VVaqEwNxxMW/eZUWqzucKWH/l8YUSVu4b
CddUif2NOchB559Ybym3BN24dxtyjCrAUKrlxaqzpx5BqvoEwzj6dp/QQQp9Pb6QRBo1wakDrmhL
TZWaayhxJAF/8PwZs0Qxl4W5O+fPmDGt6TufK2B9vzy+0IBZtIrfMCK+TQNmD+tNPDsrDTmNGQAw
YZ+X7o4W8Aff7x/BbMeIF6aW9Wz3YFK6Aa+6fdZrU0x9L792AwhDg6MJCE9ct03jvPWNRg2Xc2dX
7z2S62UoSQyVqaTgXWOfBYeTWrxuuyVLLBPnqr2/MSeuVCoD5taKKlUSmLTPXzz3Ieb9W5+fDpEN
PZfcspisOu+uD3ANp2ErPowEx5SCZFqeMuZtQPeXMkqV1aonTGtzXt/LhcjrVWJoNGr6ugrhYT6P
L9R+2kWCRhVFLHFl81qbc5HRFobhoamz3YMi3k2YiUH41weu8VQAgJ5LUhWWi6VUIZZsrc15OOUG
TLxP9J5PJkzAw3IsLlaWvcNDU4w7WnK0rTINqD1d7w0PSSi/JQ1PAADe7x/BcfvTZHLe7PquriAb
BygUiXiws7NT7jUkCX3dpwSeweMLsXom6QvSkRspx5yrbHOhJgcxalVErtumkeW+msy0zucKHlLx
af7ZUv7QR/9rDbkv8Xr8oyMzCf7bKQwBf/D/euf/b+8OYtu4zjyAvyqkSIq2RVkKaa0hIpJgS3Fq
KRLSHCQfNnWlBdYF3Li92K0LZJ1DDDiXhd0eeohyKZDaN3ehLBD3UBXx7qJ26kW1wNJ1012YRJEa
VGSntmyBkUGtIFOmI0oWKVGU1T28hGUl8vHNzHszb4b/3ymwFZnkDOe9/8z3vvfHP/7v1LMNrumj
31f3039+fk+F2xaRaPZX15aFvkAN7iXWv/3aju3nalure3Iqn3ryjPH/LmWyXl/937U1y3yBsrhc
z4Xbg/duJ6sexMLGX+ittN7uit+1HQ11w4f8PV3eRHJ9cdmau+89XZ6zp5qPDe9kX3kSycK59x7/
3yPWtkP66Is9xkeQ1JNnoRZXZ7h+y5/Xu7/W2+0d/wPXo8j8WmH63tyt2IPsSn7HTq/u6+rCfOZ/
IrfHr3zCX0vc0+X5yVvlv0STU/n3/01ATXKlQ2P8w6c+ny30dHnLXuJe7PTwHALaXWw5kw13BF2u
5wy+noX5zH/++x9vannIOTqy58XO+kSyoPumwMJ85k784WcTDwn52o6dPtu1kFjO5G7FHvzXlT/d
ij0wpwlzdmXt8+lHB3rCxo94KTpA37s9y/PDP3mrefulgxCSSBZ++q9iSpxOnhsR8nugpqCFkkjG
mzGc/1Gw7L3kkYvpql34PV73iTdfM2dFPueOI5W6enDi6aVUdPhInyUbANas2ZnHmoqg2J14EsnC
2fcWrC0rqtTViaeXksfrPn3u27abkBXNzjz+8IOPOX94oM939tRuRiUtFYlmq24/K1ao2XX6eIBn
Q4VYfFVeGZu+mCqkl0+o2TX6bqjsoYlEs5WK2xkam/z7Xtwb7ng+3B7kOb1nZx4nZxYe3J3TOr/v
aHMz6izeeueRkDoLxqExoZeSpkPg8bq/Mbj/YH+7vs02p+/N3YpOa11FWTpkj11buhpZMf4dCbcH
D/a/sO/AXsUvj8uZ3IO7c3fiM1bt8yd2CkcrsTnfS6WxbyW3efqdlKhrOFoogQ6IqSIZH+cYE+W3
3klVHTA8Xve3jvTJ3n2bs9SW0TKO39i1pTHuJ2zh9uCxHwwqPhY6AN3qveqz9FIdbe5zp5orZVRR
DTyNGx3ZU/ZF8pyH+w7sPfb9QTmvywyc956oULNr5O0Wnl3gJ6fyH11/anyvS7aeLs/wIT/nTbHR
yxl5u/IamYoJSUqV2uQSwz20G5v8jQF/sDXg9W097qn5TH61oLu1DDujCjxe7KMjKqkyDoGOhdD7
Duzd/+LecEewal7NrxWSMwvTd+eSM491rKLcflt5Jbc5dm1Z1IcfbA0c7G8Ptz9vZnvbqhbmM9P3
5nTcWJFEyA33W7Hpmzc+43yE3tHmfv/dPWX/Suy6fcRU0AExVSQhg1yliTL/DOOVgf2Hj7xs/JWU
xTmX9fvq3n83pGNV6naaLpQer/vI917d9+Je4/8ulDV9b+7G+Kea5kDsOShdH2jJktTtGPdWeJ7n
HPvBoK3PPU1JlRBy8ugunm5nhJBUeiMSzUZu5sQ+XPX76gb6fceGdvIEZkJIIlk4f+mJvJPN4DxM
VEyqVJVDlOxpzL4+GN8Go6jq0RH1+RPmIeCpjSqL3iYId5TZ/SU1n1lazBoJWozSp1R645fXlgWe
No1N/nD78+H2IE/2lmFhPrMwn6GP/cUuCu3p8vR2ezrb6v0NdYSQ1JONyal8LF59+VKpcHvw8JGX
9YX52ZnHvxuf4D8TGN8+gV89CjEVdEBMFcz4OMeYKPPsgEdJ2pIr+vs/37zB1QrSYLnv1t/G/cap
fQf2futInyXjn4MtZ3Ljv9bci7+ny1OpdSclqpxPlEqnLk8Jut1Lf4n2pMp+Tr5dIlmITeSi8VUj
Bz3U7Orp9gz2+Xjqe4uuXn869ptleQ/thUzChCQlv69u7HxrpS+dvupfSdgZVexaAJ4DJCqpMg6B
UjfmCN+uwuSrLUmEt9JpbPIHWwOh1kC4PRhsDUi6eC5nckuL2eTMQvLzx6n5ReH9ijra3MeGdw70
+Sod8Y+uP+WvC6MO9r/wysB+/lmcjjJvxuMEzgo+fsiooA9iqmBCBrmRMy1lxwyt6wQO9r9w6PDX
haQ1TRGlUumybjrGdbqwZ/Cb1beFhKp0VPlSVc8EBZ/tMOaXPMWHdi/9JdqTKtHyWLVoJbeZSBZu
319LJAuP0hvsb7ffV9cZdneG6zvD7t4uj9YyDdkPUYm4SZiomMRecxGJZkc/lNU4lx/7+iA2znEe
IIEPVBm1lCu5zdHLGRUuffzV+5TsGn6P1x1qbWpsaqCPjhub/B6vW9MNd9pkeGkxu5TJLi1mlxZz
QrY5rWRo0M9ZzaHvKlS1Unp25vGDu3PT9+a0lnmzu0VofTbAhowKuiGmCia7DYaOu8sGw2p+rXAr
9oDzISqpdndcN33jemOT//CRl21dh2ktevT/FH2g9faz31d3+kSA/URdwYxKVVpaxnmfyAHdvKbv
zY3/WttufkK++IlkYcvOk51ht5HfaU4eEDgJExiT2CHQhOjOUPX6IPyRI/8xMu0QSF0jzYOzF9p2
wsuAOdHsWub1SHhAWtXQoP+HR3dpumW2ktu8cOkL3SE/2Brwev/ajJfmcH2/in251tQThAdiKuiG
mCqe7DYY+hYM0Hty+w/s5c+rtK38nfgM/wDAvj9Xast8tNIyni30jevh9uChwy+1tZdZ0gOV6A6o
hO8OvbIZlaq0tIyz9Pef3v4Hu9ec69iUWOuTGalooZ2QVqVswmdgAmNS1afcorq5atLT5Tl3ajdj
fm9hRqVMS6pSO04z+H11J7+z6xjH5uQMdMG5+eePtfy+umPDO14f2qn79pnlYx87o2raYYEHMioY
gZgqnqgRrlLpLzG2uIh2Lwi2NoVaA41N/tLJdH6tsDCf+XIJh65WgZX6PxXF4qvRidWyHQU62ty0
Vyf76q97XEdY5bScyf0p+kDT7YlSVe/Qr+Q2Ry6mha9xomOhqG8fo2CPpwNKuD14/M2/F/JKLJRf
K3z4wcea+rKwV0WaI5XeuHp9JXIza87sWeWYSjjaBJj5ZCzU7Dp7ajf7pqSMpZsWxlRS7WaBpDWf
DAN9vtPHA0IaHBJCVnKbsYnVq5Gn6qy2lURTO3E24Y8r+VUtshC7MxwyKhiEmCqewB4MjCeTiiwu
KsWeD01O5S9c+qJqwSTPrUoj5WqNTf5D33xJ9p49NjU78/hOfOZO/KG+/52n0Fde+5DicCjqC1hp
csm5fc6hwy85YGl0fq1wY3xC0ykhqeyfRyy+GolmZW9+U0rSJExsTGLU5hTJfjJGe8xUneKn0hvv
XExbm1Epkw9BLL46ejkje5Phni7PyaONnLVLWiWShavXn2rtaqs+v6+OplOxdSKWTOHeOh5gPEJX
4Q4RwBaIqVIIfKRjWhdEI6rmE63FulWrBw3u5+bxug/2t39jcL/dKzOFoNua34o90L3QhXAU8hFC
EsnCyMW0jKlY6Vgo8D5RpS6InIX3b5wZVmqHQN0+iz/83fgE/9N1nlwk0ORUPjaxGouvyp7lbyFv
BiY2IxEtbe0YBS860B2Dhgf9PNFocio/cjEtfERTIaYSvkMQiWbHfrMs4zSWGlC3iESzsfiqmXeL
JBno8w0P+jW1E9fEzPXhPHMqZFRQEGKqFAJHOHbDRhVa27Of+hp5hVXL1Tif0DLoWLLrGPm1wvTd
uQf35qbvzhn5PTwPUYnMVVjbx0IT2qXy3HlpbPK/cWbY1vvTFC1ncld+dZO/AJixb6QQiWRh8v7a
7an85FTeklt1smdgwmNSR5v73bdb+Es96dZBk1N5HfWoHW3u3m5vb5eHf4ovqQzSyGESfgg4WxYJ
jHmhZtdAv+/Y0A5RJb78aDGwHfPqQJ9voN9XaXcZsQzecOd08ugudoUaMiooCzFVFtN6MBBL1zmw
pz7Gr31V37uoTp61k1dFpVNqaNB/+nig6nAu7xQtOxYK/PZVqpLi7Pp7sP+Ff/zuq6JejOX4d05m
31/jR/etIYSknmyk0hs8u9eYwJwZmPCYxLlD5naJZCGV3kjMrq/k/pJIrpf9md5uj7+hrrOtXmtz
ZnnPlIwfJhk3Czj3GU6lN6ITq/puxPR0eXq7PQN9DZrqVGPx1cn7+URyPZEslP6LPV2eUIurt9uj
L7mt5DZvT+XpezG53oGfvq2Yt0ilNx6ln9H/3tPynKZbQqOXF2WsT+apckJGBZUhpsoidnirmtYs
2V2AXdon6trHE4SMP1YtCrYGwu3B/Qf2OqzZ0sJ8JjnzePrunKhN5Dra3KePN1V9YiapYVJRpeHQ
hNJfzo6IR777qpPWQi/MZ8avfMLzWHXsZ62anuHQ2t3ts2TVmDYDE56RKN3bkAhHuzHLu8eqYEwl
urrsJpKFxOw6vU2zZccmakdDXWfYHWpxhZpdWqsYNLUco08adbcRsrwIolSo2dUZdtN0qvtpcyJZ
iESzk1NrZac6PV2egX4f5++fnMqPXVsSNVZylnlLqshDTAVREFMlMjmpEpkrW7bgiShvvfNI1LWP
symL2M0VPF53uCMYbg8ydtZWHI2myZmF5OcLAreVCzW7Tn5nF89MRdJisyLGWGhO4T1P6a8z9qfZ
4sb4p7diD9g/w79C1bQLl0Hmz70kJVXaqY69V41sslvIiDpYkg4Bz2Mu2XRXnIaaXcOHGoYH/UZe
P83eiWQhkVw3p9Gx31fXGXZ3hut7uzw01ev+VSu5zUg0+1FkhfOqxb82eHIqT6u+9X01aMMnzjJv
Sf1NkFFBIMRUiWTUC/GkNalzPp6IIuMBmt9XN/J2S9WrvKTNFYqRNdQaUPkp63Iml5pfXJjPJD9/
LGPHc/7ZrQlLbqqOhSaU/hK+2zHB1sAbZ4ZFvRhF3IpN3xifYPwAY1OfItkP2wWyau4lKSYRLfeb
BKJLFmXflRB7sOQdgqqLBuURcldXYJMhWjF7+/4aLSxfyW0avM3d0+UhJbXomqpwGWiM1DfH4L83
obVSmq4GH+jz8T9Lv3r96fuXNWw2xgkZFcRCTJVL+PBWtV1bEW3YKDCwcc5ppHZ1qrpbPZVKb4xe
zsjr3BBsDYRaA3Tv2WBrwMIeObMzj5cWs0uZrKRcWqRpT3OBNdiVcI6FJpT+ct6QfmVg/+EjLwt5
Meq4/MEf2DXkkV+0Mf5WnV7lVVk495KXkSj61Tb4ZIwHLY80Zz9bu8RUwt2CThStjwF5SNqyhSqt
c07MrmfL1TzTIEr/W1Qc3YLu2BS5mTP4ueko+abr8+ni/C1/1dlWH2pxaf3YV3KbFy59IWmChJgK
YiGmSiejDQb/Za7YbU/3UhBNOwqYsESW/37k5FT+o+tPTWgz6PG6Q61NwdaA1+cOtga83nrh2XU5
k1tazK6trS/MZ5YWs0uLOamhtBS9PcHZPENURys2/oHQnNJfztvSDlukSgiZvjd39VdRxg+Mjuyp
NIVKpTfeeieFjMpDdlKlJDU4pa2AIjezprVOkHG8HHCzQNMaVH1oY2FJedUSks5ezs4OMly9/nTs
N8uSzgHLL5XgPIip0slrg3H6eEDTkEa7F9CejewqO9paoDPs1tQqUN6OI1to6lcpqQyYB42vhBCP
zx3629WtHm996Z+k5jP5tb/pn5n8/PFXf2VSHN2up8tD75Fz/rzU8a9I60BoTunvyMV01RsiHq/7
xJuv2XSdcyXv/eQ/GH/L2JZG4Np1qRSZeJmTVCnaJ7any6t7Gk2XHU5O5c1v7mqjzWzLEr5Xp/m3
CchXeVXTjkRKMedD0zGLM0Jsi6btFLlUgsMgpppBXhsMrdUjW0xObb1g6SuYMWfvry00taCgLSWN
V+zUAvr8/NjQTv47FCZU+VL6BkKBpb+Vtgjm3J8m2Bo48eZrzthJldIXUyUtixJLtVmXmUm1qKPN
vafF1Rl2l9ZV0r6ypdtv0IrER+lnVe+BSmW7zWwZBvp8Pd2e3i6vjieTtEz09v21aHzV8m3Ve7s9
BrvpmoMuB528n4/FV82cJwwN+jWNtjrIDqhEvaslOAZiqknkDW8WVo9QpkWU7XT0qxS+ZNdJdFT9
mTD+FekeCAV++xhtgTj3p3HSTqrLmdzo+d8yfqBsTF3JbZ48N694ua+Csy5LYqqNmHDIrDoEPV2e
znD9joavdbbV+xvqSMkN5eK9ZqU2Fi6L7k3aGXbry94yFKNppR1lTENrl8SW3NM1X1cjT014awpe
MMEZEFNNInt44293LpDsTkWcQs2us6d2a3rvxSW7lr94FXS0uYcP+bXe7Ta/mtrIQCjwC8jo4zV2
bYlnE8jDR/peGdgn6vVYqOra1Ks/37t91hWJZi9c+kLm6zJK2SkXkmoldt/MtgbR7N0Zdne21ZuW
WovPmRPJAu1LZM6/y4mWMvV2e4zkVTq9mZzKmzY6K3vBBAdATDWPCcNbR5v72PBOE3oGWrjgsxJ9
Qb14Qde9TZl9adp5vFQiWbh6/aldAiol9tvHWHJ59r0FnmfLb5wZdsAi1f+68smd+MNKf+v31X30
L3u3/znPOl6rqD/fQkzazuSjhkMgQ6jZFWp5jl5Xe7q8hBCDt91pFXo2t5mYXafl6IlkwUajPN1j
pjPsDjW7qn4Uk1P51JONRLJg/mNh9a+ZYGuIqaYyZ3jTsbaQXyy+GolmlZ1lDg36f3h0l741MLH4
qgrFP1LRsqvBPl9Pt0fHzVozS3yLRI2CAr99fl/d2PnWsh8gZ0Wrx+s+fe7btl6kml8rjJ7/LaO/
V9neyCu5zWNn5iS/NJ3sMt9CTCplyVHDITCN31dXOpOhxc9bfqZ00xrjG64qi+4Eu4W1m07b5ZoJ
9oWYajYzhzeB3fZohDO5tYBuA32+14d26r4Xm0pvTN7PW9KmUgYaTXu7Pb1dHt1NLCLRrDlLXLb+
u6rufzjQ5xt5u6XsXyWShdMjj6r+hmBr4I0zw6Jej/k+iz8cv/IJ4wfKNkbmXMFrMttNthCTKAfv
ZwugONtdNsGOEFMtYMnwVlwHwlNAQgihFTJfbipg6e063bTup1JWMbImkus2ukdLt5Sga36M9Fc0
Yas9BuGjoNivHmN/Gs5OtrZup/T+hfGlRVbh99jPWrefe6OXMya3BGez70wLMcnyY4dDADXL8m8f
1AjEVAsoMraVLSAhhKTSzxzwCLEo1OwaPtQgatv0yal8YnadZ+9ZMxU3jTCeS4si0ay1LaYkjYJi
v32jI3sqldZzrsC0aTulqo9SK7VEVme7VAdMsxQZSiyhyOGr5UMANUuRbx/UAsRUa2BsMx/dbUVs
fym6JOb2/bWV3F8SyXUTEn5Hm3tHQx1dn9PT5aUbGAr8/YlkIRLNWvX4tEjqKGjaItWz7y3wRLIT
b77W1v68qJdkgqqrUkmFR82p9MbJH83LfGlcHDbHqsHRRLUjWIOHAGqWat8+cDbEVMtgYLME7S81
2Oczvl63EtrynhCSmF3P5jYJIbTN4JafKQ0wNHyW/kCoxbWn5TlCiL+hrrOtnhDSGd76MwKl0huR
aDZyM6fCg3TZo6DYr17ZRkFUIlk4+94CTzulE2++ZqPGvzfGP70Ve8D4gUrpnbMWWh6nTrBqZzRR
9gjWziGAWqbsFxCcCjHVShjYLCRkgzK7SyQLsYlcNL5aa3WYYr96jJ1UY/HVkZ+nq/6GYGvgxJuv
2aLx7+zM4w8/+Jj9M0OD/nOndm//c6sqfmthalULo4nix7EWDgHUMsW/gOBIiKnWw9hmOdpwaKCv
wbRNxq2lZt9mW29+OHKmpdLz+bFrS2PXlqv+Blsk1eVM7hcX/5td7ksqNE/ibIAsVq3Nqxw8mtji
UDr484caZ4svIDgPYqoSMLYpwu+r6+32dIbdPV1eg3uLqyaRLEzeX7s9lVdzz1vzh0CxXzq/r+7C
j4MG2ykpnlTza4UPP/h4Yb5K1e7rQztPHy9TwHz+0hfXo6zOwKLU+HTKeaOJ7Q6o8w4B1DjbfQfB
MRBTVVGbAxu99in73ou7+NAOula/HM0mp/K3768lkoXJqby1LZEYHLPzYUeb+8KPgwbbKSmbVDkz
aqVVqSu5zWNn5qS9OsyitlL2oqqJfQ+rMz5/AGLnryE4AGKqQmptYNty7VP/7fd0eUIl+74ouKK1
uF+OXXZ5tXz8U62dElEyqXJmVELI2VO7yzbT5qx85mT5aWMX6l9UK3HGIbbv5w9AnPI1BFtDTFVL
7YxqZS9/9nr7fl8d3aR0T8tznW31/oY6M+uEU+mNR+lnqScbqfTG5FTedrvdqjP+iT3rKnUPIoRM
TuXP/WyB55c0NvmPfX9Qkd6//Bm1UkpfyW2ePDdv/Hm+OueMvdjruuq8o2yvz58qPQp2fP1gnPO+
iWBHiKkqcvyowLj8OeC9091lijvKhFpcoeYv28nwP4Mt7mpDCKFZlHy1TavtEul2So1/wk+5Sk8U
CSGRaPbCpS94fonH6z7yvVf3vbhX6EvTbGE+M37lE56MythCdvRy5qPrT42/GKVOG9tR/9Lq7OOr
/udPOXt0lsox2d7Z30SwF8RURdn6GsfAeflz6tsHNcc/4efb+R8FKz1a19RJ6JWB/YePvCzudWnz
Wfzh78Ynqvb1pSr1OhbV4FfNM8d21Ly01s7BVfPzpzA661Ppc7PjB1U730SwC8RUpdnxMseg6Qro
sPcORO0h0MzGv5qSarA1cOS7r5pcAJxfK4xf+WT6Lm/TI8bOsWffW7h9P2/8Jal88tiRChfYmj2m
Knz4pfQdCNXehcmcl+pr9vsIKkNMtQEbXeYq0X35c8B7B2KH8U/4mcYogiXad2c5dPilVwb2m9NX
6VZs+uaNzzgfohLmctyr15++f7l6wTAP9U8hmzL/GotDWWTtACfqQNTUMO3ISI+vJCgLMdUeFL/G
sRm/Atr67dc4G41/wk8zxhY1RHtSbWzyH/rmS1/vf0HMiytn+t7cjfFPlxY1vCpGRuVvblyVjc4i
W5N0pcXhq8rMMU7q4XDqYC3kQ1Pww8F3ExSHmGonCl7j2AReAW333sGO45+MpPr+u3sq/a3WpEqk
hdXP4g9v/v7PmgIqYWZU/q1iedjxXHIGHd8IHCyDZAx25h8UBwzZ8j40yz8cfEnBLhBT7cfyCxwP
SRdBW7x3sPUQKPwcY2Q5orcLbmOT/5WB/Qf7XzBYBrwwn7kTf3gnPsNf4lvEfl8jF9OxiVUjr63I
1qcTgEHOuFNgl7Hb5I/O5I9FwRMDgA0x1cbUvO6bcB1U840DccooaHJS5d+lZruD/S+E24P7Duzl
z6v5tUJyZiH5+ePpe3NaH58WycjelTjjpAKAInUGcUUuL1I/EEXeI4AOiKm2p8jlHjVFNc5JA6GM
U4ud6yan8iMX00aWcQZbA41N/lBroDHgb2zaumtraj6TX1tPzWcW5jO6o2kRY2NYYix1l/ltDjqv
AKAScwZ0u1xPDH4adnmbAFUhpjqHVbHN2gsiwqq1nDocmp9UV3KbIxfTQvZukSfU7Bp5u6XSRjtE
dEYlzj3BAEArxmUZFwoAR0JMdSbZ4U3BIQF51WQKngNimZ9UCSFj15bGri0L/3eFGOjznT21u1Lj
YoKMCgAAAOIgptYEIRNuW0wZEVZls8VpIIolSTWRLIxeXlTqsWqo2XX6eGCg38f4GRkBu6ZONgAA
ACiFmArOhLwqXG1mBklJ9fTxAOOxJCHk6vWnY79ZFrLpqEEnj+56fWgn+9Xq2Fmnqto83wAAAIBC
TAWHQ141qMbTgqTzp6PNfeHHQXb2W8ltjl1bFtgyV6uhQf8Pj+4KtbgYPyN2f9RSNX7iAQAA1DjE
VKgVyKuaICQUSTpzqrYjolLpjV9eWxb+rJKNJ6ASEQ2KK8HpBwAAUOMQU6HmIK8yIB6UJemc8fvq
Tp8IMDZ3KaJhNRZflVoGHGp2DR9qqFriS8nr9oSTEAAAABBToaYhshKkAj7yThWeparUSm4zNrF6
NfJUbJGt31c30O8b7POxmyQVJZKF85eeyCj0pXBCAgAAAGIqwJdqKrIiCegg7wwJNbvOntrd2+3h
/PlUeiM6sRqLrxppCNzT5ent9gz0NVQtPC4le8scnJkAAABAEFMBKnFeakUAME7qWfH60M6TR3fx
PFYtNTmVT8yup9LPEsl1QkjZ4Or31dEs2tvtCbW4OtvqNUXT4j904dIXqScbWv9HfjhFAQAAgEJM
BeBix9SKSb8MUs8E/tWqZjKnjRNOVwAAAChCTAXQSbXgilm+aWQfeq01wPKs5DY/uv70amRF9g6u
OHsBAACgFGIqgHhSYwwm9JYz5w5FT5dn+JDfqierpgVUCmc1AAAAlEJMBQDQzLRn6aFm1+vDO4YH
/VrXrOo2OZWPRLNm7tSKjAoAAABbIKYCAOhhctX30KCff88YHRLJQiSajcVXpTZJ2g4ZFQAAALZD
TAUA0Mn89cl+X11vt2eg39fb5Qm1uIz/wlh8le5tY05x7xbIqAAAAFAWYioAgH4WdtIKNbs6w+7O
sLuny9sZdvNXBa/kNmMTq7H4amxiVeorZENGBQAAgEoQUwEADFGk53NPl4enOXAiWbA2nVLIqAAA
AMCAmAoAYJQiSdUukFEBAACADTEVAEAMhFUeyKgAAABQFWIqAIAwSKoMCKgAAADAyaSN+AAAagGS
WCX4ZAAAAIAfYioAgEjIY9vhMwEAAABNUPQLACAeqn8pBFQAAADQATEVAECWGg+ryKgAAACgD4p+
AQBkqeWcVsvvHQAAAAzC01QAAOlq6rEqAioAAAAYhKepAADS1U5yq513CgAAAPLgaSoAgHkc/FgV
ARUAAABEQUwFADCbw8IqAioAAACIhZgKAGABZyRVBFQAAACQATEVAMAy9g2rCKgAAAAgD2IqAID1
bJRXEVABAABANsRUAABVqBxWkU4BAADANIipAADKUSqvIqACAACAyRBTAQDUZWFeRToFAAAAqyCm
AgDYgDl5FdEUAAAAVICYCgBgM8IjK9IpAAAAKAUxFQDAloyHVaRTAAAAUBNiKgAAAAAAACikzuoX
AAAAAAAAAPBXiKkAAAAAAACgEMRUAAAAAAAAUAhiKgAAAAAAACgEMRUAAAAAAAAUgpgKAAAAAAAA
CkFMBQAAAAAAAIUgpgIAAAAAAIBCEFMBAAAAAABAIYipAAAAAAAAoBDEVAAAAAAAAFAIYioAAAAA
AAAoBDEVAAAAAAAAFIKYCgAAAAAAAApBTAUAAAAAAACFIKYCAAAAAACAQhBTAQAAAAAAQCGIqQAA
AAAAAKCQ/wfcirHZCmVuZHN0cmVhbQplbmRvYmoKMTIgMCBvYmoKPDwgL1R5cGUgL0ZvbnQKL1N1
YnR5cGUgL1R5cGUxCi9OYW1lIC9GMQovQmFzZUZvbnQgL1RpbWVzLUJvbGQKL0VuY29kaW5nIC9X
aW5BbnNpRW5jb2RpbmcKPj4KZW5kb2JqCjEzIDAgb2JqCjw8IC9UeXBlIC9Gb250Ci9TdWJ0eXBl
IC9UeXBlMQovTmFtZSAvRjIKL0Jhc2VGb250IC9UaW1lcy1Sb21hbgovRW5jb2RpbmcgL1dpbkFu
c2lFbmNvZGluZwo+PgplbmRvYmoKMTQgMCBvYmoKPDwgL1R5cGUgL1BhZ2UKL01lZGlhQm94IFsw
LjAwMCAwLjAwMCA1OTUuMjgwIDg0MS44OTBdCi9QYXJlbnQgMyAwIFIKL0NvbnRlbnRzIDE1IDAg
Ugo+PgplbmRvYmoKMTUgMCBvYmoKPDwgL0ZpbHRlciAvRmxhdGVEZWNvZGUKL0xlbmd0aCAyMTYg
Pj4Kc3RyZWFtCnicbZBLbsIwFEXnXsUdthPjL3GmlQAp6gSw1EGUARWEImiixgqf3bALtsczFGSp
nZxrHeu+J5tJLoRAym7NBM+NBFE6ojMZZhOSmcUBAgVKoKLDklxs3Glzy5UTcEZyl9OcFWr2w3R+
u33YbzyFuokdrB3+Fv8a+Y+RJppk7l18oEmXWWlpWdqLZoc5m7LBZC6xDjFVTHqa1khJn/DmobTj
YmjglKa2gl9iMFbIuIWvgfLlvT+GxR7nyxn+a9FscWp71G0Xs8NnHzbNKgT+WsEXGPkrLmxRzwpl
bmRzdHJlYW0KZW5kb2JqCnhyZWYKMCAxNgowMDAwMDAwMDAwIDY1NTM1IGYgCjAwMDAwMDAwMDkg
MDAwMDAgbiAKMDAwMDAwMDA3NCAwMDAwMCBuIAowMDAwMDAwMTIwIDAwMDAwIG4gCjAwMDAwMDAz
NzEgMDAwMDAgbiAKMDAwMDAwMDQwOCAwMDAwMCBuIAowMDAwMDAwNTU3IDAwMDAwIG4gCjAwMDAw
MDA2NjAgMDAwMDAgbiAKMDAwMDAwNDU5MSAwMDAwMCBuIAowMDAwMDA0NjQ3IDAwMDAwIG4gCjAw
MDAwMDQ3MDMgMDAwMDAgbiAKMDAwMDAyNDYxMyAwMDAwMCBuIAowMDAwMTA1ODIyIDAwMDAwIG4g
CjAwMDAxMDU5MzEgMDAwMDAgbiAKMDAwMDEwNjA0MSAwMDAwMCBuIAowMDAwMTA2MTQ2IDAwMDAw
IG4gCnRyYWlsZXIKPDwKL1NpemUgMTYKL1Jvb3QgMSAwIFIKL0luZm8gNSAwIFIKL0lEWzw2Yzcx
MzNhZDg0NmRmNjc3ZTgzZmIyMzY1OGUzYzFmMD48NmM3MTMzYWQ4NDZkZjY3N2U4M2ZiMjM2NThl
M2MxZjA+XQo+PgpzdGFydHhyZWYKMTA2NDM1CiUlRU9GCg==
--z1DWeFML--
  
[2026-05-25 02:24:39] local.ERROR: Route [user.booking.send-whatsapp] not defined. {"view":{"view":"/home/lionel/Documents/Junkyard/gotrip/bc-cms/themes/GoTrip/User/Views/frontend/vendorBookings.blade.php","data":[]},"userId":7,"exception":"[object] (Spatie\\LaravelIgnition\\Exceptions\\ViewException(code: 0): Route [user.booking.send-whatsapp] not defined. at /home/lionel/Documents/Junkyard/gotrip/bc-cms/vendor/laravel/framework/src/Illuminate/Routing/UrlGenerator.php:526)
[stacktrace]
#0 /home/lionel/Documents/Junkyard/gotrip/bc-cms/vendor/laravel/framework/src/Illuminate/Foundation/helpers.php(885): Illuminate\\Routing\\UrlGenerator->route()
#1 /home/lionel/Documents/Junkyard/gotrip/bc-cms/themes/GoTrip/User/Views/frontend/vendorBookings.blade.php(244): route()
#2 /home/lionel/Documents/Junkyard/gotrip/bc-cms/vendor/laravel/framework/src/Illuminate/Filesystem/Filesystem.php(123): require('...')
#3 /home/lionel/Documents/Junkyard/gotrip/bc-cms/vendor/laravel/framework/src/Illuminate/Filesystem/Filesystem.php(124): Illuminate\\Filesystem\\Filesystem::{closure:Illuminate\\Filesystem\\Filesystem::getRequire():120}()
#4 /home/lionel/Documents/Junkyard/gotrip/bc-cms/vendor/laravel/framework/src/Illuminate/View/Engines/PhpEngine.php(57): Illuminate\\Filesystem\\Filesystem->getRequire()
#5 /home/lionel/Documents/Junkyard/gotrip/bc-cms/vendor/livewire/livewire/src/Mechanisms/ExtendBlade/ExtendedCompilerEngine.php(22): Illuminate\\View\\Engines\\PhpEngine->evaluatePath()
#6 /home/lionel/Documents/Junkyard/gotrip/bc-cms/vendor/laravel/framework/src/Illuminate/View/Engines/CompilerEngine.php(76): Livewire\\Mechanisms\\ExtendBlade\\ExtendedCompilerEngine->evaluatePath()
#7 /home/lionel/Documents/Junkyard/gotrip/bc-cms/vendor/livewire/livewire/src/Mechanisms/ExtendBlade/ExtendedCompilerEngine.php(10): Illuminate\\View\\Engines\\CompilerEngine->get()
#8 /home/lionel/Documents/Junkyard/gotrip/bc-cms/vendor/laravel/framework/src/Illuminate/View/View.php(208): Livewire\\Mechanisms\\ExtendBlade\\ExtendedCompilerEngine->get()
#9 /home/lionel/Documents/Junkyard/gotrip/bc-cms/vendor/laravel/framework/src/Illuminate/View/View.php(191): Illuminate\\View\\View->getContents()
#10 /home/lionel/Documents/Junkyard/gotrip/bc-cms/vendor/laravel/framework/src/Illuminate/View/View.php(160): Illuminate\\View\\View->renderContents()
#11 /home/lionel/Documents/Junkyard/gotrip/bc-cms/vendor/laravel/framework/src/Illuminate/Http/Response.php(78): Illuminate\\View\\View->render()
#12 /home/lionel/Documents/Junkyard/gotrip/bc-cms/vendor/laravel/framework/src/Illuminate/Http/Response.php(34): Illuminate\\Http\\Response->setContent()
#13 /home/lionel/Documents/Junkyard/gotrip/bc-cms/vendor/laravel/framework/src/Illuminate/Routing/Router.php(939): Illuminate\\Http\\Response->__construct()
#14 /home/lionel/Documents/Junkyard/gotrip/bc-cms/vendor/laravel/framework/src/Illuminate/Routing/Router.php(906): Illuminate\\Routing\\Router::toResponse()
#15 /home/lionel/Documents/Junkyard/gotrip/bc-cms/vendor/laravel/framework/src/Illuminate/Routing/Router.php(821): Illuminate\\Routing\\Router->prepareResponse()
#16 /home/lionel/Documents/Junkyard/gotrip/bc-cms/vendor/laravel/framework/src/Illuminate/Pipeline/Pipeline.php(180): Illuminate\\Routing\\Router->{closure:Illuminate\\Routing\\Router::runRouteWithinStack():821}()
#17 /home/lionel/Documents/Junkyard/gotrip/bc-cms/vendor/laravel/framework/src/Illuminate/Auth/Middleware/EnsureEmailIsVerified.php(41): Illuminate\\Pipeline\\Pipeline->{closure:Illuminate\\Pipeline\\Pipeline::prepareDestination():178}()
#18 /home/lionel/Documents/Junkyard/gotrip/bc-cms/vendor/laravel/framework/src/Illuminate/Pipeline/Pipeline.php(219): Illuminate\\Auth\\Middleware\\EnsureEmailIsVerified->handle()
#19 /home/lionel/Documents/Junkyard/gotrip/bc-cms/vendor/barryvdh/laravel-debugbar/src/Middleware/InjectDebugbar.php(66): Illuminate\\Pipeline\\Pipeline->{closure:{closure:Illuminate\\Pipeline\\Pipeline::carry():194}:195}()
#20 /home/lionel/Documents/Junkyard/gotrip/bc-cms/vendor/laravel/framework/src/Illuminate/Pipeline/Pipeline.php(219): Barryvdh\\Debugbar\\Middleware\\InjectDebugbar->handle()
#21 /home/lionel/Documents/Junkyard/gotrip/bc-cms/app/Http/Middleware/RequireChangePassword.php(41): Illuminate\\Pipeline\\Pipeline->{closure:{closure:Illuminate\\Pipeline\\Pipeline::carry():194}:195}()
#22 /home/lionel/Documents/Junkyard/gotrip/bc-cms/vendor/laravel/framework/src/Illuminate/Pipeline/Pipeline.php(219): App\\Http\\Middleware\\RequireChangePassword->handle()
#23 /home/lionel/Documents/Junkyard/gotrip/bc-cms/app/Http/Middleware/SetCurrentCurrency.php(48): Illuminate\\Pipeline\\Pipeline->{closure:{closure:Illuminate\\Pipeline\\Pipeline::carry():194}:195}()
#24 /home/lionel/Documents/Junkyard/gotrip/bc-cms/vendor/laravel/framework/src/Illuminate/Pipeline/Pipeline.php(219): App\\Http\\Middleware\\SetCurrentCurrency->handle()
#25 /home/lionel/Documents/Junkyard/gotrip/bc-cms/app/Http/Middleware/SetLanguageForAdmin.php(37): Illuminate\\Pipeline\\Pipeline->{closure:{closure:Illuminate\\Pipeline\\Pipeline::carry():194}:195}()
#26 /home/lionel/Documents/Junkyard/gotrip/bc-cms/vendor/laravel/framework/src/Illuminate/Pipeline/Pipeline.php(219): App\\Http\\Middleware\\SetLanguageForAdmin->handle()
#27 /home/lionel/Documents/Junkyard/gotrip/bc-cms/app/Http/Middleware/RedirectForMultiLanguage.php(58): Illuminate\\Pipeline\\Pipeline->{closure:{closure:Illuminate\\Pipeline\\Pipeline::carry():194}:195}()
#28 /home/lionel/Documents/Junkyard/gotrip/bc-cms/vendor/laravel/framework/src/Illuminate/Pipeline/Pipeline.php(219): App\\Http\\Middleware\\RedirectForMultiLanguage->handle()
#29 /home/lionel/Documents/Junkyard/gotrip/bc-cms/app/Http/Middleware/FrontendGuard.php(67): Illuminate\\Pipeline\\Pipeline->{closure:{closure:Illuminate\\Pipeline\\Pipeline::carry():194}:195}()
#30 /home/lionel/Documents/Junkyard/gotrip/bc-cms/vendor/laravel/framework/src/Illuminate/Pipeline/Pipeline.php(219): App\\Http\\Middleware\\FrontendGuard->handle()
#31 /home/lionel/Documents/Junkyard/gotrip/bc-cms/vendor/laravel/framework/src/Illuminate/Routing/Middleware/SubstituteBindings.php(50): Illuminate\\Pipeline\\Pipeline->{closure:{closure:Illuminate\\Pipeline\\Pipeline::carry():194}:195}()
#32 /home/lionel/Documents/Junkyard/gotrip/bc-cms/vendor/laravel/framework/src/Illuminate/Pipeline/Pipeline.php(219): Illuminate\\Routing\\Middleware\\SubstituteBindings->handle()
#33 /home/lionel/Documents/Junkyard/gotrip/bc-cms/vendor/laravel/framework/src/Illuminate/Auth/Middleware/Authenticate.php(63): Illuminate\\Pipeline\\Pipeline->{closure:{closure:Illuminate\\Pipeline\\Pipeline::carry():194}:195}()
#34 /home/lionel/Documents/Junkyard/gotrip/bc-cms/vendor/laravel/framework/src/Illuminate/Pipeline/Pipeline.php(219): Illuminate\\Auth\\Middleware\\Authenticate->handle()
#35 /home/lionel/Documents/Junkyard/gotrip/bc-cms/vendor/laravel/framework/src/Illuminate/Foundation/Http/Middleware/VerifyCsrfToken.php(87): Illuminate\\Pipeline\\Pipeline->{closure:{closure:Illuminate\\Pipeline\\Pipeline::carry():194}:195}()
#36 /home/lionel/Documents/Junkyard/gotrip/bc-cms/vendor/laravel/framework/src/Illuminate/Pipeline/Pipeline.php(219): Illuminate\\Foundation\\Http\\Middleware\\VerifyCsrfToken->handle()
#37 /home/lionel/Documents/Junkyard/gotrip/bc-cms/vendor/laravel/framework/src/Illuminate/View/Middleware/ShareErrorsFromSession.php(48): Illuminate\\Pipeline\\Pipeline->{closure:{closure:Illuminate\\Pipeline\\Pipeline::carry():194}:195}()
#38 /home/lionel/Documents/Junkyard/gotrip/bc-cms/vendor/laravel/framework/src/Illuminate/Pipeline/Pipeline.php(219): Illuminate\\View\\Middleware\\ShareErrorsFromSession->handle()
#39 /home/lionel/Documents/Junkyard/gotrip/bc-cms/vendor/laravel/framework/src/Illuminate/Session/Middleware/StartSession.php(120): Illuminate\\Pipeline\\Pipeline->{closure:{closure:Illuminate\\Pipeline\\Pipeline::carry():194}:195}()
#40 /home/lionel/Documents/Junkyard/gotrip/bc-cms/vendor/laravel/framework/src/Illuminate/Session/Middleware/StartSession.php(63): Illuminate\\Session\\Middleware\\StartSession->handleStatefulRequest()
#41 /home/lionel/Documents/Junkyard/gotrip/bc-cms/vendor/laravel/framework/src/Illuminate/Pipeline/Pipeline.php(219): Illuminate\\Session\\Middleware\\StartSession->handle()
#42 /home/lionel/Documents/Junkyard/gotrip/bc-cms/vendor/laravel/framework/src/Illuminate/Cookie/Middleware/AddQueuedCookiesToResponse.php(36): Illuminate\\Pipeline\\Pipeline->{closure:{closure:Illuminate\\Pipeline\\Pipeline::carry():194}:195}()
#43 /home/lionel/Documents/Junkyard/gotrip/bc-cms/vendor/laravel/framework/src/Illuminate/Pipeline/Pipeline.php(219): Illuminate\\Cookie\\Middleware\\AddQueuedCookiesToResponse->handle()
#44 /home/lionel/Documents/Junkyard/gotrip/bc-cms/vendor/laravel/framework/src/Illuminate/Cookie/Middleware/EncryptCookies.php(74): Illuminate\\Pipeline\\Pipeline->{closure:{closure:Illuminate\\Pipeline\\Pipeline::carry():194}:195}()
#45 /home/lionel/Documents/Junkyard/gotrip/bc-cms/vendor/laravel/framework/src/Illuminate/Pipeline/Pipeline.php(219): Illuminate\\Cookie\\Middleware\\EncryptCookies->handle()
#46 /home/lionel/Documents/Junkyard/gotrip/bc-cms/vendor/laravel/framework/src/Illuminate/Pipeline/Pipeline.php(137): Illuminate\\Pipeline\\Pipeline->{closure:{closure:Illuminate\\Pipeline\\Pipeline::carry():194}:195}()
#47 /home/lionel/Documents/Junkyard/gotrip/bc-cms/vendor/laravel/framework/src/Illuminate/Routing/Router.php(821): Illuminate\\Pipeline\\Pipeline->then()
#48 /home/lionel/Documents/Junkyard/gotrip/bc-cms/vendor/laravel/framework/src/Illuminate/Routing/Router.php(800): Illuminate\\Routing\\Router->runRouteWithinStack()
#49 /home/lionel/Documents/Junkyard/gotrip/bc-cms/vendor/laravel/framework/src/Illuminate/Routing/Router.php(764): Illuminate\\Routing\\Router->runRoute()
#50 /home/lionel/Documents/Junkyard/gotrip/bc-cms/vendor/laravel/framework/src/Illuminate/Routing/Router.php(753): Illuminate\\Routing\\Router->dispatchToRoute()
#51 /home/lionel/Documents/Junkyard/gotrip/bc-cms/vendor/laravel/framework/src/Illuminate/Foundation/Http/Kernel.php(200): Illuminate\\Routing\\Router->dispatch()
#52 /home/lionel/Documents/Junkyard/gotrip/bc-cms/vendor/laravel/framework/src/Illuminate/Pipeline/Pipeline.php(180): Illuminate\\Foundation\\Http\\Kernel->{closure:Illuminate\\Foundation\\Http\\Kernel::dispatchToRouter():197}()
#53 /home/lionel/Documents/Junkyard/gotrip/bc-cms/themes/Base/Core/Middleware/RunUpdater.php(77): Illuminate\\Pipeline\\Pipeline->{closure:Illuminate\\Pipeline\\Pipeline::prepareDestination():178}()
#54 /home/lionel/Documents/Junkyard/gotrip/bc-cms/vendor/laravel/framework/src/Illuminate/Pipeline/Pipeline.php(219): Themes\\Base\\Core\\Middleware\\RunUpdater->handle()
#55 /home/lionel/Documents/Junkyard/gotrip/bc-cms/vendor/livewire/livewire/src/Features/SupportDisablingBackButtonCache/DisableBackButtonCacheMiddleware.php(19): Illuminate\\Pipeline\\Pipeline->{closure:{closure:Illuminate\\Pipeline\\Pipeline::carry():194}:195}()
#56 /home/lionel/Documents/Junkyard/gotrip/bc-cms/vendor/laravel/framework/src/Illuminate/Pipeline/Pipeline.php(219): Livewire\\Features\\SupportDisablingBackButtonCache\\DisableBackButtonCacheMiddleware->handle()
#57 /home/lionel/Documents/Junkyard/gotrip/bc-cms/vendor/barryvdh/laravel-debugbar/src/Middleware/InjectDebugbar.php(66): Illuminate\\Pipeline\\Pipeline->{closure:{closure:Illuminate\\Pipeline\\Pipeline::carry():194}:195}()
#58 /home/lionel/Documents/Junkyard/gotrip/bc-cms/vendor/laravel/framework/src/Illuminate/Pipeline/Pipeline.php(219): Barryvdh\\Debugbar\\Middleware\\InjectDebugbar->handle()
#59 /home/lionel/Documents/Junkyard/gotrip/bc-cms/app/Http/Middleware/RedirectToInstaller.php(40): Illuminate\\Pipeline\\Pipeline->{closure:{closure:Illuminate\\Pipeline\\Pipeline::carry():194}:195}()
#60 /home/lionel/Documents/Junkyard/gotrip/bc-cms/vendor/laravel/framework/src/Illuminate/Pipeline/Pipeline.php(219): App\\Http\\Middleware\\RedirectToInstaller->handle()
#61 /home/lionel/Documents/Junkyard/gotrip/bc-cms/vendor/laravel/framework/src/Illuminate/Foundation/Http/Middleware/TransformsRequest.php(21): Illuminate\\Pipeline\\Pipeline->{closure:{closure:Illuminate\\Pipeline\\Pipeline::carry():194}:195}()
#62 /home/lionel/Documents/Junkyard/gotrip/bc-cms/vendor/laravel/framework/src/Illuminate/Foundation/Http/Middleware/ConvertEmptyStringsToNull.php(31): Illuminate\\Foundation\\Http\\Middleware\\TransformsRequest->handle()
#63 /home/lionel/Documents/Junkyard/gotrip/bc-cms/vendor/laravel/framework/src/Illuminate/Pipeline/Pipeline.php(219): Illuminate\\Foundation\\Http\\Middleware\\ConvertEmptyStringsToNull->handle()
#64 /home/lionel/Documents/Junkyard/gotrip/bc-cms/vendor/laravel/framework/src/Illuminate/Foundation/Http/Middleware/TransformsRequest.php(21): Illuminate\\Pipeline\\Pipeline->{closure:{closure:Illuminate\\Pipeline\\Pipeline::carry():194}:195}()
#65 /home/lionel/Documents/Junkyard/gotrip/bc-cms/vendor/laravel/framework/src/Illuminate/Foundation/Http/Middleware/TrimStrings.php(51): Illuminate\\Foundation\\Http\\Middleware\\TransformsRequest->handle()
#66 /home/lionel/Documents/Junkyard/gotrip/bc-cms/vendor/laravel/framework/src/Illuminate/Pipeline/Pipeline.php(219): Illuminate\\Foundation\\Http\\Middleware\\TrimStrings->handle()
#67 /home/lionel/Documents/Junkyard/gotrip/bc-cms/vendor/laravel/framework/src/Illuminate/Http/Middleware/ValidatePostSize.php(27): Illuminate\\Pipeline\\Pipeline->{closure:{closure:Illuminate\\Pipeline\\Pipeline::carry():194}:195}()
#68 /home/lionel/Documents/Junkyard/gotrip/bc-cms/vendor/laravel/framework/src/Illuminate/Pipeline/Pipeline.php(219): Illuminate\\Http\\Middleware\\ValidatePostSize->handle()
#69 /home/lionel/Documents/Junkyard/gotrip/bc-cms/vendor/laravel/framework/src/Illuminate/Foundation/Http/Middleware/PreventRequestsDuringMaintenance.php(109): Illuminate\\Pipeline\\Pipeline->{closure:{closure:Illuminate\\Pipeline\\Pipeline::carry():194}:195}()
#70 /home/lionel/Documents/Junkyard/gotrip/bc-cms/vendor/laravel/framework/src/Illuminate/Pipeline/Pipeline.php(219): Illuminate\\Foundation\\Http\\Middleware\\PreventRequestsDuringMaintenance->handle()
#71 /home/lionel/Documents/Junkyard/gotrip/bc-cms/vendor/laravel/framework/src/Illuminate/Http/Middleware/HandleCors.php(48): Illuminate\\Pipeline\\Pipeline->{closure:{closure:Illuminate\\Pipeline\\Pipeline::carry():194}:195}()
#72 /home/lionel/Documents/Junkyard/gotrip/bc-cms/vendor/laravel/framework/src/Illuminate/Pipeline/Pipeline.php(219): Illuminate\\Http\\Middleware\\HandleCors->handle()
#73 /home/lionel/Documents/Junkyard/gotrip/bc-cms/vendor/laravel/framework/src/Illuminate/Http/Middleware/TrustProxies.php(58): Illuminate\\Pipeline\\Pipeline->{closure:{closure:Illuminate\\Pipeline\\Pipeline::carry():194}:195}()
#74 /home/lionel/Documents/Junkyard/gotrip/bc-cms/vendor/laravel/framework/src/Illuminate/Pipeline/Pipeline.php(219): Illuminate\\Http\\Middleware\\TrustProxies->handle()
#75 /home/lionel/Documents/Junkyard/gotrip/bc-cms/vendor/laravel/framework/src/Illuminate/Foundation/Http/Middleware/InvokeDeferredCallbacks.php(22): Illuminate\\Pipeline\\Pipeline->{closure:{closure:Illuminate\\Pipeline\\Pipeline::carry():194}:195}()
#76 /home/lionel/Documents/Junkyard/gotrip/bc-cms/vendor/laravel/framework/src/Illuminate/Pipeline/Pipeline.php(219): Illuminate\\Foundation\\Http\\Middleware\\InvokeDeferredCallbacks->handle()
#77 /home/lionel/Documents/Junkyard/gotrip/bc-cms/vendor/laravel/framework/src/Illuminate/Http/Middleware/ValidatePathEncoding.php(26): Illuminate\\Pipeline\\Pipeline->{closure:{closure:Illuminate\\Pipeline\\Pipeline::carry():194}:195}()
#78 /home/lionel/Documents/Junkyard/gotrip/bc-cms/vendor/laravel/framework/src/Illuminate/Pipeline/Pipeline.php(219): Illuminate\\Http\\Middleware\\ValidatePathEncoding->handle()
#79 /home/lionel/Documents/Junkyard/gotrip/bc-cms/vendor/laravel/framework/src/Illuminate/Pipeline/Pipeline.php(137): Illuminate\\Pipeline\\Pipeline->{closure:{closure:Illuminate\\Pipeline\\Pipeline::carry():194}:195}()
#80 /home/lionel/Documents/Junkyard/gotrip/bc-cms/vendor/laravel/framework/src/Illuminate/Foundation/Http/Kernel.php(175): Illuminate\\Pipeline\\Pipeline->then()
#81 /home/lionel/Documents/Junkyard/gotrip/bc-cms/vendor/laravel/framework/src/Illuminate/Foundation/Http/Kernel.php(144): Illuminate\\Foundation\\Http\\Kernel->sendRequestThroughRouter()
#82 /home/lionel/Documents/Junkyard/gotrip/bc-cms/vendor/laravel/framework/src/Illuminate/Foundation/Application.php(1219): Illuminate\\Foundation\\Http\\Kernel->handle()
#83 /home/lionel/Documents/Junkyard/gotrip/public_html/index.php(84): Illuminate\\Foundation\\Application->handleRequest()
#84 /home/lionel/Documents/Junkyard/gotrip/bc-cms/server.php(43): require_once('...')
#85 {main}

[previous exception] [object] (Symfony\\Component\\Routing\\Exception\\RouteNotFoundException(code: 0): Route [user.booking.send-whatsapp] not defined. at /home/lionel/Documents/Junkyard/gotrip/bc-cms/vendor/laravel/framework/src/Illuminate/Routing/UrlGenerator.php:526)
[stacktrace]
#0 /home/lionel/Documents/Junkyard/gotrip/bc-cms/vendor/laravel/framework/src/Illuminate/Foundation/helpers.php(885): Illuminate\\Routing\\UrlGenerator->route()
#1 /home/lionel/Documents/Junkyard/gotrip/bc-cms/storage/framework/views/39498c5e52e663d84ec34c812e831f74.php(246): route()
#2 /home/lionel/Documents/Junkyard/gotrip/bc-cms/vendor/laravel/framework/src/Illuminate/Filesystem/Filesystem.php(123): require('...')
#3 /home/lionel/Documents/Junkyard/gotrip/bc-cms/vendor/laravel/framework/src/Illuminate/Filesystem/Filesystem.php(124): Illuminate\\Filesystem\\Filesystem::{closure:Illuminate\\Filesystem\\Filesystem::getRequire():120}()
#4 /home/lionel/Documents/Junkyard/gotrip/bc-cms/vendor/laravel/framework/src/Illuminate/View/Engines/PhpEngine.php(57): Illuminate\\Filesystem\\Filesystem->getRequire()
#5 /home/lionel/Documents/Junkyard/gotrip/bc-cms/vendor/livewire/livewire/src/Mechanisms/ExtendBlade/ExtendedCompilerEngine.php(22): Illuminate\\View\\Engines\\PhpEngine->evaluatePath()
#6 /home/lionel/Documents/Junkyard/gotrip/bc-cms/vendor/laravel/framework/src/Illuminate/View/Engines/CompilerEngine.php(76): Livewire\\Mechanisms\\ExtendBlade\\ExtendedCompilerEngine->evaluatePath()
#7 /home/lionel/Documents/Junkyard/gotrip/bc-cms/vendor/livewire/livewire/src/Mechanisms/ExtendBlade/ExtendedCompilerEngine.php(10): Illuminate\\View\\Engines\\CompilerEngine->get()
#8 /home/lionel/Documents/Junkyard/gotrip/bc-cms/vendor/laravel/framework/src/Illuminate/View/View.php(208): Livewire\\Mechanisms\\ExtendBlade\\ExtendedCompilerEngine->get()
#9 /home/lionel/Documents/Junkyard/gotrip/bc-cms/vendor/laravel/framework/src/Illuminate/View/View.php(191): Illuminate\\View\\View->getContents()
#10 /home/lionel/Documents/Junkyard/gotrip/bc-cms/vendor/laravel/framework/src/Illuminate/View/View.php(160): Illuminate\\View\\View->renderContents()
#11 /home/lionel/Documents/Junkyard/gotrip/bc-cms/vendor/laravel/framework/src/Illuminate/Http/Response.php(78): Illuminate\\View\\View->render()
#12 /home/lionel/Documents/Junkyard/gotrip/bc-cms/vendor/laravel/framework/src/Illuminate/Http/Response.php(34): Illuminate\\Http\\Response->setContent()
#13 /home/lionel/Documents/Junkyard/gotrip/bc-cms/vendor/laravel/framework/src/Illuminate/Routing/Router.php(939): Illuminate\\Http\\Response->__construct()
#14 /home/lionel/Documents/Junkyard/gotrip/bc-cms/vendor/laravel/framework/src/Illuminate/Routing/Router.php(906): Illuminate\\Routing\\Router::toResponse()
#15 /home/lionel/Documents/Junkyard/gotrip/bc-cms/vendor/laravel/framework/src/Illuminate/Routing/Router.php(821): Illuminate\\Routing\\Router->prepareResponse()
#16 /home/lionel/Documents/Junkyard/gotrip/bc-cms/vendor/laravel/framework/src/Illuminate/Pipeline/Pipeline.php(180): Illuminate\\Routing\\Router->{closure:Illuminate\\Routing\\Router::runRouteWithinStack():821}()
#17 /home/lionel/Documents/Junkyard/gotrip/bc-cms/vendor/laravel/framework/src/Illuminate/Auth/Middleware/EnsureEmailIsVerified.php(41): Illuminate\\Pipeline\\Pipeline->{closure:Illuminate\\Pipeline\\Pipeline::prepareDestination():178}()
#18 /home/lionel/Documents/Junkyard/gotrip/bc-cms/vendor/laravel/framework/src/Illuminate/Pipeline/Pipeline.php(219): Illuminate\\Auth\\Middleware\\EnsureEmailIsVerified->handle()
#19 /home/lionel/Documents/Junkyard/gotrip/bc-cms/vendor/barryvdh/laravel-debugbar/src/Middleware/InjectDebugbar.php(66): Illuminate\\Pipeline\\Pipeline->{closure:{closure:Illuminate\\Pipeline\\Pipeline::carry():194}:195}()
#20 /home/lionel/Documents/Junkyard/gotrip/bc-cms/vendor/laravel/framework/src/Illuminate/Pipeline/Pipeline.php(219): Barryvdh\\Debugbar\\Middleware\\InjectDebugbar->handle()
#21 /home/lionel/Documents/Junkyard/gotrip/bc-cms/app/Http/Middleware/RequireChangePassword.php(41): Illuminate\\Pipeline\\Pipeline->{closure:{closure:Illuminate\\Pipeline\\Pipeline::carry():194}:195}()
#22 /home/lionel/Documents/Junkyard/gotrip/bc-cms/vendor/laravel/framework/src/Illuminate/Pipeline/Pipeline.php(219): App\\Http\\Middleware\\RequireChangePassword->handle()
#23 /home/lionel/Documents/Junkyard/gotrip/bc-cms/app/Http/Middleware/SetCurrentCurrency.php(48): Illuminate\\Pipeline\\Pipeline->{closure:{closure:Illuminate\\Pipeline\\Pipeline::carry():194}:195}()
#24 /home/lionel/Documents/Junkyard/gotrip/bc-cms/vendor/laravel/framework/src/Illuminate/Pipeline/Pipeline.php(219): App\\Http\\Middleware\\SetCurrentCurrency->handle()
#25 /home/lionel/Documents/Junkyard/gotrip/bc-cms/app/Http/Middleware/SetLanguageForAdmin.php(37): Illuminate\\Pipeline\\Pipeline->{closure:{closure:Illuminate\\Pipeline\\Pipeline::carry():194}:195}()
#26 /home/lionel/Documents/Junkyard/gotrip/bc-cms/vendor/laravel/framework/src/Illuminate/Pipeline/Pipeline.php(219): App\\Http\\Middleware\\SetLanguageForAdmin->handle()
#27 /home/lionel/Documents/Junkyard/gotrip/bc-cms/app/Http/Middleware/RedirectForMultiLanguage.php(58): Illuminate\\Pipeline\\Pipeline->{closure:{closure:Illuminate\\Pipeline\\Pipeline::carry():194}:195}()
#28 /home/lionel/Documents/Junkyard/gotrip/bc-cms/vendor/laravel/framework/src/Illuminate/Pipeline/Pipeline.php(219): App\\Http\\Middleware\\RedirectForMultiLanguage->handle()
#29 /home/lionel/Documents/Junkyard/gotrip/bc-cms/app/Http/Middleware/FrontendGuard.php(67): Illuminate\\Pipeline\\Pipeline->{closure:{closure:Illuminate\\Pipeline\\Pipeline::carry():194}:195}()
#30 /home/lionel/Documents/Junkyard/gotrip/bc-cms/vendor/laravel/framework/src/Illuminate/Pipeline/Pipeline.php(219): App\\Http\\Middleware\\FrontendGuard->handle()
#31 /home/lionel/Documents/Junkyard/gotrip/bc-cms/vendor/laravel/framework/src/Illuminate/Routing/Middleware/SubstituteBindings.php(50): Illuminate\\Pipeline\\Pipeline->{closure:{closure:Illuminate\\Pipeline\\Pipeline::carry():194}:195}()
#32 /home/lionel/Documents/Junkyard/gotrip/bc-cms/vendor/laravel/framework/src/Illuminate/Pipeline/Pipeline.php(219): Illuminate\\Routing\\Middleware\\SubstituteBindings->handle()
#33 /home/lionel/Documents/Junkyard/gotrip/bc-cms/vendor/laravel/framework/src/Illuminate/Auth/Middleware/Authenticate.php(63): Illuminate\\Pipeline\\Pipeline->{closure:{closure:Illuminate\\Pipeline\\Pipeline::carry():194}:195}()
#34 /home/lionel/Documents/Junkyard/gotrip/bc-cms/vendor/laravel/framework/src/Illuminate/Pipeline/Pipeline.php(219): Illuminate\\Auth\\Middleware\\Authenticate->handle()
#35 /home/lionel/Documents/Junkyard/gotrip/bc-cms/vendor/laravel/framework/src/Illuminate/Foundation/Http/Middleware/VerifyCsrfToken.php(87): Illuminate\\Pipeline\\Pipeline->{closure:{closure:Illuminate\\Pipeline\\Pipeline::carry():194}:195}()
#36 /home/lionel/Documents/Junkyard/gotrip/bc-cms/vendor/laravel/framework/src/Illuminate/Pipeline/Pipeline.php(219): Illuminate\\Foundation\\Http\\Middleware\\VerifyCsrfToken->handle()
#37 /home/lionel/Documents/Junkyard/gotrip/bc-cms/vendor/laravel/framework/src/Illuminate/View/Middleware/ShareErrorsFromSession.php(48): Illuminate\\Pipeline\\Pipeline->{closure:{closure:Illuminate\\Pipeline\\Pipeline::carry():194}:195}()
#38 /home/lionel/Documents/Junkyard/gotrip/bc-cms/vendor/laravel/framework/src/Illuminate/Pipeline/Pipeline.php(219): Illuminate\\View\\Middleware\\ShareErrorsFromSession->handle()
#39 /home/lionel/Documents/Junkyard/gotrip/bc-cms/vendor/laravel/framework/src/Illuminate/Session/Middleware/StartSession.php(120): Illuminate\\Pipeline\\Pipeline->{closure:{closure:Illuminate\\Pipeline\\Pipeline::carry():194}:195}()
#40 /home/lionel/Documents/Junkyard/gotrip/bc-cms/vendor/laravel/framework/src/Illuminate/Session/Middleware/StartSession.php(63): Illuminate\\Session\\Middleware\\StartSession->handleStatefulRequest()
#41 /home/lionel/Documents/Junkyard/gotrip/bc-cms/vendor/laravel/framework/src/Illuminate/Pipeline/Pipeline.php(219): Illuminate\\Session\\Middleware\\StartSession->handle()
#42 /home/lionel/Documents/Junkyard/gotrip/bc-cms/vendor/laravel/framework/src/Illuminate/Cookie/Middleware/AddQueuedCookiesToResponse.php(36): Illuminate\\Pipeline\\Pipeline->{closure:{closure:Illuminate\\Pipeline\\Pipeline::carry():194}:195}()
#43 /home/lionel/Documents/Junkyard/gotrip/bc-cms/vendor/laravel/framework/src/Illuminate/Pipeline/Pipeline.php(219): Illuminate\\Cookie\\Middleware\\AddQueuedCookiesToResponse->handle()
#44 /home/lionel/Documents/Junkyard/gotrip/bc-cms/vendor/laravel/framework/src/Illuminate/Cookie/Middleware/EncryptCookies.php(74): Illuminate\\Pipeline\\Pipeline->{closure:{closure:Illuminate\\Pipeline\\Pipeline::carry():194}:195}()
#45 /home/lionel/Documents/Junkyard/gotrip/bc-cms/vendor/laravel/framework/src/Illuminate/Pipeline/Pipeline.php(219): Illuminate\\Cookie\\Middleware\\EncryptCookies->handle()
#46 /home/lionel/Documents/Junkyard/gotrip/bc-cms/vendor/laravel/framework/src/Illuminate/Pipeline/Pipeline.php(137): Illuminate\\Pipeline\\Pipeline->{closure:{closure:Illuminate\\Pipeline\\Pipeline::carry():194}:195}()
#47 /home/lionel/Documents/Junkyard/gotrip/bc-cms/vendor/laravel/framework/src/Illuminate/Routing/Router.php(821): Illuminate\\Pipeline\\Pipeline->then()
#48 /home/lionel/Documents/Junkyard/gotrip/bc-cms/vendor/laravel/framework/src/Illuminate/Routing/Router.php(800): Illuminate\\Routing\\Router->runRouteWithinStack()
#49 /home/lionel/Documents/Junkyard/gotrip/bc-cms/vendor/laravel/framework/src/Illuminate/Routing/Router.php(764): Illuminate\\Routing\\Router->runRoute()
#50 /home/lionel/Documents/Junkyard/gotrip/bc-cms/vendor/laravel/framework/src/Illuminate/Routing/Router.php(753): Illuminate\\Routing\\Router->dispatchToRoute()
#51 /home/lionel/Documents/Junkyard/gotrip/bc-cms/vendor/laravel/framework/src/Illuminate/Foundation/Http/Kernel.php(200): Illuminate\\Routing\\Router->dispatch()
#52 /home/lionel/Documents/Junkyard/gotrip/bc-cms/vendor/laravel/framework/src/Illuminate/Pipeline/Pipeline.php(180): Illuminate\\Foundation\\Http\\Kernel->{closure:Illuminate\\Foundation\\Http\\Kernel::dispatchToRouter():197}()
#53 /home/lionel/Documents/Junkyard/gotrip/bc-cms/themes/Base/Core/Middleware/RunUpdater.php(77): Illuminate\\Pipeline\\Pipeline->{closure:Illuminate\\Pipeline\\Pipeline::prepareDestination():178}()
#54 /home/lionel/Documents/Junkyard/gotrip/bc-cms/vendor/laravel/framework/src/Illuminate/Pipeline/Pipeline.php(219): Themes\\Base\\Core\\Middleware\\RunUpdater->handle()
#55 /home/lionel/Documents/Junkyard/gotrip/bc-cms/vendor/livewire/livewire/src/Features/SupportDisablingBackButtonCache/DisableBackButtonCacheMiddleware.php(19): Illuminate\\Pipeline\\Pipeline->{closure:{closure:Illuminate\\Pipeline\\Pipeline::carry():194}:195}()
#56 /home/lionel/Documents/Junkyard/gotrip/bc-cms/vendor/laravel/framework/src/Illuminate/Pipeline/Pipeline.php(219): Livewire\\Features\\SupportDisablingBackButtonCache\\DisableBackButtonCacheMiddleware->handle()
#57 /home/lionel/Documents/Junkyard/gotrip/bc-cms/vendor/barryvdh/laravel-debugbar/src/Middleware/InjectDebugbar.php(66): Illuminate\\Pipeline\\Pipeline->{closure:{closure:Illuminate\\Pipeline\\Pipeline::carry():194}:195}()
#58 /home/lionel/Documents/Junkyard/gotrip/bc-cms/vendor/laravel/framework/src/Illuminate/Pipeline/Pipeline.php(219): Barryvdh\\Debugbar\\Middleware\\InjectDebugbar->handle()
#59 /home/lionel/Documents/Junkyard/gotrip/bc-cms/app/Http/Middleware/RedirectToInstaller.php(40): Illuminate\\Pipeline\\Pipeline->{closure:{closure:Illuminate\\Pipeline\\Pipeline::carry():194}:195}()
#60 /home/lionel/Documents/Junkyard/gotrip/bc-cms/vendor/laravel/framework/src/Illuminate/Pipeline/Pipeline.php(219): App\\Http\\Middleware\\RedirectToInstaller->handle()
#61 /home/lionel/Documents/Junkyard/gotrip/bc-cms/vendor/laravel/framework/src/Illuminate/Foundation/Http/Middleware/TransformsRequest.php(21): Illuminate\\Pipeline\\Pipeline->{closure:{closure:Illuminate\\Pipeline\\Pipeline::carry():194}:195}()
#62 /home/lionel/Documents/Junkyard/gotrip/bc-cms/vendor/laravel/framework/src/Illuminate/Foundation/Http/Middleware/ConvertEmptyStringsToNull.php(31): Illuminate\\Foundation\\Http\\Middleware\\TransformsRequest->handle()
#63 /home/lionel/Documents/Junkyard/gotrip/bc-cms/vendor/laravel/framework/src/Illuminate/Pipeline/Pipeline.php(219): Illuminate\\Foundation\\Http\\Middleware\\ConvertEmptyStringsToNull->handle()
#64 /home/lionel/Documents/Junkyard/gotrip/bc-cms/vendor/laravel/framework/src/Illuminate/Foundation/Http/Middleware/TransformsRequest.php(21): Illuminate\\Pipeline\\Pipeline->{closure:{closure:Illuminate\\Pipeline\\Pipeline::carry():194}:195}()
#65 /home/lionel/Documents/Junkyard/gotrip/bc-cms/vendor/laravel/framework/src/Illuminate/Foundation/Http/Middleware/TrimStrings.php(51): Illuminate\\Foundation\\Http\\Middleware\\TransformsRequest->handle()
#66 /home/lionel/Documents/Junkyard/gotrip/bc-cms/vendor/laravel/framework/src/Illuminate/Pipeline/Pipeline.php(219): Illuminate\\Foundation\\Http\\Middleware\\TrimStrings->handle()
#67 /home/lionel/Documents/Junkyard/gotrip/bc-cms/vendor/laravel/framework/src/Illuminate/Http/Middleware/ValidatePostSize.php(27): Illuminate\\Pipeline\\Pipeline->{closure:{closure:Illuminate\\Pipeline\\Pipeline::carry():194}:195}()
#68 /home/lionel/Documents/Junkyard/gotrip/bc-cms/vendor/laravel/framework/src/Illuminate/Pipeline/Pipeline.php(219): Illuminate\\Http\\Middleware\\ValidatePostSize->handle()
#69 /home/lionel/Documents/Junkyard/gotrip/bc-cms/vendor/laravel/framework/src/Illuminate/Foundation/Http/Middleware/PreventRequestsDuringMaintenance.php(109): Illuminate\\Pipeline\\Pipeline->{closure:{closure:Illuminate\\Pipeline\\Pipeline::carry():194}:195}()
#70 /home/lionel/Documents/Junkyard/gotrip/bc-cms/vendor/laravel/framework/src/Illuminate/Pipeline/Pipeline.php(219): Illuminate\\Foundation\\Http\\Middleware\\PreventRequestsDuringMaintenance->handle()
#71 /home/lionel/Documents/Junkyard/gotrip/bc-cms/vendor/laravel/framework/src/Illuminate/Http/Middleware/HandleCors.php(48): Illuminate\\Pipeline\\Pipeline->{closure:{closure:Illuminate\\Pipeline\\Pipeline::carry():194}:195}()
#72 /home/lionel/Documents/Junkyard/gotrip/bc-cms/vendor/laravel/framework/src/Illuminate/Pipeline/Pipeline.php(219): Illuminate\\Http\\Middleware\\HandleCors->handle()
#73 /home/lionel/Documents/Junkyard/gotrip/bc-cms/vendor/laravel/framework/src/Illuminate/Http/Middleware/TrustProxies.php(58): Illuminate\\Pipeline\\Pipeline->{closure:{closure:Illuminate\\Pipeline\\Pipeline::carry():194}:195}()
#74 /home/lionel/Documents/Junkyard/gotrip/bc-cms/vendor/laravel/framework/src/Illuminate/Pipeline/Pipeline.php(219): Illuminate\\Http\\Middleware\\TrustProxies->handle()
#75 /home/lionel/Documents/Junkyard/gotrip/bc-cms/vendor/laravel/framework/src/Illuminate/Foundation/Http/Middleware/InvokeDeferredCallbacks.php(22): Illuminate\\Pipeline\\Pipeline->{closure:{closure:Illuminate\\Pipeline\\Pipeline::carry():194}:195}()
#76 /home/lionel/Documents/Junkyard/gotrip/bc-cms/vendor/laravel/framework/src/Illuminate/Pipeline/Pipeline.php(219): Illuminate\\Foundation\\Http\\Middleware\\InvokeDeferredCallbacks->handle()
#77 /home/lionel/Documents/Junkyard/gotrip/bc-cms/vendor/laravel/framework/src/Illuminate/Http/Middleware/ValidatePathEncoding.php(26): Illuminate\\Pipeline\\Pipeline->{closure:{closure:Illuminate\\Pipeline\\Pipeline::carry():194}:195}()
#78 /home/lionel/Documents/Junkyard/gotrip/bc-cms/vendor/laravel/framework/src/Illuminate/Pipeline/Pipeline.php(219): Illuminate\\Http\\Middleware\\ValidatePathEncoding->handle()
#79 /home/lionel/Documents/Junkyard/gotrip/bc-cms/vendor/laravel/framework/src/Illuminate/Pipeline/Pipeline.php(137): Illuminate\\Pipeline\\Pipeline->{closure:{closure:Illuminate\\Pipeline\\Pipeline::carry():194}:195}()
#80 /home/lionel/Documents/Junkyard/gotrip/bc-cms/vendor/laravel/framework/src/Illuminate/Foundation/Http/Kernel.php(175): Illuminate\\Pipeline\\Pipeline->then()
#81 /home/lionel/Documents/Junkyard/gotrip/bc-cms/vendor/laravel/framework/src/Illuminate/Foundation/Http/Kernel.php(144): Illuminate\\Foundation\\Http\\Kernel->sendRequestThroughRouter()
#82 /home/lionel/Documents/Junkyard/gotrip/bc-cms/vendor/laravel/framework/src/Illuminate/Foundation/Application.php(1219): Illuminate\\Foundation\\Http\\Kernel->handle()
#83 /home/lionel/Documents/Junkyard/gotrip/public_html/index.php(84): Illuminate\\Foundation\\Application->handleRequest()
#84 /home/lionel/Documents/Junkyard/gotrip/bc-cms/server.php(43): require_once('...')
#85 {main}
"} 
[2026-05-25 02:24:57] local.ERROR: Route [user.booking.send-whatsapp] not defined. {"view":{"view":"/home/lionel/Documents/Junkyard/gotrip/bc-cms/themes/GoTrip/User/Views/frontend/vendorBookings.blade.php","data":[]},"userId":7,"exception":"[object] (Spatie\\LaravelIgnition\\Exceptions\\ViewException(code: 0): Route [user.booking.send-whatsapp] not defined. at /home/lionel/Documents/Junkyard/gotrip/bc-cms/vendor/laravel/framework/src/Illuminate/Routing/UrlGenerator.php:526)
[stacktrace]
#0 /home/lionel/Documents/Junkyard/gotrip/bc-cms/vendor/laravel/framework/src/Illuminate/Foundation/helpers.php(885): Illuminate\\Routing\\UrlGenerator->route()
#1 /home/lionel/Documents/Junkyard/gotrip/bc-cms/themes/GoTrip/User/Views/frontend/vendorBookings.blade.php(244): route()
#2 /home/lionel/Documents/Junkyard/gotrip/bc-cms/vendor/laravel/framework/src/Illuminate/Filesystem/Filesystem.php(123): require('...')
#3 /home/lionel/Documents/Junkyard/gotrip/bc-cms/vendor/laravel/framework/src/Illuminate/Filesystem/Filesystem.php(124): Illuminate\\Filesystem\\Filesystem::{closure:Illuminate\\Filesystem\\Filesystem::getRequire():120}()
#4 /home/lionel/Documents/Junkyard/gotrip/bc-cms/vendor/laravel/framework/src/Illuminate/View/Engines/PhpEngine.php(57): Illuminate\\Filesystem\\Filesystem->getRequire()
#5 /home/lionel/Documents/Junkyard/gotrip/bc-cms/vendor/livewire/livewire/src/Mechanisms/ExtendBlade/ExtendedCompilerEngine.php(22): Illuminate\\View\\Engines\\PhpEngine->evaluatePath()
#6 /home/lionel/Documents/Junkyard/gotrip/bc-cms/vendor/laravel/framework/src/Illuminate/View/Engines/CompilerEngine.php(76): Livewire\\Mechanisms\\ExtendBlade\\ExtendedCompilerEngine->evaluatePath()
#7 /home/lionel/Documents/Junkyard/gotrip/bc-cms/vendor/livewire/livewire/src/Mechanisms/ExtendBlade/ExtendedCompilerEngine.php(10): Illuminate\\View\\Engines\\CompilerEngine->get()
#8 /home/lionel/Documents/Junkyard/gotrip/bc-cms/vendor/laravel/framework/src/Illuminate/View/View.php(208): Livewire\\Mechanisms\\ExtendBlade\\ExtendedCompilerEngine->get()
#9 /home/lionel/Documents/Junkyard/gotrip/bc-cms/vendor/laravel/framework/src/Illuminate/View/View.php(191): Illuminate\\View\\View->getContents()
#10 /home/lionel/Documents/Junkyard/gotrip/bc-cms/vendor/laravel/framework/src/Illuminate/View/View.php(160): Illuminate\\View\\View->renderContents()
#11 /home/lionel/Documents/Junkyard/gotrip/bc-cms/vendor/laravel/framework/src/Illuminate/Http/Response.php(78): Illuminate\\View\\View->render()
#12 /home/lionel/Documents/Junkyard/gotrip/bc-cms/vendor/laravel/framework/src/Illuminate/Http/Response.php(34): Illuminate\\Http\\Response->setContent()
#13 /home/lionel/Documents/Junkyard/gotrip/bc-cms/vendor/laravel/framework/src/Illuminate/Routing/Router.php(939): Illuminate\\Http\\Response->__construct()
#14 /home/lionel/Documents/Junkyard/gotrip/bc-cms/vendor/laravel/framework/src/Illuminate/Routing/Router.php(906): Illuminate\\Routing\\Router::toResponse()
#15 /home/lionel/Documents/Junkyard/gotrip/bc-cms/vendor/laravel/framework/src/Illuminate/Routing/Router.php(821): Illuminate\\Routing\\Router->prepareResponse()
#16 /home/lionel/Documents/Junkyard/gotrip/bc-cms/vendor/laravel/framework/src/Illuminate/Pipeline/Pipeline.php(180): Illuminate\\Routing\\Router->{closure:Illuminate\\Routing\\Router::runRouteWithinStack():821}()
#17 /home/lionel/Documents/Junkyard/gotrip/bc-cms/vendor/laravel/framework/src/Illuminate/Auth/Middleware/EnsureEmailIsVerified.php(41): Illuminate\\Pipeline\\Pipeline->{closure:Illuminate\\Pipeline\\Pipeline::prepareDestination():178}()
#18 /home/lionel/Documents/Junkyard/gotrip/bc-cms/vendor/laravel/framework/src/Illuminate/Pipeline/Pipeline.php(219): Illuminate\\Auth\\Middleware\\EnsureEmailIsVerified->handle()
#19 /home/lionel/Documents/Junkyard/gotrip/bc-cms/vendor/barryvdh/laravel-debugbar/src/Middleware/InjectDebugbar.php(66): Illuminate\\Pipeline\\Pipeline->{closure:{closure:Illuminate\\Pipeline\\Pipeline::carry():194}:195}()
#20 /home/lionel/Documents/Junkyard/gotrip/bc-cms/vendor/laravel/framework/src/Illuminate/Pipeline/Pipeline.php(219): Barryvdh\\Debugbar\\Middleware\\InjectDebugbar->handle()
#21 /home/lionel/Documents/Junkyard/gotrip/bc-cms/app/Http/Middleware/RequireChangePassword.php(41): Illuminate\\Pipeline\\Pipeline->{closure:{closure:Illuminate\\Pipeline\\Pipeline::carry():194}:195}()
#22 /home/lionel/Documents/Junkyard/gotrip/bc-cms/vendor/laravel/framework/src/Illuminate/Pipeline/Pipeline.php(219): App\\Http\\Middleware\\RequireChangePassword->handle()
#23 /home/lionel/Documents/Junkyard/gotrip/bc-cms/app/Http/Middleware/SetCurrentCurrency.php(48): Illuminate\\Pipeline\\Pipeline->{closure:{closure:Illuminate\\Pipeline\\Pipeline::carry():194}:195}()
#24 /home/lionel/Documents/Junkyard/gotrip/bc-cms/vendor/laravel/framework/src/Illuminate/Pipeline/Pipeline.php(219): App\\Http\\Middleware\\SetCurrentCurrency->handle()
#25 /home/lionel/Documents/Junkyard/gotrip/bc-cms/app/Http/Middleware/SetLanguageForAdmin.php(37): Illuminate\\Pipeline\\Pipeline->{closure:{closure:Illuminate\\Pipeline\\Pipeline::carry():194}:195}()
#26 /home/lionel/Documents/Junkyard/gotrip/bc-cms/vendor/laravel/framework/src/Illuminate/Pipeline/Pipeline.php(219): App\\Http\\Middleware\\SetLanguageForAdmin->handle()
#27 /home/lionel/Documents/Junkyard/gotrip/bc-cms/app/Http/Middleware/RedirectForMultiLanguage.php(58): Illuminate\\Pipeline\\Pipeline->{closure:{closure:Illuminate\\Pipeline\\Pipeline::carry():194}:195}()
#28 /home/lionel/Documents/Junkyard/gotrip/bc-cms/vendor/laravel/framework/src/Illuminate/Pipeline/Pipeline.php(219): App\\Http\\Middleware\\RedirectForMultiLanguage->handle()
#29 /home/lionel/Documents/Junkyard/gotrip/bc-cms/app/Http/Middleware/FrontendGuard.php(67): Illuminate\\Pipeline\\Pipeline->{closure:{closure:Illuminate\\Pipeline\\Pipeline::carry():194}:195}()
#30 /home/lionel/Documents/Junkyard/gotrip/bc-cms/vendor/laravel/framework/src/Illuminate/Pipeline/Pipeline.php(219): App\\Http\\Middleware\\FrontendGuard->handle()
#31 /home/lionel/Documents/Junkyard/gotrip/bc-cms/vendor/laravel/framework/src/Illuminate/Routing/Middleware/SubstituteBindings.php(50): Illuminate\\Pipeline\\Pipeline->{closure:{closure:Illuminate\\Pipeline\\Pipeline::carry():194}:195}()
#32 /home/lionel/Documents/Junkyard/gotrip/bc-cms/vendor/laravel/framework/src/Illuminate/Pipeline/Pipeline.php(219): Illuminate\\Routing\\Middleware\\SubstituteBindings->handle()
#33 /home/lionel/Documents/Junkyard/gotrip/bc-cms/vendor/laravel/framework/src/Illuminate/Auth/Middleware/Authenticate.php(63): Illuminate\\Pipeline\\Pipeline->{closure:{closure:Illuminate\\Pipeline\\Pipeline::carry():194}:195}()
#34 /home/lionel/Documents/Junkyard/gotrip/bc-cms/vendor/laravel/framework/src/Illuminate/Pipeline/Pipeline.php(219): Illuminate\\Auth\\Middleware\\Authenticate->handle()
#35 /home/lionel/Documents/Junkyard/gotrip/bc-cms/vendor/laravel/framework/src/Illuminate/Foundation/Http/Middleware/VerifyCsrfToken.php(87): Illuminate\\Pipeline\\Pipeline->{closure:{closure:Illuminate\\Pipeline\\Pipeline::carry():194}:195}()
#36 /home/lionel/Documents/Junkyard/gotrip/bc-cms/vendor/laravel/framework/src/Illuminate/Pipeline/Pipeline.php(219): Illuminate\\Foundation\\Http\\Middleware\\VerifyCsrfToken->handle()
#37 /home/lionel/Documents/Junkyard/gotrip/bc-cms/vendor/laravel/framework/src/Illuminate/View/Middleware/ShareErrorsFromSession.php(48): Illuminate\\Pipeline\\Pipeline->{closure:{closure:Illuminate\\Pipeline\\Pipeline::carry():194}:195}()
#38 /home/lionel/Documents/Junkyard/gotrip/bc-cms/vendor/laravel/framework/src/Illuminate/Pipeline/Pipeline.php(219): Illuminate\\View\\Middleware\\ShareErrorsFromSession->handle()
#39 /home/lionel/Documents/Junkyard/gotrip/bc-cms/vendor/laravel/framework/src/Illuminate/Session/Middleware/StartSession.php(120): Illuminate\\Pipeline\\Pipeline->{closure:{closure:Illuminate\\Pipeline\\Pipeline::carry():194}:195}()
#40 /home/lionel/Documents/Junkyard/gotrip/bc-cms/vendor/laravel/framework/src/Illuminate/Session/Middleware/StartSession.php(63): Illuminate\\Session\\Middleware\\StartSession->handleStatefulRequest()
#41 /home/lionel/Documents/Junkyard/gotrip/bc-cms/vendor/laravel/framework/src/Illuminate/Pipeline/Pipeline.php(219): Illuminate\\Session\\Middleware\\StartSession->handle()
#42 /home/lionel/Documents/Junkyard/gotrip/bc-cms/vendor/laravel/framework/src/Illuminate/Cookie/Middleware/AddQueuedCookiesToResponse.php(36): Illuminate\\Pipeline\\Pipeline->{closure:{closure:Illuminate\\Pipeline\\Pipeline::carry():194}:195}()
#43 /home/lionel/Documents/Junkyard/gotrip/bc-cms/vendor/laravel/framework/src/Illuminate/Pipeline/Pipeline.php(219): Illuminate\\Cookie\\Middleware\\AddQueuedCookiesToResponse->handle()
#44 /home/lionel/Documents/Junkyard/gotrip/bc-cms/vendor/laravel/framework/src/Illuminate/Cookie/Middleware/EncryptCookies.php(74): Illuminate\\Pipeline\\Pipeline->{closure:{closure:Illuminate\\Pipeline\\Pipeline::carry():194}:195}()
#45 /home/lionel/Documents/Junkyard/gotrip/bc-cms/vendor/laravel/framework/src/Illuminate/Pipeline/Pipeline.php(219): Illuminate\\Cookie\\Middleware\\EncryptCookies->handle()
#46 /home/lionel/Documents/Junkyard/gotrip/bc-cms/vendor/laravel/framework/src/Illuminate/Pipeline/Pipeline.php(137): Illuminate\\Pipeline\\Pipeline->{closure:{closure:Illuminate\\Pipeline\\Pipeline::carry():194}:195}()
#47 /home/lionel/Documents/Junkyard/gotrip/bc-cms/vendor/laravel/framework/src/Illuminate/Routing/Router.php(821): Illuminate\\Pipeline\\Pipeline->then()
#48 /home/lionel/Documents/Junkyard/gotrip/bc-cms/vendor/laravel/framework/src/Illuminate/Routing/Router.php(800): Illuminate\\Routing\\Router->runRouteWithinStack()
#49 /home/lionel/Documents/Junkyard/gotrip/bc-cms/vendor/laravel/framework/src/Illuminate/Routing/Router.php(764): Illuminate\\Routing\\Router->runRoute()
#50 /home/lionel/Documents/Junkyard/gotrip/bc-cms/vendor/laravel/framework/src/Illuminate/Routing/Router.php(753): Illuminate\\Routing\\Router->dispatchToRoute()
#51 /home/lionel/Documents/Junkyard/gotrip/bc-cms/vendor/laravel/framework/src/Illuminate/Foundation/Http/Kernel.php(200): Illuminate\\Routing\\Router->dispatch()
#52 /home/lionel/Documents/Junkyard/gotrip/bc-cms/vendor/laravel/framework/src/Illuminate/Pipeline/Pipeline.php(180): Illuminate\\Foundation\\Http\\Kernel->{closure:Illuminate\\Foundation\\Http\\Kernel::dispatchToRouter():197}()
#53 /home/lionel/Documents/Junkyard/gotrip/bc-cms/themes/Base/Core/Middleware/RunUpdater.php(77): Illuminate\\Pipeline\\Pipeline->{closure:Illuminate\\Pipeline\\Pipeline::prepareDestination():178}()
#54 /home/lionel/Documents/Junkyard/gotrip/bc-cms/vendor/laravel/framework/src/Illuminate/Pipeline/Pipeline.php(219): Themes\\Base\\Core\\Middleware\\RunUpdater->handle()
#55 /home/lionel/Documents/Junkyard/gotrip/bc-cms/vendor/livewire/livewire/src/Features/SupportDisablingBackButtonCache/DisableBackButtonCacheMiddleware.php(19): Illuminate\\Pipeline\\Pipeline->{closure:{closure:Illuminate\\Pipeline\\Pipeline::carry():194}:195}()
#56 /home/lionel/Documents/Junkyard/gotrip/bc-cms/vendor/laravel/framework/src/Illuminate/Pipeline/Pipeline.php(219): Livewire\\Features\\SupportDisablingBackButtonCache\\DisableBackButtonCacheMiddleware->handle()
#57 /home/lionel/Documents/Junkyard/gotrip/bc-cms/vendor/barryvdh/laravel-debugbar/src/Middleware/InjectDebugbar.php(66): Illuminate\\Pipeline\\Pipeline->{closure:{closure:Illuminate\\Pipeline\\Pipeline::carry():194}:195}()
#58 /home/lionel/Documents/Junkyard/gotrip/bc-cms/vendor/laravel/framework/src/Illuminate/Pipeline/Pipeline.php(219): Barryvdh\\Debugbar\\Middleware\\InjectDebugbar->handle()
#59 /home/lionel/Documents/Junkyard/gotrip/bc-cms/app/Http/Middleware/RedirectToInstaller.php(40): Illuminate\\Pipeline\\Pipeline->{closure:{closure:Illuminate\\Pipeline\\Pipeline::carry():194}:195}()
#60 /home/lionel/Documents/Junkyard/gotrip/bc-cms/vendor/laravel/framework/src/Illuminate/Pipeline/Pipeline.php(219): App\\Http\\Middleware\\RedirectToInstaller->handle()
#61 /home/lionel/Documents/Junkyard/gotrip/bc-cms/vendor/laravel/framework/src/Illuminate/Foundation/Http/Middleware/TransformsRequest.php(21): Illuminate\\Pipeline\\Pipeline->{closure:{closure:Illuminate\\Pipeline\\Pipeline::carry():194}:195}()
#62 /home/lionel/Documents/Junkyard/gotrip/bc-cms/vendor/laravel/framework/src/Illuminate/Foundation/Http/Middleware/ConvertEmptyStringsToNull.php(31): Illuminate\\Foundation\\Http\\Middleware\\TransformsRequest->handle()
#63 /home/lionel/Documents/Junkyard/gotrip/bc-cms/vendor/laravel/framework/src/Illuminate/Pipeline/Pipeline.php(219): Illuminate\\Foundation\\Http\\Middleware\\ConvertEmptyStringsToNull->handle()
#64 /home/lionel/Documents/Junkyard/gotrip/bc-cms/vendor/laravel/framework/src/Illuminate/Foundation/Http/Middleware/TransformsRequest.php(21): Illuminate\\Pipeline\\Pipeline->{closure:{closure:Illuminate\\Pipeline\\Pipeline::carry():194}:195}()
#65 /home/lionel/Documents/Junkyard/gotrip/bc-cms/vendor/laravel/framework/src/Illuminate/Foundation/Http/Middleware/TrimStrings.php(51): Illuminate\\Foundation\\Http\\Middleware\\TransformsRequest->handle()
#66 /home/lionel/Documents/Junkyard/gotrip/bc-cms/vendor/laravel/framework/src/Illuminate/Pipeline/Pipeline.php(219): Illuminate\\Foundation\\Http\\Middleware\\TrimStrings->handle()
#67 /home/lionel/Documents/Junkyard/gotrip/bc-cms/vendor/laravel/framework/src/Illuminate/Http/Middleware/ValidatePostSize.php(27): Illuminate\\Pipeline\\Pipeline->{closure:{closure:Illuminate\\Pipeline\\Pipeline::carry():194}:195}()
#68 /home/lionel/Documents/Junkyard/gotrip/bc-cms/vendor/laravel/framework/src/Illuminate/Pipeline/Pipeline.php(219): Illuminate\\Http\\Middleware\\ValidatePostSize->handle()
#69 /home/lionel/Documents/Junkyard/gotrip/bc-cms/vendor/laravel/framework/src/Illuminate/Foundation/Http/Middleware/PreventRequestsDuringMaintenance.php(109): Illuminate\\Pipeline\\Pipeline->{closure:{closure:Illuminate\\Pipeline\\Pipeline::carry():194}:195}()
#70 /home/lionel/Documents/Junkyard/gotrip/bc-cms/vendor/laravel/framework/src/Illuminate/Pipeline/Pipeline.php(219): Illuminate\\Foundation\\Http\\Middleware\\PreventRequestsDuringMaintenance->handle()
#71 /home/lionel/Documents/Junkyard/gotrip/bc-cms/vendor/laravel/framework/src/Illuminate/Http/Middleware/HandleCors.php(48): Illuminate\\Pipeline\\Pipeline->{closure:{closure:Illuminate\\Pipeline\\Pipeline::carry():194}:195}()
#72 /home/lionel/Documents/Junkyard/gotrip/bc-cms/vendor/laravel/framework/src/Illuminate/Pipeline/Pipeline.php(219): Illuminate\\Http\\Middleware\\HandleCors->handle()
#73 /home/lionel/Documents/Junkyard/gotrip/bc-cms/vendor/laravel/framework/src/Illuminate/Http/Middleware/TrustProxies.php(58): Illuminate\\Pipeline\\Pipeline->{closure:{closure:Illuminate\\Pipeline\\Pipeline::carry():194}:195}()
#74 /home/lionel/Documents/Junkyard/gotrip/bc-cms/vendor/laravel/framework/src/Illuminate/Pipeline/Pipeline.php(219): Illuminate\\Http\\Middleware\\TrustProxies->handle()
#75 /home/lionel/Documents/Junkyard/gotrip/bc-cms/vendor/laravel/framework/src/Illuminate/Foundation/Http/Middleware/InvokeDeferredCallbacks.php(22): Illuminate\\Pipeline\\Pipeline->{closure:{closure:Illuminate\\Pipeline\\Pipeline::carry():194}:195}()
#76 /home/lionel/Documents/Junkyard/gotrip/bc-cms/vendor/laravel/framework/src/Illuminate/Pipeline/Pipeline.php(219): Illuminate\\Foundation\\Http\\Middleware\\InvokeDeferredCallbacks->handle()
#77 /home/lionel/Documents/Junkyard/gotrip/bc-cms/vendor/laravel/framework/src/Illuminate/Http/Middleware/ValidatePathEncoding.php(26): Illuminate\\Pipeline\\Pipeline->{closure:{closure:Illuminate\\Pipeline\\Pipeline::carry():194}:195}()
#78 /home/lionel/Documents/Junkyard/gotrip/bc-cms/vendor/laravel/framework/src/Illuminate/Pipeline/Pipeline.php(219): Illuminate\\Http\\Middleware\\ValidatePathEncoding->handle()
#79 /home/lionel/Documents/Junkyard/gotrip/bc-cms/vendor/laravel/framework/src/Illuminate/Pipeline/Pipeline.php(137): Illuminate\\Pipeline\\Pipeline->{closure:{closure:Illuminate\\Pipeline\\Pipeline::carry():194}:195}()
#80 /home/lionel/Documents/Junkyard/gotrip/bc-cms/vendor/laravel/framework/src/Illuminate/Foundation/Http/Kernel.php(175): Illuminate\\Pipeline\\Pipeline->then()
#81 /home/lionel/Documents/Junkyard/gotrip/bc-cms/vendor/laravel/framework/src/Illuminate/Foundation/Http/Kernel.php(144): Illuminate\\Foundation\\Http\\Kernel->sendRequestThroughRouter()
#82 /home/lionel/Documents/Junkyard/gotrip/bc-cms/vendor/laravel/framework/src/Illuminate/Foundation/Application.php(1219): Illuminate\\Foundation\\Http\\Kernel->handle()
#83 /home/lionel/Documents/Junkyard/gotrip/public_html/index.php(84): Illuminate\\Foundation\\Application->handleRequest()
#84 /home/lionel/Documents/Junkyard/gotrip/bc-cms/server.php(43): require_once('...')
#85 {main}

[previous exception] [object] (Symfony\\Component\\Routing\\Exception\\RouteNotFoundException(code: 0): Route [user.booking.send-whatsapp] not defined. at /home/lionel/Documents/Junkyard/gotrip/bc-cms/vendor/laravel/framework/src/Illuminate/Routing/UrlGenerator.php:526)
[stacktrace]
#0 /home/lionel/Documents/Junkyard/gotrip/bc-cms/vendor/laravel/framework/src/Illuminate/Foundation/helpers.php(885): Illuminate\\Routing\\UrlGenerator->route()
#1 /home/lionel/Documents/Junkyard/gotrip/bc-cms/storage/framework/views/39498c5e52e663d84ec34c812e831f74.php(246): route()
#2 /home/lionel/Documents/Junkyard/gotrip/bc-cms/vendor/laravel/framework/src/Illuminate/Filesystem/Filesystem.php(123): require('...')
#3 /home/lionel/Documents/Junkyard/gotrip/bc-cms/vendor/laravel/framework/src/Illuminate/Filesystem/Filesystem.php(124): Illuminate\\Filesystem\\Filesystem::{closure:Illuminate\\Filesystem\\Filesystem::getRequire():120}()
#4 /home/lionel/Documents/Junkyard/gotrip/bc-cms/vendor/laravel/framework/src/Illuminate/View/Engines/PhpEngine.php(57): Illuminate\\Filesystem\\Filesystem->getRequire()
#5 /home/lionel/Documents/Junkyard/gotrip/bc-cms/vendor/livewire/livewire/src/Mechanisms/ExtendBlade/ExtendedCompilerEngine.php(22): Illuminate\\View\\Engines\\PhpEngine->evaluatePath()
#6 /home/lionel/Documents/Junkyard/gotrip/bc-cms/vendor/laravel/framework/src/Illuminate/View/Engines/CompilerEngine.php(76): Livewire\\Mechanisms\\ExtendBlade\\ExtendedCompilerEngine->evaluatePath()
#7 /home/lionel/Documents/Junkyard/gotrip/bc-cms/vendor/livewire/livewire/src/Mechanisms/ExtendBlade/ExtendedCompilerEngine.php(10): Illuminate\\View\\Engines\\CompilerEngine->get()
#8 /home/lionel/Documents/Junkyard/gotrip/bc-cms/vendor/laravel/framework/src/Illuminate/View/View.php(208): Livewire\\Mechanisms\\ExtendBlade\\ExtendedCompilerEngine->get()
#9 /home/lionel/Documents/Junkyard/gotrip/bc-cms/vendor/laravel/framework/src/Illuminate/View/View.php(191): Illuminate\\View\\View->getContents()
#10 /home/lionel/Documents/Junkyard/gotrip/bc-cms/vendor/laravel/framework/src/Illuminate/View/View.php(160): Illuminate\\View\\View->renderContents()
#11 /home/lionel/Documents/Junkyard/gotrip/bc-cms/vendor/laravel/framework/src/Illuminate/Http/Response.php(78): Illuminate\\View\\View->render()
#12 /home/lionel/Documents/Junkyard/gotrip/bc-cms/vendor/laravel/framework/src/Illuminate/Http/Response.php(34): Illuminate\\Http\\Response->setContent()
#13 /home/lionel/Documents/Junkyard/gotrip/bc-cms/vendor/laravel/framework/src/Illuminate/Routing/Router.php(939): Illuminate\\Http\\Response->__construct()
#14 /home/lionel/Documents/Junkyard/gotrip/bc-cms/vendor/laravel/framework/src/Illuminate/Routing/Router.php(906): Illuminate\\Routing\\Router::toResponse()
#15 /home/lionel/Documents/Junkyard/gotrip/bc-cms/vendor/laravel/framework/src/Illuminate/Routing/Router.php(821): Illuminate\\Routing\\Router->prepareResponse()
#16 /home/lionel/Documents/Junkyard/gotrip/bc-cms/vendor/laravel/framework/src/Illuminate/Pipeline/Pipeline.php(180): Illuminate\\Routing\\Router->{closure:Illuminate\\Routing\\Router::runRouteWithinStack():821}()
#17 /home/lionel/Documents/Junkyard/gotrip/bc-cms/vendor/laravel/framework/src/Illuminate/Auth/Middleware/EnsureEmailIsVerified.php(41): Illuminate\\Pipeline\\Pipeline->{closure:Illuminate\\Pipeline\\Pipeline::prepareDestination():178}()
#18 /home/lionel/Documents/Junkyard/gotrip/bc-cms/vendor/laravel/framework/src/Illuminate/Pipeline/Pipeline.php(219): Illuminate\\Auth\\Middleware\\EnsureEmailIsVerified->handle()
#19 /home/lionel/Documents/Junkyard/gotrip/bc-cms/vendor/barryvdh/laravel-debugbar/src/Middleware/InjectDebugbar.php(66): Illuminate\\Pipeline\\Pipeline->{closure:{closure:Illuminate\\Pipeline\\Pipeline::carry():194}:195}()
#20 /home/lionel/Documents/Junkyard/gotrip/bc-cms/vendor/laravel/framework/src/Illuminate/Pipeline/Pipeline.php(219): Barryvdh\\Debugbar\\Middleware\\InjectDebugbar->handle()
#21 /home/lionel/Documents/Junkyard/gotrip/bc-cms/app/Http/Middleware/RequireChangePassword.php(41): Illuminate\\Pipeline\\Pipeline->{closure:{closure:Illuminate\\Pipeline\\Pipeline::carry():194}:195}()
#22 /home/lionel/Documents/Junkyard/gotrip/bc-cms/vendor/laravel/framework/src/Illuminate/Pipeline/Pipeline.php(219): App\\Http\\Middleware\\RequireChangePassword->handle()
#23 /home/lionel/Documents/Junkyard/gotrip/bc-cms/app/Http/Middleware/SetCurrentCurrency.php(48): Illuminate\\Pipeline\\Pipeline->{closure:{closure:Illuminate\\Pipeline\\Pipeline::carry():194}:195}()
#24 /home/lionel/Documents/Junkyard/gotrip/bc-cms/vendor/laravel/framework/src/Illuminate/Pipeline/Pipeline.php(219): App\\Http\\Middleware\\SetCurrentCurrency->handle()
#25 /home/lionel/Documents/Junkyard/gotrip/bc-cms/app/Http/Middleware/SetLanguageForAdmin.php(37): Illuminate\\Pipeline\\Pipeline->{closure:{closure:Illuminate\\Pipeline\\Pipeline::carry():194}:195}()
#26 /home/lionel/Documents/Junkyard/gotrip/bc-cms/vendor/laravel/framework/src/Illuminate/Pipeline/Pipeline.php(219): App\\Http\\Middleware\\SetLanguageForAdmin->handle()
#27 /home/lionel/Documents/Junkyard/gotrip/bc-cms/app/Http/Middleware/RedirectForMultiLanguage.php(58): Illuminate\\Pipeline\\Pipeline->{closure:{closure:Illuminate\\Pipeline\\Pipeline::carry():194}:195}()
#28 /home/lionel/Documents/Junkyard/gotrip/bc-cms/vendor/laravel/framework/src/Illuminate/Pipeline/Pipeline.php(219): App\\Http\\Middleware\\RedirectForMultiLanguage->handle()
#29 /home/lionel/Documents/Junkyard/gotrip/bc-cms/app/Http/Middleware/FrontendGuard.php(67): Illuminate\\Pipeline\\Pipeline->{closure:{closure:Illuminate\\Pipeline\\Pipeline::carry():194}:195}()
#30 /home/lionel/Documents/Junkyard/gotrip/bc-cms/vendor/laravel/framework/src/Illuminate/Pipeline/Pipeline.php(219): App\\Http\\Middleware\\FrontendGuard->handle()
#31 /home/lionel/Documents/Junkyard/gotrip/bc-cms/vendor/laravel/framework/src/Illuminate/Routing/Middleware/SubstituteBindings.php(50): Illuminate\\Pipeline\\Pipeline->{closure:{closure:Illuminate\\Pipeline\\Pipeline::carry():194}:195}()
#32 /home/lionel/Documents/Junkyard/gotrip/bc-cms/vendor/laravel/framework/src/Illuminate/Pipeline/Pipeline.php(219): Illuminate\\Routing\\Middleware\\SubstituteBindings->handle()
#33 /home/lionel/Documents/Junkyard/gotrip/bc-cms/vendor/laravel/framework/src/Illuminate/Auth/Middleware/Authenticate.php(63): Illuminate\\Pipeline\\Pipeline->{closure:{closure:Illuminate\\Pipeline\\Pipeline::carry():194}:195}()
#34 /home/lionel/Documents/Junkyard/gotrip/bc-cms/vendor/laravel/framework/src/Illuminate/Pipeline/Pipeline.php(219): Illuminate\\Auth\\Middleware\\Authenticate->handle()
#35 /home/lionel/Documents/Junkyard/gotrip/bc-cms/vendor/laravel/framework/src/Illuminate/Foundation/Http/Middleware/VerifyCsrfToken.php(87): Illuminate\\Pipeline\\Pipeline->{closure:{closure:Illuminate\\Pipeline\\Pipeline::carry():194}:195}()
#36 /home/lionel/Documents/Junkyard/gotrip/bc-cms/vendor/laravel/framework/src/Illuminate/Pipeline/Pipeline.php(219): Illuminate\\Foundation\\Http\\Middleware\\VerifyCsrfToken->handle()
#37 /home/lionel/Documents/Junkyard/gotrip/bc-cms/vendor/laravel/framework/src/Illuminate/View/Middleware/ShareErrorsFromSession.php(48): Illuminate\\Pipeline\\Pipeline->{closure:{closure:Illuminate\\Pipeline\\Pipeline::carry():194}:195}()
#38 /home/lionel/Documents/Junkyard/gotrip/bc-cms/vendor/laravel/framework/src/Illuminate/Pipeline/Pipeline.php(219): Illuminate\\View\\Middleware\\ShareErrorsFromSession->handle()
#39 /home/lionel/Documents/Junkyard/gotrip/bc-cms/vendor/laravel/framework/src/Illuminate/Session/Middleware/StartSession.php(120): Illuminate\\Pipeline\\Pipeline->{closure:{closure:Illuminate\\Pipeline\\Pipeline::carry():194}:195}()
#40 /home/lionel/Documents/Junkyard/gotrip/bc-cms/vendor/laravel/framework/src/Illuminate/Session/Middleware/StartSession.php(63): Illuminate\\Session\\Middleware\\StartSession->handleStatefulRequest()
#41 /home/lionel/Documents/Junkyard/gotrip/bc-cms/vendor/laravel/framework/src/Illuminate/Pipeline/Pipeline.php(219): Illuminate\\Session\\Middleware\\StartSession->handle()
#42 /home/lionel/Documents/Junkyard/gotrip/bc-cms/vendor/laravel/framework/src/Illuminate/Cookie/Middleware/AddQueuedCookiesToResponse.php(36): Illuminate\\Pipeline\\Pipeline->{closure:{closure:Illuminate\\Pipeline\\Pipeline::carry():194}:195}()
#43 /home/lionel/Documents/Junkyard/gotrip/bc-cms/vendor/laravel/framework/src/Illuminate/Pipeline/Pipeline.php(219): Illuminate\\Cookie\\Middleware\\AddQueuedCookiesToResponse->handle()
#44 /home/lionel/Documents/Junkyard/gotrip/bc-cms/vendor/laravel/framework/src/Illuminate/Cookie/Middleware/EncryptCookies.php(74): Illuminate\\Pipeline\\Pipeline->{closure:{closure:Illuminate\\Pipeline\\Pipeline::carry():194}:195}()
#45 /home/lionel/Documents/Junkyard/gotrip/bc-cms/vendor/laravel/framework/src/Illuminate/Pipeline/Pipeline.php(219): Illuminate\\Cookie\\Middleware\\EncryptCookies->handle()
#46 /home/lionel/Documents/Junkyard/gotrip/bc-cms/vendor/laravel/framework/src/Illuminate/Pipeline/Pipeline.php(137): Illuminate\\Pipeline\\Pipeline->{closure:{closure:Illuminate\\Pipeline\\Pipeline::carry():194}:195}()
#47 /home/lionel/Documents/Junkyard/gotrip/bc-cms/vendor/laravel/framework/src/Illuminate/Routing/Router.php(821): Illuminate\\Pipeline\\Pipeline->then()
#48 /home/lionel/Documents/Junkyard/gotrip/bc-cms/vendor/laravel/framework/src/Illuminate/Routing/Router.php(800): Illuminate\\Routing\\Router->runRouteWithinStack()
#49 /home/lionel/Documents/Junkyard/gotrip/bc-cms/vendor/laravel/framework/src/Illuminate/Routing/Router.php(764): Illuminate\\Routing\\Router->runRoute()
#50 /home/lionel/Documents/Junkyard/gotrip/bc-cms/vendor/laravel/framework/src/Illuminate/Routing/Router.php(753): Illuminate\\Routing\\Router->dispatchToRoute()
#51 /home/lionel/Documents/Junkyard/gotrip/bc-cms/vendor/laravel/framework/src/Illuminate/Foundation/Http/Kernel.php(200): Illuminate\\Routing\\Router->dispatch()
#52 /home/lionel/Documents/Junkyard/gotrip/bc-cms/vendor/laravel/framework/src/Illuminate/Pipeline/Pipeline.php(180): Illuminate\\Foundation\\Http\\Kernel->{closure:Illuminate\\Foundation\\Http\\Kernel::dispatchToRouter():197}()
#53 /home/lionel/Documents/Junkyard/gotrip/bc-cms/themes/Base/Core/Middleware/RunUpdater.php(77): Illuminate\\Pipeline\\Pipeline->{closure:Illuminate\\Pipeline\\Pipeline::prepareDestination():178}()
#54 /home/lionel/Documents/Junkyard/gotrip/bc-cms/vendor/laravel/framework/src/Illuminate/Pipeline/Pipeline.php(219): Themes\\Base\\Core\\Middleware\\RunUpdater->handle()
#55 /home/lionel/Documents/Junkyard/gotrip/bc-cms/vendor/livewire/livewire/src/Features/SupportDisablingBackButtonCache/DisableBackButtonCacheMiddleware.php(19): Illuminate\\Pipeline\\Pipeline->{closure:{closure:Illuminate\\Pipeline\\Pipeline::carry():194}:195}()
#56 /home/lionel/Documents/Junkyard/gotrip/bc-cms/vendor/laravel/framework/src/Illuminate/Pipeline/Pipeline.php(219): Livewire\\Features\\SupportDisablingBackButtonCache\\DisableBackButtonCacheMiddleware->handle()
#57 /home/lionel/Documents/Junkyard/gotrip/bc-cms/vendor/barryvdh/laravel-debugbar/src/Middleware/InjectDebugbar.php(66): Illuminate\\Pipeline\\Pipeline->{closure:{closure:Illuminate\\Pipeline\\Pipeline::carry():194}:195}()
#58 /home/lionel/Documents/Junkyard/gotrip/bc-cms/vendor/laravel/framework/src/Illuminate/Pipeline/Pipeline.php(219): Barryvdh\\Debugbar\\Middleware\\InjectDebugbar->handle()
#59 /home/lionel/Documents/Junkyard/gotrip/bc-cms/app/Http/Middleware/RedirectToInstaller.php(40): Illuminate\\Pipeline\\Pipeline->{closure:{closure:Illuminate\\Pipeline\\Pipeline::carry():194}:195}()
#60 /home/lionel/Documents/Junkyard/gotrip/bc-cms/vendor/laravel/framework/src/Illuminate/Pipeline/Pipeline.php(219): App\\Http\\Middleware\\RedirectToInstaller->handle()
#61 /home/lionel/Documents/Junkyard/gotrip/bc-cms/vendor/laravel/framework/src/Illuminate/Foundation/Http/Middleware/TransformsRequest.php(21): Illuminate\\Pipeline\\Pipeline->{closure:{closure:Illuminate\\Pipeline\\Pipeline::carry():194}:195}()
#62 /home/lionel/Documents/Junkyard/gotrip/bc-cms/vendor/laravel/framework/src/Illuminate/Foundation/Http/Middleware/ConvertEmptyStringsToNull.php(31): Illuminate\\Foundation\\Http\\Middleware\\TransformsRequest->handle()
#63 /home/lionel/Documents/Junkyard/gotrip/bc-cms/vendor/laravel/framework/src/Illuminate/Pipeline/Pipeline.php(219): Illuminate\\Foundation\\Http\\Middleware\\ConvertEmptyStringsToNull->handle()
#64 /home/lionel/Documents/Junkyard/gotrip/bc-cms/vendor/laravel/framework/src/Illuminate/Foundation/Http/Middleware/TransformsRequest.php(21): Illuminate\\Pipeline\\Pipeline->{closure:{closure:Illuminate\\Pipeline\\Pipeline::carry():194}:195}()
#65 /home/lionel/Documents/Junkyard/gotrip/bc-cms/vendor/laravel/framework/src/Illuminate/Foundation/Http/Middleware/TrimStrings.php(51): Illuminate\\Foundation\\Http\\Middleware\\TransformsRequest->handle()
#66 /home/lionel/Documents/Junkyard/gotrip/bc-cms/vendor/laravel/framework/src/Illuminate/Pipeline/Pipeline.php(219): Illuminate\\Foundation\\Http\\Middleware\\TrimStrings->handle()
#67 /home/lionel/Documents/Junkyard/gotrip/bc-cms/vendor/laravel/framework/src/Illuminate/Http/Middleware/ValidatePostSize.php(27): Illuminate\\Pipeline\\Pipeline->{closure:{closure:Illuminate\\Pipeline\\Pipeline::carry():194}:195}()
#68 /home/lionel/Documents/Junkyard/gotrip/bc-cms/vendor/laravel/framework/src/Illuminate/Pipeline/Pipeline.php(219): Illuminate\\Http\\Middleware\\ValidatePostSize->handle()
#69 /home/lionel/Documents/Junkyard/gotrip/bc-cms/vendor/laravel/framework/src/Illuminate/Foundation/Http/Middleware/PreventRequestsDuringMaintenance.php(109): Illuminate\\Pipeline\\Pipeline->{closure:{closure:Illuminate\\Pipeline\\Pipeline::carry():194}:195}()
#70 /home/lionel/Documents/Junkyard/gotrip/bc-cms/vendor/laravel/framework/src/Illuminate/Pipeline/Pipeline.php(219): Illuminate\\Foundation\\Http\\Middleware\\PreventRequestsDuringMaintenance->handle()
#71 /home/lionel/Documents/Junkyard/gotrip/bc-cms/vendor/laravel/framework/src/Illuminate/Http/Middleware/HandleCors.php(48): Illuminate\\Pipeline\\Pipeline->{closure:{closure:Illuminate\\Pipeline\\Pipeline::carry():194}:195}()
#72 /home/lionel/Documents/Junkyard/gotrip/bc-cms/vendor/laravel/framework/src/Illuminate/Pipeline/Pipeline.php(219): Illuminate\\Http\\Middleware\\HandleCors->handle()
#73 /home/lionel/Documents/Junkyard/gotrip/bc-cms/vendor/laravel/framework/src/Illuminate/Http/Middleware/TrustProxies.php(58): Illuminate\\Pipeline\\Pipeline->{closure:{closure:Illuminate\\Pipeline\\Pipeline::carry():194}:195}()
#74 /home/lionel/Documents/Junkyard/gotrip/bc-cms/vendor/laravel/framework/src/Illuminate/Pipeline/Pipeline.php(219): Illuminate\\Http\\Middleware\\TrustProxies->handle()
#75 /home/lionel/Documents/Junkyard/gotrip/bc-cms/vendor/laravel/framework/src/Illuminate/Foundation/Http/Middleware/InvokeDeferredCallbacks.php(22): Illuminate\\Pipeline\\Pipeline->{closure:{closure:Illuminate\\Pipeline\\Pipeline::carry():194}:195}()
#76 /home/lionel/Documents/Junkyard/gotrip/bc-cms/vendor/laravel/framework/src/Illuminate/Pipeline/Pipeline.php(219): Illuminate\\Foundation\\Http\\Middleware\\InvokeDeferredCallbacks->handle()
#77 /home/lionel/Documents/Junkyard/gotrip/bc-cms/vendor/laravel/framework/src/Illuminate/Http/Middleware/ValidatePathEncoding.php(26): Illuminate\\Pipeline\\Pipeline->{closure:{closure:Illuminate\\Pipeline\\Pipeline::carry():194}:195}()
#78 /home/lionel/Documents/Junkyard/gotrip/bc-cms/vendor/laravel/framework/src/Illuminate/Pipeline/Pipeline.php(219): Illuminate\\Http\\Middleware\\ValidatePathEncoding->handle()
#79 /home/lionel/Documents/Junkyard/gotrip/bc-cms/vendor/laravel/framework/src/Illuminate/Pipeline/Pipeline.php(137): Illuminate\\Pipeline\\Pipeline->{closure:{closure:Illuminate\\Pipeline\\Pipeline::carry():194}:195}()
#80 /home/lionel/Documents/Junkyard/gotrip/bc-cms/vendor/laravel/framework/src/Illuminate/Foundation/Http/Kernel.php(175): Illuminate\\Pipeline\\Pipeline->then()
#81 /home/lionel/Documents/Junkyard/gotrip/bc-cms/vendor/laravel/framework/src/Illuminate/Foundation/Http/Kernel.php(144): Illuminate\\Foundation\\Http\\Kernel->sendRequestThroughRouter()
#82 /home/lionel/Documents/Junkyard/gotrip/bc-cms/vendor/laravel/framework/src/Illuminate/Foundation/Application.php(1219): Illuminate\\Foundation\\Http\\Kernel->handle()
#83 /home/lionel/Documents/Junkyard/gotrip/public_html/index.php(84): Illuminate\\Foundation\\Application->handleRequest()
#84 /home/lionel/Documents/Junkyard/gotrip/bc-cms/server.php(43): require_once('...')
#85 {main}
"} 
